scope,player_id,player_name,qualified,last_active_season,is_recently_active,innings,dismissals,not_outs,runs,balls_faced,batting_average,mean_score,median_score,median_lt_mean,p10,p25,p50,p75,p90,skewness,duck_count,duck_rate,duck_rate_of_dismissals,rate_20_naive,rate_20_complete_case,rate_20_km,rate_30_naive,rate_30_complete_case,rate_30_km,rate_50_naive,rate_50_complete_case,rate_50_km,conv_20_to_30,conv_30_to_50
all_t20_2018_2026,3241e3fd,N Pooran,True,2026,True,301,241,60,8535.0,5572,35.4149377593361,28.35548172757475,20.0,True,1.0,8.0,20.0,44.0,62.0,1.0904328909288055,21,0.06976744186046512,0.08713692946058091,0.5049833887043189,0.5277777777777778,0.5376838161409163,0.40863787375415284,0.43309859154929575,0.44814063687962463,0.19933554817275748,0.22140221402214022,0.2538935371815126,0.831081081081081,0.5454545454545454
all_t20_2018_2026,3355b542,F du Plessis,True,2026,True,219,202,17,7156.0,4919,35.42574257425743,32.67579908675799,25.0,True,2.0,8.0,25.0,52.5,73.0,0.8818671564404436,13,0.0593607305936073,0.06435643564356436,0.5570776255707762,0.5570776255707762,0.5570776255707762,0.4429223744292237,0.44495412844036697,0.4471008873955371,0.2785388127853881,0.2837209302325581,0.29303780839077703,0.8016528925619835,0.648936170212766
all_t20_2018_2026,99b75528,JC Buttler,True,2026,True,182,158,24,6610.0,4472,41.835443037974684,36.31868131868132,29.0,True,5.0,12.25,29.0,54.75,78.60000000000002,0.8168400013967013,8,0.04395604395604396,0.05063291139240506,0.6593406593406593,0.6629834254143646,0.6639194139194142,0.489010989010989,0.5,0.5076263756819317,0.3131868131868132,0.32571428571428573,0.3396682016542707,0.7606837606837606,0.6627906976744186
all_t20_2018_2026,372455c4,Q de Kock,True,2026,True,224,206,18,6318.0,4560,30.66990291262136,28.205357142857142,20.0,True,1.0,7.0,20.0,44.25,68.40000000000003,1.2021882377757864,17,0.07589285714285714,0.0825242718446602,0.5133928571428571,0.515695067264574,0.5173420329670331,0.34375,0.3452914798206278,0.34639423076923087,0.22767857142857142,0.23076923076923078,0.2382541737109045,0.6695652173913044,0.68
all_t20_2018_2026,d9273ee7,MP Stoinis,True,2026,True,248,195,53,5826.0,4199,29.876923076923077,23.491935483870968,16.0,True,1.0,6.0,16.0,35.25,55.0,1.611445614071727,18,0.07258064516129033,0.09230769230769231,0.4475806451612903,0.4826086956521739,0.5009727241187317,0.31451612903225806,0.35454545454545455,0.3930861099317312,0.13306451612903225,0.15789473684210525,0.20227288426915122,0.7722772277227723,0.4925373134328358
all_t20_2018_2026,a757b0d8,KA Pollard,True,2026,True,228,159,69,5538.0,3561,34.83018867924528,24.289473684210527,19.0,True,2.700000000000003,7.0,19.0,35.25,50.30000000000001,1.1373744770890315,16,0.07017543859649122,0.10062893081761007,0.49122807017543857,0.5463414634146342,0.5768976432889805,0.3508771929824561,0.41450777202072536,0.4693484277479512,0.11842105263157894,0.15789473684210525,0.25173794212842837,0.8,0.46551724137931033
all_t20_2018_2026,48a1d7b7,SO Hetmyer,True,2026,True,249,190,59,5516.0,3720,29.03157894736842,22.152610441767067,15.0,True,1.0,6.0,15.0,34.0,53.20000000000002,1.3749553187383563,17,0.06827309236947791,0.08947368421052632,0.42168674698795183,0.46255506607929514,0.48879842656677647,0.2931726907630522,0.3333333333333333,0.37312172818986467,0.11646586345381527,0.14215686274509803,0.19964356517749893,0.7525773195876289,0.5
all_t20_2018_2026,b17e2f24,KL Rahul,True,2026,True,128,108,20,5403.0,3803,50.02777777777778,42.2109375,35.5,True,4.700000000000001,15.0,35.5,68.0,86.09999999999998,0.6931864374538389,5,0.0390625,0.046296296296296294,0.6875,0.6929133858267716,0.693135245901639,0.546875,0.5511811023622047,0.5513575819672126,0.390625,0.3937007874015748,0.3938268442622947,0.7954545454545454,0.7142857142857143
all_t20_2018_2026,af2c687b,C Munro,True,2026,True,195,173,22,5365.0,4094,31.01156069364162,27.512820512820515,23.0,True,1.0,7.0,23.0,42.5,59.79999999999998,1.0926539105544655,14,0.07179487179487179,0.08092485549132948,0.5333333333333333,0.538860103626943,0.5416119402985075,0.40512820512820513,0.41361256544502617,0.419993471120813,0.18461538461538463,0.1945945945945946,0.2166538518389864,0.7745098039215687,0.4931506849315068
all_t20_2018_2026,92aeac25,AD Hales,True,2026,True,194,180,14,5320.0,3775,29.555555555555557,27.422680412371133,21.0,True,1.0,7.0,21.0,43.75,63.0,1.0937285672662769,16,0.08247422680412371,0.08888888888888889,0.520618556701031,0.5233160621761658,0.5248859219198917,0.36082474226804123,0.36649214659685864,0.3715397453778389,0.19072164948453607,0.19473684210526315,0.20023598602435916,0.7070707070707071,0.5362318840579711
all_t20_2018_2026,b4b99816,Shubman Gill,True,2026,True,148,129,19,5233.0,3691,40.565891472868216,35.358108108108105,31.0,True,3.700000000000001,9.0,31.0,56.0,84.0,0.8795695219325359,4,0.02702702702702703,0.031007751937984496,0.581081081081081,0.6056338028169014,0.6149602363740537,0.5202702702702703,0.5460992907801419,0.5574015119818797,0.27702702702702703,0.29285714285714287,0.30325034262819944,0.9058823529411765,0.5394736842105263
all_t20_2018_2026,bbd41817,AD Russell,True,2026,True,252,187,65,5061.0,3088,27.06417112299465,20.083333333333332,12.5,True,1.0,4.0,12.5,31.0,49.0,1.3713344254267512,22,0.0873015873015873,0.11764705882352941,0.3968253968253968,0.4291845493562232,0.44858044941003666,0.26587301587301587,0.3059360730593607,0.35539698401421943,0.09126984126984126,0.11386138613861387,0.1936470548687264,0.7790697674418605,0.46
all_t20_2018_2026,ba607b88,V Kohli,True,2026,True,134,113,21,4918.0,3523,43.52212389380531,36.701492537313435,31.5,True,4.0,12.0,31.5,54.75,74.4,0.6072730123539661,6,0.04477611940298507,0.05309734513274336,0.664179104477612,0.6691729323308271,0.6715588723051411,0.5373134328358209,0.5454545454545454,0.5500746268656717,0.3208955223880597,0.3333333333333333,0.34758905471478296,0.8181818181818182,0.6231884057971014
all_t20_2018_2026,271f83cd,SA Yadav,True,2026,True,148,128,20,4791.0,3159,37.4296875,32.37162162162162,28.0,True,1.700000000000001,10.75,28.0,51.0,68.0,0.6484393194322509,13,0.08783783783783784,0.1015625,0.6351351351351351,0.6394557823129252,0.6411269760326364,0.47297297297297297,0.48951048951048953,0.5007168312923588,0.25675675675675674,0.2753623188405797,0.30323492201192753,0.7777777777777778,0.5846153846153846
all_t20_2018_2026,a15618fe,JM Vince,True,2026,True,170,152,18,4776.0,3590,31.42105263157895,28.094117647058823,20.0,True,1.0,8.25,20.0,41.0,71.19999999999999,1.0278639169137467,13,0.07647058823529412,0.08552631578947369,0.5117647058823529,0.5178571428571429,0.5217230199166282,0.35294117647058826,0.35714285714285715,0.35980897925284705,0.2,0.2073170731707317,0.22585192176648428,0.6896551724137931,0.6071428571428571
all_t20_2018_2026,45eda7c8,CA Lynn,True,2025,True,160,149,11,4489.0,3265,30.12751677852349,28.05625,22.0,True,2.0,8.75,22.0,45.25,63.099999999999994,0.8575676174735496,9,0.05625,0.06040268456375839,0.54375,0.54375,0.5437499999999998,0.38125,0.3860759493670886,0.3920528335301061,0.19375,0.1962025316455696,0.1992399645808735,0.7176470588235294,0.5081967213114754
all_t20_2018_2026,b681e71e,GJ Maxwell,True,2026,True,183,149,34,4371.0,2847,29.335570469798657,23.885245901639344,15.0,True,1.0,5.0,15.0,37.0,59.0,1.6321442070121919,18,0.09836065573770492,0.12080536912751678,0.4426229508196721,0.47368421052631576,0.49261939153069206,0.3333333333333333,0.3609467455621302,0.3807477363390242,0.15300546448087432,0.175,0.22012577840521969,0.7721518987341772,0.5384615384615384
all_t20_2018_2026,235c2bb6,H Klaasen,True,2026,True,147,123,24,4359.0,2684,35.4390243902439,29.653061224489797,24.0,True,2.6000000000000014,9.0,24.0,46.5,64.0,0.9967560018551324,8,0.05442176870748299,0.06504065040650407,0.5782312925170068,0.5985915492957746,0.6072886158796451,0.4217687074829932,0.4460431654676259,0.46088624080827795,0.22448979591836735,0.2462686567164179,0.27525867699327333,0.7560975609756098,0.5789473684210527
all_t20_2018_2026,dcce6f09,DA Warner,True,2025,True,131,113,18,4284.0,3202,37.91150442477876,32.70229007633588,23.0,True,2.0,8.0,23.0,52.0,71.0,0.835931257287604,9,0.06870229007633588,0.07964601769911504,0.549618320610687,0.549618320610687,0.549618320610687,0.45038167938931295,0.45384615384615384,0.45710379400706397,0.2900763358778626,0.2992125984251969,0.31381942601080165,0.8309859154929577,0.6785714285714286
all_t20_2018_2026,85ec8e33,SS Iyer,True,2026,True,136,110,26,4266.0,3041,38.78181818181818,31.36764705882353,25.0,True,4.0,10.0,25.0,46.25,68.0,1.2423166482292383,2,0.014705882352941176,0.01818181818181818,0.5441176470588235,0.5481481481481482,0.5490196078431373,0.4338235294117647,0.45038167938931295,0.4646478414623989,0.23529411764705882,0.256,0.28607295661124116,0.8428571428571429,0.6037735849056604
all_t20_2018_2026,a4cc73aa,SV Samson,True,2026,True,141,120,21,4259.0,2891,35.49166666666667,30.20567375886525,23.0,True,2.0,9.0,23.0,48.0,68.0,1.0864612667753173,10,0.07092198581560284,0.08333333333333333,0.5602836879432624,0.5602836879432624,0.5602836879432622,0.41843971631205673,0.41843971631205673,0.41843971631205656,0.2127659574468085,0.22388059701492538,0.25493349675459026,0.7468354430379747,0.5769230769230769
all_t20_2018_2026,a90e53ec,MW Short,True,2026,True,148,136,12,4179.0,2884,30.727941176470587,28.236486486486488,19.0,True,1.0,6.0,19.0,40.25,71.30000000000001,1.1014132194954318,10,0.06756756756756757,0.07352941176470588,0.49324324324324326,0.5,0.5040000000000001,0.41216216216216217,0.4236111111111111,0.43401246245065517,0.20945945945945946,0.21678321678321677,0.2251587877262791,0.8591549295774648,0.5166666666666667
all_t20_2018_2026,d67d5f00,DA Miller,True,2026,True,186,122,64,4059.0,2944,33.27049180327869,21.822580645161292,19.0,True,2.0,7.0,19.0,30.0,45.0,1.2644768562091153,7,0.03763440860215054,0.05737704918032787,0.46774193548387094,0.5337423312883436,0.5695444817821598,0.26881720430107525,0.3424657534246575,0.4262674731848205,0.07526881720430108,0.10687022900763359,0.198554728129686,0.7142857142857143,0.4
all_t20_2018_2026,f1f99156,TH David,True,2026,True,206,141,65,4046.0,2564,28.69503546099291,19.640776699029125,16.0,True,2.0,7.25,16.0,28.0,43.5,0.9778634701006462,9,0.043689320388349516,0.06382978723404255,0.4320388349514563,0.4972067039106145,0.5359538911339484,0.23300970873786409,0.28402366863905326,0.33350287479816043,0.043689320388349516,0.061224489795918366,0.18034008288850542,0.6075949367088608,0.34615384615384615
all_t20_2018_2026,3d284ca3,PD Salt,True,2026,True,156,146,10,4002.0,2615,27.410958904109588,25.653846153846153,19.5,True,1.0,5.75,19.5,39.0,60.5,0.8394033436434073,13,0.08333333333333333,0.08904109589041095,0.5,0.5,0.49999999999999983,0.36538461538461536,0.36774193548387096,0.37127791563275425,0.1858974358974359,0.18831168831168832,0.19498919394861114,0.7402597402597403,0.5178571428571429
all_t20_2018_2026,45a43fe2,RD Gaikwad,True,2026,True,114,101,13,3849.0,2824,38.10891089108911,33.76315789473684,28.0,True,1.0,7.25,28.0,53.75,74.7,0.6759989257534856,7,0.06140350877192982,0.06930693069306931,0.5701754385964912,0.5701754385964912,0.5701754385964914,0.4824561403508772,0.48672566371681414,0.49122807017543885,0.2807017543859649,0.2882882882882883,0.3003105850751282,0.859375,0.6037735849056604
all_t20_2018_2026,752f7486,Ishan Kishan,True,2026,True,128,117,11,3815.0,2631,32.60683760683761,29.8046875,25.0,True,1.0,9.0,25.0,43.25,70.6,1.0473347565700226,12,0.09375,0.10256410256410256,0.5625,0.5669291338582677,0.5686141304347826,0.3984375,0.4015748031496063,0.4027683423913043,0.2109375,0.21428571428571427,0.21818914307381188,0.7083333333333334,0.54
all_t20_2018_2026,1bae756b,ADS Fletcher,True,2026,True,149,135,14,3812.0,2973,28.237037037037037,25.583892617449663,18.0,True,1.8000000000000007,8.0,18.0,37.0,59.20000000000002,1.436222564895906,8,0.053691275167785234,0.05925925925925926,0.4697986577181208,0.47619047619047616,0.47985410486832414,0.3288590604026846,0.33793103448275863,0.3470944691880878,0.1476510067114094,0.15714285714285714,0.18777722762500107,0.7205882352941176,0.5
all_t20_2018_2026,650d5e49,R Powell,True,2026,True,179,135,44,3696.0,2606,27.377777777777776,20.64804469273743,14.0,True,1.0,4.0,14.0,33.0,47.20000000000002,1.2396058372391652,11,0.061452513966480445,0.08148148148148149,0.43575418994413406,0.484472049689441,0.5123510752739578,0.29608938547486036,0.33544303797468356,0.36612365184025125,0.08379888268156424,0.1048951048951049,0.17261002780355178,0.7066666666666667,0.39473684210526316
all_t20_2018_2026,fb2d1dda,N Rana,True,2026,True,140,126,14,3625.0,2627,28.76984126984127,25.892857142857142,21.0,True,1.0,8.0,21.0,37.0,59.400000000000034,1.0906781972395105,10,0.07142857142857142,0.07936507936507936,0.5142857142857142,0.5255474452554745,0.5302279974489795,0.34285714285714286,0.35294117647058826,0.35846399827536635,0.17857142857142858,0.19083969465648856,0.2184910206206277,0.676056338028169,0.5813953488372093
all_t20_2018_2026,50c6bc2b,LS Livingstone,True,2026,True,150,132,18,3623.0,2495,27.446969696969695,24.153333333333332,17.0,True,2.0,5.0,17.0,32.75,64.19999999999999,1.15155356352835,6,0.04,0.045454545454545456,0.44,0.4520547945205479,0.4620817341887779,0.3,0.3125,0.32765306480053713,0.16,0.17391304347826086,0.208728504629752,0.703125,0.6153846153846154
all_t20_2018_2026,3d8feaf8,MR Marsh,True,2026,True,113,100,13,3572.0,2409,35.72,31.61061946902655,23.0,True,2.0,7.0,23.0,50.0,75.19999999999999,0.9585752234223222,10,0.08849557522123894,0.1,0.5398230088495575,0.5545454545454546,0.5587963799088957,0.4424778761061947,0.45454545454545453,0.4580298195974556,0.25663716814159293,0.27102803738317754,0.28997329020103635,0.819672131147541,0.6170212765957447
all_t20_2018_2026,1fc6ef83,SD Hope,True,2026,True,119,103,16,3516.0,2740,34.13592233009709,29.54621848739496,25.0,True,4.0,11.0,25.0,41.5,56.0,1.2153299598166258,2,0.01680672268907563,0.019417475728155338,0.5966386554621849,0.6068376068376068,0.6115431919894395,0.4369747899159664,0.4482758620689655,0.45548215779590645,0.17647058823529413,0.1875,0.20831429989721076,0.7428571428571429,0.4375
all_t20_2018_2026,0a476045,S Dhawan,True,2024,False,103,91,12,3402.0,2556,37.38461538461539,33.029126213592235,26.0,True,1.8000000000000043,8.5,26.0,48.0,78.0,0.8478677297463153,8,0.07766990291262135,0.08791208791208792,0.5631067961165048,0.5686274509803921,0.5690972939475315,0.47572815533980584,0.4803921568627451,0.4807890931625696,0.2524271844660194,0.2549019607843137,0.2551125800454451,0.8448275862068966,0.5306122448979592
all_t20_2018_2026,919a3be2,RR Pant,True,2026,True,114,95,19,3359.0,2319,35.357894736842105,29.464912280701753,26.0,True,3.0,10.25,26.0,41.75,60.10000000000001,1.326784598308342,4,0.03508771929824561,0.042105263157894736,0.5789473684210527,0.6111111111111112,0.6235824257352669,0.42105263157894735,0.4444444444444444,0.4535144914438304,0.16666666666666666,0.18269230769230768,0.19949710404878357,0.7272727272727273,0.4318181818181818
all_t20_2018_2026,09a9d073,J Charles,True,2026,True,118,115,3,3346.0,2515,29.095652173913045,28.35593220338983,24.0,True,3.0,12.0,24.0,42.75,59.599999999999994,0.8557236031710598,2,0.01694915254237288,0.017391304347826087,0.5254237288135594,0.5254237288135594,0.5254237288135593,0.4152542372881356,0.4152542372881356,0.4152542372881356,0.1864406779661017,0.1896551724137931,0.2021343377275581,0.7903225806451613,0.46808510638297873
all_t20_2018_2026,d014d5ac,SE Rutherford,True,2026,True,162,126,36,3263.0,2299,25.896825396825395,20.141975308641975,15.0,True,1.0,5.0,15.0,29.0,47.0,1.0866906328845336,14,0.08641975308641975,0.1111111111111111,0.43209876543209874,0.4605263157894737,0.47397645074930544,0.24691358024691357,0.27586206896551724,0.30650625168361023,0.08641975308641975,0.1044776119402985,0.1643418409027144,0.6349206349206349,0.4827586206896552
all_t20_2018_2026,f29185a1,Abhishek Sharma,True,2026,True,121,109,12,3256.0,1981,29.871559633027523,26.90909090909091,15.0,True,1.0,5.0,15.0,43.0,65.0,1.5214685367079432,10,0.08264462809917356,0.09174311926605505,0.4462809917355372,0.46153846153846156,0.4682064662279669,0.39669421487603307,0.41739130434782606,0.432689841720108,0.19008264462809918,0.20175438596491227,0.21530480104822688,0.9230769230769231,0.48936170212765956
all_t20_2018_2026,abb83e27,JM Bairstow,True,2026,True,107,98,9,3134.0,2175,31.979591836734695,29.289719626168225,23.0,True,1.6000000000000014,9.0,23.0,43.5,61.0,1.058222691075746,9,0.08411214953271028,0.09183673469387756,0.5327102803738317,0.5377358490566038,0.5392869505019038,0.4485981308411215,0.4528301886792453,0.4541363793700242,0.19626168224299065,0.20192307692307693,0.21585494574994973,0.8421052631578947,0.45652173913043476
all_t20_2018_2026,740742ef,RG Sharma,True,2026,True,122,116,6,3122.0,2300,26.913793103448278,25.59016393442623,18.0,True,2.0,7.0,18.0,37.75,64.80000000000001,1.121019687654985,10,0.08196721311475409,0.08620689655172414,0.4672131147540984,0.47107438016528924,0.47540983606557385,0.3442622950819672,0.35,0.35730802415875756,0.14754098360655737,0.15,0.15313201035375326,0.75,0.42857142857142855
all_t20_2018_2026,e94915e6,SM Curran,True,2026,True,138,107,31,3082.0,2234,28.80373831775701,22.333333333333332,19.0,True,1.0,6.0,19.0,32.5,53.3,0.9928842857025749,10,0.07246376811594203,0.09345794392523364,0.4927536231884058,0.5396825396825397,0.5569055788460187,0.2898550724637681,0.3225806451612903,0.3418346264016483,0.14492753623188406,0.16806722689075632,0.2103961049627018,0.6060606060606061,0.5714285714285714
all_t20_2018_2026,6a26221c,AK Markram,True,2026,True,112,95,17,3064.0,2263,32.252631578947366,27.357142857142858,22.5,True,2.1000000000000014,10.0,22.5,42.0,55.80000000000001,1.024335590965864,6,0.05357142857142857,0.06315789473684211,0.5625,0.5833333333333334,0.5906308817615721,0.41964285714285715,0.4392523364485981,0.4491030300574102,0.16964285714285715,0.1919191919191919,0.23585256544327637,0.7580645161290323,0.48717948717948717
all_t20_2018_2026,2c25d4f5,D Padikkal,True,2026,True,113,106,7,3050.0,2258,28.77358490566038,26.991150442477878,24.0,True,1.200000000000001,7.0,24.0,40.0,56.0,0.8878089774950481,7,0.061946902654867256,0.0660377358490566,0.5575221238938053,0.5575221238938053,0.5575221238938051,0.415929203539823,0.41964285714285715,0.42441755463247216,0.19469026548672566,0.2018348623853211,0.21770719902479968,0.7580645161290323,0.5
all_t20_2018_2026,c41043e6,BR McDermott,True,2025,True,109,94,15,3039.0,2219,32.329787234042556,27.880733944954127,18.0,True,2.0,7.0,18.0,41.0,60.60000000000002,1.3669776390327528,8,0.07339449541284404,0.0851063829787234,0.48623853211009177,0.5,0.5070728069779004,0.3853211009174312,0.40384615384615385,0.4186601124279075,0.1926605504587156,0.21,0.24461443279146108,0.8235294117647058,0.5526315789473685
all_t20_2018_2026,c16d4035,SW Billings,True,2026,True,149,126,23,3017.0,2268,23.944444444444443,20.248322147651006,14.0,True,1.0,6.0,14.0,29.0,49.20000000000002,1.210933969082409,8,0.053691275167785234,0.06349206349206349,0.40939597315436244,0.45185185185185184,0.4711186779813538,0.2483221476510067,0.27611940298507465,0.29159235672984424,0.10067114093959731,0.11811023622047244,0.1598495460846052,0.6166666666666667,0.5
all_t20_2018_2026,29e95537,AM Rahane,True,2026,True,112,104,8,2992.0,2227,28.76923076923077,26.714285714285715,21.0,True,2.0,9.0,21.0,37.0,62.80000000000001,1.1350812500518268,6,0.05357142857142857,0.057692307692307696,0.5178571428571429,0.5272727272727272,0.5299003322259137,0.375,0.3853211009174312,0.390452876376989,0.15178571428571427,0.1574074074074074,0.1619914612111675,0.7368421052631579,0.4146341463414634
all_t20_2018_2026,6c19c6e5,YBK Jaiswal,True,2026,True,98,92,6,2942.0,1967,31.97826086956522,30.020408163265305,24.0,True,2.400000000000002,10.0,24.0,46.5,67.0,1.062413572718928,5,0.05102040816326531,0.05434782608695652,0.5714285714285714,0.5714285714285714,0.5714285714285713,0.42857142857142855,0.42857142857142855,0.42857142857142844,0.22448979591836735,0.2268041237113402,0.23129251700680262,0.75,0.5365853658536586
all_t20_2018_2026,afa7e784,MS Wade,True,2025,True,110,100,10,2930.0,1997,29.3,26.636363636363637,15.0,True,2.9000000000000004,8.0,15.0,39.75,66.10000000000001,1.3878409894645236,5,0.045454545454545456,0.05,0.43636363636363634,0.4528301886792453,0.4641989201925248,0.33636363636363636,0.3490566037735849,0.35782000098173783,0.17272727272727273,0.18446601941747573,0.20559748103689052,0.7708333333333334,0.5588235294117647
all_t20_2018_2026,9d430b40,SP Narine,True,2026,True,219,192,27,2919.0,1961,15.203125,13.32876712328767,6.0,True,0.0,2.0,6.0,20.5,30.0,2.3323403951079618,31,0.1415525114155251,0.16145833333333334,0.2648401826484018,0.29441624365482233,0.32348690204830777,0.1095890410958904,0.12435233160621761,0.15030385585675854,0.0502283105022831,0.057291666666666664,0.07271644878255216,0.4444444444444444,0.4782608695652174
all_t20_2018_2026,4663bd23,TL Seifert,True,2026,True,112,97,15,2876.0,2100,29.649484536082475,25.678571428571427,17.0,True,1.0,7.0,17.0,35.25,63.80000000000001,1.5543950813148013,7,0.0625,0.07216494845360824,0.45535714285714285,0.4636363636363636,0.4711991844016821,0.32142857142857145,0.3364485981308411,0.35540336105722287,0.16071428571428573,0.1782178217821782,0.2317090540226012,0.75,0.6
all_t20_2018_2026,9418198b,P Simran Singh,True,2026,True,100,90,10,2867.0,1899,31.855555555555554,28.67,19.5,True,2.9000000000000004,7.75,19.5,43.75,69.20000000000002,1.1152022362601133,7,0.07,0.07777777777777778,0.5,0.5,0.49999999999999967,0.37,0.37373737373737376,0.3784090909090906,0.23,0.23711340206185566,0.25267379679144364,0.7551020408163265,0.6571428571428571
all_t20_2018_2026,30a45b23,SPD Smith,True,2026,True,87,72,15,2838.0,2018,39.416666666666664,32.62068965517241,26.0,True,3.0,8.5,26.0,48.5,66.0,1.198225787040757,2,0.022988505747126436,0.027777777777777776,0.6091954022988506,0.6162790697674418,0.6206896551724138,0.4367816091954023,0.4523809523809524,0.46621433218700614,0.25287356321839083,0.28205128205128205,0.335067263480138,0.7450980392156863,0.6875
all_t20_2018_2026,39086549,JR Philippe,True,2025,True,114,103,11,2816.0,2069,27.339805825242717,24.70175438596491,16.0,True,1.0,7.0,16.0,34.75,59.80000000000001,1.3056077894042992,7,0.06140350877192982,0.06796116504854369,0.43859649122807015,0.45454545454545453,0.46415502465421105,0.3157894736842105,0.32727272727272727,0.33419161775103196,0.15789473684210525,0.1651376146788991,0.1718699748433878,0.72,0.5142857142857142
all_t20_2018_2026,e66732f8,RD Rickelton,True,2026,True,78,70,8,2801.0,1719,40.01428571428571,35.91025641025641,26.0,True,4.7,9.25,26.0,57.0,89.3,0.9695868923191305,3,0.038461538461538464,0.04285714285714286,0.5769230769230769,0.5769230769230769,0.576923076923077,0.46153846153846156,0.46153846153846156,0.46153846153846145,0.2692307692307692,0.2692307692307692,0.26923076923076916,0.8,0.5833333333333334
all_t20_2018_2026,9caf69a1,WG Jacks,True,2026,True,109,104,5,2767.0,1734,26.60576923076923,25.38532110091743,16.0,True,1.0,6.0,16.0,39.0,61.2,1.2608742810763578,7,0.06422018348623854,0.0673076923076923,0.45871559633027525,0.4672897196261682,0.4700343765588738,0.3486238532110092,0.3584905660377358,0.3659389585307134,0.1743119266055046,0.1792452830188679,0.18296947926535675,0.7755102040816326,0.5
all_t20_2018_2026,bb351c23,MM Ali,True,2026,True,150,134,16,2767.0,2139,20.649253731343283,18.446666666666665,14.0,True,0.0,4.0,14.0,26.0,45.099999999999994,1.3346636058862746,15,0.1,0.11194029850746269,0.34,0.3591549295774648,0.3733174238477065,0.24,0.2589928057553957,0.282514343135634,0.08,0.08888888888888889,0.11373164216369933,0.75,0.375
all_t20_2018_2026,989889ff,JP Inglis,True,2026,True,107,93,14,2753.0,1897,29.602150537634408,25.72897196261682,19.0,True,2.0,7.0,19.0,38.5,62.80000000000001,0.9090293695393153,3,0.028037383177570093,0.03225806451612903,0.48598130841121495,0.5148514851485149,0.5292431736597608,0.308411214953271,0.3402061855670103,0.3711177379785346,0.18691588785046728,0.20833333333333334,0.23469896472950805,0.6875,0.625
all_t20_2018_2026,04a418e8,R Parag,True,2026,True,112,93,19,2749.0,1911,29.559139784946236,24.544642857142858,17.5,True,3.0,6.0,17.5,38.25,55.80000000000001,1.1273943059999392,3,0.026785714285714284,0.03225806451612903,0.4732142857142857,0.5,0.5150900321110004,0.3125,0.3333333333333333,0.34739110957305525,0.16964285714285715,0.18811881188118812,0.22202200051700932,0.6730769230769231,0.6129032258064516
all_t20_2018_2026,d1c36f5c,JJ Roy,True,2026,True,120,114,6,2747.0,2132,24.096491228070175,22.891666666666666,17.5,True,1.0,6.0,17.5,34.0,56.0,1.0178437518443415,11,0.09166666666666666,0.09649122807017543,0.48333333333333334,0.48739495798319327,0.4915254237288137,0.2916666666666667,0.29411764705882354,0.29661016949152547,0.13333333333333333,0.13559322033898305,0.13970210580380077,0.603448275862069,0.47058823529411764
all_t20_2018_2026,d5130a30,B Sai Sudharsan,True,2026,True,66,58,8,2733.0,1877,47.12068965517241,41.40909090909091,38.0,True,9.5,15.0,38.0,57.75,83.0,0.5205667555326731,1,0.015151515151515152,0.017241379310344827,0.7121212121212122,0.7230769230769231,0.7269570707070707,0.6363636363636364,0.6461538461538462,0.6496212121212122,0.36363636363636365,0.375,0.38098086124401914,0.8936170212765957,0.5853658536585366
all_t20_2018_2026,93b4fc78,MK Pandey,True,2026,True,96,79,17,2724.0,2121,34.48101265822785,28.375,22.0,True,3.0,8.0,22.0,42.5,61.0,1.3425168979430018,3,0.03125,0.0379746835443038,0.5416666666666666,0.5531914893617021,0.5558350100603623,0.3958333333333333,0.40425531914893614,0.4061871227364185,0.20833333333333334,0.2222222222222222,0.250178038338728,0.7307692307692307,0.5882352941176471
all_t20_2018_2026,1a156c88,DJM Short,True,2024,False,99,87,12,2639.0,2109,30.333333333333332,26.656565656565657,20.0,True,2.0,6.0,20.0,39.0,66.2,0.9815320880974953,6,0.06060606060606061,0.06896551724137931,0.5050505050505051,0.5208333333333334,0.529334735055977,0.35353535353535354,0.3684210526315789,0.380285217553373,0.20202020202020202,0.2127659574468085,0.2267539185411417,0.7142857142857143,0.5882352941176471
all_t20_2018_2026,c740ea83,RM Patidar,True,2026,True,80,73,7,2612.0,1622,35.78082191780822,32.65,26.5,True,2.0,11.0,26.5,52.0,66.10000000000001,0.7202634706086984,3,0.0375,0.0410958904109589,0.6125,0.620253164556962,0.624056603773585,0.4625,0.46835443037974683,0.4712264150943397,0.325,0.3333333333333333,0.343867924528302,0.7551020408163265,0.7222222222222222
all_t20_2018_2026,8b3e9c7c,PP Shaw,True,2024,False,104,104,0,2610.0,1725,25.096153846153847,25.096153846153847,13.0,True,2.0,6.75,13.0,41.25,63.7,1.415727044215705,10,0.09615384615384616,0.09615384615384616,0.40384615384615385,0.40384615384615385,0.4038461538461537,0.33653846153846156,0.33653846153846156,0.33653846153846134,0.19230769230769232,0.19230769230769232,0.1923076923076923,0.8333333333333334,0.5714285714285714
all_t20_2018_2026,a4e37e47,S Dube,True,2026,True,114,84,30,2579.0,1801,30.702380952380953,22.62280701754386,19.5,True,2.0,8.0,19.5,31.75,48.7,1.0379100650074315,6,0.05263157894736842,0.07142857142857142,0.5,0.5377358490566038,0.5527362918539068,0.2631578947368421,0.30927835051546393,0.3622442132805401,0.09649122807017543,0.12643678160919541,0.21599777556779262,0.625,0.55
all_t20_2018_2026,dbe50b21,HH Pandya,True,2026,True,119,89,30,2564.0,1752,28.808988764044944,21.54621848739496,18.0,True,2.0,8.0,18.0,30.5,40.400000000000006,1.3569884824487235,4,0.03361344537815126,0.0449438202247191,0.46218487394957986,0.4824561403508772,0.49608971214818043,0.2689075630252101,0.3076923076923077,0.36393384586042005,0.07563025210084033,0.09574468085106383,0.18424852649197024,0.7111111111111111,0.4090909090909091
all_t20_2018_2026,73c18486,KR Mayers,True,2026,True,111,108,3,2559.0,1912,23.694444444444443,23.054054054054053,18.0,True,0.0,5.0,18.0,34.0,53.0,1.2116534972729431,12,0.10810810810810811,0.1111111111111111,0.4774774774774775,0.4818181818181818,0.48410910910910915,0.3063063063063063,0.3119266055045872,0.3189540892243595,0.12612612612612611,0.12844036697247707,0.13133403673944222,0.6538461538461539,0.4117647058823529
all_t20_2018_2026,c03f1114,KD Karthik,True,2025,True,125,87,38,2556.0,1738,29.379310344827587,20.448,16.0,True,1.0,5.0,16.0,30.0,46.60000000000001,1.2382320348262266,10,0.08,0.11494252873563218,0.432,0.4864864864864865,0.5172108341373958,0.264,0.3235294117647059,0.39329620071629,0.088,0.12222222222222222,0.2395137288400941,0.7333333333333333,0.5238095238095238
all_t20_2018_2026,2eca67f5,JM Clarke,True,2026,True,108,103,5,2538.0,1893,24.640776699029125,23.5,16.5,True,0.0,6.0,16.5,34.25,55.89999999999999,1.1136561507057507,15,0.1388888888888889,0.14563106796116504,0.4722222222222222,0.4722222222222222,0.4722222222222222,0.3333333333333333,0.3364485981308411,0.34210526315789475,0.16666666666666666,0.17142857142857143,0.18678160919540227,0.72,0.5294117647058824
all_t20_2018_2026,77255a9e,RA Tripathi,True,2025,True,106,91,15,2523.0,1873,27.725274725274726,23.80188679245283,16.5,True,2.5,7.25,16.5,34.75,59.0,1.0919811518722768,4,0.03773584905660377,0.04395604395604396,0.4716981132075472,0.5,0.5166644310911441,0.3113207547169811,0.33,0.3409985245201551,0.1509433962264151,0.16494845360824742,0.18695303721944173,0.66,0.5333333333333333
all_t20_2018_2026,bf74b130,FH Allen,True,2026,True,93,91,2,2522.0,1404,27.714285714285715,27.118279569892472,16.0,True,1.0,6.0,16.0,37.0,69.0,1.6750109351986449,6,0.06451612903225806,0.06593406593406594,0.4731182795698925,0.4731182795698925,0.4731182795698928,0.3118279569892473,0.3118279569892473,0.3118279569892476,0.17204301075268819,0.17204301075268819,0.17204301075268838,0.6590909090909091,0.5517241379310345
all_t20_2018_2026,0ebfb1ad,E Lewis,True,2026,True,110,103,7,2487.0,1844,24.145631067961165,22.60909090909091,15.0,True,1.0,5.0,15.0,35.0,53.20000000000002,1.330708407315021,9,0.08181818181818182,0.08737864077669903,0.41818181818181815,0.42592592592592593,0.4276932369955625,0.2909090909090909,0.29906542056074764,0.3044449331090759,0.11818181818181818,0.12149532710280374,0.12368075407556213,0.7111111111111111,0.40625
all_t20_2018_2026,a24be938,VR Iyer,True,2026,True,89,72,17,2460.0,1732,34.166666666666664,27.640449438202246,24.0,True,3.0,8.0,24.0,41.0,57.0,1.048526646664622,2,0.02247191011235955,0.027777777777777776,0.5280898876404494,0.5465116279069767,0.5512647006368089,0.39325842696629215,0.4268292682926829,0.4556995498990274,0.20224719101123595,0.22784810126582278,0.2646739810019604,0.813953488372093,0.5625
all_t20_2018_2026,70d205c9,AT Rayudu,True,2023,False,108,89,19,2454.0,1941,27.573033707865168,22.72222222222222,16.5,True,1.0,5.0,16.5,32.0,49.3,1.290724582720867,7,0.06481481481481481,0.07865168539325842,0.46296296296296297,0.49019607843137253,0.504620279824893,0.28703703703703703,0.31958762886597936,0.3521398148482084,0.10185185185185185,0.11827956989247312,0.15354827699934057,0.6888888888888889,0.4074074074074074
all_t20_2018_2026,00ea847a,MA Agarwal,True,2025,True,98,91,7,2430.0,1801,26.703296703296704,24.79591836734694,20.0,True,2.0,8.0,20.0,31.75,56.3,1.4791246804313571,6,0.061224489795918366,0.06593406593406594,0.5102040816326531,0.5208333333333334,0.5231822458713218,0.2857142857142857,0.2916666666666667,0.2929820576879402,0.1326530612244898,0.13978494623655913,0.15842612382790963,0.56,0.52
all_t20_2018_2026,df5a6881,DP Conway,True,2025,True,74,63,11,2424.0,1824,38.476190476190474,32.75675675675676,27.0,True,1.6000000000000014,12.25,27.0,51.0,72.50000000000001,0.5988366146217656,7,0.0945945945945946,0.1111111111111111,0.6216216216216216,0.6216216216216216,0.6216216216216217,0.5,0.5068493150684932,0.5135135135135136,0.28378378378378377,0.29577464788732394,0.31064021744357256,0.8222222222222222,0.6
all_t20_2018_2026,b0482a1d,Tilak Varma,True,2026,True,83,67,16,2378.0,1644,35.492537313432834,28.650602409638555,26.0,True,3.0,8.0,26.0,40.0,61.0,0.7781511557424512,4,0.04819277108433735,0.05970149253731343,0.6265060240963856,0.6419753086419753,0.6468379177085699,0.4457831325301205,0.47435897435897434,0.49512458009166627,0.20481927710843373,0.2361111111111111,0.28966754470122424,0.7551020408163265,0.5483870967741935
all_t20_2018_2026,ff1e12a0,AJ Turner,True,2025,True,113,83,30,2317.0,1574,27.91566265060241,20.504424778761063,16.0,True,1.0,4.0,16.0,28.0,48.8,1.4281748736307371,6,0.05309734513274336,0.07228915662650602,0.4424778761061947,0.5208333333333334,0.5605982909886713,0.21238938053097345,0.2608695652173913,0.3025611917263191,0.09734513274336283,0.12643678160919541,0.1912672323746441,0.5217391304347826,0.5789473684210527
all_t20_2018_2026,9a46c4e5,GD Phillips,True,2026,True,93,80,13,2311.0,1690,28.8875,24.849462365591396,19.0,True,1.200000000000001,6.0,19.0,40.0,58.0,1.1627054234021077,8,0.08602150537634409,0.1,0.4838709677419355,0.5172413793103449,0.5405416820653608,0.3225806451612903,0.3488372093023256,0.36915041702024637,0.13978494623655913,0.1566265060240964,0.18386802380318784,0.6818181818181818,0.48148148148148145
all_t20_2018_2026,85b3fab2,T Stubbs,True,2026,True,103,64,39,2306.0,1605,36.03125,22.388349514563107,18.0,True,2.0,5.0,18.0,35.0,51.19999999999999,0.7003560471370337,2,0.019417475728155338,0.03125,0.47572815533980584,0.5444444444444444,0.5727457998422407,0.3106796116504854,0.3950617283950617,0.4694250526628301,0.10679611650485436,0.1527777777777778,0.2744622097676194,0.8,0.4782608695652174
all_t20_2018_2026,32198ae0,MC Henriques,True,2025,True,103,84,19,2291.0,1792,27.273809523809526,22.24271844660194,18.0,True,2.0,7.0,18.0,29.5,51.39999999999999,0.9585165499069372,3,0.02912621359223301,0.03571428571428571,0.4854368932038835,0.5208333333333334,0.5371036193354592,0.2524271844660194,0.2826086956521739,0.31734703237924017,0.10679611650485436,0.12359550561797752,0.1670818563637709,0.5652173913043478,0.4782608695652174
all_t20_2018_2026,25f7b7d6,T Banton,True,2026,True,90,84,6,2283.0,1645,27.178571428571427,25.366666666666667,15.0,True,2.9000000000000004,7.0,15.0,37.75,63.10000000000001,1.2251837358302955,5,0.05555555555555555,0.05952380952380952,0.4444444444444444,0.449438202247191,0.4509803921568628,0.37777777777777777,0.38636363636363635,0.3939814814814815,0.14444444444444443,0.14942528735632185,0.15534747753267975,0.8717948717948718,0.3939393939393939
all_t20_2018_2026,7fca84b7,BA King,True,2026,True,92,83,9,2278.0,1724,27.44578313253012,24.76086956521739,13.0,True,1.0,5.0,13.0,33.75,66.30000000000004,1.5435339167772089,7,0.07608695652173914,0.08433734939759036,0.42391304347826086,0.43820224719101125,0.44193867142675014,0.29347826086956524,0.30337078651685395,0.30595754175698087,0.17391304347826086,0.1797752808988764,0.1813081728930257,0.6923076923076923,0.5925925925925926
all_t20_2018_2026,d027ba9f,KS Williamson,True,2025,True,83,65,18,2264.0,1820,34.83076923076923,27.27710843373494,22.0,True,3.0,9.0,22.0,45.0,57.0,0.7408070296296648,2,0.024096385542168676,0.03076923076923077,0.5421686746987951,0.5844155844155844,0.6036906797845287,0.37349397590361444,0.4189189189189189,0.4495914148941299,0.21686746987951808,0.25,0.28119146004346235,0.7380952380952381,0.6206896551724138
all_t20_2018_2026,844e79d1,D Brevis,True,2026,True,88,76,12,2239.0,1534,29.460526315789473,25.443181818181817,21.0,True,2.0,8.0,21.0,39.5,55.3,0.9432899440108125,6,0.06818181818181818,0.07894736842105263,0.5340909090909091,0.5402298850574713,0.5427052785923755,0.38636363636363635,0.3953488372093023,0.40320599191566947,0.13636363636363635,0.14814814814814814,0.17710870710753418,0.7391304347826086,0.41379310344827586
all_t20_2018_2026,0f721006,JO Holder,True,2026,True,158,119,39,2219.0,1643,18.647058823529413,14.044303797468354,10.0,True,1.0,4.0,10.0,21.0,30.900000000000034,1.433047231264927,11,0.06962025316455696,0.09243697478991597,0.2721518987341772,0.31851851851851853,0.36079015298237743,0.11392405063291139,0.144,0.2155110045561996,0.02531645569620253,0.03333333333333333,0.08166655008045287,0.5454545454545454,0.3076923076923077
all_t20_2018_2026,b8d490fd,AJ Finch,True,2023,False,90,83,7,2198.0,1804,26.481927710843372,24.42222222222222,14.5,True,2.0,8.0,14.5,35.75,58.50000000000004,1.226424738629747,6,0.06666666666666667,0.07228915662650602,0.43333333333333335,0.4431818181818182,0.45073424301494475,0.3333333333333333,0.3409090909090909,0.34671864847303446,0.16666666666666666,0.1724137931034483,0.1795507286735358,0.7692307692307693,0.5172413793103449
all_t20_2018_2026,1c513d54,LJ Evans,True,2026,True,110,89,21,2153.0,1510,24.191011235955056,19.572727272727274,13.0,True,1.0,5.0,13.0,26.75,45.60000000000005,1.3472951773967299,8,0.07272727272727272,0.0898876404494382,0.4,0.43137254901960786,0.44528485063598144,0.21818181818181817,0.24742268041237114,0.28623402679821686,0.1,0.11827956989247312,0.16333416035363585,0.6153846153846154,0.55
all_t20_2018_2026,0a509d6b,RK Singh,True,2026,True,89,58,31,2118.0,1398,36.51724137931034,23.797752808988765,18.0,True,2.0,6.0,18.0,36.0,54.400000000000006,0.9372949836721497,3,0.033707865168539325,0.05172413793103448,0.4606741573033708,0.4939759036144578,0.514351156463495,0.3258426966292135,0.3717948717948718,0.4197962704915545,0.15730337078651685,0.2,0.3011981946257872,0.8055555555555556,0.6666666666666666
all_t20_2018_2026,218d4d78,MT Renshaw,True,2025,True,88,77,11,2102.0,1547,27.2987012987013,23.886363636363637,19.0,True,1.0,6.0,19.0,37.25,49.3,1.1981319463638715,7,0.07954545454545454,0.09090909090909091,0.48863636363636365,0.5,0.505544196288141,0.375,0.38823529411764707,0.3993868308569103,0.10227272727272728,0.1111111111111111,0.1488398127417057,0.7857142857142857,0.3103448275862069
all_t20_2018_2026,12b610c2,TM Head,True,2026,True,72,69,3,2093.0,1315,30.333333333333332,29.069444444444443,21.5,True,1.0,6.75,21.5,47.0,66.9,0.8569941247273625,6,0.08333333333333333,0.08695652173913043,0.5277777777777778,0.5277777777777778,0.5277777777777777,0.4166666666666667,0.4166666666666667,0.41666666666666663,0.2222222222222222,0.22535211267605634,0.23076923076923073,0.7894736842105263,0.5517241379310345
all_t20_2018_2026,8bdac857,JW Wells,True,2024,False,81,54,27,2046.0,1653,37.888888888888886,25.25925925925926,22.0,True,2.0,11.0,22.0,36.0,55.0,0.770256996600199,3,0.037037037037037035,0.05555555555555555,0.5679012345679012,0.6216216216216216,0.6464539694284424,0.345679012345679,0.42424242424242425,0.4860845040027058,0.12345679012345678,0.1724137931034483,0.2755258613584829,0.7368421052631579,0.5
all_t20_2018_2026,db584dad,CH Gayle,True,2021,False,70,66,4,2030.0,1472,30.757575757575758,29.0,22.0,True,0.9000000000000004,9.25,22.0,40.75,63.60000000000001,1.3048706389589086,7,0.1,0.10606060606060606,0.5571428571428572,0.5571428571428572,0.5571428571428569,0.35714285714285715,0.35714285714285715,0.35714285714285693,0.18571428571428572,0.18840579710144928,0.19897959183673458,0.6410256410256411,0.5416666666666666
all_t20_2018_2026,5b8c830e,KH Pandya,True,2026,True,125,90,35,2010.0,1589,22.333333333333332,16.08,10.0,True,1.0,4.0,10.0,24.0,41.0,1.502464880156115,7,0.056,0.07777777777777778,0.304,0.36893203883495146,0.4200472963789629,0.208,0.26262626262626265,0.3248803307931041,0.048,0.06521739130434782,0.1360223395468768,0.7647058823529411,0.3157894736842105
all_t20_2018_2026,a756e61a,SB Harper,True,2025,True,93,85,8,1994.0,1481,23.458823529411763,21.440860215053764,12.0,True,0.0,4.0,12.0,33.0,55.8,1.4114202097059085,10,0.10752688172043011,0.11764705882352941,0.40860215053763443,0.4222222222222222,0.4265591573694751,0.3118279569892473,0.3258426966292135,0.33675722950221726,0.13978494623655913,0.14606741573033707,0.15096013736306294,0.7837837837837838,0.4482758620689655
all_t20_2018_2026,ff154ecd,JM Cox,True,2026,True,85,71,14,1957.0,1454,27.56338028169014,23.023529411764706,17.0,True,1.0,5.0,17.0,39.0,54.400000000000034,0.8107911166804613,8,0.09411764705882353,0.11267605633802817,0.47058823529411764,0.5,0.5180291715537374,0.3411764705882353,0.3625,0.3755711493764596,0.12941176470588237,0.14285714285714285,0.1733043046652503,0.725,0.4230769230769231
all_t20_2018_2026,ab965cad,HWR Cartwright,True,2025,True,94,68,26,1918.0,1470,28.205882352941178,20.404255319148938,15.5,True,2.0,9.0,15.5,29.0,42.0,1.0517201394107953,1,0.010638297872340425,0.014705882352941176,0.4148936170212766,0.48148148148148145,0.5082139618260259,0.24468085106382978,0.30666666666666664,0.3670812652849092,0.06382978723404255,0.08571428571428572,0.1455490051863941,0.696969696969697,0.3333333333333333
all_t20_2018_2026,d1305df0,AGS Gous,True,2026,True,66,54,12,1906.0,1325,35.2962962962963,28.87878787878788,17.0,True,1.0,6.25,17.0,38.5,81.0,1.456218572082163,2,0.030303030303030304,0.037037037037037035,0.4696969696969697,0.5,0.5150909649356855,0.3181818181818182,0.35,0.3790872573481271,0.19696969696969696,0.22033898305084745,0.2527248382320847,0.7241379310344828,0.65
all_t20_2018_2026,5f26f677,BM Duckett,True,2026,True,66,59,7,1896.0,1364,32.13559322033898,28.727272727272727,23.5,True,2.5,7.75,23.5,46.75,64.5,0.697425154655912,5,0.07575757575757576,0.0847457627118644,0.6363636363636364,0.6363636363636364,0.6363636363636365,0.3939393939393939,0.4,0.40552584670231745,0.21212121212121213,0.22580645161290322,0.2587145969498912,0.6341463414634146,0.6086956521739131
all_t20_2018_2026,f836b33d,T Kohler-Cadmore,True,2026,True,83,75,8,1880.0,1449,25.066666666666666,22.650602409638555,15.0,True,1.0,6.0,15.0,30.5,54.0,1.5448020433256195,6,0.07228915662650602,0.08,0.39759036144578314,0.4125,0.421045885670341,0.2891566265060241,0.3037974683544304,0.31715144634908815,0.13253012048192772,0.13924050632911392,0.14536107957666541,0.75,0.4583333333333333
all_t20_2018_2026,4a8a2e3b,MS Dhoni,True,2025,True,98,48,50,1878.0,1353,39.125,19.163265306122447,16.0,True,1.0,5.0,16.0,26.75,38.79999999999998,1.5248920777620123,3,0.030612244897959183,0.0625,0.3877551020408163,0.5,0.5509190213311664,0.20408163265306123,0.29850746268656714,0.4057678893216973,0.07142857142857142,0.12962962962962962,0.4057678893216973,0.6896551724137931,1.0
all_t20_2018_2026,2e171977,AR Patel,True,2026,True,107,77,30,1861.0,1381,24.16883116883117,17.39252336448598,14.0,True,1.0,5.0,14.0,25.5,39.0,1.1633808701454058,8,0.07476635514018691,0.1038961038961039,0.3644859813084112,0.43333333333333335,0.4917213984013772,0.18691588785046728,0.24390243902439024,0.33699635139629625,0.056074766355140186,0.07692307692307693,0.13964286310984025,0.6451612903225806,0.375
all_t20_2018_2026,1c17e270,RV Uthappa,True,2022,False,83,79,4,1853.0,1464,23.455696202531644,22.325301204819276,17.0,True,1.0,4.0,17.0,32.5,53.19999999999999,1.197134248327621,5,0.060240963855421686,0.06329113924050633,0.43373493975903615,0.43373493975903615,0.43373493975903604,0.3132530120481928,0.3170731707317073,0.32335794792071515,0.12048192771084337,0.12195121951219512,0.12436844150796736,0.7428571428571429,0.38461538461538464
all_t20_2018_2026,c4487b84,AB de Villiers,True,2021,False,58,45,13,1835.0,1163,40.77777777777778,31.637931034482758,23.5,True,1.0,6.75,23.5,55.75,72.30000000000001,0.48511879782856615,2,0.034482758620689655,0.044444444444444446,0.5344827586206896,0.5636363636363636,0.579650915283099,0.41379310344827586,0.43636363636363634,0.44876199892885094,0.3275862068965517,0.34545454545454546,0.35526991581867373,0.7741935483870968,0.7916666666666666
all_t20_2018_2026,6e6fb538,JL du Plooy,True,2026,True,81,65,16,1808.0,1341,27.815384615384616,22.320987654320987,18.0,True,1.0,5.0,18.0,30.0,54.0,1.023180804566679,4,0.04938271604938271,0.06153846153846154,0.48148148148148145,0.5064935064935064,0.5207230381298364,0.2962962962962963,0.3287671232876712,0.36618172526647763,0.1111111111111111,0.13043478260869565,0.19205335241248825,0.6857142857142857,0.45
all_t20_2018_2026,800d2d97,JM Sharma,True,2026,True,89,70,19,1805.0,1176,25.785714285714285,20.280898876404493,18.0,True,2.0,8.0,18.0,27.0,43.2,1.3411440690814265,5,0.056179775280898875,0.07142857142857142,0.449438202247191,0.4819277108433735,0.49789461428274273,0.21348314606741572,0.2345679012345679,0.25485980568597894,0.0449438202247191,0.05405405405405406,0.1096944331475387,0.5,0.3333333333333333
all_t20_2018_2026,fe11caa6,WP Saha,True,2024,False,83,77,6,1802.0,1436,23.4025974025974,21.710843373493976,15.0,True,1.0,5.0,15.0,29.5,52.8,1.9189830339541452,7,0.08433734939759036,0.09090909090909091,0.43373493975903615,0.4444444444444444,0.4506752137510989,0.25301204819277107,0.25925925925925924,0.26289387468814107,0.12048192771084337,0.125,0.13561985598991402,0.5833333333333334,0.5
all_t20_2018_2026,fe93fd9d,RA Jadeja,True,2026,True,97,49,48,1794.0,1290,36.61224489795919,18.49484536082474,17.0,True,2.0,7.0,17.0,25.0,39.60000000000002,1.2250382482996829,3,0.030927835051546393,0.061224489795918366,0.44329896907216493,0.5512820512820513,0.5884955613106999,0.18556701030927836,0.2857142857142857,0.4286500323756957,0.05154639175257732,0.09433962264150944,0.2969004553251572,0.6428571428571429,0.625
all_t20_2018_2026,f3982af9,DP Hughes,True,2025,True,77,69,8,1779.0,1395,25.782608695652176,23.103896103896105,17.0,True,1.6000000000000005,6.0,17.0,37.0,54.80000000000004,1.051243132959592,5,0.06493506493506493,0.07246376811594203,0.45454545454545453,0.4666666666666667,0.47727272727272724,0.3116883116883117,0.3287671232876712,0.35100000000000003,0.15584415584415584,0.16901408450704225,0.20200781250000002,0.7272727272727273,0.5454545454545454
all_t20_2018_2026,7a6dc294,JC Silk,True,2025,True,82,55,27,1767.0,1409,32.127272727272725,21.548780487804876,17.0,True,1.0,6.0,17.0,35.0,43.0,0.8326293418448217,6,0.07317073170731707,0.10909090909090909,0.43902439024390244,0.4864864864864865,0.5274048558143373,0.34146341463414637,0.4057971014492754,0.48345445116314256,0.06097560975609756,0.08620689655172414,0.20705069658713937,0.9032258064516129,0.29411764705882354
all_t20_2018_2026,39a2dfa8,R Tewatia,True,2026,True,115,68,47,1751.0,1225,25.75,15.226086956521739,11.0,True,2.0,4.0,11.0,22.0,37.20000000000002,1.2656355638059453,5,0.043478260869565216,0.07352941176470588,0.2956521739130435,0.3953488372093023,0.4835895918021633,0.17391304347826086,0.2564102564102564,0.3913726817368092,0.02608695652173913,0.043478260869565216,0.2002161172773955,0.7692307692307693,0.2727272727272727
all_t20_2018_2026,d405c0d5,AM Hardie,True,2026,True,78,62,16,1739.0,1302,28.048387096774192,22.294871794871796,18.0,True,2.7,8.0,18.0,32.75,44.3,1.5618062800566268,3,0.038461538461538464,0.04838709677419355,0.46153846153846156,0.5070422535211268,0.5313184435698275,0.28205128205128205,0.3142857142857143,0.33424444570977707,0.08974358974358974,0.10606060606060606,0.1474727008949804,0.6285714285714286,0.3888888888888889
all_t20_2018_2026,f32012f4,M Bryant,True,2025,True,81,72,9,1739.0,1233,24.15277777777778,21.469135802469136,18.0,True,2.0,6.0,18.0,31.0,46.0,1.2526148346849268,2,0.024691358024691357,0.027777777777777776,0.4567901234567901,0.4805194805194805,0.4935279845774192,0.2716049382716049,0.2894736842105263,0.3051870347873339,0.08641975308641975,0.0945945945945946,0.12106593115530602,0.6111111111111112,0.35
all_t20_2018_2026,9b6e1b3f,J Fraser-McGurk,True,2025,True,88,85,3,1737.0,1156,20.435294117647057,19.738636363636363,11.5,True,0.7000000000000011,3.75,11.5,29.25,51.19999999999999,1.519113802180737,8,0.09090909090909091,0.09411764705882353,0.36363636363636365,0.37209302325581395,0.37660843184433507,0.25,0.25882352941176473,0.2706873103881159,0.11363636363636363,0.11764705882352941,0.12303968654005269,0.7096774193548387,0.45454545454545453
all_t20_2018_2026,f0af99a7,D Ferreira,True,2026,True,89,67,22,1734.0,1045,25.880597014925375,19.48314606741573,14.0,True,1.8000000000000007,6.0,14.0,27.0,45.400000000000006,1.2230635513484691,2,0.02247191011235955,0.029850746268656716,0.38202247191011235,0.425,0.4583038230418161,0.24719101123595505,0.28205128205128205,0.31993811176107184,0.07865168539325842,0.1,0.1784654779667229,0.6875,0.5
all_t20_2018_2026,cad00a4d,RR Rossouw,True,2026,True,95,90,5,1716.0,1285,19.066666666666666,18.063157894736843,11.0,True,0.0,3.0,11.0,25.0,48.60000000000001,1.4153763614647776,14,0.14736842105263157,0.15555555555555556,0.3157894736842105,0.3225806451612903,0.3291428571428573,0.23157894736842105,0.23655913978494625,0.24137142857142868,0.08421052631578947,0.08695652173913043,0.09264761904761909,0.7333333333333333,0.38095238095238093
all_t20_2018_2026,399b0b94,CT Bancroft,True,2025,True,69,56,13,1700.0,1409,30.357142857142858,24.63768115942029,19.0,True,1.0,6.0,19.0,35.0,58.2,1.087401901406332,2,0.028985507246376812,0.03571428571428571,0.4782608695652174,0.4852941176470588,0.4915458937198066,0.34782608695652173,0.3582089552238806,0.3712374581939798,0.17391304347826086,0.19047619047619047,0.23511705685618725,0.75,0.6
all_t20_2018_2026,4b685e2d,DW Lawrence,True,2026,True,84,73,11,1688.0,1240,23.123287671232877,20.095238095238095,14.0,True,2.0,7.0,14.0,30.25,44.7,1.3394514362904744,5,0.05952380952380952,0.0684931506849315,0.38095238095238093,0.4050632911392405,0.43207855973813397,0.25,0.2727272727272727,0.30996940155127006,0.08333333333333333,0.09333333333333334,0.12155662805932158,0.7,0.3684210526315789
all_t20_2018_2026,edc7ddb6,J Weatherald,True,2024,False,73,66,7,1676.0,1266,25.393939393939394,22.958904109589042,15.0,True,1.2000000000000002,6.0,15.0,34.0,51.8,1.2066157610286912,2,0.0273972602739726,0.030303030303030304,0.3835616438356164,0.3888888888888889,0.3890410958904111,0.3287671232876712,0.3333333333333333,0.33346379647749524,0.1506849315068493,0.15942028985507245,0.18525766470971958,0.8571428571428571,0.5238095238095238
all_t20_2018_2026,3feda4fa,RL Chase,True,2026,True,79,59,20,1671.0,1297,28.322033898305083,21.151898734177216,14.0,True,1.0,5.5,14.0,32.5,52.2,1.3089232714070789,5,0.06329113924050633,0.0847457627118644,0.3670886075949367,0.4142857142857143,0.4412167796784058,0.3037974683544304,0.35294117647058826,0.3955736645392604,0.12658227848101267,0.15873015873015872,0.2226830768909822,0.8888888888888888,0.5263157894736842
all_t20_2018_2026,c5aef772,R Shepherd,True,2026,True,120,76,44,1649.0,1022,21.69736842105263,13.741666666666667,9.0,True,1.0,2.0,9.0,20.25,34.0,1.6522683759118815,8,0.06666666666666667,0.10526315789473684,0.26666666666666666,0.3404255319148936,0.4267048137333224,0.13333333333333333,0.1839080459770115,0.30098690798714234,0.041666666666666664,0.0625,0.19644833155337965,0.64,0.5555555555555556
all_t20_2018_2026,73ad96ed,DJ Hooda,True,2025,True,90,76,14,1622.0,1279,21.342105263157894,18.022222222222222,13.0,True,1.0,4.0,13.0,25.75,50.10000000000001,1.3214210662833754,5,0.05555555555555555,0.06578947368421052,0.3333333333333333,0.37037037037037035,0.40585422959624523,0.18888888888888888,0.21794871794871795,0.25837715768946146,0.12222222222222222,0.14285714285714285,0.17763429591150476,0.6296296296296297,0.6875
all_t20_2018_2026,0bacade8,Rahmanullah Gurbaz,True,2026,True,71,70,1,1618.0,1107,23.114285714285714,22.788732394366196,15.0,True,1.0,5.5,15.0,37.5,56.0,1.1121344757770513,7,0.09859154929577464,0.1,0.4507042253521127,0.45714285714285713,0.45875251509054327,0.29577464788732394,0.3,0.30105633802816906,0.15492957746478872,0.15714285714285714,0.1576961770623743,0.65625,0.5238095238095238
all_t20_2018_2026,56b93d46,BJ Webster,True,2025,True,67,55,12,1615.0,1351,29.363636363636363,24.104477611940297,19.0,True,2.0,7.0,19.0,36.0,54.4,0.7159575484323315,3,0.04477611940298507,0.05454545454545454,0.47761194029850745,0.5,0.5146579685649044,0.31343283582089554,0.3387096774193548,0.36354420305528734,0.1791044776119403,0.19672131147540983,0.2207232661407102,0.7,0.6
all_t20_2018_2026,0994d0ae,V Shankar,True,2025,True,76,58,18,1603.0,1231,27.637931034482758,21.092105263157894,16.5,True,3.0,8.0,16.5,28.25,47.5,0.9301934161433001,2,0.02631578947368421,0.034482758620689655,0.4473684210526316,0.4722222222222222,0.48069054552880974,0.21052631578947367,0.2318840579710145,0.2522680661815602,0.10526315789473684,0.125,0.19620849591899128,0.5161290322580645,0.7272727272727273
all_t20_2018_2026,4329fbb5,SR Watson,True,2020,False,57,54,3,1596.0,1183,29.555555555555557,28.0,14.0,True,2.8000000000000016,8.0,14.0,39.0,78.8,1.4367484204375671,4,0.07017543859649122,0.07407407407407407,0.42105263157894735,0.42857142857142855,0.4338118022328548,0.3333333333333333,0.3392857142857143,0.3434343434343435,0.19298245614035087,0.19642857142857142,0.19883040935672516,0.7916666666666666,0.5789473684210527
all_t20_2018_2026,69d03465,AT Carey,True,2025,True,53,52,1,1575.0,1229,30.28846153846154,29.71698113207547,25.0,True,2.2,13.0,25.0,42.0,63.800000000000026,0.8950264918038813,0,0.0,0.0,0.6226415094339622,0.6346153846153846,0.639469658337583,0.39622641509433965,0.40384615384615385,0.40693523712391655,0.20754716981132076,0.21153846153846154,0.2131565527791944,0.6363636363636364,0.5238095238095238
all_t20_2018_2026,ad9c32a2,DJ Malan,True,2025,True,67,60,7,1573.0,1291,26.216666666666665,23.47761194029851,17.0,True,1.0,6.0,17.0,38.0,58.0,1.1864592195257737,6,0.08955223880597014,0.1,0.417910447761194,0.417910447761194,0.41791044776119407,0.29850746268656714,0.3076923076923077,0.3264925373134329,0.1791044776119403,0.1875,0.20988805970149257,0.7692307692307693,0.631578947368421
all_t20_2018_2026,fb0d68b4,AI Ross,True,2025,True,70,53,17,1548.0,1177,29.20754716981132,22.114285714285714,18.0,True,2.0,6.0,18.0,34.75,47.1,0.823918480480739,4,0.05714285714285714,0.07547169811320754,0.45714285714285713,0.5161290322580645,0.538517758727231,0.3142857142857143,0.36666666666666664,0.4004902202073007,0.08571428571428572,0.10909090909090909,0.16353350658464774,0.7333333333333333,0.35294117647058826
all_t20_2018_2026,26d041c4,Sikandar Raza,True,2026,True,85,69,16,1540.0,1195,22.318840579710145,18.11764705882353,15.0,True,2.0,5.0,15.0,27.0,39.20000000000002,0.9963024275882046,4,0.047058823529411764,0.057971014492753624,0.4,0.4533333333333333,0.4776889558673009,0.2,0.2328767123287671,0.26109706904548124,0.047058823529411764,0.056338028169014086,0.07099109851171256,0.53125,0.26666666666666666
all_t20_2018_2026,f2c936d7,MJ Owen,True,2026,True,67,63,4,1532.0,826,24.317460317460316,22.865671641791046,10.0,True,1.0,6.0,10.0,33.0,50.99999999999998,2.321688079841613,6,0.08955223880597014,0.09523809523809523,0.34328358208955223,0.359375,0.36945895522388067,0.29850746268656714,0.3125,0.32126865671641797,0.1044776119402985,0.109375,0.11244402985074625,0.8695652173913043,0.35
all_t20_2018_2026,5f547c8b,Rashid Khan,True,2026,True,160,114,46,1491.0,1003,13.078947368421053,9.31875,5.0,True,0.0,1.0,5.0,14.0,25.0,2.3029930608005036,31,0.19375,0.2719298245614035,0.15,0.19672131147540983,0.2837660001718219,0.06875,0.09401709401709402,0.1714508751666601,0.01875,0.02608695652173913,0.0623457727878764,0.5789473684210527,0.3333333333333333
all_t20_2018_2026,caf69bf7,DR Sams,True,2026,True,126,102,24,1477.0,1044,14.480392156862745,11.722222222222221,6.5,True,0.0,1.0,6.5,16.0,29.0,2.432808924515032,15,0.11904761904761904,0.14705882352941177,0.20634920634920634,0.23423423423423423,0.26950856082166036,0.10317460317460317,0.12037037037037036,0.1562696697201224,0.031746031746031744,0.03773584905660377,0.0676166840135145,0.5652173913043478,0.36363636363636365
all_t20_2018_2026,508a1ea7,SE Marsh,True,2023,False,45,42,3,1473.0,1134,35.07142857142857,32.733333333333334,28.0,True,1.0,8.0,28.0,54.0,63.6,0.4559570298312538,4,0.08888888888888889,0.09523809523809523,0.6222222222222222,0.6222222222222222,0.6222222222222222,0.4888888888888889,0.4888888888888889,0.4888888888888889,0.3111111111111111,0.3111111111111111,0.3111111111111111,0.7857142857142857,0.6363636363636364
all_t20_2018_2026,872b03f7,A Badoni,True,2026,True,66,51,15,1445.0,1052,28.333333333333332,21.893939393939394,18.5,True,1.0,6.0,18.5,33.75,52.0,1.0004073627362806,5,0.07575757575757576,0.09803921568627451,0.45454545454545453,0.5,0.5336437128644922,0.2878787878787879,0.3333333333333333,0.38224899152483577,0.12121212121212122,0.14545454545454545,0.1975257946635515,0.7037037037037037,0.47058823529411764
all_t20_2018_2026,9948e262,HE van der Dussen,True,2025,True,54,46,8,1440.0,1118,31.304347826086957,26.666666666666668,21.0,True,4.0,8.75,21.0,40.75,50.400000000000006,1.2506950740223204,2,0.037037037037037035,0.043478260869565216,0.5740740740740741,0.6078431372549019,0.6211654135338347,0.37037037037037035,0.39215686274509803,0.4007518796992482,0.1111111111111111,0.1276595744680851,0.1738976906552095,0.6451612903225806,0.375
all_t20_2018_2026,e86754b2,TK Curran,True,2026,True,90,53,37,1413.0,966,26.660377358490567,15.7,10.0,True,1.0,3.25,10.0,22.5,38.0,1.3601849206914831,5,0.05555555555555555,0.09433962264150944,0.28888888888888886,0.4,0.48121196517455656,0.16666666666666666,0.24193548387096775,0.32588517332395434,0.044444444444444446,0.07142857142857142,0.18717507390914304,0.6521739130434783,0.4444444444444444
all_t20_2018_2026,4ae1755b,HC Brook,True,2026,True,60,48,12,1391.0,908,28.979166666666668,23.183333333333334,14.5,True,0.9000000000000004,6.0,14.5,35.0,55.1,1.4550396000799435,6,0.1,0.125,0.45,0.46551724137931033,0.47401247401247404,0.3,0.32142857142857145,0.34760914760914763,0.11666666666666667,0.13725490196078433,0.1965328642251719,0.72,0.5384615384615384
all_t20_2018_2026,3a9e9cb2,SIR Dunkley,True,2026,True,48,42,6,1366.0,1011,32.523809523809526,28.458333333333332,26.0,True,1.7000000000000002,12.0,26.0,41.5,56.300000000000004,0.286865849551488,3,0.0625,0.07142857142857142,0.6458333333333334,0.6458333333333334,0.6458333333333334,0.4166666666666667,0.425531914893617,0.4315476190476191,0.20833333333333334,0.2222222222222222,0.24846681096681097,0.6666666666666666,0.5555555555555556
all_t20_2018_2026,c4d9634c,RRS Cornwall,True,2026,True,73,71,2,1344.0,878,18.929577464788732,18.410958904109588,14.0,True,0.0,4.0,14.0,26.0,38.8,2.0195022372093687,9,0.1232876712328767,0.1267605633802817,0.3424657534246575,0.3424657534246575,0.3424657534246575,0.2328767123287671,0.2328767123287671,0.2328767123287671,0.0684931506849315,0.06944444444444445,0.0737618545837724,0.68,0.3125
all_t20_2018_2026,62af8546,Mohammad Nabi,True,2026,True,87,67,20,1339.0,1064,19.98507462686567,15.39080459770115,12.0,True,2.0,4.0,12.0,22.5,33.400000000000006,1.438465345773541,4,0.04597701149425287,0.05970149253731343,0.3333333333333333,0.3625,0.3898880289208075,0.14942528735632185,0.17333333333333334,0.22431323072707343,0.022988505747126436,0.029411764705882353,0.1349384278592551,0.5416666666666666,0.3333333333333333
all_t20_2018_2026,944533a5,KK Nair,True,2026,True,60,52,8,1335.0,957,25.673076923076923,22.25,16.0,True,1.9000000000000004,5.0,16.0,31.0,50.400000000000006,1.2205206551513796,4,0.06666666666666667,0.07692307692307693,0.43333333333333335,0.45614035087719296,0.4673538886332259,0.2833333333333333,0.30357142857142855,0.3194674308664184,0.11666666666666667,0.12962962962962962,0.15785449525164205,0.68,0.4666666666666667
all_t20_2018_2026,fe366f34,C Connolly,True,2026,True,51,40,11,1333.0,927,33.325,26.137254901960784,20.0,True,2.0,6.5,20.0,37.0,64.0,1.297602821796409,5,0.09803921568627451,0.125,0.5294117647058824,0.5510204081632653,0.5595012198427758,0.37254901960784315,0.41304347826086957,0.4478600042167405,0.13725490196078433,0.16666666666666666,0.25714450002875056,0.7916666666666666,0.4666666666666667
all_t20_2018_2026,2b55c3b4,JJ Peirson,True,2025,True,78,58,20,1332.0,1123,22.96551724137931,17.076923076923077,12.5,True,1.0,4.0,12.5,23.75,43.0,1.389870049978681,3,0.038461538461538464,0.05172413793103448,0.32051282051282054,0.36764705882352944,0.4160102516715316,0.16666666666666666,0.2,0.25688633040717074,0.0641025641025641,0.08196721311475409,0.17125755360478045,0.5909090909090909,0.5555555555555556
all_t20_2018_2026,c995d726,CA Ingram,True,2024,False,75,68,7,1325.0,1105,19.485294117647058,17.666666666666668,12.0,True,1.0,4.0,12.0,23.0,46.60000000000001,1.577667578964874,4,0.05333333333333334,0.058823529411764705,0.30666666666666664,0.323943661971831,0.3337359578260706,0.16,0.16901408450704225,0.17412310843099343,0.08,0.08450704225352113,0.08706155421549672,0.5217391304347826,0.5
all_t20_2018_2026,19b9f399,CJ Green,True,2026,True,130,83,47,1311.0,963,15.795180722891565,10.084615384615384,6.0,True,1.0,3.0,6.0,14.0,25.10000000000001,1.55213496271681,5,0.038461538461538464,0.060240963855421686,0.15384615384615385,0.21505376344086022,0.31101191341832585,0.07692307692307693,0.11363636363636363,0.2188602353684515,0.007692307692307693,0.012048192771084338,0.07660108237895802,0.6666666666666666,0.2
all_t20_2018_2026,a343262c,JE Root,True,2026,True,51,42,9,1309.0,1001,31.166666666666668,25.666666666666668,17.0,True,4.0,7.0,17.0,31.5,72.0,1.2580132251127343,3,0.058823529411764705,0.07142857142857142,0.45098039215686275,0.46,0.4605757196495622,0.29411764705882354,0.3,0.300375469336671,0.17647058823529413,0.1836734693877551,0.19824780976220285,0.6521739130434783,0.6428571428571429
all_t20_2018_2026,c3a96caf,Mandeep Singh,True,2023,False,66,46,20,1309.0,969,28.456521739130434,19.833333333333332,13.5,True,0.0,4.0,13.5,29.75,45.5,1.5861479019729072,8,0.12121212121212122,0.17391304347826086,0.3484848484848485,0.40350877192982454,0.436765929684546,0.25757575757575757,0.3148148148148148,0.37720693927301696,0.09090909090909091,0.12,0.20968268094882414,0.85,0.46153846153846156
all_t20_2018_2026,8e514b4c,Abdul Samad,True,2026,True,74,54,20,1285.0,884,23.796296296296298,17.364864864864863,16.5,True,1.3000000000000007,4.5,16.5,28.0,36.7,1.0456960078287056,5,0.06756756756756757,0.09259259259259259,0.40540540540540543,0.44776119402985076,0.4765843767814944,0.20270270270270271,0.23809523809523808,0.290660401086502,0.013513513513513514,0.01818181818181818,0.07557170428249052,0.5769230769230769,0.14285714285714285
all_t20_2018_2026,331ea488,UT Khawaja,True,2025,True,49,48,1,1284.0,956,26.75,26.20408163265306,22.0,True,1.8000000000000007,11.0,22.0,35.0,59.80000000000001,1.1477787781908058,4,0.08163265306122448,0.08333333333333333,0.5510204081632653,0.5510204081632653,0.5510204081632651,0.30612244897959184,0.30612244897959184,0.3061224489795918,0.14285714285714285,0.14583333333333334,0.16071428571428575,0.5555555555555556,0.5
all_t20_2018_2026,60aa2db3,LG Pretorius,True,2026,True,45,42,3,1283.0,810,30.547619047619047,28.511111111111113,17.0,True,0.0,5.0,17.0,51.0,77.40000000000002,1.0830365879543156,6,0.13333333333333333,0.14285714285714285,0.4,0.4,0.40000000000000013,0.3111111111111111,0.3111111111111111,0.31111111111111117,0.26666666666666666,0.26666666666666666,0.2666666666666668,0.7777777777777778,0.8571428571428571
all_t20_2018_2026,35f173a0,MP Breetzke,True,2026,True,48,43,5,1269.0,992,29.511627906976745,26.4375,20.5,True,2.0,6.75,20.5,43.25,58.30000000000005,0.6525158777894312,2,0.041666666666666664,0.046511627906976744,0.5208333333333334,0.5319148936170213,0.5416666666666669,0.4166666666666667,0.425531914893617,0.4333333333333334,0.16666666666666666,0.18181818181818182,0.22982142857142865,0.8,0.47058823529411764
all_t20_2018_2026,e60f81c9,L Wolvaardt,True,2026,True,44,35,9,1265.0,1034,36.142857142857146,28.75,27.0,True,3.5999999999999996,10.5,27.0,38.75,49.7,0.8252834380113347,1,0.022727272727272728,0.02857142857142857,0.6590909090909091,0.6590909090909091,0.6590909090909091,0.45454545454545453,0.47619047619047616,0.4903950216450217,0.11363636363636363,0.1282051282051282,0.16226305863254398,0.7407407407407407,0.29411764705882354
all_t20_2018_2026,f19ccfad,Washington Sundar,True,2026,True,70,54,16,1265.0,968,23.425925925925927,18.071428571428573,13.0,True,1.0,5.0,13.0,25.75,45.1,0.8317286875929901,2,0.02857142857142857,0.037037037037037035,0.35714285714285715,0.4032258064516129,0.4368615950237936,0.24285714285714285,0.2833333333333333,0.3260973233400336,0.05714285714285714,0.07272727272727272,0.12555618866568144,0.7391304347826086,0.3333333333333333
all_t20_2018_2026,bcf325d2,Dhruv Jurel,True,2026,True,56,41,15,1264.0,838,30.829268292682926,22.571428571428573,17.0,True,1.0,4.75,17.0,34.25,53.0,0.8944253714789971,5,0.08928571428571429,0.12195121951219512,0.4642857142857143,0.5098039215686274,0.5411080293021215,0.3392857142857143,0.3877551020408163,0.43151548429541897,0.17857142857142858,0.2222222222222222,0.2928838128701939,0.7916666666666666,0.6666666666666666
all_t20_2018_2026,6f02fe2a,Waseem Muhammad,True,2025,True,46,43,3,1241.0,901,28.86046511627907,26.97826086956522,22.5,True,3.5,12.0,22.5,37.75,55.0,1.1529834010213058,2,0.043478260869565216,0.046511627906976744,0.5217391304347826,0.5217391304347826,0.5217391304347826,0.34782608695652173,0.35555555555555557,0.36613272311212813,0.13043478260869565,0.13333333333333333,0.13729977116704806,0.6956521739130435,0.375
all_t20_2018_2026,a139c379,DN Wyatt,True,2026,True,46,42,4,1239.0,932,29.5,26.934782608695652,22.5,True,1.0,9.0,22.5,43.0,59.5,0.48588550812887193,5,0.10869565217391304,0.11904761904761904,0.5652173913043478,0.5652173913043478,0.5652173913043479,0.3695652173913043,0.3695652173913043,0.3695652173913044,0.21739130434782608,0.22727272727272727,0.25621118012422367,0.6538461538461539,0.6666666666666666
all_t20_2018_2026,9b4935c8,CJ Ferguson,True,2020,False,46,39,7,1223.0,952,31.358974358974358,26.58695652173913,22.5,True,1.0,7.0,22.5,42.0,53.0,1.2354157725872412,4,0.08695652173913043,0.10256410256410256,0.5217391304347826,0.5454545454545454,0.555399719495091,0.3695652173913043,0.3953488372093023,0.415264142122487,0.17391304347826086,0.19047619047619047,0.21496026180458153,0.7391304347826086,0.5
all_t20_2018_2026,2e11c706,BCJ Cutting,True,2022,False,75,51,24,1218.0,891,23.88235294117647,16.24,12.0,True,1.4000000000000004,6.0,12.0,24.5,32.20000000000002,1.657645388287307,4,0.05333333333333334,0.0784313725490196,0.37333333333333335,0.45161290322580644,0.5184840335296814,0.13333333333333333,0.18181818181818182,0.28983579514081576,0.02666666666666667,0.038461538461538464,0.11738349703203038,0.47619047619047616,0.2857142857142857
all_t20_2018_2026,26989d80,Shashank Singh,True,2026,True,60,41,19,1213.0,802,29.585365853658537,20.216666666666665,14.0,True,1.0,3.75,14.0,28.75,52.400000000000006,0.9403312724528237,3,0.05,0.07317073170731707,0.36666666666666664,0.4,0.43442062752407573,0.25,0.29411764705882354,0.36505935086056784,0.15,0.19148936170212766,0.3088963738050959,0.8333333333333334,0.8181818181818182
all_t20_2018_2026,806c4e58,CP Jewell,True,2025,True,59,57,2,1178.0,934,20.666666666666668,19.966101694915253,13.0,True,1.8000000000000007,4.5,13.0,31.0,46.20000000000002,1.089039892727414,3,0.05084745762711865,0.05263157894736842,0.423728813559322,0.43103448275862066,0.43237634036665507,0.2711864406779661,0.27586206896551724,0.2767208578346593,0.1016949152542373,0.10344827586206896,0.10377032168799724,0.64,0.375
all_t20_2018_2026,b5797845,Priyansh Arya,True,2026,True,39,39,0,1175.0,647,30.128205128205128,30.128205128205128,22.0,True,1.0,7.5,22.0,45.5,69.2,0.9716456665704387,3,0.07692307692307693,0.07692307692307693,0.5897435897435898,0.5897435897435898,0.5897435897435898,0.358974358974359,0.358974358974359,0.3589743589743589,0.23076923076923078,0.23076923076923078,0.23076923076923075,0.6086956521739131,0.6428571428571429
all_t20_2018_2026,9cb8d7a6,Imad Wasim,True,2025,True,76,54,22,1170.0,1001,21.666666666666668,15.394736842105264,11.5,True,1.0,3.0,11.5,20.25,40.5,1.1656235067842744,7,0.09210526315789473,0.12962962962962962,0.2631578947368421,0.32786885245901637,0.37174475865405754,0.17105263157894737,0.21666666666666667,0.26022133105784023,0.02631578947368421,0.037037037037037035,0.10379198389771407,0.6842105263157895,0.2857142857142857
all_t20_2018_2026,1dc12ab9,SK Raina,True,2021,False,52,43,9,1166.0,931,27.11627906976744,22.423076923076923,15.5,True,2.0,5.0,15.5,36.0,54.0,0.8495542363141806,1,0.019230769230769232,0.023255813953488372,0.38461538461538464,0.4,0.41958041958041975,0.3269230769230769,0.34,0.3566433566433568,0.19230769230769232,0.20408163265306123,0.22727272727272732,0.85,0.625
all_t20_2018_2026,ba5e1069,R Ravindra,True,2026,True,54,51,3,1165.0,732,22.84313725490196,21.574074074074073,13.5,True,1.3000000000000007,6.25,13.5,31.75,46.7,1.3860786776735072,4,0.07407407407407407,0.0784313725490196,0.4074074074074074,0.41509433962264153,0.42307692307692324,0.2962962962962963,0.3018867924528302,0.3076923076923078,0.09259259259259259,0.09615384615384616,0.11538461538461546,0.7272727272727273,0.3333333333333333
all_t20_2018_2026,7dcb9bc9,M Shahrukh Khan,True,2026,True,76,52,24,1154.0,780,22.192307692307693,15.18421052631579,13.0,True,2.5,6.0,13.0,19.5,30.5,1.4153816232245786,3,0.039473684210526314,0.057692307692307696,0.25,0.3220338983050847,0.38592581309843876,0.10526315789473684,0.14545454545454545,0.21494298588108848,0.02631578947368421,0.038461538461538464,0.10235380280051834,0.5333333333333333,0.4
all_t20_2018_2026,da934ee8,MK Lomror,True,2024,False,58,46,12,1149.0,884,24.97826086956522,19.810344827586206,12.5,True,0.7000000000000002,3.0,12.5,32.75,47.90000000000001,0.9781395161225674,5,0.08620689655172414,0.10869565217391304,0.3793103448275862,0.4074074074074074,0.42613070630312,0.29310344827586204,0.3333333333333333,0.383517635672808,0.10344827586206896,0.12244897959183673,0.15996992290095738,0.8947368421052632,0.4
all_t20_2018_2026,922e1b19,Z Crawley,True,2026,True,50,45,5,1137.0,877,25.266666666666666,22.74,16.5,True,1.0,5.25,16.5,35.5,55.1,0.7193169086301412,4,0.08,0.08888888888888889,0.44,0.44,0.43999999999999995,0.34,0.34,0.33999999999999997,0.14,0.14,0.13999999999999999,0.7727272727272727,0.4117647058823529
all_t20_2018_2026,89f64c19,LMP Simmons,True,2021,False,41,38,3,1135.0,884,29.86842105263158,27.682926829268293,19.0,True,0.0,5.0,19.0,45.0,70.0,1.0560187658999731,5,0.12195121951219512,0.13157894736842105,0.4878048780487805,0.4878048780487805,0.48780487804878025,0.34146341463414637,0.35,0.36280487804878025,0.21951219512195122,0.225,0.233231707317073,0.7368421052631579,0.6428571428571429
all_t20_2018_2026,eaa76d3c,C Green,True,2026,True,51,34,17,1135.0,779,33.38235294117647,22.254901960784313,17.0,True,2.0,4.0,17.0,33.0,46.0,1.3071295865739263,1,0.0196078431372549,0.029411764705882353,0.45098039215686275,0.5476190476190477,0.581597330373374,0.39215686274509803,0.47619047619047616,0.5057368090203253,0.09803921568627451,0.13513513513513514,0.19261460499797542,0.8695652173913043,0.3333333333333333
all_t20_2018_2026,d85b0f8b,M Gilkes,True,2025,True,59,56,3,1131.0,915,20.196428571428573,19.16949152542373,12.0,True,0.0,3.0,12.0,28.0,44.60000000000002,1.490755943857398,9,0.15254237288135594,0.16071428571428573,0.4067796610169492,0.4067796610169492,0.4067796610169491,0.23728813559322035,0.2413793103448276,0.24977698483496877,0.1016949152542373,0.10344827586206896,0.10704727921498662,0.6086956521739131,0.42857142857142855
all_t20_2018_2026,87e562a9,DJ Bravo,True,2024,False,90,54,36,1128.0,827,20.88888888888889,12.533333333333333,8.0,True,0.9000000000000004,3.0,8.0,18.5,30.300000000000026,2.084826253197839,8,0.08888888888888889,0.14814814814814814,0.23333333333333334,0.35,0.437129459699151,0.1111111111111111,0.17543859649122806,0.2513349392343637,0.022222222222222223,0.03636363636363636,0.09425060221288639,0.5555555555555556,0.25
all_t20_2018_2026,b52ffbbd,FA Allen,True,2026,True,83,57,26,1100.0,772,19.29824561403509,13.25301204819277,8.0,True,0.0,2.0,8.0,20.0,33.0,1.474999842684311,9,0.10843373493975904,0.15789473684210525,0.27710843373493976,0.3382352941176471,0.4047321500197554,0.1566265060240964,0.203125,0.2963713684355188,0.03614457831325301,0.05084745762711865,0.12926351223303015,0.6842105263157895,0.375
all_t20_2018_2026,c122ab7f,J Brown,True,2025,True,43,43,0,1091.0,736,25.372093023255815,25.372093023255815,18.0,True,3.2,6.0,18.0,34.5,60.20000000000004,2.096188366664033,4,0.09302325581395349,0.09302325581395349,0.46511627906976744,0.46511627906976744,0.46511627906976744,0.27906976744186046,0.27906976744186046,0.27906976744186046,0.13953488372093023,0.13953488372093023,0.13953488372093023,0.6,0.5
all_t20_2018_2026,14b14cd8,DM Bravo,True,2025,True,49,38,11,1086.0,964,28.57894736842105,22.163265306122447,20.0,True,2.0,7.0,20.0,29.0,50.0,1.3716601965964466,1,0.02040816326530612,0.02631578947368421,0.5306122448979592,0.5531914893617021,0.5629838142153415,0.24489795918367346,0.27906976744186046,0.32580704489648,0.12244897959183673,0.14285714285714285,0.19005410952294663,0.5454545454545454,0.5454545454545454
all_t20_2018_2026,104e88a4,AJ Hose,True,2025,True,63,50,13,1085.0,845,21.7,17.22222222222222,14.0,True,1.2000000000000002,5.0,14.0,27.5,38.800000000000004,1.0208655362990868,2,0.031746031746031744,0.04,0.30158730158730157,0.3333333333333333,0.3454714440100019,0.20634920634920634,0.24528301886792453,0.3039109695426333,0.047619047619047616,0.057692307692307696,0.0788999632466452,0.8666666666666667,0.25
all_t20_2018_2026,ba9258a7,TB Abell,True,2026,True,53,43,10,1077.0,853,25.046511627906977,20.32075471698113,14.0,True,1.0,7.0,14.0,31.0,47.60000000000001,1.0191995136795702,4,0.07547169811320754,0.09302325581395349,0.4339622641509434,0.46,0.47225884326952705,0.2830188679245283,0.3191489361702128,0.3665139283635243,0.09433962264150944,0.11627906976744186,0.18090751592302162,0.75,0.45454545454545453
all_t20_2018_2026,75224f22,KMA Paul,True,2026,True,83,60,23,1076.0,834,17.933333333333334,12.963855421686747,9.0,True,0.20000000000000107,2.5,9.0,19.5,29.599999999999994,1.6280879599902245,9,0.10843373493975904,0.15,0.25301204819277107,0.3088235294117647,0.35971088454228867,0.10843373493975904,0.14516129032258066,0.2390667130081,0.03614457831325301,0.05,0.11953335650405002,0.6,0.42857142857142855
all_t20_2018_2026,59559bc2,J Overton,True,2026,True,67,42,25,1072.0,718,25.523809523809526,16.0,11.0,True,1.0,5.0,11.0,25.0,33.99999999999999,1.6684149656028007,2,0.029850746268656716,0.047619047619047616,0.3283582089552239,0.41509433962264153,0.4592836170483065,0.1791044776119403,0.25,0.350725671200525,0.014925373134328358,0.023255813953488372,0.12400657660304278,0.7058823529411765,0.14285714285714285
all_t20_2018_2026,2a2e6343,DT Christian,True,2024,False,81,58,23,1070.0,826,18.448275862068964,13.209876543209877,8.0,True,0.0,2.0,8.0,19.0,32.0,1.7411360727960208,9,0.1111111111111111,0.15517241379310345,0.24691358024691357,0.28169014084507044,0.3176439206076653,0.14814814814814814,0.18181818181818182,0.26404150900512174,0.037037037037037035,0.05084745762711865,0.21603396191328142,0.8,0.6
all_t20_2018_2026,02bce9a8,NCR Larkin,True,2023,False,49,34,15,1054.0,873,31.0,21.510204081632654,16.0,True,1.8000000000000007,4.0,16.0,34.0,53.20000000000002,1.0765283717678684,4,0.08163265306122448,0.11764705882352941,0.42857142857142855,0.4772727272727273,0.5076228119706381,0.2857142857142857,0.3333333333333333,0.3816712871959685,0.12244897959183673,0.16216216216216217,0.2740204113201825,0.7368421052631579,0.6666666666666666
all_t20_2018_2026,1399b39c,Anmolpreet Singh,True,2024,False,38,35,3,1053.0,749,30.085714285714285,27.710526315789473,18.0,True,3.7,6.0,18.0,36.0,68.20000000000006,1.3100272656075747,1,0.02631578947368421,0.02857142857142857,0.5,0.5277777777777778,0.5384615384615387,0.39473684210526316,0.42857142857142855,0.45010716837342246,0.18421052631578946,0.2,0.21005001190759715,0.8333333333333334,0.4666666666666667
all_t20_2018_2026,4e6ef14f,P Litchfield,True,2026,True,36,31,5,1045.0,711,33.70967741935484,29.02777777777778,29.5,False,2.5,12.25,29.5,42.25,55.0,0.19770722660946927,2,0.05555555555555555,0.06451612903225806,0.6944444444444444,0.6944444444444444,0.6944444444444444,0.5,0.5142857142857142,0.5249999999999999,0.1388888888888889,0.14705882352941177,0.162037037037037,0.75,0.29411764705882354
all_t20_2018_2026,1f84183a,Nikhil Chaudhary,True,2026,True,50,43,7,1029.0,753,23.930232558139537,20.58,19.0,True,3.0,11.25,19.0,28.5,39.1,1.3079295094551664,1,0.02,0.023255813953488372,0.46,0.5,0.5069041769041771,0.22,0.2558139534883721,0.29837837837837855,0.04,0.046511627906976744,0.05425061425061429,0.55,0.18181818181818182
all_t20_2018_2026,470f446b,V Suryavanshi,True,2026,True,23,23,0,1028.0,449,44.69565217391305,44.69565217391305,40.0,True,4.0,12.0,40.0,67.5,96.8,0.37311653967605113,2,0.08695652173913043,0.08695652173913043,0.6956521739130435,0.6956521739130435,0.6956521739130436,0.6956521739130435,0.6956521739130435,0.6956521739130436,0.34782608695652173,0.34782608695652173,0.3478260869565219,1.0,0.5
all_t20_2018_2026,4e18e961,WCF Smeed,True,2026,True,52,50,2,1027.0,735,20.54,19.75,13.0,True,1.0,4.25,13.0,29.5,51.0,1.5823273518307293,4,0.07692307692307693,0.08,0.38461538461538464,0.38461538461538464,0.38461538461538475,0.25,0.25,0.2500000000000001,0.1346153846153846,0.1346153846153846,0.13461538461538466,0.65,0.5384615384615384
all_t20_2018_2026,b8cc58c9,RR Hendricks,True,2026,True,39,33,6,1012.0,845,30.666666666666668,25.94871794871795,18.0,True,0.0,4.0,18.0,40.5,68.4,0.9084720104655806,6,0.15384615384615385,0.18181818181818182,0.46153846153846156,0.47368421052631576,0.4792899408284024,0.41025641025641024,0.42105263157894735,0.4260355029585799,0.15384615384615385,0.16216216216216217,0.1711749788672866,0.8888888888888888,0.4
all_t20_2018_2026,6c7a68d0,Shubham Ranjane,True,2026,True,44,29,15,1010.0,818,34.827586206896555,22.954545454545453,17.0,True,7.0,9.5,17.0,30.5,49.7,1.0034304714252682,0,0.0,0.0,0.45454545454545453,0.5128205128205128,0.5391154951272257,0.2727272727272727,0.3333333333333333,0.3942282058117838,0.11363636363636363,0.15151515151515152,0.23892618534047502,0.7058823529411765,0.5555555555555556
all_t20_2018_2026,ee8f1a6d,Azam Khan,True,2024,False,52,48,4,996.0,708,20.75,19.153846153846153,13.0,True,2.0,8.0,13.0,28.0,48.999999999999986,0.9547182499649385,3,0.057692307692307696,0.0625,0.4230769230769231,0.43137254901960786,0.4362980769230769,0.19230769230769232,0.20408163265306123,0.23269230769230773,0.11538461538461539,0.12244897959183673,0.13961538461538464,0.5,0.6
all_t20_2018_2026,673314ef,Rohan Kadam,True,2021,False,25,22,3,995.0,761,45.22727272727273,39.8,33.0,True,2.200000000000001,23.0,33.0,62.0,79.80000000000001,0.2871176419255132,2,0.08,0.09090909090909091,0.76,0.76,0.7600000000000001,0.64,0.64,0.6400000000000001,0.36,0.36,0.36000000000000004,0.8421052631578947,0.5625
all_t20_2018_2026,d34a2268,MDE Holden,True,2025,True,43,37,6,993.0,762,26.83783783783784,23.093023255813954,15.0,True,1.0,7.0,15.0,37.5,51.800000000000004,0.836408240037049,3,0.06976744186046512,0.08108108108108109,0.4418604651162791,0.4634146341463415,0.46640826873385,0.37209302325581395,0.4,0.4158686730506155,0.13953488372093023,0.15,0.15595075239398085,0.8888888888888888,0.375
all_t20_2018_2026,3ff033bb,MD Shanaka,True,2026,True,55,36,19,989.0,632,27.47222222222222,17.98181818181818,12.0,True,2.0,4.5,12.0,24.0,35.6,2.7858700817967597,3,0.05454545454545454,0.08333333333333333,0.34545454545454546,0.40425531914893614,0.4317131691711479,0.18181818181818182,0.22727272727272727,0.2871096488090981,0.05454545454545454,0.07692307692307693,0.2126738139326653,0.625,0.6
all_t20_2018_2026,63e3b6b3,M Kapp,True,2026,True,40,26,14,984.0,753,37.84615384615385,24.6,26.0,False,5.800000000000001,12.25,26.0,34.0,38.90000000000001,0.42166245398103624,1,0.025,0.038461538461538464,0.6,0.6486486486486487,0.6716666666666666,0.375,0.45454545454545453,0.5201766304347826,0.05,0.07142857142857142,0.1728586956521739,0.75,0.2
all_t20_2018_2026,486065b3,Hassan Khan,True,2026,True,55,42,13,974.0,665,23.19047619047619,17.70909090909091,11.0,True,1.4000000000000004,4.5,11.0,29.0,41.800000000000004,0.9261955706095334,2,0.03636363636363636,0.047619047619047616,0.34545454545454546,0.3958333333333333,0.4145961320875713,0.2545454545454545,0.2978723404255319,0.3273127358586089,0.03636363636363636,0.046511627906976744,0.06819015330387689,0.7777777777777778,0.2
all_t20_2018_2026,28c78fb3,Harpreet Singh,True,2024,False,28,23,5,963.0,704,41.869565217391305,34.392857142857146,30.5,True,9.400000000000002,14.0,30.5,47.5,65.70000000000002,0.7051266036066323,0,0.0,0.0,0.6428571428571429,0.6666666666666666,0.6720779220779222,0.5,0.5384615384615384,0.5553977272727273,0.21428571428571427,0.24,0.26778104707792205,0.8235294117647058,0.46153846153846156
all_t20_2018_2026,d2a6c0e6,EJG Morgan,True,2022,False,52,42,10,960.0,737,22.857142857142858,18.46153846153846,14.0,True,0.10000000000000053,4.75,14.0,29.25,41.9,0.9297011770562855,6,0.11538461538461539,0.14285714285714285,0.38461538461538464,0.4166666666666667,0.43278740490278933,0.25,0.2765957446808511,0.29611769809138216,0.038461538461538464,0.046511627906976744,0.10147725730746981,0.6842105263157895,0.2222222222222222
all_t20_2018_2026,acc1aeda,SP Jackson,True,2023,False,32,24,8,959.0,705,39.958333333333336,29.96875,20.5,True,1.1,5.0,20.5,51.25,69.4,0.865919897860286,3,0.09375,0.125,0.5,0.5161290322580645,0.5192307692307694,0.4375,0.4666666666666667,0.4867788461538463,0.28125,0.3103448275862069,0.3476991758241759,0.9333333333333333,0.6923076923076923
all_t20_2018_2026,d7017798,A Raghuvanshi,True,2026,True,33,28,5,959.0,679,34.25,29.060606060606062,27.0,True,5.4,10.0,27.0,44.0,53.6,0.6036356439099397,0,0.0,0.0,0.6363636363636364,0.65625,0.6599326599326601,0.45454545454545453,0.5,0.527946127946128,0.21212121212121213,0.2413793103448276,0.26877257422711975,0.7894736842105263,0.5
all_t20_2018_2026,c2554b59,ME Bouchier,True,2026,True,49,41,8,950.0,766,23.170731707317074,19.387755102040817,15.0,True,2.0,6.0,15.0,31.0,42.2,0.6748437010651426,3,0.061224489795918366,0.07317073170731707,0.40816326530612246,0.4444444444444444,0.46142105854723353,0.30612244897959184,0.3409090909090909,0.3664226053169208,0.02040816326530612,0.023809523809523808,0.05329783350064303,0.7894736842105263,0.07692307692307693
all_t20_2018_2026,571e1d2a,Shayan Jahangir,True,2026,True,44,44,0,945.0,747,21.477272727272727,21.477272727272727,14.0,True,1.0,4.75,14.0,34.5,46.500000000000014,1.506299627102426,3,0.06818181818181818,0.06818181818181818,0.38636363636363635,0.38636363636363635,0.3863636363636366,0.2727272727272727,0.2727272727272727,0.2727272727272729,0.09090909090909091,0.09090909090909091,0.09090909090909094,0.7058823529411765,0.3333333333333333
all_t20_2018_2026,e87aeca2,J Hermann,True,2025,True,39,34,5,939.0,787,27.61764705882353,24.076923076923077,17.0,True,2.8000000000000003,5.5,17.0,39.0,54.20000000000002,1.3840820986038653,2,0.05128205128205128,0.058823529411764705,0.48717948717948717,0.5,0.5103785103785102,0.3076923076923077,0.32432432432432434,0.34025234025234014,0.1282051282051282,0.13513513513513514,0.14177180843847506,0.6666666666666666,0.4166666666666667
all_t20_2018_2026,d32cf49a,HK Matthews,True,2026,True,41,37,4,921.0,785,24.89189189189189,22.463414634146343,20.0,True,1.0,10.0,20.0,32.0,36.0,1.2691967114960125,4,0.0975609756097561,0.10810810810810811,0.5365853658536586,0.5365853658536586,0.5365853658536586,0.2926829268292683,0.2926829268292683,0.2926829268292684,0.0975609756097561,0.10256410256410256,0.13379790940766556,0.5454545454545454,0.4
all_t20_2018_2026,62e07f92,KH Devdhar,True,2021,False,29,25,4,920.0,766,36.8,31.724137931034484,26.0,True,7.4,12.0,26.0,49.0,61.599999999999994,0.8276525192880617,0,0.0,0.0,0.5862068965517241,0.5862068965517241,0.5862068965517242,0.41379310344827586,0.41379310344827586,0.41379310344827597,0.20689655172413793,0.2222222222222222,0.26819923371647514,0.7058823529411765,0.6
all_t20_2018_2026,d1a60072,N Wadhera,True,2026,True,41,35,6,912.0,639,26.057142857142857,22.24390243902439,15.0,True,2.0,5.0,15.0,40.0,52.0,0.8608876372032003,2,0.04878048780487805,0.05714285714285714,0.3902439024390244,0.41025641025641024,0.41931510224193147,0.2926829268292683,0.3076923076923077,0.3144863266814486,0.14634146341463414,0.16216216216216217,0.19059777374633247,0.75,0.6
all_t20_2018_2026,c96f6ac5,PWA Mulder,True,2026,True,46,38,8,909.0,681,23.92105263157895,19.76086956521739,12.0,True,2.5,6.25,12.0,30.75,43.0,0.6317248590239296,2,0.043478260869565216,0.05263157894736842,0.41304347826086957,0.4222222222222222,0.4347826086956521,0.30434782608695654,0.3181818181818182,0.3432494279176201,0.06521739130434782,0.07692307692307693,0.16298775595114268,0.7777777777777778,0.3333333333333333
all_t20_2018_2026,5d2eda89,S Mandhana,True,2026,True,36,32,4,908.0,653,28.375,25.22222222222222,17.0,True,0.5,3.75,17.0,42.25,59.0,0.8694410654812688,4,0.1111111111111111,0.125,0.3888888888888889,0.3888888888888889,0.38888888888888873,0.3611111111111111,0.3611111111111111,0.361111111111111,0.16666666666666666,0.16666666666666666,0.1666666666666666,0.9285714285714286,0.46153846153846156
all_t20_2018_2026,c64b7c5b,BF Smith,True,2026,True,48,48,0,907.0,714,18.895833333333332,18.895833333333332,13.0,True,0.7000000000000002,4.75,13.0,27.25,43.800000000000026,1.1422595637016122,5,0.10416666666666667,0.10416666666666667,0.375,0.375,0.3750000000000001,0.20833333333333334,0.20833333333333334,0.20833333333333343,0.0625,0.0625,0.06250000000000003,0.5555555555555556,0.3
all_t20_2018_2026,c8f5f961,Anuj Rawat,True,2024,False,47,35,12,903.0,730,25.8,19.21276595744681,11.0,True,0.6000000000000005,4.5,11.0,30.0,44.4,1.475551802384999,5,0.10638297872340426,0.14285714285714285,0.40425531914893614,0.4418604651162791,0.47722739361702127,0.2553191489361702,0.3076923076923077,0.3985267357222845,0.06382978723404255,0.08108108108108109,0.12651642403882046,0.8,0.3
all_t20_2018_2026,9d450c28,C Hemraj,True,2023,False,45,44,1,900.0,764,20.454545454545453,20.0,15.0,True,1.0,4.0,15.0,27.0,39.0,1.989835044202229,4,0.08888888888888889,0.09090909090909091,0.4444444444444444,0.4444444444444444,0.4444444444444444,0.17777777777777778,0.17777777777777778,0.1777777777777778,0.06666666666666667,0.06666666666666667,0.0666666666666667,0.4,0.375
all_t20_2018_2026,f9e6e7ef,Shahbaz Ahmed,True,2026,True,58,42,16,897.0,724,21.357142857142858,15.46551724137931,11.5,True,1.0,5.0,11.5,19.5,40.300000000000004,1.3898259476518446,3,0.05172413793103448,0.07142857142857142,0.25862068965517243,0.30612244897959184,0.33995397865677857,0.15517241379310345,0.19148936170212766,0.2403960277644363,0.05172413793103448,0.06818181818181818,0.1314665776836761,0.6923076923076923,0.5
all_t20_2018_2026,b2664905,TT Beaumont,True,2026,True,42,39,3,894.0,747,22.923076923076923,21.285714285714285,13.5,True,0.0,5.0,13.5,34.0,42.0,2.0256629534385997,6,0.14285714285714285,0.15384615384615385,0.42857142857142855,0.42857142857142855,0.42857142857142855,0.30952380952380953,0.30952380952380953,0.30952380952380953,0.07142857142857142,0.075,0.10714285714285718,0.7222222222222222,0.2727272727272727
all_t20_2018_2026,7dc35884,Shakib Al Hasan,True,2026,True,55,50,5,893.0,723,17.86,16.236363636363638,13.0,True,1.0,6.5,13.0,24.5,35.0,1.0676431402402315,5,0.09090909090909091,0.1,0.32727272727272727,0.34615384615384615,0.3630591630591631,0.14545454545454545,0.16,0.18860216262813675,0.03636363636363636,0.04,0.047150540657034196,0.5,0.25
all_t20_2018_2026,ffe699c0,CJ Jordan,True,2026,True,92,53,39,893.0,655,16.849056603773583,9.706521739130435,6.0,True,1.0,2.0,6.0,13.25,19.80000000000001,2.763052889259984,5,0.05434782608695652,0.09433962264150944,0.10869565217391304,0.17857142857142858,0.35230632597139117,0.07608695652173914,0.12727272727272726,0.274016031311082,0.021739130434782608,0.037037037037037035,0.09786286832538645,0.7777777777777778,0.3333333333333333
all_t20_2018_2026,0c94f480,UBT Chand,True,2026,True,40,38,2,892.0,754,23.473684210526315,22.3,18.0,True,0.0,4.0,18.0,30.75,59.300000000000004,1.115972867485458,6,0.15,0.15789473684210525,0.425,0.425,0.4249999999999999,0.275,0.275,0.2749999999999999,0.175,0.175,0.17499999999999996,0.6470588235294118,0.6363636363636364
all_t20_2018_2026,1ac746c8,Atharva Taide,True,2025,True,35,32,3,891.0,682,27.84375,25.457142857142856,23.0,True,4.0,10.5,23.0,38.0,51.40000000000001,0.5213913960815061,1,0.02857142857142857,0.03125,0.5428571428571428,0.5428571428571428,0.5428571428571428,0.4,0.4,0.3999999999999999,0.11428571428571428,0.125,0.16029684601113173,0.7368421052631579,0.36363636363636365
all_t20_2018_2026,8e3cb0e9,JJS Sangha,True,2025,True,38,32,6,882.0,743,27.5625,23.210526315789473,15.5,True,1.4000000000000004,3.5,15.5,33.75,57.50000000000002,1.0468429195140931,4,0.10526315789473684,0.125,0.47368421052631576,0.4864864864864865,0.4934210526315791,0.39473684210526316,0.40540540540540543,0.41118421052631593,0.15789473684210525,0.16666666666666666,0.1850328947368422,0.8333333333333334,0.42857142857142855
all_t20_2018_2026,aad0c365,Nithish Kumar Reddy,True,2026,True,39,31,8,879.0,637,28.35483870967742,22.53846153846154,19.0,True,2.0,8.5,19.0,34.0,39.400000000000006,0.9459268912701795,1,0.02564102564102564,0.03225806451612903,0.48717948717948717,0.5428571428571428,0.5678990026816114,0.3333333333333333,0.40625,0.4763626502756938,0.07692307692307693,0.09375,0.10992984237131395,0.8125,0.23076923076923078
all_t20_2018_2026,f9f21866,Pratham Singh,True,2023,False,32,29,3,877.0,686,30.24137931034483,27.40625,22.0,True,2.1,5.0,22.0,41.25,61.0,0.7436085574274545,1,0.03125,0.034482758620689655,0.53125,0.53125,0.53125,0.375,0.375,0.375,0.21875,0.21875,0.21875,0.7058823529411765,0.5833333333333334
all_t20_2018_2026,81c36ee9,M Jansen,True,2026,True,72,46,26,872.0,660,18.956521739130434,12.11111111111111,6.5,True,1.0,2.0,6.5,17.5,27.699999999999996,2.062140526745792,5,0.06944444444444445,0.10869565217391304,0.2222222222222222,0.3018867924528302,0.39484962265308743,0.09722222222222222,0.14,0.23254364795674617,0.041666666666666664,0.06382978723404255,0.17440773596755962,0.5384615384615384,0.75
all_t20_2018_2026,910dd54e,A Capsey,True,2026,True,45,42,3,872.0,680,20.761904761904763,19.377777777777776,14.0,True,2.0,7.0,14.0,25.0,51.6,1.0885288714502794,2,0.044444444444444446,0.047619047619047616,0.35555555555555557,0.37209302325581395,0.3831292517006804,0.2,0.21428571428571427,0.23510204081632666,0.15555555555555556,0.16666666666666666,0.18285714285714294,0.6,0.7777777777777778
all_t20_2018_2026,7bcde3fe,AM Rossington,True,2024,False,40,39,1,868.0,551,22.256410256410255,21.7,12.5,True,1.0,3.5,12.5,37.5,53.400000000000006,0.7462059962877625,3,0.075,0.07692307692307693,0.45,0.45,0.45,0.35,0.35,0.35,0.125,0.1282051282051282,0.13541666666666669,0.7777777777777778,0.38461538461538464
all_t20_2018_2026,977b841a,SSJ Brooks,True,2025,True,41,36,5,863.0,676,23.97222222222222,21.048780487804876,13.0,True,0.0,6.0,13.0,34.0,47.0,1.8066066759516461,5,0.12195121951219512,0.1388888888888889,0.3902439024390244,0.4,0.4017216642754663,0.2682926829268293,0.28205128205128205,0.29919894787183166,0.07317073170731707,0.08108108108108109,0.12239956958393111,0.7333333333333333,0.3333333333333333
all_t20_2018_2026,f787e0eb,J Edwards,True,2026,True,60,55,5,860.0,713,15.636363636363637,14.333333333333334,10.5,True,0.0,4.0,10.5,21.0,34.300000000000004,0.9746679942282122,7,0.11666666666666667,0.12727272727272726,0.26666666666666666,0.2857142857142857,0.3043385358602751,0.18333333333333332,0.19642857142857142,0.20923274340393913,0.0,0.0,0.0,0.6875,0.0
all_t20_2018_2026,25d7f1ac,MD Patel,True,2026,True,39,39,0,846.0,674,21.692307692307693,21.692307692307693,11.0,True,2.0,4.5,11.0,32.5,56.80000000000001,1.1852088157057687,2,0.05128205128205128,0.05128205128205128,0.4358974358974359,0.4358974358974359,0.43589743589743585,0.3076923076923077,0.3076923076923077,0.30769230769230776,0.1282051282051282,0.1282051282051282,0.12820512820512828,0.7058823529411765,0.4166666666666667
all_t20_2018_2026,99d63244,KM Jadhav,True,2023,False,42,31,11,843.0,731,27.193548387096776,20.071428571428573,12.0,True,3.0,7.0,12.0,25.75,54.699999999999996,1.4873701110219717,2,0.047619047619047616,0.06451612903225806,0.35714285714285715,0.42857142857142855,0.48162116521249665,0.19047619047619047,0.23529411764705882,0.2782700065672203,0.14285714285714285,0.18181818181818182,0.24348625574631774,0.5714285714285714,0.8571428571428571
all_t20_2018_2026,0ea54eca,O Davies,True,2025,True,44,42,2,836.0,645,19.904761904761905,19.0,15.0,True,0.2999999999999998,2.75,15.0,32.25,46.400000000000006,0.8096562134648493,5,0.11363636363636363,0.11904761904761904,0.4090909090909091,0.4090909090909091,0.40909090909090917,0.2727272727272727,0.27906976744186046,0.29545454545454547,0.06818181818181818,0.07142857142857142,0.08125000000000002,0.7058823529411765,0.2727272727272727
all_t20_2018_2026,aa8d28ae,D Wiese,True,2025,True,63,44,19,836.0,594,19.0,13.26984126984127,11.0,True,0.20000000000000018,3.0,11.0,18.0,33.800000000000004,1.3081211630032465,7,0.1111111111111111,0.1590909090909091,0.2222222222222222,0.2692307692307692,0.32717670273355803,0.12698412698412698,0.16666666666666666,0.2676900295092748,0.031746031746031744,0.044444444444444446,0.15057564159896708,0.8,0.4
all_t20_2018_2026,272d796e,BR Dunk,True,2024,False,50,48,2,833.0,723,17.354166666666668,16.66,13.0,True,1.9000000000000004,5.0,13.0,21.0,33.1,1.6879898820041093,3,0.06,0.0625,0.32,0.32,0.32,0.14,0.14285714285714285,0.15272727272727274,0.08,0.08163265306122448,0.08727272727272728,0.4666666666666667,0.5714285714285714
all_t20_2018_2026,e94d2d50,NA McSweeney,True,2025,True,32,28,4,830.0,694,29.642857142857142,25.9375,16.0,True,5.1,8.75,16.0,35.75,67.00000000000004,1.1021484468490992,0,0.0,0.0,0.5,0.5,0.5,0.34375,0.36666666666666664,0.39663461538461536,0.125,0.13333333333333333,0.14423076923076922,0.7857142857142857,0.36363636363636365
all_t20_2018_2026,ada15e88,PSP Handscomb,True,2024,False,48,40,8,826.0,682,20.65,17.208333333333332,13.5,True,3.0,4.0,13.5,24.75,35.0,1.4297031271996279,1,0.020833333333333332,0.025,0.3958333333333333,0.4318181818181818,0.4392857142857145,0.1875,0.21951219512195122,0.2615896885069819,0.041666666666666664,0.04878048780487805,0.058131041890440445,0.5625,0.2222222222222222
all_t20_2018_2026,44afbf2d,NJ Maddinson,True,2025,True,55,51,4,825.0,743,16.176470588235293,15.0,12.0,True,0.40000000000000036,3.0,12.0,19.5,30.0,2.2423698783666652,6,0.10909090909090909,0.11764705882352941,0.2545454545454545,0.2545454545454545,0.25454545454545446,0.12727272727272726,0.1320754716981132,0.15419580419580414,0.03636363636363636,0.0392156862745098,0.07930069930069927,0.5833333333333334,0.4
all_t20_2018_2026,11614d87,D Pretorius,True,2026,True,67,51,16,823.0,599,16.137254901960784,12.283582089552239,10.0,True,0.0,3.0,10.0,20.5,27.0,1.0929641133036065,8,0.11940298507462686,0.1568627450980392,0.26865671641791045,0.32142857142857145,0.3805939621676513,0.04477611940298507,0.057692307692307696,0.09444886928792817,0.014925373134328358,0.0196078431372549,0.047224434643964086,0.21428571428571427,0.5
all_t20_2018_2026,ad3b6e95,Abishek Porel,True,2026,True,36,33,3,822.0,567,24.90909090909091,22.833333333333332,21.0,True,3.0,7.0,21.0,33.25,50.0,0.5689898541740999,2,0.05555555555555555,0.06060606060606061,0.5277777777777778,0.5428571428571428,0.5517676767676769,0.3888888888888889,0.4,0.40656565656565674,0.1111111111111111,0.12121212121212122,0.1425619834710745,0.7368421052631579,0.3333333333333333
all_t20_2018_2026,e3bf8356,KR Patterson,True,2024,False,37,35,2,822.0,646,23.485714285714284,22.216216216216218,18.0,True,2.6,9.0,18.0,27.0,50.39999999999999,1.2287707388512397,0,0.0,0.0,0.40540540540540543,0.42857142857142855,0.4375804375804376,0.24324324324324326,0.2571428571428571,0.2625482625482626,0.10810810810810811,0.11428571428571428,0.11668811668811672,0.6,0.4444444444444444
all_t20_2018_2026,65d9b6b6,A Sutherland,True,2026,True,32,20,12,821.0,593,41.05,25.65625,25.5,True,5.5,17.0,25.5,30.25,43.30000000000001,0.6473802889461713,2,0.0625,0.1,0.6875,0.7333333333333333,0.75,0.34375,0.4074074074074074,0.46534090909090925,0.09375,0.13043478260869565,0.22662706611570255,0.5789473684210527,0.42857142857142855
all_t20_2018_2026,dc9dd038,Sachin Baby,True,2022,False,24,18,6,820.0,615,45.55555555555556,34.166666666666664,34.5,False,7.9,18.75,34.5,48.75,62.199999999999996,0.24170617235126,0,0.0,0.0,0.7083333333333334,0.7391304347826086,0.74375,0.5833333333333334,0.6363636363636364,0.65078125,0.25,0.2727272727272727,0.27890625,0.875,0.42857142857142855
all_t20_2018_2026,26d76ad9,Virat Singh,True,2021,False,25,17,8,814.0,609,47.88235294117647,32.56,23.0,True,4.0,10.0,23.0,50.0,71.80000000000001,0.8010504962631508,1,0.04,0.058823529411764705,0.52,0.5416666666666666,0.5571428571428572,0.44,0.4583333333333333,0.4714285714285715,0.28,0.30434782608695654,0.33333333333333337,0.8461538461538461,0.7
all_t20_2018_2026,40caa465,T Kohli,True,2022,False,26,24,2,812.0,722,33.833333333333336,31.23076923076923,26.0,True,5.0,11.0,26.0,37.75,75.5,0.8808204558843447,1,0.038461538461538464,0.041666666666666664,0.5769230769230769,0.5769230769230769,0.5769230769230769,0.38461538461538464,0.38461538461538464,0.3846153846153846,0.23076923076923078,0.24,0.2692307692307692,0.6666666666666666,0.6666666666666666
all_t20_2018_2026,bd54eef5,N Jagadeesan,True,2023,False,33,27,6,805.0,694,29.814814814814813,24.393939393939394,19.0,True,1.0,6.0,19.0,34.0,65.80000000000001,0.9676961059351952,3,0.09090909090909091,0.1111111111111111,0.48484848484848486,0.5,0.5133689839572192,0.3333333333333333,0.3548387096774194,0.3850267379679144,0.15151515151515152,0.16666666666666666,0.20418084589207583,0.7333333333333333,0.5
all_t20_2018_2026,7f048519,DJ Willey,True,2026,True,67,50,17,798.0,691,15.96,11.91044776119403,7.0,True,1.0,2.0,7.0,15.5,29.0,2.776578345588748,4,0.05970149253731343,0.08,0.19402985074626866,0.24074074074074073,0.28240971877201987,0.08955223880597014,0.11538461538461539,0.15885546680926116,0.029850746268656716,0.038461538461538464,0.052951822269753736,0.5454545454545454,0.3333333333333333
all_t20_2018_2026,c03e2850,M Vohra,True,2024,False,27,24,3,795.0,598,33.125,29.444444444444443,14.0,True,2.6,9.0,14.0,42.0,78.40000000000002,1.1736528514177875,1,0.037037037037037035,0.041666666666666664,0.4074074074074074,0.4230769230769231,0.434567901234568,0.37037037037037035,0.38461538461538464,0.3950617283950618,0.18518518518518517,0.19230769230769232,0.1975308641975309,0.9090909090909091,0.5
all_t20_2018_2026,84d9c311,Ashutosh Sharma,True,2026,True,34,27,7,792.0,469,29.333333333333332,23.294117647058822,17.5,True,2.0,7.25,17.5,32.5,59.4,1.1265925605710556,1,0.029411764705882353,0.037037037037037035,0.38235294117647056,0.43333333333333335,0.4870307256029348,0.3235294117647059,0.3793103448275862,0.44956682363347833,0.14705882352941177,0.17857142857142858,0.22989212572166504,0.9166666666666666,0.5
all_t20_2018_2026,9d3940b3,Himanshu Rana,True,2023,False,29,27,2,791.0,634,29.296296296296298,27.275862068965516,19.0,True,2.0,6.0,19.0,49.0,60.2,0.8653317494958842,0,0.0,0.0,0.4827586206896552,0.4827586206896552,0.4827586206896552,0.3103448275862069,0.3103448275862069,0.3103448275862069,0.2413793103448276,0.2413793103448276,0.24137931034482757,0.6428571428571429,0.7777777777777778
all_t20_2018_2026,541f85c9,SP Goswami,True,2022,False,31,27,4,789.0,565,29.22222222222222,25.451612903225808,21.0,True,1.0,8.0,21.0,37.5,65.0,1.0727674412891595,3,0.0967741935483871,0.1111111111111111,0.5161290322580645,0.5161290322580645,0.5161290322580645,0.3225806451612903,0.3333333333333333,0.3456221198156682,0.16129032258064516,0.16666666666666666,0.1728110599078341,0.6666666666666666,0.5
all_t20_2018_2026,b05e45e4,AE Jones,True,2026,True,45,39,6,789.0,620,20.23076923076923,17.533333333333335,10.0,True,1.0,3.0,10.0,31.0,45.2,0.7311405539392218,3,0.06666666666666667,0.07692307692307693,0.4,0.4186046511627907,0.4390909090909092,0.26666666666666666,0.27906976744186046,0.2927272727272728,0.022222222222222223,0.02564102564102564,0.06403409090909092,0.6666666666666666,0.125
all_t20_2018_2026,57590dbb,PI Walter,True,2026,True,52,45,7,787.0,560,17.488888888888887,15.134615384615385,10.5,True,1.0,3.0,10.5,23.0,28.9,1.8274019708973979,5,0.09615384615384616,0.1111111111111111,0.36538461538461536,0.38,0.3996394230769232,0.09615384615384616,0.10638297872340426,0.1476900077160494,0.038461538461538464,0.044444444444444446,0.11076750578703705,0.3125,0.6666666666666666
all_t20_2018_2026,ad427b5c,Lalit Yadav,True,2024,False,44,31,13,784.0,604,25.29032258064516,17.818181818181817,15.5,True,1.2999999999999998,5.5,15.5,25.75,36.7,0.6193455669489792,2,0.045454545454545456,0.06451612903225806,0.45454545454545453,0.5128205128205128,0.5468499062611101,0.22727272727272727,0.2857142857142857,0.35103969849883626,0.022727272727272728,0.03125,0.12637429145958107,0.625,0.14285714285714285
all_t20_2018_2026,b4296080,Milind Kumar,True,2026,True,40,33,7,784.0,683,23.757575757575758,19.6,14.5,True,1.0,2.0,14.5,29.5,52.2,0.8833065232448083,2,0.05,0.06060606060606061,0.4,0.4444444444444444,0.4717917857680156,0.25,0.2857142857142857,0.3175521634977028,0.125,0.14285714285714285,0.1587760817488514,0.6666666666666666,0.5
all_t20_2018_2026,67b9536c,SR Hain,True,2025,True,45,33,12,781.0,659,23.666666666666668,17.355555555555554,11.0,True,1.0,4.0,11.0,22.0,45.40000000000001,1.6402569245226892,4,0.08888888888888889,0.12121212121212122,0.3333333333333333,0.40540540540540543,0.4514742014742014,0.17777777777777778,0.22857142857142856,0.28456555729282995,0.08888888888888889,0.11764705882352941,0.16599657508748417,0.6153846153846154,0.5714285714285714
all_t20_2018_2026,270e4c23,MS Pepper,True,2026,True,48,46,2,779.0,626,16.934782608695652,16.229166666666668,10.0,True,0.0,4.0,10.0,21.0,36.60000000000001,1.8544961993075717,6,0.125,0.13043478260869565,0.2916666666666667,0.2978723404255319,0.3020833333333332,0.16666666666666666,0.17391304347826086,0.18831168831168824,0.08333333333333333,0.08695652173913043,0.09415584415584413,0.6153846153846154,0.5
all_t20_2018_2026,f088b960,SN Khan,True,2026,True,43,35,8,779.0,617,22.257142857142856,18.11627906976744,14.0,True,0.0,5.5,14.0,30.0,38.40000000000001,0.986638094439348,6,0.13953488372093023,0.17142857142857143,0.37209302325581395,0.41025641025641024,0.4443620307815033,0.27906976744186046,0.3157894736842105,0.3554896246252027,0.06976744186046512,0.08571428571428572,0.16589515815842798,0.8,0.3333333333333333
all_t20_2018_2026,b8a55852,BB McCullum,True,2018,False,32,32,0,772.0,590,24.125,24.125,13.0,True,0.20000000000000018,4.0,13.0,43.0,56.0,0.5741241183353526,4,0.125,0.125,0.4375,0.4375,0.4375,0.40625,0.40625,0.40625,0.21875,0.21875,0.21875,0.9285714285714286,0.5384615384615384
all_t20_2018_2026,be150fc8,EA Perry,True,2026,True,29,22,7,768.0,592,34.90909090909091,26.482758620689655,16.0,True,1.0,6.0,16.0,45.0,62.599999999999994,0.5411518880625626,2,0.06896551724137931,0.09090909090909091,0.4827586206896552,0.5,0.5172413793103448,0.3793103448275862,0.4074074074074074,0.4376657824933687,0.2413793103448276,0.28,0.35809018567639256,0.8461538461538461,0.7777777777777778
all_t20_2018_2026,c834c290,JL Smith,True,2026,True,38,36,2,768.0,506,21.333333333333332,20.210526315789473,13.5,True,0.7000000000000002,6.25,13.5,34.5,45.50000000000002,0.6548308099720407,4,0.10526315789473684,0.1111111111111111,0.39473684210526316,0.40540540540540543,0.4126794258373207,0.2894736842105263,0.2972972972972973,0.30263157894736853,0.07894736842105263,0.08333333333333333,0.09904306220095696,0.7333333333333333,0.3
all_t20_2018_2026,7f232d46,TF Rogers,True,2025,True,42,39,3,767.0,631,19.666666666666668,18.261904761904763,17.0,True,1.0,6.5,17.0,26.75,40.39999999999999,0.6593039923255029,2,0.047619047619047616,0.05128205128205128,0.47619047619047616,0.47619047619047616,0.476190476190476,0.23809523809523808,0.24390243902439024,0.25396825396825384,0.047619047619047616,0.05,0.0677248677248677,0.5263157894736842,0.2222222222222222
all_t20_2018_2026,47dc9794,MW Harvey,True,2025,True,47,41,6,765.0,659,18.658536585365855,16.27659574468085,11.0,True,0.6000000000000005,4.0,11.0,22.0,38.8,1.3471952309886261,5,0.10638297872340426,0.12195121951219512,0.2978723404255319,0.3111111111111111,0.32136524822695034,0.2127659574468085,0.22727272727272727,0.2504144791378834,0.0425531914893617,0.047619047619047616,0.08451488670903565,0.7692307692307693,0.25
all_t20_2018_2026,8ac93ca2,P Chopra,True,2022,False,26,22,4,762.0,683,34.63636363636363,29.307692307692307,28.0,True,7.5,17.0,28.0,38.25,53.5,0.3763318423864169,1,0.038461538461538464,0.045454545454545456,0.6538461538461539,0.6538461538461539,0.6538461538461539,0.46153846153846156,0.46153846153846156,0.46153846153846156,0.15384615384615385,0.16,0.18461538461538465,0.7058823529411765,0.36363636363636365
all_t20_2018_2026,d1523761,D Ramdin,True,2021,False,36,29,7,758.0,717,26.137931034482758,21.055555555555557,19.5,True,4.5,9.0,19.5,29.75,42.5,0.5563363369850616,2,0.05555555555555555,0.06896551724137931,0.5,0.5142857142857142,0.5178571428571427,0.25,0.2727272727272727,0.31167328042328035,0.08333333333333333,0.0967741935483871,0.1424792139077853,0.5625,0.42857142857142855
all_t20_2018_2026,e793a8ed,Chaitanya Bishnoi,True,2023,False,32,27,5,757.0,616,28.037037037037038,23.65625,19.0,True,1.0,5.5,19.0,36.5,54.00000000000002,0.4250907672485322,3,0.09375,0.1111111111111111,0.5,0.5,0.5,0.4375,0.4375,0.4375,0.125,0.13793103448275862,0.19090909090909092,0.875,0.36363636363636365
all_t20_2018_2026,4d7f517e,AJ Hosein,True,2026,True,83,48,35,756.0,676,15.75,9.108433734939759,6.0,True,0.0,2.0,6.0,12.0,21.599999999999994,1.9888324455499642,9,0.10843373493975904,0.1875,0.14457831325301204,0.21818181818181817,0.3275737364141982,0.060240963855421686,0.09803921568627451,0.22748176139874876,0.012048192771084338,0.02040816326530612,0.13648905683924925,0.625,0.3333333333333333
all_t20_2018_2026,b11d8647,Ashwin Hebbar,True,2023,False,25,22,3,755.0,585,34.31818181818182,30.2,23.0,True,7.600000000000001,13.0,23.0,45.0,51.6,1.2449303144813766,1,0.04,0.045454545454545456,0.56,0.56,0.5600000000000002,0.44,0.44,0.4400000000000001,0.16,0.16666666666666666,0.1777777777777778,0.7857142857142857,0.4
all_t20_2018_2026,f986ca1a,HV Patel,True,2026,True,52,42,10,755.0,539,17.976190476190474,14.51923076923077,8.0,True,0.0,2.5,8.0,21.25,35.9,1.7661572842385265,8,0.15384615384615385,0.19047619047619047,0.3076923076923077,0.37209302325581395,0.4156927279698818,0.21153846153846154,0.2558139534883721,0.2857887504792938,0.038461538461538464,0.047619047619047616,0.06235390919548231,0.6875,0.2
all_t20_2018_2026,94d7f855,C de Grandhomme,True,2022,False,45,36,9,754.0,544,20.944444444444443,16.755555555555556,12.0,True,2.0,4.0,12.0,28.0,36.2,1.0310108061183698,1,0.022222222222222223,0.027777777777777776,0.35555555555555557,0.42105263157894735,0.46111801242236033,0.24444444444444444,0.2972972972972973,0.34140468227424753,0.022222222222222223,0.027777777777777776,0.06207357859531773,0.7333333333333333,0.1
all_t20_2018_2026,2e802011,Vishnu Solanki,True,2024,False,36,28,8,753.0,637,26.892857142857142,20.916666666666668,17.0,True,0.5,8.25,17.0,28.25,45.5,0.940574016902723,4,0.1111111111111111,0.14285714285714285,0.4166666666666667,0.45454545454545453,0.48297213622291024,0.2222222222222222,0.25,0.2897832817337461,0.08333333333333333,0.1,0.15847523219814244,0.5714285714285714,0.5
all_t20_2018_2026,bc2d4f2e,W Sutherland,True,2025,True,61,42,19,750.0,569,17.857142857142858,12.295081967213115,7.0,True,1.0,4.0,7.0,15.0,31.0,2.099772811223554,3,0.04918032786885246,0.07142857142857142,0.14754098360655737,0.2,0.28047671952928854,0.13114754098360656,0.17777777777777778,0.2493126395815898,0.03278688524590164,0.046511627906976744,0.11219068781171543,0.8888888888888888,0.3333333333333333
all_t20_2018_2026,fffa744b,Naman Dhir,True,2026,True,37,30,7,749.0,461,24.966666666666665,20.243243243243242,17.0,True,0.0,7.0,17.0,28.0,46.4,0.7602348128218291,5,0.13513513513513514,0.16666666666666666,0.4594594594594595,0.4857142857142857,0.5032618825722274,0.24324324324324326,0.28125,0.3419220437476015,0.08108108108108109,0.0967741935483871,0.13296968367962284,0.6428571428571429,0.375
all_t20_2018_2026,2be41edb,MJ Guptill,True,2023,False,39,36,3,746.0,665,20.72222222222222,19.128205128205128,13.0,True,0.0,7.0,13.0,30.0,39.2,1.9845103418306664,5,0.1282051282051282,0.1388888888888889,0.28205128205128205,0.2894736842105263,0.2968960863697706,0.28205128205128205,0.2894736842105263,0.2968960863697706,0.07692307692307693,0.07894736842105263,0.08097165991902834,1.0,0.2727272727272727
all_t20_2018_2026,06c2de82,L Gregory,True,2026,True,59,38,21,742.0,585,19.526315789473685,12.576271186440678,10.0,True,1.0,2.0,10.0,21.5,30.200000000000003,0.6251044692665333,5,0.0847457627118644,0.13157894736842105,0.288135593220339,0.3695652173913043,0.44676859121900625,0.11864406779661017,0.17073170731707318,0.2894531185396688,0.0,0.0,0.0,0.5833333333333334,0.0
all_t20_2018_2026,52d1dbc8,BL Mooney,True,2026,True,30,24,6,734.0,570,30.583333333333332,24.466666666666665,16.0,True,1.0,3.0,16.0,30.75,61.90000000000001,1.3286495679843677,2,0.06666666666666667,0.08333333333333333,0.4666666666666667,0.4666666666666667,0.4666666666666668,0.3,0.3,0.3000000000000001,0.2,0.21428571428571427,0.2666666666666667,0.6428571428571429,0.8571428571428571
all_t20_2018_2026,7b01ce83,L Lee,True,2026,True,29,26,3,732.0,577,28.153846153846153,25.24137931034483,20.0,True,2.400000000000001,8.0,20.0,42.0,49.79999999999999,0.5245562805044282,3,0.10344827586206896,0.11538461538461539,0.5172413793103449,0.5172413793103449,0.517241379310345,0.41379310344827586,0.41379310344827586,0.41379310344827597,0.10344827586206896,0.11538461538461539,0.20689655172413798,0.8,0.3333333333333333
all_t20_2018_2026,a446c7be,Vivek Singh,True,2023,False,30,25,5,731.0,533,29.24,24.366666666666667,20.5,True,2.8000000000000007,7.0,20.5,40.25,54.2,0.5813510282567406,0,0.0,0.0,0.5333333333333333,0.5714285714285714,0.587294117647059,0.3333333333333333,0.37037037037037035,0.40376470588235314,0.16666666666666666,0.19230769230769232,0.22431372549019618,0.6666666666666666,0.5555555555555556
all_t20_2018_2026,971cb321,E Jones,True,2026,True,53,43,10,716.0,664,16.651162790697676,13.50943396226415,9.0,True,0.0,1.0,9.0,20.0,34.0,1.3434577364167255,11,0.20754716981132076,0.2558139534883721,0.2641509433962264,0.30434782608695654,0.33810568639918737,0.16981132075471697,0.2,0.23711307877345608,0.03773584905660377,0.045454545454545456,0.06021919460913171,0.6923076923076923,0.25
all_t20_2018_2026,2728e7e9,P Dogra,True,2022,False,23,19,4,715.0,543,37.63157894736842,31.08695652173913,31.0,True,2.6000000000000005,12.5,31.0,43.0,53.8,0.7955591454546197,0,0.0,0.0,0.6086956521739131,0.6363636363636364,0.6376811594202899,0.5217391304347826,0.5454545454545454,0.546583850931677,0.21739130434782608,0.23809523809523808,0.2562111801242236,0.8571428571428571,0.45454545454545453
all_t20_2018_2026,e342e5fb,CR Brathwaite,True,2023,False,66,50,16,714.0,581,14.28,10.818181818181818,5.0,True,1.0,2.0,5.0,15.75,28.0,1.969399037073579,5,0.07575757575757576,0.1,0.19696969696969696,0.25,0.3256216115757333,0.09090909090909091,0.11764705882352941,0.16907275985663078,0.030303030303030304,0.04,0.0845363799283154,0.5,0.4
all_t20_2018_2026,6020a3c6,KU Carty,True,2026,True,32,28,4,711.0,613,25.392857142857142,22.21875,14.0,True,1.0,5.0,14.0,34.25,49.500000000000014,1.0925092017418585,3,0.09375,0.10714285714285714,0.40625,0.43333333333333335,0.45200892857142855,0.34375,0.3793103448275862,0.4143415178571428,0.125,0.13793103448275862,0.15066964285714285,0.9166666666666666,0.36363636363636365
all_t20_2018_2026,b63e358a,RK Bhui,True,2024,False,27,22,5,710.0,466,32.27272727272727,26.296296296296298,13.0,True,0.0,2.5,13.0,38.5,66.60000000000004,1.3861574202608689,5,0.18518518518518517,0.22727272727272727,0.4074074074074074,0.4074074074074074,0.4074074074074075,0.4074074074074074,0.4074074074074074,0.4074074074074075,0.14814814814814814,0.16,0.19555555555555562,1.0,0.4444444444444444
all_t20_2018_2026,e6e9b619,Tanmay Agarwal,True,2023,False,26,25,1,710.0,576,28.4,27.307692307692307,21.0,True,3.0,13.25,21.0,33.75,55.0,1.250405712561934,1,0.038461538461538464,0.04,0.5384615384615384,0.5384615384615384,0.5384615384615384,0.38461538461538464,0.38461538461538464,0.38461538461538464,0.19230769230769232,0.19230769230769232,0.19230769230769235,0.7142857142857143,0.5
all_t20_2018_2026,6eb146d2,Gurkeerat Singh,True,2023,False,30,21,9,707.0,575,33.666666666666664,23.566666666666666,20.0,True,5.600000000000001,14.25,20.0,29.75,43.1,0.8707436618567271,1,0.03333333333333333,0.047619047619047616,0.5,0.6521739130434783,0.6930907515702838,0.26666666666666666,0.36363636363636365,0.39808289320959883,0.06666666666666667,0.09523809523809523,0.132694297736533,0.5714285714285714,0.2857142857142857
all_t20_2018_2026,de69af96,SFM Devine,True,2026,True,32,28,4,706.0,569,25.214285714285715,22.0625,19.5,True,4.0,8.5,19.5,30.5,45.500000000000014,0.46873835948309367,1,0.03125,0.03571428571428571,0.5,0.5333333333333333,0.5488636363636364,0.25,0.26666666666666666,0.2744318181818183,0.0625,0.07142857142857142,0.09801136363636369,0.5,0.3333333333333333
all_t20_2018_2026,9ed95736,Naushad Shaikh,True,2021,False,29,21,8,704.0,581,33.523809523809526,24.275862068965516,22.0,True,1.0,4.0,22.0,34.0,52.599999999999994,0.8004797453078127,2,0.06896551724137931,0.09523809523809523,0.5517241379310345,0.5714285714285714,0.5823754789272029,0.3793103448275862,0.4230769230769231,0.46266496381438893,0.13793103448275862,0.17391304347826086,0.28040300837235693,0.7857142857142857,0.5
all_t20_2018_2026,9219eff0,JDS Neesham,True,2025,True,55,42,13,702.0,543,16.714285714285715,12.763636363636364,8.0,True,0.0,1.5,8.0,21.0,29.200000000000003,1.0367814645709374,8,0.14545454545454545,0.19047619047619047,0.3090909090909091,0.3469387755102041,0.3753031358885017,0.10909090909090909,0.13636363636363635,0.2163512195121951,0.01818181818181818,0.023255813953488372,0.04507317073170732,0.5,0.2
all_t20_2018_2026,663b5e34,PN Mankad,True,2024,False,30,21,9,700.0,480,33.333333333333336,23.333333333333332,14.0,True,2.9000000000000004,6.0,14.0,33.25,61.0,0.862320754011663,2,0.06666666666666667,0.09523809523809523,0.4666666666666667,0.56,0.591895652173913,0.3,0.375,0.42278260869565215,0.2,0.2608695652173913,0.32212008281573495,0.6923076923076923,0.75
all_t20_2018_2026,06cad4f0,A Sharafu,True,2025,True,32,27,5,695.0,570,25.74074074074074,21.71875,18.0,True,1.1,4.75,18.0,34.5,45.30000000000001,1.0736855540960693,2,0.0625,0.07407407407407407,0.46875,0.4838709677419355,0.4963235294117647,0.28125,0.3,0.31906512605042026,0.09375,0.10344827586206896,0.12154861944777914,0.6428571428571429,0.375
all_t20_2018_2026,02181d9a,EL Lamb,True,2026,True,36,35,1,694.0,569,19.82857142857143,19.27777777777778,9.5,True,0.0,2.75,9.5,35.25,48.0,0.6398412207952056,6,0.16666666666666666,0.17142857142857143,0.4166666666666667,0.4166666666666667,0.41666666666666663,0.3333333333333333,0.3333333333333333,0.33333333333333337,0.08333333333333333,0.08333333333333333,0.08333333333333334,0.8,0.25
all_t20_2018_2026,c3f37533,Hari Nishaanth,True,2023,False,27,23,4,688.0,541,29.91304347826087,25.48148148148148,16.0,True,5.2,9.0,16.0,30.5,64.60000000000002,1.4189559990671807,1,0.037037037037037035,0.043478260869565216,0.4074074074074074,0.4074074074074074,0.4074074074074075,0.25925925925925924,0.25925925925925924,0.2592592592592593,0.14814814814814814,0.15384615384615385,0.18518518518518523,0.6363636363636364,0.6666666666666666
all_t20_2018_2026,ebcfef83,Himmat Singh,True,2026,True,36,24,12,676.0,527,28.166666666666668,18.77777777777778,17.5,True,2.0,6.0,17.5,26.25,37.5,0.8020125592927404,3,0.08333333333333333,0.125,0.4166666666666667,0.5,0.5448099479671928,0.16666666666666666,0.2222222222222222,0.29433888097967825,0.08333333333333333,0.12,0.2354711047837426,0.5,0.75
all_t20_2018_2026,0494fa6e,Vishnu Vinod,True,2026,True,26,18,8,672.0,490,37.333333333333336,25.846153846153847,17.5,True,5.5,12.0,17.5,33.0,63.5,1.0519672113132141,0,0.0,0.0,0.46153846153846156,0.5454545454545454,0.5729895104895104,0.3076923076923077,0.36363636363636365,0.38199300699300687,0.19230769230769232,0.22727272727272727,0.23874562937062935,0.6666666666666666,0.625
all_t20_2018_2026,3c55c703,JG Bethell,True,2026,True,35,31,4,656.0,495,21.161290322580644,18.742857142857144,12.0,True,0.0,2.5,12.0,28.5,47.2,1.3642896086064573,5,0.14285714285714285,0.16129032258064516,0.37142857142857144,0.3939393939393939,0.4173913043478261,0.2571428571428571,0.2727272727272727,0.28896321070234116,0.05714285714285714,0.06451612903225806,0.0936454849498328,0.6923076923076923,0.2857142857142857
all_t20_2018_2026,495d42a5,R Ashwin,True,2025,True,64,47,17,656.0,512,13.957446808510639,10.25,6.5,True,0.0,2.0,6.5,14.5,28.0,1.5990092691425362,8,0.125,0.1702127659574468,0.15625,0.20408163265306123,0.26986860205564783,0.078125,0.10416666666666667,0.14992700114202656,0.015625,0.02127659574468085,0.04497810034260797,0.5555555555555556,0.25
all_t20_2018_2026,7183799b,M Deyal,True,2023,False,37,35,2,656.0,489,18.742857142857144,17.72972972972973,15.0,True,0.6000000000000001,2.0,15.0,29.0,35.8,1.3972497621981925,4,0.10810810810810811,0.11428571428571428,0.3783783783783784,0.4,0.4204204204204205,0.24324324324324326,0.2571428571428571,0.27027027027027034,0.05405405405405406,0.05714285714285714,0.060060060060060094,0.6428571428571429,0.2222222222222222
all_t20_2018_2026,d7725664,RA Reifer,True,2024,False,48,35,13,656.0,585,18.742857142857144,13.666666666666666,10.5,True,0.7000000000000002,2.0,10.5,22.0,30.300000000000004,1.255028595729867,4,0.08333333333333333,0.11428571428571428,0.2916666666666667,0.35,0.38037372314637746,0.125,0.15789473684210525,0.19311281328969931,0.020833333333333332,0.02857142857142857,0.07241730498363724,0.5,0.3333333333333333
all_t20_2018_2026,e1b9f3a9,BJ Dwarshuis,True,2026,True,63,40,23,654.0,423,16.35,10.380952380952381,6.0,True,0.0,1.0,6.0,14.0,28.800000000000026,1.9645472840961444,12,0.19047619047619047,0.3,0.19047619047619047,0.25,0.3453722785797896,0.1111111111111111,0.16279069767441862,0.3453722785797896,0.015873015873015872,0.025,0.19735558775987974,1.0,0.25
all_t20_2018_2026,bdadf7da,JL Denly,True,2023,False,40,34,6,652.0,629,19.176470588235293,16.3,11.5,True,0.0,3.0,11.5,23.5,36.50000000000001,1.5602440663596973,5,0.125,0.14705882352941177,0.3,0.3076923076923077,0.3230769230769231,0.175,0.19444444444444445,0.25846153846153846,0.075,0.08571428571428572,0.13846153846153847,0.7777777777777778,0.5
all_t20_2018_2026,44a89551,KS Bharat,True,2023,False,31,29,2,649.0,546,22.379310344827587,20.93548387096774,12.0,True,1.0,8.0,12.0,27.5,48.0,1.3496020681070937,2,0.06451612903225806,0.06896551724137931,0.3548387096774194,0.36666666666666664,0.36962365591397855,0.25806451612903225,0.26666666666666666,0.2688172043010753,0.0967741935483871,0.1,0.10080645161290326,0.7272727272727273,0.375
all_t20_2018_2026,ebf25cf2,Priyank Panchal,True,2023,False,24,23,1,649.0,485,28.217391304347824,27.041666666666668,21.0,True,0.0,5.75,21.0,41.0,63.89999999999999,0.7272537244652976,4,0.16666666666666666,0.17391304347826086,0.5416666666666666,0.5416666666666666,0.5416666666666667,0.375,0.391304347826087,0.40909090909090917,0.16666666666666666,0.17391304347826086,0.18181818181818188,0.75,0.4444444444444444
all_t20_2018_2026,f079e8fe,Jay Bista,True,2021,False,18,15,3,647.0,467,43.13333333333333,35.94444444444444,29.5,True,0.0,17.0,29.5,52.5,70.2,0.4190333131952026,3,0.16666666666666666,0.2,0.7222222222222222,0.7222222222222222,0.7222222222222222,0.5,0.5,0.5,0.2777777777777778,0.2777777777777778,0.2777777777777778,0.6923076923076923,0.5555555555555556
all_t20_2018_2026,1777c020,Fakhar Zaman,True,2025,True,27,26,1,644.0,501,24.76923076923077,23.85185185185185,14.0,True,6.0,9.5,14.0,36.5,53.200000000000045,1.1398858968583867,0,0.0,0.0,0.4444444444444444,0.4444444444444444,0.4444444444444444,0.2962962962962963,0.2962962962962963,0.2962962962962963,0.1111111111111111,0.1111111111111111,0.11111111111111113,0.6666666666666666,0.375
all_t20_2018_2026,3b8e7647,SP Krishnamurthi,True,2026,True,32,27,5,638.0,469,23.62962962962963,19.9375,12.5,True,1.1,3.75,12.5,26.25,47.30000000000001,1.668447232418372,3,0.09375,0.1111111111111111,0.34375,0.36666666666666664,0.39473684210526316,0.21875,0.2413793103448276,0.28708133971291866,0.09375,0.10714285714285714,0.16404647983595355,0.7,0.5
all_t20_2018_2026,f89d3b11,Sameer Rizvi,True,2026,True,25,19,6,637.0,450,33.526315789473685,25.48,20.0,True,0.40000000000000036,4.0,20.0,40.0,58.6,0.9784599730645009,3,0.12,0.15789473684210525,0.52,0.5416666666666666,0.5571428571428572,0.36,0.375,0.38571428571428573,0.16,0.18181818181818182,0.25,0.6923076923076923,0.5714285714285714
all_t20_2018_2026,e087956b,BA Stokes,True,2024,False,37,32,5,633.0,500,19.78125,17.10810810810811,11.0,True,0.6000000000000001,5.0,11.0,19.0,42.599999999999994,2.453789111101173,4,0.10810810810810811,0.125,0.24324324324324326,0.2727272727272727,0.29624159869887445,0.1891891891891892,0.21212121212121213,0.23041013232134677,0.05405405405405406,0.06060606060606061,0.06583146637752767,0.7777777777777778,0.2857142857142857
all_t20_2018_2026,709b0bac,SS Tiwary,True,2021,False,27,23,4,631.0,502,27.434782608695652,23.37037037037037,21.0,True,4.2,9.0,21.0,36.5,50.0,0.4968442512063664,0,0.0,0.0,0.5185185185185185,0.5384615384615384,0.5432098765432098,0.2962962962962963,0.32,0.34920634920634913,0.14814814814814814,0.16,0.1746031746031746,0.6153846153846154,0.5
all_t20_2018_2026,e00a9155,SD Heazlett,True,2022,False,36,34,2,630.0,508,18.529411764705884,17.5,12.0,True,0.5,4.0,12.0,26.0,46.0,1.2992497074352558,4,0.1111111111111111,0.11764705882352941,0.3055555555555556,0.3055555555555556,0.3055555555555556,0.2222222222222222,0.2222222222222222,0.22222222222222224,0.05555555555555555,0.05714285714285714,0.06944444444444446,0.7272727272727273,0.2857142857142857
all_t20_2018_2026,a1765140,Mrunal Devdhar,True,2021,False,25,24,1,626.0,487,26.083333333333332,25.04,20.0,True,0.40000000000000036,2.0,20.0,49.0,59.400000000000006,0.6394523748757229,3,0.12,0.125,0.52,0.52,0.52,0.36,0.36,0.36,0.24,0.24,0.24,0.6923076923076923,0.6666666666666666
all_t20_2018_2026,cf59b3f0,Urvil Patel,True,2026,True,34,33,1,625.0,380,18.939393939393938,18.38235294117647,17.5,True,0.0,2.25,17.5,25.75,39.099999999999994,1.4772831521734304,5,0.14705882352941177,0.15151515151515152,0.4411764705882353,0.45454545454545453,0.46439628482972134,0.20588235294117646,0.21212121212121213,0.21671826625387,0.058823529411764705,0.06060606060606061,0.061919504643962876,0.4666666666666667,0.2857142857142857
all_t20_2018_2026,bbff906c,CAK Walton,True,2023,False,41,36,5,620.0,546,17.22222222222222,15.121951219512194,8.0,True,1.0,3.0,8.0,20.0,43.0,1.9331010896763505,4,0.0975609756097561,0.1111111111111111,0.2682926829268293,0.28205128205128205,0.28870625662778365,0.14634146341463414,0.15789473684210525,0.17997273140433268,0.07317073170731707,0.07894736842105263,0.08998636570216634,0.6,0.5
all_t20_2018_2026,75cbed9b,SS Eskinazi,True,2025,True,27,24,3,619.0,465,25.791666666666668,22.925925925925927,21.0,True,0.0,3.5,21.0,39.0,53.400000000000006,0.5019419029109929,4,0.14814814814814814,0.16666666666666666,0.5185185185185185,0.56,0.5746913580246912,0.37037037037037035,0.4,0.4104938271604937,0.14814814814814814,0.16,0.16419753086419753,0.7142857142857143,0.4
all_t20_2018_2026,08a4f9ad,DC Thomas,True,2022,False,31,28,3,612.0,533,21.857142857142858,19.741935483870968,12.0,True,1.0,2.5,12.0,31.5,55.0,1.0575431235513937,0,0.0,0.0,0.41935483870967744,0.43333333333333335,0.4368279569892473,0.2903225806451613,0.3,0.3024193548387097,0.12903225806451613,0.13793103448275862,0.16801075268817206,0.6923076923076923,0.5
all_t20_2018_2026,239f7526,Parth Sahani,True,2023,False,25,19,6,612.0,492,32.21052631578947,24.48,20.0,True,2.4000000000000004,9.0,20.0,36.0,50.2,0.8136194428151956,0,0.0,0.0,0.52,0.5652173913043478,0.5894736842105263,0.36,0.42857142857142855,0.48631578947368415,0.12,0.15,0.18526315789473682,0.8181818181818182,0.375
all_t20_2018_2026,ded9240e,PJ Cummins,True,2026,True,48,30,18,608.0,404,20.266666666666666,12.666666666666666,7.0,True,0.0,1.75,7.0,17.25,31.60000000000001,1.8277636003388198,3,0.0625,0.1,0.1875,0.2571428571428571,0.34352986045676853,0.14583333333333334,0.20588235294117646,0.30058862789967244,0.0625,0.09090909090909091,0.1717649302283843,0.875,0.5
all_t20_2018_2026,33609a8c,Saim Ayub,True,2026,True,16,13,3,605.0,415,46.53846153846154,37.8125,27.5,True,11.5,19.0,27.5,53.5,73.5,0.8581491924458157,0,0.0,0.0,0.75,0.75,0.75,0.5,0.5714285714285714,0.625,0.3125,0.35714285714285715,0.39062500000000006,0.8,0.625
all_t20_2018_2026,3c6ffae8,YK Pathan,True,2022,False,42,23,19,604.0,531,26.26086956521739,14.380952380952381,8.5,True,1.1000000000000005,3.25,8.5,22.5,34.39999999999999,1.0133310679807135,3,0.07142857142857142,0.13043478260869565,0.2857142857142857,0.3870967741935484,0.48543841647289937,0.11904761904761904,0.18518518518518517,0.31206755344686393,0.0,0.0,0.23405066508514794,0.625,0.0
all_t20_2018_2026,f9d99806,Tajinder Singh,True,2026,True,35,29,6,604.0,409,20.82758620689655,17.257142857142856,12.0,True,1.4000000000000004,5.0,12.0,19.5,32.40000000000002,2.3999783501247283,1,0.02857142857142857,0.034482758620689655,0.2571428571428571,0.28125,0.31764705882352956,0.11428571428571428,0.12903225806451613,0.1764705882352942,0.08571428571428572,0.1,0.1764705882352942,0.5,1.0
all_t20_2018_2026,fa433be6,M Labuschagne,True,2025,True,24,23,1,601.0,483,26.130434782608695,25.041666666666668,23.5,True,3.0,5.75,23.5,35.25,48.099999999999994,0.8683543275143026,1,0.041666666666666664,0.043478260869565216,0.5416666666666666,0.5416666666666666,0.5416666666666667,0.3333333333333333,0.34782608695652173,0.3636363636363637,0.08333333333333333,0.08695652173913043,0.09090909090909095,0.6666666666666666,0.25
all_t20_2018_2026,2318ba22,TLW Cooper,True,2021,False,42,39,3,600.0,530,15.384615384615385,14.285714285714286,13.0,True,1.0,5.25,13.0,21.25,31.39999999999999,1.135710335200064,2,0.047619047619047616,0.05128205128205128,0.2619047619047619,0.2682926829268293,0.27645502645502645,0.11904761904761904,0.12195121951219512,0.12566137566137564,0.0,0.0,0.0,0.45454545454545453,0.0
all_t20_2018_2026,27e003ce,MM Lanning,True,2026,True,25,24,1,600.0,465,25.0,24.0,21.0,True,1.4000000000000004,10.0,21.0,35.0,49.80000000000001,1.103964596357305,2,0.08,0.08333333333333333,0.6,0.625,0.6352941176470591,0.32,0.3333333333333333,0.3388235294117648,0.12,0.125,0.12705882352941184,0.5333333333333333,0.375
all_t20_2018_2026,4ba0289e,HC Knight,True,2024,False,23,18,5,597.0,459,33.166666666666664,25.956521739130434,29.0,False,6.4,12.0,29.0,34.5,42.400000000000006,0.3926896386589748,0,0.0,0.0,0.6521739130434783,0.6521739130434783,0.6521739130434783,0.43478260869565216,0.45454545454545453,0.47826086956521746,0.043478260869565216,0.05263157894736842,0.10461956521739132,0.7142857142857143,0.14285714285714285
all_t20_2018_2026,53bee17f,DJS Dottin,True,2026,True,31,24,7,597.0,475,24.875,19.258064516129032,12.0,True,2.0,5.5,12.0,28.5,50.0,1.2703281716610049,1,0.03225806451612903,0.041666666666666664,0.3225806451612903,0.35714285714285715,0.39531102934884915,0.22580645161290322,0.25,0.27671772054419436,0.12903225806451613,0.14285714285714285,0.15812441173953964,0.7,0.5714285714285714
all_t20_2018_2026,6c882e9a,PBB Rajapaksa,True,2024,False,30,28,2,597.0,443,21.321428571428573,19.9,9.0,True,0.9000000000000004,3.25,9.0,32.5,43.70000000000001,1.354671336711893,3,0.1,0.10714285714285714,0.4,0.41379310344827586,0.4166666666666668,0.3,0.3103448275862069,0.31250000000000006,0.1,0.10344827586206896,0.10416666666666669,0.75,0.3333333333333333
all_t20_2018_2026,b5da6c24,PA Patel,True,2019,False,26,25,1,596.0,434,23.84,22.923076923076923,19.5,True,4.5,8.25,19.5,32.5,48.0,0.7375448559756367,1,0.038461538461538464,0.04,0.5,0.5,0.4999999999999999,0.3076923076923077,0.3076923076923077,0.30769230769230765,0.11538461538461539,0.12,0.14423076923076925,0.6153846153846154,0.42857142857142855
all_t20_2018_2026,cb08b611,JI Rodrigues,True,2026,True,24,21,3,596.0,438,28.38095238095238,24.833333333333332,18.5,True,2.6000000000000005,8.5,18.5,32.25,55.199999999999996,1.3115630124813271,1,0.041666666666666664,0.047619047619047616,0.4583333333333333,0.4583333333333333,0.4583333333333333,0.3333333333333333,0.34782608695652173,0.375,0.16666666666666666,0.18181818181818182,0.234375,0.8,0.5714285714285714
all_t20_2018_2026,bb965e9a,PK Garg,True,2024,False,36,33,3,595.0,498,18.03030303030303,16.52777777777778,12.0,True,2.0,5.5,12.0,19.5,46.5,1.383088529359519,3,0.08333333333333333,0.09090909090909091,0.25,0.2571428571428571,0.27777777777777773,0.16666666666666666,0.17142857142857143,0.18518518518518517,0.1111111111111111,0.11428571428571428,0.12345679012345678,0.6666666666666666,0.6666666666666666
all_t20_2018_2026,9385de2e,SS Prabhudessai,True,2024,False,32,26,6,592.0,429,22.76923076923077,18.5,12.5,True,1.0,5.5,12.5,30.5,45.7,0.8225941161027387,2,0.0625,0.07692307692307693,0.375,0.4,0.4285714285714286,0.28125,0.3,0.32142857142857145,0.03125,0.037037037037037035,0.0892857142857143,0.75,0.16666666666666666
all_t20_2018_2026,bf814547,K Verreynne,True,2025,True,26,20,6,591.0,438,29.55,22.73076923076923,11.0,True,3.5,8.25,11.0,30.0,48.5,2.181734643644801,0,0.0,0.0,0.34615384615384615,0.391304347826087,0.41098901098901097,0.3076923076923077,0.34782608695652173,0.3653235653235653,0.11538461538461539,0.13043478260869565,0.136996336996337,0.8888888888888888,0.375
all_t20_2018_2026,e4a0deae,MJ Santner,True,2026,True,50,23,27,590.0,475,25.652173913043477,11.8,8.0,True,1.0,2.0,8.0,19.5,24.300000000000004,1.29019822328165,1,0.02,0.043478260869565216,0.26,0.4482758620689655,0.5260302197802197,0.08,0.15384615384615385,0.2330718512256974,0.02,0.041666666666666664,0.1165359256128487,0.4,0.5
all_t20_2018_2026,324b9eee,G Redmayne,True,2025,True,27,22,5,582.0,544,26.454545454545453,21.555555555555557,15.0,True,1.6,6.5,15.0,35.0,47.000000000000014,0.6651814480594377,2,0.07407407407407407,0.09090909090909091,0.4074074074074074,0.4074074074074074,0.4074074074074075,0.37037037037037035,0.37037037037037035,0.37037037037037046,0.1111111111111111,0.12,0.15555555555555559,0.9090909090909091,0.375
all_t20_2018_2026,9c20688d,Shashank Chandrakar,True,2023,False,25,23,2,581.0,407,25.26086956521739,23.24,12.0,True,3.0,6.0,12.0,32.0,63.000000000000014,1.1873284100715298,2,0.08,0.08695652173913043,0.36,0.36,0.36,0.28,0.28,0.27999999999999997,0.2,0.20833333333333334,0.2333333333333333,0.7777777777777778,0.8333333333333334
all_t20_2018_2026,b0081e62,K Lewis,True,2022,False,31,31,0,578.0,444,18.64516129032258,18.64516129032258,10.0,True,0.0,3.5,10.0,22.0,49.0,1.5526611715291985,4,0.12903225806451613,0.12903225806451613,0.2903225806451613,0.2903225806451613,0.29032258064516137,0.22580645161290322,0.22580645161290322,0.22580645161290328,0.0967741935483871,0.0967741935483871,0.09677419354838714,0.7777777777777778,0.42857142857142855
all_t20_2018_2026,f21043a5,MDKJ Perera,True,2026,True,23,21,2,578.0,417,27.523809523809526,25.130434782608695,22.0,True,1.6000000000000005,10.0,22.0,36.0,52.60000000000001,0.4311689753995315,1,0.043478260869565216,0.047619047619047616,0.5652173913043478,0.5652173913043478,0.5652173913043479,0.43478260869565216,0.43478260869565216,0.4347826086956522,0.13043478260869565,0.13636363636363635,0.15217391304347827,0.7692307692307693,0.3333333333333333
all_t20_2018_2026,adf454e9,Rahul Singh,True,2023,False,19,15,4,577.0,377,38.46666666666667,30.36842105263158,27.0,True,9.6,14.5,27.0,40.0,56.8,0.7086041764236226,0,0.0,0.0,0.5789473684210527,0.6111111111111112,0.6111111111111112,0.42105263157894735,0.47058823529411764,0.48888888888888893,0.21052631578947367,0.23529411764705882,0.24444444444444446,0.8,0.5
all_t20_2018_2026,e5437608,GF Linde,True,2026,True,41,34,7,576.0,420,16.941176470588236,14.048780487804878,10.0,True,1.0,5.0,10.0,20.0,30.0,1.6447420376267186,3,0.07317073170731707,0.08823529411764706,0.2926829268292683,0.3076923076923077,0.3185975609756098,0.12195121951219512,0.1388888888888889,0.1946985094850949,0.024390243902439025,0.02857142857142857,0.07787940379403797,0.5555555555555556,0.25
all_t20_2018_2026,0890552f,A Manohar,True,2025,True,28,23,5,574.0,420,24.956521739130434,20.5,13.5,True,1.0,2.0,13.5,36.75,44.6,0.8330799975946844,2,0.07142857142857142,0.08695652173913043,0.39285714285714285,0.4230769230769231,0.4440993788819876,0.2857142857142857,0.3076923076923077,0.32298136645962733,0.07142857142857142,0.08,0.10766045548654248,0.7272727272727273,0.2857142857142857
all_t20_2018_2026,23cca426,OF Smith,True,2026,True,48,32,16,573.0,444,17.90625,11.9375,9.0,True,0.0,1.0,9.0,18.75,27.0,1.019928830894451,9,0.1875,0.28125,0.25,0.32432432432432434,0.4088557225146825,0.08333333333333333,0.12121212121212122,0.24985627487008374,0.0,0.0,0.0,0.5,0.0
all_t20_2018_2026,172dff15,C Bosch,True,2026,True,41,29,12,572.0,499,19.724137931034484,13.951219512195122,8.0,True,1.0,2.0,8.0,21.0,33.0,1.9700679275318251,4,0.0975609756097561,0.13793103448275862,0.3170731707317073,0.3939393939393939,0.45064707331565296,0.17073170731707318,0.21212121212121213,0.24265611640073623,0.04878048780487805,0.06896551724137931,0.20799095691491679,0.5384615384615384,0.6666666666666666
all_t20_2018_2026,8abdf100,CJ Anderson,True,2026,True,43,32,11,572.0,544,17.875,13.30232558139535,6.0,True,0.20000000000000018,2.0,6.0,14.5,36.40000000000001,2.4121388450206425,5,0.11627906976744186,0.15625,0.18604651162790697,0.2222222222222222,0.27840731216457965,0.16279069767441862,0.19444444444444445,0.2436063981440072,0.046511627906976744,0.058823529411764705,0.13050342757714672,0.875,0.4
all_t20_2018_2026,eade4650,DJ Mitchell,True,2025,True,26,22,4,572.0,452,26.0,22.0,19.0,True,4.5,10.25,19.0,28.75,44.0,1.009593794867469,0,0.0,0.0,0.5,0.52,0.5200000000000001,0.2692307692307692,0.30434782608695654,0.33703703703703713,0.11538461538461539,0.13636363636363635,0.19259259259259268,0.6363636363636364,0.5
all_t20_2018_2026,10b58586,AR Easwaran,True,2023,False,20,14,6,569.0,439,40.642857142857146,28.45,25.0,True,0.0,5.0,25.0,38.5,59.2,1.2476008811935546,3,0.15,0.21428571428571427,0.6,0.631578947368421,0.6428571428571429,0.45,0.47368421052631576,0.48214285714285715,0.2,0.25,0.34285714285714286,0.75,0.6666666666666666
all_t20_2018_2026,c6272773,Shivam Chauhan,True,2021,False,19,15,4,567.0,459,37.8,29.842105263157894,33.0,False,4.0,17.0,33.0,44.0,47.599999999999994,-0.2602639644346419,0,0.0,0.0,0.7368421052631579,0.7368421052631579,0.736842105263158,0.5789473684210527,0.6111111111111112,0.6271929824561404,0.10526315789473684,0.125,0.18245614035087726,0.8461538461538461,0.2222222222222222
all_t20_2018_2026,f7ce1f24,Ravi Chauhan,True,2021,False,18,16,2,560.0,491,35.0,31.11111111111111,23.5,True,1.4000000000000004,8.75,23.5,59.25,63.5,0.2653233794319647,2,0.1111111111111111,0.125,0.6111111111111112,0.6111111111111112,0.6111111111111112,0.4444444444444444,0.4444444444444444,0.4444444444444444,0.3333333333333333,0.35294117647058826,0.38888888888888884,0.7272727272727273,0.8571428571428571
all_t20_2018_2026,9c821d2e,RA Herman,True,2025,True,19,17,2,559.0,467,32.88235294117647,29.42105263157895,19.0,True,7.6000000000000005,10.5,19.0,45.0,60.199999999999996,0.6709460228806143,1,0.05263157894736842,0.058823529411764705,0.47368421052631576,0.47368421052631576,0.4736842105263159,0.42105263157894735,0.42105263157894735,0.4210526315789474,0.21052631578947367,0.21052631578947367,0.21052631578947373,0.8888888888888888,0.5
all_t20_2018_2026,d2763568,DR Gibson,True,2026,True,44,35,9,557.0,393,15.914285714285715,12.659090909090908,11.0,True,0.0,1.0,11.0,22.0,29.400000000000006,0.6017653547258599,10,0.22727272727272727,0.2857142857142857,0.2727272727272727,0.32432432432432434,0.400099173553719,0.11363636363636363,0.13513513513513514,0.1667079889807163,0.0,0.0,0.0,0.4166666666666667,0.0
all_t20_2018_2026,4312e0fd,NR Hobson,True,2025,True,34,24,10,554.0,417,23.083333333333332,16.294117647058822,11.0,True,1.6000000000000005,4.25,11.0,24.75,45.099999999999994,1.0164554844875948,0,0.0,0.0,0.29411764705882354,0.35714285714285715,0.3990950226244344,0.14705882352941177,0.19230769230769232,0.25867269984917046,0.0,0.0,0.1034690799396682,0.625,0.0
all_t20_2018_2026,855a210c,AP Tare,True,2022,False,26,20,6,553.0,434,27.65,21.26923076923077,14.0,True,3.0,8.5,14.0,25.75,42.5,1.6243146698366433,2,0.07692307692307693,0.1,0.46153846153846156,0.5454545454545454,0.5857988165680473,0.23076923076923078,0.2857142857142857,0.3347421808960271,0.07692307692307693,0.09523809523809523,0.11158072696534238,0.5454545454545454,0.3333333333333333
all_t20_2018_2026,f05167d2,HJ Armitage,True,2026,True,37,34,3,551.0,521,16.205882352941178,14.891891891891891,11.0,True,1.0,4.0,11.0,23.0,34.8,0.792309323835161,3,0.08108108108108109,0.08823529411764706,0.32432432432432434,0.34285714285714286,0.36147602711070215,0.1891891891891892,0.2,0.21086101581457622,0.0,0.0,0.0,0.5833333333333334,0.0
all_t20_2018_2026,6c6cc94c,Amandeep Khare,True,2023,False,23,17,6,548.0,474,32.23529411764706,23.82608695652174,23.0,True,3.0,13.5,23.0,28.5,43.00000000000001,1.5248232138511135,1,0.043478260869565216,0.058823529411764705,0.6086956521739131,0.6363636363636364,0.6376811594202899,0.2608695652173913,0.2857142857142857,0.3123336291038155,0.08695652173913043,0.1111111111111111,0.2602780242531796,0.46153846153846156,0.6666666666666666
all_t20_2018_2026,0af3426f,SS Mundhe,True,2022,False,17,12,5,547.0,421,45.583333333333336,32.1764705882353,22.0,True,3.6,9.0,22.0,54.0,71.0,0.6937915224758088,1,0.058823529411764705,0.08333333333333333,0.6470588235294118,0.6470588235294118,0.6470588235294117,0.47058823529411764,0.47058823529411764,0.47058823529411753,0.29411764705882354,0.3333333333333333,0.4117647058823528,0.7272727272727273,0.8333333333333334
all_t20_2018_2026,70b8fd28,A Lyth,True,2024,False,32,32,0,541.0,405,16.90625,16.90625,10.0,True,1.0,2.0,10.0,25.25,46.900000000000006,1.4612351171373181,3,0.09375,0.09375,0.3125,0.3125,0.3125,0.21875,0.21875,0.21875,0.09375,0.09375,0.09375,0.7,0.42857142857142855
all_t20_2018_2026,8998a68f,Sumit Kumar,True,2024,False,35,22,13,541.0,423,24.59090909090909,15.457142857142857,13.0,True,0.40000000000000036,3.5,13.0,21.0,37.80000000000001,1.2755342645594347,3,0.08571428571428572,0.13636363636363635,0.3142857142857143,0.4230769230769231,0.47467604283743314,0.14285714285714285,0.21739130434782608,0.31150615311206553,0.02857142857142857,0.045454545454545456,0.12460246124482623,0.625,0.25
all_t20_2018_2026,80ffea17,Upendra Yadav,True,2023,False,24,20,4,537.0,449,26.85,22.375,16.0,True,0.30000000000000027,6.0,16.0,35.25,57.399999999999984,0.925605123198199,3,0.125,0.15,0.4583333333333333,0.4782608695652174,0.48529411764705893,0.3333333333333333,0.36363636363636365,0.3882352941176471,0.125,0.14285714285714285,0.18198529411764713,0.8,0.42857142857142855
all_t20_2018_2026,5056011d,GJ Bailey,True,2019,False,21,16,5,536.0,360,33.5,25.523809523809526,23.0,True,1.0,9.0,23.0,36.0,53.0,0.7395598759309966,2,0.09523809523809523,0.125,0.6190476190476191,0.65,0.6577380952380953,0.3333333333333333,0.4117647058823529,0.4722222222222223,0.14285714285714285,0.17647058823529413,0.20238095238095244,0.7,0.42857142857142855
all_t20_2018_2026,42172c3c,JT Smuts,True,2024,False,23,21,2,534.0,405,25.428571428571427,23.217391304347824,15.0,True,0.20000000000000018,5.0,15.0,30.0,63.00000000000001,0.9311566352396498,3,0.13043478260869565,0.14285714285714285,0.4782608695652174,0.5,0.5150501672240803,0.2608695652173913,0.2857142857142857,0.30903010033444817,0.21739130434782608,0.23809523809523808,0.25752508361204013,0.6,0.8333333333333334
all_t20_2018_2026,0ecb4de6,Rehan Ahmed,True,2026,True,37,33,4,533.0,410,16.151515151515152,14.405405405405405,10.0,True,0.0,1.0,10.0,25.0,34.599999999999994,0.8114905371511413,6,0.16216216216216217,0.18181818181818182,0.32432432432432434,0.35294117647058826,0.36324324324324314,0.16216216216216217,0.17647058823529413,0.1816216216216216,0.0,0.0,0.0,0.5,0.0
all_t20_2018_2026,10f42013,WJ Lubbe,True,2025,True,33,30,3,533.0,453,17.766666666666666,16.151515151515152,12.0,True,0.20000000000000018,3.0,12.0,21.0,37.00000000000001,1.355454263321009,3,0.09090909090909091,0.1,0.30303030303030304,0.3225806451612903,0.3396029258098224,0.12121212121212122,0.13333333333333333,0.15524705179877596,0.09090909090909091,0.1,0.11643528884908197,0.4444444444444444,0.75
all_t20_2018_2026,d2550980,Anand Singh,True,2021,False,17,15,2,530.0,435,35.333333333333336,31.176470588235293,28.0,True,3.4000000000000004,13.0,28.0,45.0,60.60000000000001,0.5603363229327059,1,0.058823529411764705,0.06666666666666667,0.6470588235294118,0.6470588235294118,0.6470588235294118,0.47058823529411764,0.5,0.5294117647058824,0.17647058823529413,0.1875,0.19852941176470593,0.8,0.375
all_t20_2018_2026,29ede60b,AL Davies,True,2024,False,26,23,3,524.0,412,22.782608695652176,20.153846153846153,19.5,True,1.5,4.25,19.5,29.5,38.0,0.3123000650625259,2,0.07692307692307693,0.08695652173913043,0.5,0.52,0.5384615384615384,0.2692307692307692,0.28,0.2899408284023669,0.07692307692307693,0.08333333333333333,0.12426035502958585,0.5384615384615384,0.3333333333333333
all_t20_2018_2026,35828bdd,AN Davidson-Richards,True,2026,True,38,29,9,524.0,497,18.06896551724138,13.789473684210526,10.5,True,1.7000000000000002,2.25,10.5,21.0,30.900000000000013,1.149852120149958,2,0.05263157894736842,0.06896551724137931,0.2631578947368421,0.3225806451612903,0.37996059667886295,0.13157894736842105,0.16666666666666666,0.21372783563186043,0.02631578947368421,0.034482758620689655,0.0854911342527442,0.5555555555555556,0.25
all_t20_2018_2026,7b1f2542,GL Adams,True,2026,True,38,29,9,521.0,457,17.96551724137931,13.710526315789474,7.5,True,0.7000000000000002,2.0,7.5,24.0,37.300000000000004,0.9185570859557927,4,0.10526315789473684,0.13793103448275862,0.3157894736842105,0.35294117647058826,0.37032410707069235,0.15789473684210525,0.1875,0.22443885277011655,0.02631578947368421,0.03333333333333333,0.056109713192529144,0.6,0.25
all_t20_2018_2026,8ee36b18,P Nissanka,True,2026,True,16,16,0,521.0,305,32.5625,32.5625,30.0,True,2.0,10.25,30.0,51.5,64.5,0.31091316166137484,0,0.0,0.0,0.5,0.5,0.5,0.5,0.5,0.5,0.3125,0.3125,0.3125,1.0,0.625
all_t20_2018_2026,3b53243a,XC Bartlett,True,2026,True,47,30,17,516.0,378,17.2,10.97872340425532,5.0,True,0.0,1.0,5.0,18.5,28.0,1.626687878768068,6,0.1276595744680851,0.2,0.19148936170212766,0.24324324324324326,0.31319665711171224,0.0851063829787234,0.12121212121212122,0.2684542775243248,0.02127659574468085,0.03225806451612903,0.1342271387621624,0.8,0.5
all_t20_2018_2026,74bace71,Hiten Dalal,True,2022,False,23,21,2,516.0,363,24.571428571428573,22.434782608695652,18.0,True,0.20000000000000018,3.0,18.0,35.0,53.0,0.9138635232565719,3,0.13043478260869565,0.14285714285714285,0.4782608695652174,0.4782608695652174,0.47826086956521746,0.30434782608695654,0.30434782608695654,0.30434782608695654,0.13043478260869565,0.13043478260869565,0.13043478260869568,0.6363636363636364,0.42857142857142855
all_t20_2018_2026,34819e70,Samarth Vyas,True,2023,False,22,20,2,512.0,352,25.6,23.272727272727273,15.5,True,0.40000000000000036,7.25,15.5,33.0,53.60000000000003,1.534760012154635,3,0.13636363636363635,0.15,0.36363636363636365,0.38095238095238093,0.40909090909090917,0.3181818181818182,0.3333333333333333,0.3579545454545455,0.13636363636363635,0.14285714285714285,0.15340909090909094,0.875,0.42857142857142855
all_t20_2018_2026,abc9f8a4,FG Kemp,True,2026,True,37,32,5,512.0,407,16.0,13.837837837837839,9.0,True,1.0,2.0,9.0,23.0,32.99999999999999,1.7161105025365055,2,0.05405405405405406,0.0625,0.2702702702702703,0.2857142857142857,0.3049203049203049,0.13513513513513514,0.14285714285714285,0.1524601524601525,0.02702702702702703,0.030303030303030304,0.08131208131208134,0.5,0.3333333333333333
all_t20_2018_2026,5708d0b6,AV Wankhade,True,2024,False,20,13,7,504.0,347,38.76923076923077,25.2,22.0,True,4.9,11.5,22.0,35.25,51.50000000000001,0.787340047314793,0,0.0,0.0,0.5,0.5555555555555556,0.5629629629629629,0.3,0.35294117647058826,0.386031746031746,0.15,0.2,0.3216931216931217,0.6666666666666666,0.75
all_t20_2018_2026,64c34cd0,Shoaib Malik,True,2021,False,27,19,8,503.0,457,26.473684210526315,18.62962962962963,9.0,True,1.6,4.0,9.0,28.0,42.800000000000026,1.3549209872926402,2,0.07407407407407407,0.10526315789473684,0.4074074074074074,0.44,0.4607583774250441,0.2222222222222222,0.2727272727272727,0.36651234567901236,0.1111111111111111,0.14285714285714285,0.21990740740740744,0.75,0.6
all_t20_2018_2026,68e26ec9,M Kelly,True,2026,True,46,38,8,501.0,423,13.18421052631579,10.891304347826088,5.0,True,0.0,1.0,5.0,17.0,23.5,2.054811220332564,9,0.1956521739130435,0.23684210526315788,0.21739130434782608,0.24390243902439024,0.285434205973936,0.08695652173913043,0.10256410256410256,0.15984315534540416,0.021739130434782608,0.02564102564102564,0.03996078883635104,0.5,0.25
all_t20_2018_2026,bc67cc22,Bavanaka Sandeep,True,2021,False,19,16,3,500.0,425,31.25,26.31578947368421,21.0,True,7.6,14.5,21.0,36.0,43.79999999999999,0.8897204924251352,1,0.05263157894736842,0.0625,0.5789473684210527,0.5789473684210527,0.5789473684210527,0.42105263157894735,0.42105263157894735,0.42105263157894735,0.10526315789473684,0.1111111111111111,0.12030075187969926,0.7272727272727273,0.2857142857142857
all_t20_2018_2026,bd920a2c,M Wright,True,2025,True,21,18,3,500.0,408,27.77777777777778,23.80952380952381,16.0,True,5.0,8.0,16.0,34.0,63.0,0.9467095156332633,1,0.047619047619047616,0.05555555555555555,0.42857142857142855,0.42857142857142855,0.4285714285714285,0.3333333333333333,0.3684210526315789,0.4285714285714285,0.19047619047619047,0.21052631578947367,0.2448979591836735,1.0,0.5714285714285714
all_t20_2018_2026,7673c908,AC Kerr,True,2026,True,26,21,5,497.0,408,23.666666666666668,19.115384615384617,14.0,True,3.0,6.75,14.0,24.75,43.0,1.37887335366024,2,0.07692307692307693,0.09523809523809523,0.3076923076923077,0.32,0.3269230769230771,0.23076923076923078,0.24,0.24519230769230785,0.07692307692307693,0.08695652173913043,0.1532451923076924,0.75,0.5
all_t20_2018_2026,4b57e452,M Vijay,True,2020,False,15,15,0,496.0,390,33.06666666666667,33.06666666666667,26.0,True,1.8000000000000003,8.5,26.0,44.5,75.8,0.9781279236830587,0,0.0,0.0,0.6,0.6,0.6000000000000001,0.4666666666666667,0.4666666666666667,0.4666666666666668,0.26666666666666666,0.26666666666666666,0.2666666666666668,0.7777777777777778,0.5714285714285714
all_t20_2018_2026,a97c8ec2,PWH de Silva,True,2026,True,47,36,11,493.0,370,13.694444444444445,10.48936170212766,7.0,True,0.6000000000000005,2.5,7.0,12.5,24.799999999999997,1.9244151586352642,5,0.10638297872340426,0.1388888888888889,0.14893617021276595,0.19444444444444445,0.2592347153309225,0.0851063829787234,0.1111111111111111,0.14813412304624146,0.02127659574468085,0.027777777777777776,0.03703353076156037,0.5714285714285714,0.25
all_t20_2018_2026,d4753890,Rongsen Jonathan,True,2023,False,21,20,1,493.0,474,24.65,23.476190476190474,15.0,True,2.0,8.0,15.0,35.0,51.0,0.6645002872142496,1,0.047619047619047616,0.05,0.47619047619047616,0.5,0.5158730158730158,0.38095238095238093,0.4,0.4126984126984126,0.14285714285714285,0.15,0.15476190476190477,0.8,0.375
all_t20_2018_2026,310bddc0,Punit Bisht,True,2021,False,20,17,3,487.0,305,28.647058823529413,24.35,17.5,True,1.0,1.75,17.5,30.5,45.20000000000002,2.5402432254633545,1,0.05,0.058823529411764705,0.45,0.45,0.45,0.25,0.2631578947368421,0.28125,0.1,0.1111111111111111,0.14062500000000003,0.625,0.5
all_t20_2018_2026,88626ed2,AA Jangoo,True,2026,True,23,21,2,486.0,508,23.142857142857142,21.130434782608695,19.0,True,2.0,6.0,19.0,29.5,48.20000000000001,0.6747686322450437,1,0.043478260869565216,0.047619047619047616,0.4782608695652174,0.5,0.5181159420289856,0.2608695652173913,0.2727272727272727,0.28260869565217395,0.13043478260869565,0.13636363636363635,0.141304347826087,0.5454545454545454,0.5
all_t20_2018_2026,4b167ede,AWJ Auguste,True,2026,True,26,23,3,485.0,360,21.08695652173913,18.653846153846153,12.5,True,0.5,4.5,12.5,27.75,42.5,1.3443719093868718,3,0.11538461538461539,0.13043478260869565,0.34615384615384615,0.36,0.3634615384615385,0.19230769230769232,0.20833333333333334,0.22716346153846156,0.11538461538461539,0.13043478260869565,0.18173076923076925,0.625,0.75
all_t20_2018_2026,35eb75af,Chirag Gandhi,True,2023,False,25,17,8,477.0,429,28.058823529411764,19.08,19.0,True,1.0,3.0,19.0,26.0,36.800000000000004,1.1452780278418255,2,0.08,0.11764705882352941,0.48,0.5454545454545454,0.5746968325791856,0.24,0.3,0.3555936651583711,0.08,0.1111111111111111,0.22224604072398196,0.6,0.5
all_t20_2018_2026,bab78fa2,J Da Silva,True,2026,True,21,16,5,475.0,431,29.6875,22.61904761904762,18.0,True,5.0,9.0,18.0,36.0,50.0,0.630582634702202,0,0.0,0.0,0.42857142857142855,0.5,0.5499999999999999,0.2857142857142857,0.3333333333333333,0.36666666666666664,0.14285714285714285,0.17647058823529413,0.24444444444444444,0.6666666666666666,0.6
all_t20_2018_2026,62dad180,KB Pawan,True,2021,False,20,15,5,473.0,418,31.533333333333335,23.65,19.5,True,0.0,8.75,19.5,33.0,54.20000000000002,0.9050644216708421,3,0.15,0.2,0.5,0.5263157894736842,0.55,0.35,0.3684210526315789,0.385,0.15,0.16666666666666666,0.22000000000000003,0.7,0.5
all_t20_2018_2026,bc969efb,A Gardner,True,2026,True,23,21,2,470.0,339,22.38095238095238,20.434782608695652,17.0,True,5.6000000000000005,10.0,17.0,32.5,36.8,0.8609350145051359,1,0.043478260869565216,0.047619047619047616,0.43478260869565216,0.47619047619047616,0.49171842650103514,0.30434782608695654,0.3333333333333333,0.3442028985507246,0.043478260869565216,0.047619047619047616,0.04917184265010353,0.7,0.14285714285714285
all_t20_2018_2026,9de62878,Shadab Khan,True,2026,True,28,23,5,469.0,335,20.391304347826086,16.75,11.0,True,0.7000000000000002,5.5,11.0,26.25,38.2,1.1410259811137824,3,0.10714285714285714,0.13043478260869565,0.35714285714285715,0.4,0.4276018099547514,0.25,0.28,0.29932126696832595,0.07142857142857142,0.08333333333333333,0.10262443438914035,0.7,0.3333333333333333
all_t20_2018_2026,be24ead0,Ramandeep Singh,True,2026,True,41,26,15,468.0,319,18.0,11.414634146341463,9.0,True,1.0,4.0,9.0,17.0,25.0,0.933576430362297,2,0.04878048780487805,0.07692307692307693,0.21951219512195122,0.3,0.3820936308129517,0.07317073170731707,0.11538461538461539,0.25472908720863446,0.0,0.0,0.0,0.6,0.0
all_t20_2018_2026,0ea1455a,HJ Nielsen,True,2025,True,33,25,8,466.0,395,18.64,14.121212121212121,9.0,True,1.0,5.0,9.0,18.0,37.2,1.2176826540502617,2,0.06060606060606061,0.08,0.24242424242424243,0.3076923076923077,0.3993216604823748,0.15151515151515152,0.19230769230769232,0.24957603780148427,0.030303030303030304,0.04,0.09983041512059372,0.625,0.25
all_t20_2018_2026,2ca65aee,SJ Bryce,True,2026,True,31,22,9,465.0,445,21.136363636363637,15.0,11.0,True,1.0,2.5,11.0,22.5,33.0,0.7712666579589456,3,0.0967741935483871,0.13636363636363635,0.41935483870967744,0.48148148148148145,0.5129472140762464,0.16129032258064516,0.2,0.23913623033857645,0.03225806451612903,0.043478260869565216,0.11956811516928824,0.45454545454545453,0.3333333333333333
all_t20_2018_2026,4a461c24,LA Dawson,True,2026,True,48,28,20,465.0,348,16.607142857142858,9.6875,6.0,True,1.0,2.0,6.0,12.5,25.60000000000001,1.6281150256767274,1,0.020833333333333332,0.03571428571428571,0.16666666666666666,0.24242424242424243,0.3352127311070616,0.0625,0.1,0.23943766507647263,0.0,0.0,0.15962511005098176,0.6,0.0
all_t20_2018_2026,9a2d95ac,Aditya Kaushik,True,2022,False,16,15,1,464.0,416,30.933333333333334,29.0,20.5,True,7.5,9.0,20.5,42.75,61.0,0.7921703363667378,0,0.0,0.0,0.5,0.5,0.5,0.4375,0.4375,0.4375,0.1875,0.1875,0.1875,0.875,0.42857142857142855
all_t20_2018_2026,58c2fac4,A Athanaze,True,2026,True,23,20,3,461.0,426,23.05,20.043478260869566,16.0,True,1.2000000000000002,6.5,16.0,28.5,42.60000000000001,1.2730217268069797,2,0.08695652173913043,0.1,0.391304347826087,0.4090909090909091,0.4239130434782609,0.2608695652173913,0.2857142857142857,0.31793478260869573,0.08695652173913043,0.1,0.14130434782608703,0.75,0.4
all_t20_2018_2026,85e6ccde,Babul Kumar,True,2022,False,22,19,3,461.0,403,24.263157894736842,20.954545454545453,14.0,True,0.10000000000000009,3.75,14.0,31.75,40.60000000000001,1.3491489538021395,3,0.13636363636363635,0.15789473684210525,0.4090909090909091,0.42857142857142855,0.4405594405594405,0.3181818181818182,0.3333333333333333,0.3426573426573426,0.09090909090909091,0.10526315789473684,0.15229215229215232,0.7777777777777778,0.4
all_t20_2018_2026,647a48da,AJ Pienaar,True,2026,True,30,12,18,453.0,318,37.75,15.1,10.0,True,2.0,6.25,10.0,21.75,31.200000000000003,1.1375162394969969,0,0.0,0.0,0.26666666666666666,0.4444444444444444,0.5599020544672719,0.16666666666666666,0.3125,0.46658504538939327,0.03333333333333333,0.08333333333333333,0.46658504538939327,0.8333333333333334,1.0
all_t20_2018_2026,f3a18a0c,NR Sciver,True,2022,False,13,10,3,448.0,347,44.8,34.46153846153846,32.0,True,13.8,19.0,32.0,44.0,58.0,0.3772920382939485,0,0.0,0.0,0.6923076923076923,0.6923076923076923,0.6923076923076923,0.6153846153846154,0.6153846153846154,0.6153846153846153,0.23076923076923078,0.25,0.2884615384615385,0.8888888888888888,0.42857142857142855
all_t20_2018_2026,156d0ea2,SR Mukkamalla,True,2026,True,20,20,0,446.0,350,22.3,22.3,21.0,True,1.0,4.75,21.0,36.25,38.90000000000001,0.9437173536635209,1,0.05,0.05,0.5,0.5,0.49999999999999994,0.45,0.45,0.44999999999999996,0.05,0.05,0.04999999999999999,0.9,0.1111111111111111
all_t20_2018_2026,6b2ff18f,SB Dubey,True,2026,True,27,18,9,444.0,313,24.666666666666668,16.444444444444443,15.0,True,4.2,6.0,15.0,24.5,32.2,0.5168530003782511,1,0.037037037037037035,0.05555555555555555,0.3333333333333333,0.391304347826087,0.43119099491648527,0.14814814814814814,0.19047619047619047,0.28746066327765685,0.0,0.0,0.14373033163882842,0.5714285714285714,0.0
all_t20_2018_2026,86a98b15,Shubham Pundir,True,2023,False,19,12,7,443.0,393,36.916666666666664,23.31578947368421,18.0,True,6.8,12.0,18.0,29.0,48.599999999999994,1.0799807889332202,0,0.0,0.0,0.47368421052631576,0.5294117647058824,0.5741626794258374,0.2631578947368421,0.35714285714285715,0.5103668261562999,0.10526315789473684,0.16666666666666666,0.38277511961722493,0.8333333333333334,0.6666666666666666
all_t20_2018_2026,003d49e6,JJ Bazley,True,2024,False,41,30,11,442.0,341,14.733333333333333,10.78048780487805,7.0,True,1.0,3.0,7.0,14.0,29.0,1.7031059460302231,2,0.04878048780487805,0.06666666666666667,0.17073170731707318,0.21212121212121213,0.2906750305278559,0.0975609756097561,0.12121212121212122,0.16610001744448913,0.0,0.0,0.12457501308336685,0.5714285714285714,0.0
all_t20_2018_2026,72166006,GM Harris,True,2026,True,23,20,3,441.0,275,22.05,19.17391304347826,7.0,True,0.20000000000000018,1.5,7.0,26.0,50.8,1.6206435382245001,3,0.13043478260869565,0.15,0.2608695652173913,0.2727272727272727,0.2771739130434783,0.2608695652173913,0.2727272727272727,0.2771739130434783,0.17391304347826086,0.18181818181818182,0.18478260869565222,1.0,0.6666666666666666
all_t20_2018_2026,b2b4f545,A Mhatre,True,2026,True,13,13,0,441.0,240,33.92307692307692,33.92307692307692,32.0,True,0.20000000000000018,7.0,32.0,43.0,70.20000000000002,0.5749746165402152,2,0.15384615384615385,0.15384615384615385,0.6923076923076923,0.6923076923076923,0.6923076923076923,0.6923076923076923,0.6923076923076923,0.6923076923076923,0.23076923076923078,0.23076923076923078,0.23076923076923078,1.0,0.3333333333333333
all_t20_2018_2026,f10e94c4,AD Nath,True,2022,False,24,20,4,441.0,418,22.05,18.375,14.0,True,3.0,6.75,14.0,25.75,34.5,1.4953455738665868,1,0.041666666666666664,0.05,0.3333333333333333,0.34782608695652173,0.3529411764705883,0.20833333333333334,0.22727272727272727,0.26470588235294124,0.041666666666666664,0.05,0.08823529411764709,0.7142857142857143,0.3333333333333333
all_t20_2018_2026,cf494ffe,PR Stirling,True,2023,False,22,21,1,439.0,346,20.904761904761905,19.954545454545453,14.5,True,0.0,1.25,14.5,28.5,54.900000000000006,1.0347977052160855,4,0.18181818181818182,0.19047619047619047,0.4090909090909091,0.4090909090909091,0.40909090909090906,0.2727272727272727,0.2727272727272727,0.27272727272727276,0.18181818181818182,0.18181818181818182,0.18181818181818188,0.6666666666666666,0.6666666666666666
all_t20_2018_2026,9f77963a,Gulbadin Naib,True,2025,True,17,14,3,438.0,301,31.285714285714285,25.764705882352942,15.0,True,2.0,6.0,15.0,47.0,68.4,0.9718421987219312,1,0.058823529411764705,0.07142857142857142,0.35294117647058826,0.375,0.3823529411764706,0.29411764705882354,0.3125,0.3186274509803922,0.23529411764705882,0.25,0.25490196078431376,0.8333333333333334,0.8
all_t20_2018_2026,ef9acbcc,C Esterhuizen,True,2026,True,26,23,3,436.0,390,18.956521739130434,16.76923076923077,11.5,True,0.0,4.0,11.5,22.0,38.0,1.4108923924574865,4,0.15384615384615385,0.17391304347826086,0.34615384615384615,0.391304347826087,0.43856595892794986,0.19230769230769232,0.21739130434782608,0.24364775495997212,0.07692307692307693,0.08695652173913043,0.09745910198398886,0.5555555555555556,0.4
all_t20_2018_2026,0edcb652,Subhransu Senapati,True,2024,False,16,15,1,434.0,335,28.933333333333334,27.125,25.5,True,2.0,15.25,25.5,39.75,47.5,0.16751962498755754,0,0.0,0.0,0.6875,0.6875,0.6875,0.4375,0.4375,0.4375,0.125,0.13333333333333333,0.1875,0.6363636363636364,0.3333333333333333
all_t20_2018_2026,a2421394,AC Agar,True,2025,True,46,34,12,433.0,393,12.735294117647058,9.41304347826087,5.0,True,0.5,2.0,5.0,13.5,23.5,1.8472161505646285,5,0.10869565217391304,0.14705882352941177,0.15217391304347827,0.1891891891891892,0.24718454474164855,0.06521739130434782,0.08333333333333333,0.12712348015284786,0.021739130434782608,0.02857142857142857,0.06356174007642393,0.5,0.5
all_t20_2018_2026,0164b064,MG Neser,True,2025,True,44,33,11,429.0,316,13.0,9.75,4.5,True,0.0,1.0,4.5,12.0,29.200000000000017,2.1914108237188548,7,0.1590909090909091,0.21212121212121213,0.13636363636363635,0.16666666666666666,0.19205209994683675,0.11363636363636363,0.1388888888888889,0.16004341662236396,0.022727272727272728,0.029411764705882353,0.09602604997341838,0.8333333333333334,0.3333333333333333
all_t20_2018_2026,7a5f232a,JA Burns,True,2023,False,29,23,6,429.0,404,18.652173913043477,14.793103448275861,14.0,True,1.8000000000000003,3.0,14.0,22.0,32.199999999999996,0.9519622532162958,1,0.034482758620689655,0.043478260869565216,0.3793103448275862,0.4230769230769231,0.4781609195402299,0.13793103448275862,0.16666666666666666,0.2347335423197492,0.034482758620689655,0.043478260869565216,0.07824451410658308,0.4444444444444444,0.3333333333333333
all_t20_2018_2026,95a5e066,MG Erasmus,True,2025,True,25,21,4,428.0,388,20.38095238095238,17.12,12.0,True,2.4000000000000004,4.0,12.0,24.0,43.000000000000014,1.0308570824124856,0,0.0,0.0,0.32,0.36363636363636365,0.4007142857142857,0.2,0.22727272727272727,0.25044642857142857,0.08,0.09090909090909091,0.10017857142857144,0.625,0.4
all_t20_2018_2026,2b150c6b,SL Kalis,True,2026,True,22,16,6,427.0,379,26.6875,19.40909090909091,16.0,True,2.0,4.75,16.0,27.0,46.7,0.7312968248246475,2,0.09090909090909091,0.125,0.36363636363636365,0.42105263157894735,0.4475524475524475,0.22727272727272727,0.2777777777777778,0.32634032634032634,0.045454545454545456,0.0625,0.16317016317016317,0.7142857142857143,0.3333333333333333
all_t20_2018_2026,2cd4271e,Jatin Wadhwan,True,2021,False,11,11,0,427.0,323,38.81818181818182,38.81818181818182,45.0,False,14.0,19.0,45.0,58.0,62.0,-0.29296299359646405,0,0.0,0.0,0.7272727272727273,0.7272727272727273,0.7272727272727273,0.6363636363636364,0.6363636363636364,0.6363636363636364,0.36363636363636365,0.36363636363636365,0.36363636363636376,0.875,0.5714285714285714
all_t20_2018_2026,9889da93,Samarth Singh,True,2019,False,15,15,0,422.0,354,28.133333333333333,28.133333333333333,15.0,True,1.4000000000000001,6.5,15.0,37.5,73.0,1.0496549314223835,1,0.06666666666666667,0.06666666666666667,0.4666666666666667,0.4666666666666667,0.4666666666666668,0.3333333333333333,0.3333333333333333,0.3333333333333335,0.2,0.2,0.20000000000000007,0.7142857142857143,0.6
all_t20_2018_2026,961b8ff1,TP Alsop,True,2026,True,17,12,5,420.0,322,35.0,24.705882352941178,17.0,True,3.8000000000000003,10.0,17.0,39.0,45.6,1.211967161348592,0,0.0,0.0,0.47058823529411764,0.5333333333333333,0.55,0.4117647058823529,0.4666666666666667,0.48125000000000007,0.11764705882352941,0.15384615384615385,0.2750000000000001,0.875,0.4
all_t20_2018_2026,e53af640,Shivam Chaudhary,True,2023,False,16,14,2,420.0,341,30.0,26.25,12.5,True,3.0,5.5,12.5,42.0,63.0,0.9154368999845519,1,0.0625,0.07142857142857142,0.4375,0.4375,0.4375,0.375,0.375,0.375,0.1875,0.1875,0.1875,0.8571428571428571,0.5
all_t20_2018_2026,7daedf2f,KB Arun Karthik,True,2022,False,20,17,3,418.0,332,24.58823529411765,20.9,15.0,True,0.0,1.0,15.0,28.5,61.30000000000002,1.418187692840296,4,0.2,0.23529411764705882,0.35,0.3684210526315789,0.39375,0.25,0.2777777777777778,0.3375,0.15,0.16666666666666666,0.2025,0.8333333333333334,0.6
all_t20_2018_2026,18fac429,SR Patel,True,2025,True,29,18,11,417.0,305,23.166666666666668,14.379310344827585,13.0,True,1.0,5.0,13.0,20.0,34.2,0.9743443391975248,1,0.034482758620689655,0.05555555555555555,0.27586206896551724,0.38095238095238093,0.4192377495462795,0.1724137931034483,0.25,0.3144283121597097,0.0,0.0,0.0943284936479129,0.7142857142857143,0.0
all_t20_2018_2026,9eb1455b,NT Ellis,True,2026,True,61,38,23,417.0,354,10.973684210526315,6.836065573770492,4.0,True,0.0,1.0,4.0,9.0,18.0,1.9567631810278898,12,0.19672131147540983,0.3157894736842105,0.09836065573770492,0.15384615384615385,0.25780298702078563,0.03278688524590164,0.05263157894736842,0.1074179112586607,0.0,0.0,0.0,0.4,0.0
all_t20_2018_2026,26e5cabf,MK Tiwary,True,2020,False,23,21,2,416.0,371,19.80952380952381,18.08695652173913,12.0,True,2.2,5.0,12.0,34.0,41.8,0.5018737998908502,1,0.043478260869565216,0.047619047619047616,0.391304347826087,0.4090909090909091,0.41432225063938616,0.34782608695652173,0.36363636363636365,0.3682864450127877,0.0,0.0,0.0,0.8888888888888888,0.0
all_t20_2018_2026,b720a5d6,DB Ravi Teja,True,2021,False,18,12,6,415.0,404,34.583333333333336,23.055555555555557,20.5,True,4.7,7.25,20.5,34.0,51.6,0.6489108864258138,1,0.05555555555555555,0.08333333333333333,0.5555555555555556,0.625,0.6394675925925924,0.3333333333333333,0.375,0.3836805555555555,0.16666666666666666,0.21428571428571427,0.30694444444444446,0.6,0.75
all_t20_2018_2026,2f26ac1a,Mohammad Rizwan,True,2025,True,16,14,2,414.0,360,29.571428571428573,25.875,21.0,True,3.5,9.0,21.0,33.75,50.5,1.2551797024159823,0,0.0,0.0,0.5625,0.6,0.6136363636363636,0.375,0.4,0.4090909090909091,0.125,0.13333333333333333,0.1363636363636364,0.6666666666666666,0.3333333333333333
all_t20_2018_2026,98ae73b1,PP Chawla,True,2025,True,42,27,15,414.0,333,15.333333333333334,9.857142857142858,5.0,True,0.0,1.25,5.0,13.75,24.599999999999994,1.2613632858015562,8,0.19047619047619047,0.2962962962962963,0.21428571428571427,0.3,0.3885072377338032,0.07142857142857142,0.10714285714285714,0.20144819734345354,0.0,0.0,0.06714939911448452,0.42857142857142855,0.0
all_t20_2018_2026,f422728b,H Kerr,True,2025,True,31,22,9,413.0,332,18.772727272727273,13.32258064516129,6.0,True,1.0,2.0,6.0,17.0,27.0,3.0818233123214824,2,0.06451612903225806,0.09090909090909091,0.22580645161290322,0.2916666666666667,0.3949327412824866,0.0967741935483871,0.13043478260869565,0.22567585216142097,0.03225806451612903,0.043478260869565216,0.075225284053807,0.5,0.3333333333333333
all_t20_2018_2026,52cb36a0,Manisankar Murasingh,True,2023,False,22,17,5,411.0,293,24.176470588235293,18.681818181818183,16.5,True,3.0,6.0,16.5,25.5,33.900000000000006,1.1399021853617186,2,0.09090909090909091,0.11764705882352941,0.4090909090909091,0.45,0.4772727272727272,0.18181818181818182,0.21052631578947367,0.24747474747474746,0.09090909090909091,0.1111111111111111,0.1856060606060606,0.5,0.6666666666666666
all_t20_2018_2026,d346d939,RA Whiteley,True,2025,True,30,21,9,411.0,320,19.571428571428573,13.7,8.5,True,0.0,2.0,8.5,20.25,35.400000000000006,1.1167450810132489,4,0.13333333333333333,0.19047619047619047,0.26666666666666666,0.3333333333333333,0.3642701525054466,0.16666666666666666,0.21739130434782608,0.27320261437908494,0.03333333333333333,0.047619047619047616,0.16392156862745097,0.7142857142857143,0.3333333333333333
all_t20_2018_2026,0ebb3444,L Scott,True,2025,True,18,11,7,410.0,300,37.27272727272727,22.77777777777778,11.0,True,1.7000000000000002,6.25,11.0,31.0,55.80000000000001,1.3759379868474517,1,0.05555555555555555,0.09090909090909091,0.3333333333333333,0.46153846153846156,0.5416666666666666,0.2777777777777778,0.38461538461538464,0.4513888888888889,0.16666666666666666,0.25,0.36111111111111116,0.8333333333333334,0.75
all_t20_2018_2026,6ceb94d0,T Kelly,True,2023,False,27,20,7,409.0,346,20.45,15.148148148148149,13.0,True,1.0,4.0,13.0,25.0,33.800000000000026,0.7033729091308288,2,0.07407407407407407,0.1,0.2962962962962963,0.38095238095238093,0.42020202020202013,0.1111111111111111,0.15,0.1800865800865801,0.0,0.0,0.0,0.42857142857142855,0.0
all_t20_2018_2026,c2294408,Pallav Kumar Das,True,2023,False,23,22,1,409.0,296,18.59090909090909,17.782608695652176,17.0,True,0.0,4.0,17.0,26.0,41.800000000000004,0.42989374395594604,5,0.21739130434782608,0.22727272727272727,0.43478260869565216,0.43478260869565216,0.43478260869565233,0.2608695652173913,0.2608695652173913,0.26086956521739135,0.0,0.0,0.0,0.6,0.0
all_t20_2018_2026,ccae927b,Azim Kazi,True,2021,False,21,11,10,408.0,332,37.09090909090909,19.428571428571427,15.0,True,2.0,3.0,15.0,31.0,44.0,1.0837854515753016,1,0.047619047619047616,0.09090909090909091,0.38095238095238093,0.47058823529411764,0.5088435374149659,0.2857142857142857,0.375,0.44523809523809516,0.047619047619047616,0.08333333333333333,0.2968253968253968,0.8571428571428571,0.5
all_t20_2018_2026,faa7365d,DR Shorey,True,2021,False,19,15,4,406.0,358,27.066666666666666,21.36842105263158,13.0,True,2.4000000000000004,4.5,13.0,32.0,53.99999999999999,0.9393693172326766,2,0.10526315789473684,0.13333333333333333,0.47368421052631576,0.5,0.5032894736842105,0.3157894736842105,0.35294117647058826,0.38345864661654133,0.15789473684210525,0.17647058823529413,0.19172932330827067,0.75,0.5
all_t20_2018_2026,37fec668,Damodaran Rohit,True,2022,False,25,25,0,405.0,408,16.2,16.2,12.0,True,1.200000000000001,6.0,12.0,18.0,38.2,1.3273526325677598,3,0.12,0.12,0.24,0.24,0.23999999999999994,0.16,0.16,0.15999999999999998,0.08,0.08,0.08,0.6666666666666666,0.5
all_t20_2018_2026,983f2f61,Swapnil Singh,True,2024,False,27,19,8,405.0,326,21.31578947368421,15.0,12.0,True,1.0,6.0,12.0,17.0,36.0,1.2526071524977527,2,0.07407407407407407,0.10526315789473684,0.18518518518518517,0.23809523809523808,0.2887700534759359,0.14814814814814814,0.2,0.2887700534759359,0.037037037037037035,0.05263157894736842,0.10828877005347595,1.0,0.3333333333333333
all_t20_2018_2026,bfa0fa33,D Perrin,True,2026,True,21,20,1,404.0,338,20.2,19.238095238095237,10.0,True,2.0,4.0,10.0,18.0,52.0,2.093089183068666,1,0.047619047619047616,0.05,0.23809523809523808,0.23809523809523808,0.23809523809523814,0.14285714285714285,0.14285714285714285,0.1428571428571429,0.14285714285714285,0.14285714285714285,0.1428571428571429,0.6,1.0
all_t20_2018_2026,d1988788,Rohan Mustafa,True,2024,False,30,24,6,403.0,335,16.791666666666668,13.433333333333334,8.0,True,1.0,2.0,8.0,22.25,31.0,1.154999377780056,1,0.03333333333333333,0.041666666666666664,0.3,0.375,0.40982142857142856,0.13333333333333333,0.16666666666666666,0.18214285714285716,0.03333333333333333,0.041666666666666664,0.04553571428571429,0.4444444444444444,0.25
all_t20_2018_2026,8f6dd463,Azmatullah Omarzai,True,2026,True,25,22,3,402.0,290,18.272727272727273,16.08,14.0,True,1.0,6.0,14.0,20.0,38.6,0.736267773934173,0,0.0,0.0,0.32,0.3333333333333333,0.33684210526315783,0.16,0.17391304347826086,0.2021052631578947,0.0,0.0,0.0,0.5714285714285714,0.0
all_t20_2018_2026,26a85969,R Dhawan,True,2023,False,28,18,10,400.0,316,22.22222222222222,14.285714285714286,6.0,True,1.0,1.0,6.0,22.5,35.900000000000006,1.2039182750420192,2,0.07142857142857142,0.1111111111111111,0.35714285714285715,0.4166666666666667,0.4624720982142857,0.14285714285714285,0.19047619047619047,0.2740575396825397,0.03571428571428571,0.05263157894736842,0.13702876984126985,0.5714285714285714,0.5
all_t20_2018_2026,568473e4,MW Tromp,True,2026,True,16,15,1,400.0,286,26.666666666666668,25.0,19.0,True,5.0,10.75,19.0,41.75,49.5,0.3760515408734274,1,0.0625,0.06666666666666667,0.5,0.5,0.5,0.375,0.375,0.375,0.125,0.125,0.125,0.75,0.3333333333333333
all_t20_2018_2026,99812d10,H Graham,True,2026,True,31,20,11,399.0,327,19.95,12.870967741935484,8.0,True,1.0,3.0,8.0,21.5,27.0,0.8190774378826481,2,0.06451612903225806,0.1,0.2903225806451613,0.36,0.4409238404275626,0.0967741935483871,0.13043478260869565,0.22396131577273026,0.0,0.0,0.22396131577273026,0.42857142857142855,
all_t20_2018_2026,9e62632a,Karanveer Kaushal,True,2020,False,16,15,1,397.0,320,26.466666666666665,24.8125,23.5,True,1.0,10.75,23.5,35.75,57.0,0.5121829692632929,0,0.0,0.0,0.5625,0.5625,0.5625,0.3125,0.3125,0.3125,0.1875,0.1875,0.1875,0.5555555555555556,0.6
all_t20_2018_2026,cf9d3356,Chetan Bist,True,2022,False,15,9,6,396.0,346,44.0,26.4,28.0,False,4.4,11.5,28.0,39.5,47.599999999999994,0.16491740895266285,1,0.06666666666666667,0.1111111111111111,0.6,0.6923076923076923,0.7272727272727273,0.4666666666666667,0.5833333333333334,0.6363636363636364,0.13333333333333333,0.2,0.2651515151515152,0.875,0.4
all_t20_2018_2026,f1c61793,JD Wildermuth,True,2025,True,31,28,3,395.0,297,14.107142857142858,12.741935483870968,5.0,True,0.0,1.0,5.0,18.5,31.0,3.2026372293329253,4,0.12903225806451613,0.14285714285714285,0.25806451612903225,0.26666666666666666,0.2741935483870968,0.12903225806451613,0.13793103448275862,0.15668202764976963,0.03225806451612903,0.034482758620689655,0.03917050691244241,0.5714285714285714,0.25
all_t20_2018_2026,c5cc48bc,MJJ Critchley,True,2024,False,24,17,7,394.0,322,23.176470588235293,16.416666666666668,10.0,True,0.6000000000000005,3.0,10.0,30.5,34.4,0.6943781555447823,3,0.125,0.17647058823529413,0.4583333333333333,0.5,0.5226608187134502,0.2916666666666667,0.3181818181818182,0.33260233918128645,0.041666666666666664,0.05555555555555555,0.11086744639376217,0.6363636363636364,0.3333333333333333
all_t20_2018_2026,e4bfcaad,Shivam Bhambri,True,2024,False,13,12,1,394.0,300,32.833333333333336,30.307692307692307,27.0,True,7.200000000000001,14.0,27.0,41.0,60.800000000000004,0.6713848109550329,0,0.0,0.0,0.5384615384615384,0.5384615384615384,0.5384615384615385,0.38461538461538464,0.38461538461538464,0.3846153846153847,0.23076923076923078,0.25,0.28846153846153855,0.7142857142857143,0.75
all_t20_2018_2026,9c643d7b,JM Coles,True,2026,True,23,17,6,393.0,276,23.11764705882353,17.08695652173913,10.0,True,1.2000000000000002,4.0,10.0,27.0,42.000000000000014,1.0799988916117913,1,0.043478260869565216,0.058823529411764705,0.34782608695652173,0.38095238095238093,0.41106719367588934,0.17391304347826086,0.2,0.23489553924336537,0.043478260869565216,0.058823529411764705,0.23489553924336537,0.5714285714285714,1.0
all_t20_2018_2026,2fcb040c,Rajat Paliwal,True,2021,False,19,13,6,392.0,337,30.153846153846153,20.63157894736842,21.0,False,5.8,7.5,21.0,27.0,33.999999999999986,0.7657303427211626,0,0.0,0.0,0.5789473684210527,0.6875,0.7041676589664206,0.21052631578947367,0.25,0.25606096689688024,0.05263157894736842,0.07142857142857142,0.19204572517266016,0.36363636363636365,0.5
all_t20_2018_2026,5574750c,JC Archer,True,2026,True,58,36,22,392.0,285,10.88888888888889,6.758620689655173,3.0,True,0.7000000000000002,1.0,3.0,8.0,18.400000000000034,1.642726640378596,6,0.10344827586206896,0.16666666666666666,0.10344827586206896,0.15384615384615385,0.26309674930306653,0.034482758620689655,0.05555555555555555,0.21924729108588878,0.0,0.0,0.0,0.6666666666666666,0.0
all_t20_2018_2026,d4f9dbd4,CA Pujara,True,2022,False,10,7,3,391.0,298,55.857142857142854,39.1,38.5,True,10.9,12.5,38.5,53.25,71.19999999999999,0.7838297407086932,0,0.0,0.0,0.6,0.6,0.6,0.6,0.6,0.6,0.3,0.375,0.5,1.0,0.75
all_t20_2018_2026,588360ee,PJ Scholfield,True,2026,True,28,22,6,390.0,303,17.727272727272727,13.928571428571429,9.5,True,0.0,4.5,9.5,22.0,27.200000000000003,1.9493219361475818,5,0.17857142857142858,0.22727272727272727,0.2857142857142857,0.32,0.3663003663003663,0.10714285714285714,0.13043478260869565,0.20032051282051283,0.03571428571428571,0.045454545454545456,0.13354700854700857,0.5,0.5
all_t20_2018_2026,4ae89f36,Mohammed Azharuddeen,True,2022,False,22,22,0,388.0,309,17.636363636363637,17.636363636363637,14.0,True,1.0,6.5,14.0,24.75,34.7,1.0963449557695395,2,0.09090909090909091,0.09090909090909091,0.36363636363636365,0.36363636363636365,0.36363636363636354,0.22727272727272727,0.22727272727272727,0.22727272727272727,0.045454545454545456,0.045454545454545456,0.045454545454545456,0.625,0.2
all_t20_2018_2026,74d12124,JP Greaves,True,2026,True,18,16,2,387.0,339,24.1875,21.5,16.0,True,0.7000000000000002,7.0,16.0,34.5,49.30000000000001,0.7448871010834518,2,0.1111111111111111,0.125,0.3888888888888889,0.3888888888888889,0.38888888888888884,0.3333333333333333,0.35294117647058826,0.38888888888888884,0.1111111111111111,0.11764705882352941,0.12962962962962962,1.0,0.3333333333333333
all_t20_2018_2026,46e4a4e0,M Van Buuren,True,2024,False,23,17,6,384.0,356,22.58823529411765,16.695652173913043,11.0,True,1.0,5.0,11.0,25.0,40.0,1.5834719768556766,2,0.08695652173913043,0.11764705882352941,0.30434782608695654,0.3684210526315789,0.4292084726867335,0.17391304347826086,0.21052631578947367,0.2452619843924192,0.043478260869565216,0.05555555555555555,0.08175399479747307,0.5714285714285714,0.3333333333333333
all_t20_2018_2026,b61a3e1a,LRPL Taylor,True,2020,False,19,11,8,384.0,364,34.90909090909091,20.210526315789473,21.0,False,2.6,7.0,21.0,28.0,36.59999999999999,0.8204830962074772,0,0.0,0.0,0.5263157894736842,0.6666666666666666,0.7204678362573099,0.2631578947368421,0.38461538461538464,0.4940350877192982,0.10526315789473684,0.15384615384615385,0.1976140350877193,0.625,0.4
all_t20_2018_2026,f13d3eba,KE Bryce,True,2026,True,30,20,10,383.0,352,19.15,12.766666666666667,6.0,True,0.0,2.5,6.0,14.5,32.0,1.6102226021343387,4,0.13333333333333333,0.2,0.23333333333333334,0.3333333333333333,0.42796384901648066,0.16666666666666666,0.23809523809523808,0.3056884635832005,0.03333333333333333,0.047619047619047616,0.0611376927166401,0.7142857142857143,0.2
all_t20_2018_2026,86e0f3f0,WL Madsen,True,2025,True,22,17,5,381.0,311,22.41176470588235,17.318181818181817,10.0,True,3.1,4.25,10.0,26.5,43.0,0.8795511851432456,2,0.09090909090909091,0.11764705882352941,0.36363636363636365,0.4,0.4383116883116883,0.22727272727272727,0.25,0.27394480519480524,0.045454545454545456,0.05555555555555555,0.16436688311688316,0.625,0.3333333333333333
all_t20_2018_2026,ef39fc7f,T Webster,True,2022,False,22,19,3,380.0,359,20.0,17.272727272727273,10.0,True,1.2000000000000002,5.0,10.0,19.75,43.7,1.377737888967115,2,0.09090909090909091,0.10526315789473684,0.2727272727272727,0.2727272727272727,0.2727272727272727,0.18181818181818182,0.18181818181818182,0.18181818181818182,0.09090909090909091,0.1,0.18181818181818182,0.6666666666666666,1.0
all_t20_2018_2026,1957c6b7,LWP Wells,True,2025,True,24,21,3,379.0,265,18.047619047619047,15.791666666666666,11.5,True,0.6000000000000005,6.75,11.5,23.25,31.0,1.365366411436986,3,0.125,0.14285714285714285,0.2916666666666667,0.3181818181818182,0.3240740740740741,0.16666666666666666,0.18181818181818182,0.18518518518518523,0.08333333333333333,0.09523809523809523,0.13888888888888892,0.5714285714285714,0.6666666666666666
all_t20_2018_2026,89bbc67a,SW Bates,True,2024,False,16,15,1,379.0,339,25.266666666666666,23.6875,16.0,True,5.5,6.75,16.0,33.5,50.5,1.2238879372871052,0,0.0,0.0,0.4375,0.4375,0.4375,0.3125,0.3125,0.3125,0.125,0.125,0.125,0.7142857142857143,0.4
all_t20_2018_2026,0475a86b,JL Jonassen,True,2026,True,24,17,7,377.0,288,22.176470588235293,15.708333333333334,12.5,True,1.0,6.75,12.5,21.5,31.099999999999998,1.1828578113478132,2,0.08333333333333333,0.11764705882352941,0.2916666666666667,0.3888888888888889,0.44861111111111096,0.125,0.16666666666666666,0.1922619047619047,0.041666666666666664,0.058823529411764705,0.09613095238095234,0.42857142857142855,0.5
all_t20_2018_2026,1a2676c5,SA Abbott,True,2025,True,47,33,14,377.0,330,11.424242424242424,8.02127659574468,5.0,True,0.6000000000000005,1.0,5.0,9.5,20.199999999999996,1.9898242965635526,3,0.06382978723404255,0.09090909090909091,0.10638297872340426,0.14285714285714285,0.21321674911901078,0.06382978723404255,0.08823529411764706,0.17057339929520865,0.0,0.0,0.0,0.75,0.0
all_t20_2018_2026,60500956,RV Patel,True,2023,False,24,18,6,375.0,271,20.833333333333332,15.625,15.0,True,3.0,5.0,15.0,24.5,31.099999999999998,0.4965336318982993,1,0.041666666666666664,0.05555555555555555,0.3333333333333333,0.42105263157894735,0.4662443438914027,0.125,0.15789473684210525,0.17484162895927602,0.0,0.0,0.05828054298642535,0.375,0.0
all_t20_2018_2026,3b30b8c4,Amit Verma,True,2020,False,16,15,1,372.0,259,24.8,23.25,22.5,True,0.0,2.0,22.5,27.0,42.0,2.1031665526592036,3,0.1875,0.2,0.5625,0.5625,0.5625,0.1875,0.1875,0.1875,0.0625,0.0625,0.0625,0.3333333333333333,0.3333333333333333
all_t20_2018_2026,90de905a,K Gowtham,True,2023,False,39,26,13,371.0,238,14.26923076923077,9.512820512820513,8.0,True,1.0,2.0,8.0,13.5,22.200000000000003,0.9806812777839606,2,0.05128205128205128,0.07692307692307693,0.15384615384615385,0.20689655172413793,0.32079387134957754,0.05128205128205128,0.07142857142857142,0.13366411306232398,0.0,0.0,0.13366411306232398,0.4,
all_t20_2018_2026,1abb78f8,SN Thakur,True,2026,True,45,31,14,370.0,300,11.935483870967742,8.222222222222221,5.0,True,0.0,1.0,5.0,10.0,17.0,3.4207996698906564,7,0.15555555555555556,0.22580645161290322,0.08888888888888889,0.125,0.1986512138429753,0.022222222222222223,0.03225806451612903,0.09932560692148766,0.022222222222222223,0.03225806451612903,0.09932560692148766,0.3333333333333333,1.0
all_t20_2018_2026,e94bc520,OJ Pope,True,2026,True,26,21,5,369.0,315,17.571428571428573,14.192307692307692,8.5,True,0.5,2.5,8.5,17.75,36.5,1.4039389403654523,3,0.11538461538461539,0.14285714285714285,0.23076923076923078,0.2727272727272727,0.31354404109822076,0.19230769230769232,0.22727272727272727,0.26128670091518397,0.07692307692307693,0.09090909090909091,0.1045146803660736,0.8333333333333334,0.4
all_t20_2018_2026,119678fd,KV Sharma,True,2025,True,28,22,6,365.0,255,16.59090909090909,13.035714285714286,11.0,True,1.0,3.75,11.0,22.0,29.0,0.8896238211140144,2,0.07142857142857142,0.09090909090909091,0.32142857142857145,0.36,0.3975155279503106,0.07142857142857142,0.09090909090909091,0.1855072463768116,0.0,0.0,0.0,0.3333333333333333,0.0
all_t20_2018_2026,1212cbec,Najibullah Zadran,True,2024,False,26,23,3,365.0,321,15.869565217391305,14.038461538461538,11.0,True,0.0,1.0,11.0,24.75,31.5,0.25297082003793064,5,0.19230769230769232,0.21739130434782608,0.4230769230769231,0.4583333333333333,0.47840236686390547,0.15384615384615385,0.16666666666666666,0.1739644970414202,0.0,0.0,0.04349112426035505,0.36363636363636365,0.0
all_t20_2018_2026,2bbab579,Arpit Vasavada,True,2021,False,16,12,4,365.0,290,30.416666666666668,22.8125,19.0,True,3.0,4.75,19.0,31.75,51.0,1.0559835165470406,0,0.0,0.0,0.5,0.5714285714285714,0.609375,0.3125,0.38461538461538464,0.4443359375,0.125,0.15384615384615385,0.17773437500000003,0.7142857142857143,0.4
all_t20_2018_2026,3d8348d0,Sibsankar Roy,True,2023,False,12,10,2,364.0,279,36.4,30.333333333333332,31.5,False,1.4000000000000004,8.75,31.5,47.75,51.8,0.4627822567131766,1,0.08333333333333333,0.1,0.5833333333333334,0.6363636363636364,0.648148148148148,0.5,0.5454545454545454,0.5555555555555555,0.25,0.3,0.3472222222222222,0.8571428571428571,0.6
all_t20_2018_2026,7306c48d,G Scrivens,True,2026,True,25,21,4,363.0,365,17.285714285714285,14.52,9.0,True,0.40000000000000036,4.0,9.0,22.0,33.2,1.097840285976675,3,0.12,0.14285714285714285,0.28,0.30434782608695654,0.3258181818181818,0.2,0.23809523809523808,0.3258181818181818,0.04,0.047619047619047616,0.06516363636363635,1.0,0.2
all_t20_2018_2026,5c30d455,G Voll,True,2026,True,16,16,0,361.0,282,22.5625,22.5625,17.0,True,7.0,10.75,17.0,23.75,47.0,1.6165196652050042,1,0.0625,0.0625,0.3125,0.3125,0.3125,0.1875,0.1875,0.1875,0.125,0.125,0.125,0.6,0.6666666666666666
all_t20_2018_2026,60fbf53a,D Potgieter,True,2025,True,28,14,14,361.0,271,25.785714285714285,12.892857142857142,7.5,True,1.0,2.0,7.5,24.25,29.900000000000002,0.7174188000879955,1,0.03571428571428571,0.07142857142857142,0.35714285714285715,0.5263157894736842,0.6201991987945165,0.10714285714285714,0.17647058823529413,0.24807967951780663,0.0,0.0,0.24807967951780663,0.375,
all_t20_2018_2026,a6004ded,Rohan Kunnummal,True,2023,False,13,11,2,361.0,322,32.81818181818182,27.76923076923077,29.0,False,9.2,10.0,29.0,34.0,51.0,0.24219117165489132,0,0.0,0.0,0.6923076923076923,0.6923076923076923,0.6923076923076923,0.46153846153846156,0.46153846153846156,0.46153846153846156,0.23076923076923078,0.23076923076923078,0.23076923076923078,0.6666666666666666,0.5
all_t20_2018_2026,4a745f65,AR Nurse,True,2021,False,30,16,14,360.0,300,22.5,12.0,9.0,True,1.9000000000000004,4.25,9.0,18.25,24.1,1.152205749080714,0,0.0,0.0,0.2,0.35294117647058826,0.5156250000000001,0.06666666666666667,0.125,0.22916666666666677,0.0,0.0,0.0,0.4,0.0
all_t20_2018_2026,c88c8a7d,Akshay Wadkar,True,2022,False,17,15,2,360.0,355,24.0,21.176470588235293,13.0,True,1.0,6.0,13.0,35.0,47.2,0.8091876414791813,1,0.058823529411764705,0.06666666666666667,0.4117647058823529,0.4375,0.4575163398692811,0.29411764705882354,0.3125,0.3267973856209151,0.11764705882352941,0.125,0.13071895424836608,0.7142857142857143,0.4
all_t20_2018_2026,201fef33,DB Sharma,True,2026,True,16,8,8,358.0,288,44.75,22.375,25.5,False,2.0,9.75,25.5,34.75,41.5,-0.03783065748287649,1,0.0625,0.125,0.5625,0.6428571428571429,0.6818181818181818,0.375,0.46153846153846156,0.5303030303030303,0.0,0.0,0.26515151515151514,0.75,0.0
all_t20_2018_2026,e38bce7a,MG Bracewell,True,2026,True,28,21,7,358.0,295,17.047619047619047,12.785714285714286,7.0,True,0.0,3.5,7.0,18.25,31.000000000000007,1.2026820686054849,4,0.14285714285714285,0.19047619047619047,0.21428571428571427,0.2608695652173913,0.30792316926770713,0.10714285714285714,0.13043478260869565,0.1539615846338536,0.03571428571428571,0.045454545454545456,0.10264105642256907,0.5,0.5
all_t20_2018_2026,34b332d3,DC Drakes,True,2026,True,33,15,18,357.0,279,23.8,10.818181818181818,7.0,True,1.0,2.0,7.0,17.0,27.200000000000003,1.427848856071639,1,0.030303030303030304,0.06666666666666667,0.24242424242424243,0.38095238095238093,0.4585669474805035,0.06060606060606061,0.11764705882352941,0.28660434217531466,0.0,0.0,0.28660434217531466,0.5,
all_t20_2018_2026,9601c534,SD Lad,True,2022,False,23,19,4,356.0,305,18.736842105263158,15.478260869565217,13.0,True,0.0,2.0,13.0,21.0,37.60000000000001,1.225599421074001,4,0.17391304347826086,0.21052631578947367,0.30434782608695654,0.35,0.42140468227424754,0.21739130434782608,0.25,0.30100334448160543,0.043478260869565216,0.05263157894736842,0.08026755852842812,0.7142857142857143,0.25
all_t20_2018_2026,85ce4231,CL Griffith,True,2025,True,31,26,5,354.0,265,13.615384615384615,11.419354838709678,7.0,True,1.0,1.5,7.0,18.0,29.0,1.3991188721835592,3,0.0967741935483871,0.11538461538461539,0.22580645161290322,0.25925925925925924,0.2879850397381955,0.0967741935483871,0.1111111111111111,0.1234221598877981,0.03225806451612903,0.038461538461538464,0.06171107994389905,0.42857142857142855,0.5
all_t20_2018_2026,542fd5a6,IA Cockbain,True,2022,False,13,8,5,352.0,258,44.0,27.076923076923077,20.0,True,3.6000000000000005,12.0,20.0,35.0,61.60000000000001,0.7708881272466552,0,0.0,0.0,0.5384615384615384,0.6363636363636364,0.648148148148148,0.38461538461538464,0.5,0.5401234567901234,0.15384615384615385,0.2222222222222222,0.2880658436213992,0.8333333333333334,0.5
all_t20_2018_2026,8a0ae9da,EC Sen,True,2022,False,17,14,3,351.0,280,25.071428571428573,20.647058823529413,16.0,True,0.6000000000000001,7.0,16.0,37.0,40.400000000000006,0.2928272725051232,2,0.11764705882352941,0.14285714285714285,0.47058823529411764,0.47058823529411764,0.47058823529411753,0.4117647058823529,0.4117647058823529,0.4117647058823528,0.058823529411764705,0.06666666666666667,0.1029411764705882,0.875,0.2
all_t20_2018_2026,6b0db726,J Andrew,True,2026,True,17,15,2,350.0,310,23.333333333333332,20.58823529411765,15.0,True,1.6,3.0,15.0,28.0,48.8,0.6246363679600169,1,0.058823529411764705,0.06666666666666667,0.47058823529411764,0.5,0.5067873303167421,0.23529411764705882,0.25,0.2533936651583711,0.11764705882352941,0.125,0.12669683257918557,0.5,0.5
all_t20_2018_2026,087210b1,DJ Vilas,True,2023,False,18,15,3,349.0,285,23.266666666666666,19.38888888888889,17.5,True,2.0,9.75,17.5,31.5,37.800000000000004,0.35002669828034805,1,0.05555555555555555,0.06666666666666667,0.4444444444444444,0.47058823529411764,0.48484848484848486,0.2777777777777778,0.3125,0.35353535353535354,0.0,0.0,0.0,0.7142857142857143,0.0
all_t20_2018_2026,bd74f1a7,Rishabh Tiwari,True,2021,False,11,10,1,349.0,258,34.9,31.727272727272727,14.0,True,5.0,10.5,14.0,53.0,71.0,0.6633548845713956,0,0.0,0.0,0.45454545454545453,0.45454545454545453,0.45454545454545453,0.45454545454545453,0.45454545454545453,0.45454545454545453,0.2727272727272727,0.2727272727272727,0.2727272727272727,1.0,0.6
all_t20_2018_2026,9c86350f,H Desai,True,2024,False,21,19,2,345.0,288,18.157894736842106,16.428571428571427,13.0,True,5.0,8.0,13.0,22.0,34.0,1.3769694400039247,2,0.09523809523809523,0.10526315789473684,0.2857142857142857,0.3,0.326530612244898,0.14285714285714285,0.15789473684210525,0.20408163265306123,0.047619047619047616,0.05263157894736842,0.06802721088435375,0.6,0.3333333333333333
all_t20_2018_2026,0bec3a6c,BAC Howell,True,2026,True,38,24,14,342.0,265,14.25,9.0,6.0,True,0.0,2.0,6.0,14.5,22.300000000000004,0.9345298373813725,5,0.13157894736842105,0.20833333333333334,0.18421052631578946,0.2413793103448276,0.29706094218515744,0.02631578947368421,0.04,0.15843250249875065,0.0,0.0,0.15843250249875065,0.3333333333333333,
all_t20_2018_2026,6b07035d,K Alleyne,True,2025,True,19,19,0,342.0,253,18.0,18.0,11.0,True,1.8,4.0,11.0,33.0,41.2,0.5012889575417936,1,0.05263157894736842,0.05263157894736842,0.42105263157894735,0.42105263157894735,0.42105263157894735,0.3157894736842105,0.3157894736842105,0.3157894736842105,0.0,0.0,0.0,0.75,0.0
all_t20_2018_2026,97c06e86,Mangal Mahrour,True,2022,False,17,15,2,342.0,346,22.8,20.11764705882353,12.0,True,0.6000000000000001,4.0,12.0,30.0,52.6,0.9426973424162771,2,0.11764705882352941,0.13333333333333333,0.35294117647058826,0.35294117647058826,0.35294117647058826,0.29411764705882354,0.29411764705882354,0.29411764705882354,0.17647058823529413,0.17647058823529413,0.17647058823529413,0.8333333333333334,0.6
all_t20_2018_2026,c05edf8e,Harpreet Brar,True,2026,True,40,20,20,340.0,286,17.0,8.5,6.0,True,1.0,2.0,6.0,14.0,20.1,0.9279478636390066,2,0.05,0.1,0.125,0.22727272727272727,0.4440051333203948,0.0,0.0,0.0,0.0,0.0,0.0,0.0,
all_t20_2018_2026,9ab63e7b,Mohammad Hafeez,True,2021,False,16,15,1,339.0,347,22.6,21.1875,15.0,True,6.5,10.25,15.0,29.25,37.5,1.5732641106024774,0,0.0,0.0,0.375,0.375,0.375,0.25,0.25,0.25,0.0625,0.06666666666666667,0.125,0.6666666666666666,0.3333333333333333
all_t20_2018_2026,bc6d8229,Kumar Deobrat,True,2021,False,18,14,4,338.0,254,24.142857142857142,18.77777777777778,13.0,True,1.0,7.0,13.0,25.75,40.500000000000014,1.4234536539134706,1,0.05555555555555555,0.07142857142857142,0.3333333333333333,0.35294117647058826,0.36111111111111105,0.2222222222222222,0.25,0.28888888888888886,0.1111111111111111,0.13333333333333333,0.1925925925925926,0.8,0.6666666666666666
all_t20_2018_2026,287ed3a0,GA Elwiss,True,2026,True,31,22,9,337.0,332,15.318181818181818,10.870967741935484,10.0,True,2.0,3.0,10.0,13.0,28.0,1.2524506662270405,1,0.03225806451612903,0.045454545454545456,0.12903225806451613,0.16666666666666666,0.21843121444620944,0.0967741935483871,0.13043478260869565,0.21843121444620944,0.0,0.0,0.07281040481540316,1.0,0.0
all_t20_2018_2026,297b26da,Yashpal Singh,True,2019,False,11,9,2,337.0,276,37.44444444444444,30.636363636363637,40.0,False,0.0,5.5,40.0,45.5,51.0,-0.3153396701882714,2,0.18181818181818182,0.2222222222222222,0.6363636363636364,0.6363636363636364,0.6363636363636362,0.6363636363636364,0.6363636363636364,0.6363636363636362,0.2727272727272727,0.3,0.3272727272727272,1.0,0.5
all_t20_2018_2026,7fa12533,MS Chapman,True,2026,True,18,16,2,337.0,249,21.0625,18.72222222222222,17.0,True,1.4000000000000004,2.5,17.0,27.75,44.3,0.6802319951574414,2,0.1111111111111111,0.125,0.4444444444444444,0.4444444444444444,0.4444444444444445,0.2222222222222222,0.23529411764705882,0.253968253968254,0.05555555555555555,0.0625,0.12698412698412703,0.5714285714285714,0.3333333333333333
all_t20_2018_2026,39ed0d2f,KS Sharma,True,2024,False,17,15,2,336.0,292,22.4,19.764705882352942,9.0,True,1.0,3.0,9.0,22.0,57.0,1.0616385191999833,1,0.058823529411764705,0.06666666666666667,0.35294117647058826,0.35294117647058826,0.35294117647058826,0.23529411764705882,0.23529411764705882,0.23529411764705885,0.23529411764705882,0.23529411764705882,0.23529411764705885,0.6666666666666666,1.0
all_t20_2018_2026,33ffc3dd,R Sanjay Yadav,True,2023,False,17,14,3,335.0,279,23.928571428571427,19.705882352941178,18.0,True,0.0,9.0,18.0,31.0,40.800000000000004,0.5977145602644954,3,0.17647058823529413,0.21428571428571427,0.47058823529411764,0.5333333333333333,0.5882352941176471,0.29411764705882354,0.3333333333333333,0.36764705882352944,0.058823529411764705,0.07142857142857142,0.14705882352941177,0.625,0.25
all_t20_2018_2026,94253925,GH Vihari,True,2023,False,17,15,2,335.0,264,22.333333333333332,19.705882352941178,7.0,True,2.0,3.0,7.0,28.0,50.400000000000006,1.3726652120270166,0,0.0,0.0,0.35294117647058826,0.35294117647058826,0.35294117647058826,0.23529411764705882,0.23529411764705882,0.23529411764705885,0.11764705882352941,0.125,0.17647058823529413,0.6666666666666666,0.6666666666666666
all_t20_2018_2026,4d4605e6,CL Tryon,True,2025,True,29,20,9,334.0,288,16.7,11.517241379310345,8.0,True,3.8000000000000003,5.0,8.0,13.0,23.4,2.3718691689396763,1,0.034482758620689655,0.05,0.1724137931034483,0.22727272727272727,0.29481402218471187,0.06896551724137931,0.09523809523809523,0.1572341451651797,0.034482758620689655,0.05,0.1572341451651797,0.5,1.0
all_t20_2018_2026,6f4c73ce,RS Primus,True,2024,False,26,18,8,334.0,276,18.555555555555557,12.846153846153847,11.0,True,1.5,5.0,11.0,18.75,29.0,0.9195294933612824,2,0.07692307692307693,0.1111111111111111,0.19230769230769232,0.25,0.3112792968750001,0.11538461538461539,0.15789473684210525,0.23345947265625008,0.0,0.0,0.0,0.75,0.0
all_t20_2018_2026,f0b4e47d,G Wareham,True,2026,True,24,12,12,334.0,260,27.833333333333332,13.916666666666666,10.5,True,2.3000000000000003,5.75,10.5,18.25,27.799999999999997,1.47579088964082,0,0.0,0.0,0.16666666666666666,0.2857142857142857,0.43526785714285715,0.08333333333333333,0.15384615384615385,0.32645089285714285,0.041666666666666664,0.08333333333333333,0.32645089285714285,0.6666666666666666,1.0
all_t20_2018_2026,b0946605,AS Joseph,True,2026,True,49,25,24,333.0,309,13.32,6.795918367346939,4.0,True,0.0,1.0,4.0,10.0,17.000000000000014,1.3516454292716054,8,0.16326530612244897,0.32,0.10204081632653061,0.1724137931034483,0.305210918114144,0.0,0.0,0.22890818858560802,0.0,0.0,0.22890818858560802,0.0,
all_t20_2018_2026,3b5a9438,BAM Heath,True,2026,True,35,29,6,331.0,265,11.413793103448276,9.457142857142857,7.0,True,0.0,2.0,7.0,12.5,19.200000000000003,2.426039559631578,7,0.2,0.2413793103448276,0.11428571428571428,0.12903225806451613,0.14961038961038958,0.05714285714285714,0.06666666666666667,0.11220779220779219,0.02857142857142857,0.034482758620689655,0.11220779220779219,0.6666666666666666,1.0
all_t20_2018_2026,ccc04a61,Rajat Dey,True,2023,False,13,9,4,331.0,224,36.77777777777778,25.46153846153846,19.0,True,6.2,9.0,19.0,36.0,42.800000000000004,1.3341826916733366,0,0.0,0.0,0.46153846153846156,0.5,0.5128205128205128,0.38461538461538464,0.4166666666666667,0.42735042735042733,0.07692307692307693,0.1,0.2564102564102564,0.8333333333333334,0.3333333333333333
all_t20_2018_2026,7ca5e05d,RS Bopara,True,2024,False,29,22,7,328.0,285,14.909090909090908,11.310344827586206,7.0,True,0.8000000000000003,4.0,7.0,17.0,26.199999999999996,1.3510858586710637,3,0.10344827586206896,0.13636363636363635,0.1724137931034483,0.2,0.2250597758764728,0.10344827586206896,0.13043478260869565,0.2250597758764728,0.0,0.0,0.0,1.0,0.0
all_t20_2018_2026,2e8994e7,JP Duminy,True,2019,False,14,10,4,327.0,253,32.7,23.357142857142858,18.0,True,10.9,13.25,18.0,29.0,41.50000000000001,1.3111597720813175,0,0.0,0.0,0.42857142857142855,0.5454545454545454,0.5958333333333333,0.2857142857142857,0.36363636363636365,0.39722222222222225,0.07142857142857142,0.1,0.19861111111111115,0.6666666666666666,0.3333333333333333
all_t20_2018_2026,cb932841,AKS Bains,True,2022,False,16,14,2,325.0,269,23.214285714285715,20.3125,10.5,True,4.5,6.0,10.5,28.5,54.5,1.1733981183292324,1,0.0625,0.07142857142857142,0.3125,0.3125,0.3125,0.25,0.26666666666666666,0.3125,0.1875,0.2,0.234375,1.0,0.75
all_t20_2018_2026,38c276e1,N McAndrew,True,2025,True,43,24,19,324.0,215,13.5,7.534883720930233,6.0,True,0.0,1.0,6.0,11.5,18.60000000000001,1.039082535189182,6,0.13953488372093023,0.25,0.09302325581395349,0.16,0.3994298574643661,0.023255813953488372,0.041666666666666664,0.13314328582145538,0.0,0.0,0.0,0.3333333333333333,0.0
all_t20_2018_2026,8c5775f3,D van Niekerk,True,2023,False,12,8,4,324.0,295,40.5,27.0,26.5,True,2.6000000000000005,11.75,26.5,33.75,54.60000000000001,0.5767880651753343,0,0.0,0.0,0.6666666666666666,0.6666666666666666,0.6666666666666666,0.3333333333333333,0.4,0.45714285714285713,0.16666666666666666,0.2,0.2285714285714286,0.6666666666666666,0.5
all_t20_2018_2026,a6bab2a9,K Gore,True,2026,True,17,15,2,319.0,248,21.266666666666666,18.764705882352942,10.0,True,0.0,1.0,10.0,27.0,55.6,1.0360204146007,4,0.23529411764705882,0.26666666666666666,0.4117647058823529,0.4117647058823529,0.4117647058823529,0.23529411764705882,0.23529411764705882,0.23529411764705885,0.17647058823529413,0.17647058823529413,0.17647058823529413,0.5714285714285714,0.75
all_t20_2018_2026,e4cdf230,AS Roy,True,2026,True,31,16,15,319.0,205,19.9375,10.290322580645162,4.0,True,0.0,1.0,4.0,14.0,29.0,1.526032024327166,5,0.16129032258064516,0.3125,0.16129032258064516,0.25,0.3968294930875577,0.0967741935483871,0.16666666666666666,0.3968294930875577,0.0,0.0,0.19841474654377886,1.0,0.0
all_t20_2018_2026,1f3febed,Dikshanshu Negi,True,2022,False,17,13,4,318.0,282,24.46153846153846,18.705882352941178,17.0,True,7.4,12.0,17.0,21.0,22.4,2.793054538236211,1,0.058823529411764705,0.07692307692307693,0.29411764705882354,0.35714285714285715,0.3928844264978719,0.058823529411764705,0.07142857142857142,0.07857688529957439,0.058823529411764705,0.07142857142857142,0.07857688529957439,0.2,1.0
all_t20_2018_2026,732c038e,KIC Asalanka,True,2026,True,17,16,1,318.0,246,19.875,18.705882352941178,14.0,True,1.6,6.0,14.0,26.0,33.8,1.6345264162281767,1,0.058823529411764705,0.0625,0.4117647058823529,0.4117647058823529,0.4117647058823529,0.23529411764705882,0.25,0.27450980392156865,0.058823529411764705,0.0625,0.06862745098039218,0.6666666666666666,0.25
all_t20_2018_2026,1e66c162,JD Unadkat,True,2026,True,38,20,18,317.0,233,15.85,8.342105263157896,6.0,True,1.0,1.0,6.0,10.75,16.900000000000013,3.008224451936944,1,0.02631578947368421,0.05,0.07894736842105263,0.14285714285714285,0.26980349185477387,0.02631578947368421,0.047619047619047616,0.08993449728492463,0.02631578947368421,0.047619047619047616,0.08993449728492463,0.3333333333333333,1.0
all_t20_2018_2026,a818c1be,TA Boult,True,2026,True,59,24,35,317.0,239,13.208333333333334,5.372881355932203,2.0,True,0.0,1.0,2.0,7.0,16.200000000000003,1.4062834782548168,6,0.1016949152542373,0.25,0.06779661016949153,0.14285714285714285,0.2527100018625442,0.0,0.0,0.2527100018625442,0.0,0.0,0.2527100018625442,,
all_t20_2018_2026,3a0dc16e,Snehal Kauthankar,True,2022,False,15,13,2,316.0,274,24.307692307692307,21.066666666666666,19.0,True,1.4000000000000001,8.5,19.0,26.5,50.599999999999994,0.8132628422393227,1,0.06666666666666667,0.07692307692307693,0.4666666666666667,0.5,0.5055555555555554,0.26666666666666666,0.2857142857142857,0.28888888888888886,0.13333333333333333,0.15384615384615385,0.21666666666666665,0.5714285714285714,0.6666666666666666
all_t20_2018_2026,38c0d699,Nakul Verma,True,2023,False,14,14,0,315.0,299,22.5,22.5,18.5,True,5.0,7.5,18.5,30.0,44.70000000000001,1.233329706256158,1,0.07142857142857142,0.07142857142857142,0.42857142857142855,0.42857142857142855,0.4285714285714286,0.2857142857142857,0.2857142857142857,0.28571428571428575,0.07142857142857142,0.07142857142857142,0.07142857142857144,0.6666666666666666,0.25
all_t20_2018_2026,a3b0600d,Aniket Verma,True,2026,True,20,15,5,315.0,196,21.0,15.75,9.5,True,1.9000000000000001,4.5,9.5,18.25,36.70000000000001,1.9328536968169037,0,0.0,0.0,0.2,0.26666666666666666,0.32444196428571426,0.15,0.2,0.2433314732142857,0.05,0.06666666666666667,0.08111049107142858,0.75,0.3333333333333333
all_t20_2018_2026,17aa4f1d,Aaron Jones,True,2025,True,19,17,2,313.0,269,18.41176470588235,16.473684210526315,12.0,True,1.8,7.0,12.0,15.0,44.8,1.9415752206588295,1,0.05263157894736842,0.058823529411764705,0.15789473684210525,0.16666666666666666,0.17004048582995956,0.15789473684210525,0.16666666666666666,0.17004048582995956,0.05263157894736842,0.058823529411764705,0.11336032388663972,1.0,0.5
all_t20_2018_2026,bd17b45f,STR Binny,True,2020,False,19,14,5,313.0,234,22.357142857142858,16.473684210526315,11.0,True,0.8,6.0,11.0,26.0,34.8,0.9347888595168251,2,0.10526315789473684,0.14285714285714285,0.3157894736842105,0.35294117647058826,0.38866396761133615,0.2631578947368421,0.29411764705882354,0.3238866396761135,0.05263157894736842,0.07142857142857142,0.2591093117408908,0.8333333333333334,0.5
all_t20_2018_2026,90a3c0dc,Ankit Lamba,True,2021,False,13,12,1,311.0,284,25.916666666666668,23.923076923076923,21.0,True,5.0,15.0,21.0,35.0,39.6,-0.03753054379701416,0,0.0,0.0,0.6153846153846154,0.6153846153846154,0.6153846153846154,0.46153846153846156,0.5,0.5384615384615385,0.0,0.0,0.0,0.8571428571428571,0.0
all_t20_2018_2026,1d2f290a,JA Thompson,True,2026,True,33,26,7,305.0,217,11.73076923076923,9.242424242424242,6.0,True,0.0,2.0,6.0,16.0,24.8,0.77408908055282,4,0.12121212121212122,0.15384615384615385,0.18181818181818182,0.20689655172413793,0.2524107286012049,0.0,0.0,0.0,0.0,0.0,0.0,0.0,
all_t20_2018_2026,cdb82f1c,S Ecclestone,True,2026,True,30,22,8,304.0,232,13.818181818181818,10.133333333333333,6.0,True,1.0,1.0,6.0,13.0,27.400000000000006,1.0922929418295422,1,0.03333333333333333,0.045454545454545456,0.23333333333333334,0.25,0.2692307692307692,0.1,0.12,0.23076923076923078,0.0,0.0,0.23076923076923078,0.75,
all_t20_2018_2026,69cbffb8,Rajjakuddin Ahmed,True,2022,False,21,16,5,303.0,201,18.9375,14.428571428571429,8.0,True,2.0,5.0,8.0,30.0,32.0,0.6780473201657226,1,0.047619047619047616,0.0625,0.3333333333333333,0.3684210526315789,0.4081632653061224,0.2857142857142857,0.3157894736842105,0.3498542274052478,0.0,0.0,0.0,0.8571428571428571,0.0
all_t20_2018_2026,d8a90827,Shubham Khajuria,True,2023,False,14,12,2,303.0,254,25.25,21.642857142857142,15.0,True,2.3,4.5,15.0,30.5,47.30000000000002,1.1044585135905194,1,0.07142857142857142,0.08333333333333333,0.42857142857142855,0.46153846153846156,0.4714285714285715,0.2857142857142857,0.3076923076923077,0.31428571428571433,0.14285714285714285,0.15384615384615385,0.1571428571428572,0.6666666666666666,0.5
all_t20_2018_2026,1ee08e9a,JA Richardson,True,2025,True,36,21,15,301.0,254,14.333333333333334,8.36111111111111,6.0,True,0.5,1.0,6.0,13.25,19.0,1.170982451245881,3,0.08333333333333333,0.14285714285714285,0.1111111111111111,0.17391304347826086,0.2760555052790347,0.027777777777777776,0.045454545454545456,0.10352081447963801,0.0,0.0,0.10352081447963801,0.3333333333333333,
all_t20_2018_2026,228bd0b0,Mayank Raghav,False,2018,False,6,5,1,301.0,210,60.2,50.166666666666664,48.5,True,10.5,20.75,48.5,76.25,91.5,0.13835885238621107,0,0.0,0.0,0.6666666666666666,0.6666666666666666,0.6666666666666667,0.6666666666666666,0.6666666666666666,0.6666666666666667,0.5,0.5,0.5,1.0,0.75
all_t20_2018_2026,839b6d2e,Saurabh Rawat,True,2021,False,19,17,2,300.0,265,17.647058823529413,15.789473684210526,11.0,True,1.8,4.5,11.0,22.0,32.99999999999999,1.7834677499962377,0,0.0,0.0,0.2631578947368421,0.2777777777777778,0.30701754385964913,0.21052631578947367,0.2222222222222222,0.2456140350877193,0.05263157894736842,0.058823529411764705,0.09210526315789475,0.8,0.3333333333333333
all_t20_2018_2026,dd7e9b3b,YV Dhull,True,2024,False,13,10,3,300.0,291,30.0,23.076923076923077,13.0,True,1.2000000000000002,7.0,13.0,39.0,45.2,0.5936653157261268,1,0.07692307692307693,0.1,0.46153846153846156,0.46153846153846156,0.46153846153846156,0.38461538461538464,0.4166666666666667,0.46153846153846156,0.07692307692307693,0.09090909090909091,0.1230769230769231,1.0,0.25
all_t20_2018_2026,26a8b2fe,Hassan Nawaz,True,2026,True,16,14,2,297.0,236,21.214285714285715,18.5625,12.0,True,1.0,6.0,12.0,26.5,34.5,1.6407919185028275,1,0.0625,0.07142857142857142,0.4375,0.4666666666666667,0.47115384615384626,0.25,0.2857142857142857,0.3365384615384617,0.0625,0.07142857142857142,0.08413461538461543,0.6666666666666666,0.25
all_t20_2018_2026,876dbe2d,DR Mousley,True,2025,True,29,25,4,297.0,316,11.88,10.241379310344827,7.0,True,0.8000000000000003,2.0,7.0,15.0,26.999999999999996,1.2562250264936832,3,0.10344827586206896,0.12,0.13793103448275862,0.14814814814814814,0.17959770114942533,0.10344827586206896,0.1111111111111111,0.134698275862069,0.0,0.0,0.0,0.75,0.0
all_t20_2018_2026,c18496e1,Bipul Sharma,True,2020,False,11,10,1,296.0,217,29.6,26.90909090909091,30.0,False,7.0,15.5,30.0,33.5,42.0,0.3986516752840797,0,0.0,0.0,0.7272727272727273,0.7272727272727273,0.7272727272727272,0.5454545454545454,0.5454545454545454,0.5454545454545454,0.09090909090909091,0.09090909090909091,0.09090909090909091,0.75,0.16666666666666666
all_t20_2018_2026,e5d452d7,Saif Badar,True,2026,True,18,16,2,296.0,234,18.5,16.444444444444443,10.5,True,1.4000000000000004,6.25,10.5,22.75,36.800000000000004,1.0194678137030257,2,0.1111111111111111,0.125,0.2777777777777778,0.3125,0.34567901234567905,0.2222222222222222,0.25,0.27654320987654324,0.05555555555555555,0.0625,0.06913580246913582,0.8,0.25
all_t20_2018_2026,7b679de5,Kartik Sharma,True,2026,True,11,9,2,295.0,216,32.77777777777778,26.818181818181817,19.0,True,6.0,16.5,19.0,36.5,54.0,0.8941902733336432,0,0.0,0.0,0.45454545454545453,0.45454545454545453,0.45454545454545453,0.36363636363636365,0.36363636363636365,0.36363636363636365,0.18181818181818182,0.2,0.2727272727272727,0.8,0.6666666666666666
all_t20_2018_2026,90d6cdea,TB de Bruyn,True,2023,False,17,16,1,295.0,255,18.4375,17.352941176470587,12.0,True,1.6,4.0,12.0,21.0,42.0,0.8896008702073323,1,0.058823529411764705,0.0625,0.29411764705882354,0.29411764705882354,0.29411764705882354,0.23529411764705882,0.25,0.29411764705882354,0.058823529411764705,0.0625,0.07352941176470588,1.0,0.25
all_t20_2018_2026,0a9d8b61,JL Carter,True,2021,False,17,15,2,294.0,269,19.6,17.294117647058822,7.0,True,1.2000000000000002,4.0,7.0,30.0,49.4,0.8790160897605872,2,0.11764705882352941,0.13333333333333333,0.29411764705882354,0.29411764705882354,0.29411764705882354,0.29411764705882354,0.29411764705882354,0.29411764705882354,0.11764705882352941,0.125,0.15686274509803924,1.0,0.5
all_t20_2018_2026,802fdccf,Rahul Dalal,True,2020,False,11,10,1,294.0,241,29.4,26.727272727272727,26.0,True,5.0,7.0,26.0,30.5,62.0,0.9550418838721076,0,0.0,0.0,0.5454545454545454,0.6,0.6363636363636362,0.36363636363636365,0.4,0.42424242424242425,0.18181818181818182,0.2,0.21212121212121215,0.6666666666666666,0.5
all_t20_2018_2026,084708eb,Ankit Kaushik,True,2021,False,12,8,4,292.0,218,36.5,24.333333333333332,17.0,True,11.1,13.5,17.0,36.25,37.9,1.4081102140751767,0,0.0,0.0,0.4166666666666667,0.5,0.5625,0.3333333333333333,0.4,0.45,0.08333333333333333,0.1111111111111111,0.15000000000000002,0.8,0.3333333333333333
all_t20_2018_2026,238ce998,Q Sampson,True,2026,True,14,9,5,292.0,184,32.44444444444444,20.857142857142858,13.5,True,6.3,8.25,13.5,23.5,44.90000000000002,1.6636348995765229,1,0.07142857142857142,0.1111111111111111,0.2857142857142857,0.4,0.46428571428571436,0.21428571428571427,0.3,0.34821428571428575,0.14285714285714285,0.2222222222222222,0.34821428571428575,0.75,1.0
all_t20_2018_2026,b58b7db6,GSNFG Jayasuriya,True,2026,True,13,10,3,292.0,267,29.2,22.46153846153846,19.0,True,0.40000000000000036,6.0,19.0,31.0,49.80000000000001,0.6108267065230119,1,0.07692307692307693,0.1,0.46153846153846156,0.5,0.5034965034965037,0.38461538461538464,0.4166666666666667,0.41958041958041975,0.15384615384615385,0.18181818181818182,0.22377622377622391,0.8333333333333334,0.5
all_t20_2018_2026,fb66ce1f,CH Morris,True,2021,False,33,25,8,291.0,209,11.64,8.818181818181818,5.0,True,0.0,2.0,5.0,14.0,21.0,1.119509006275997,6,0.18181818181818182,0.24,0.15151515151515152,0.17857142857142858,0.23469387755102042,0.030303030303030304,0.038461538461538464,0.14081632653061224,0.0,0.0,0.14081632653061224,0.3333333333333333,
all_t20_2018_2026,911d04ad,Gurinder Singh,True,2021,False,13,7,6,290.0,229,41.42857142857143,22.307692307692307,22.0,True,1.0,6.0,22.0,38.0,47.00000000000001,0.41964280504047546,0,0.0,0.0,0.6153846153846154,0.6666666666666666,0.6837606837606837,0.3076923076923077,0.36363636363636365,0.41025641025641024,0.07692307692307693,0.125,0.41025641025641024,0.5714285714285714,1.0
all_t20_2018_2026,6ffbf04c,KM Chathli,True,2026,True,19,18,1,289.0,231,16.055555555555557,15.210526315789474,6.0,True,0.8,1.5,6.0,19.0,37.79999999999998,1.513517291083584,2,0.10526315789473684,0.1111111111111111,0.21052631578947367,0.2222222222222222,0.231578947368421,0.21052631578947367,0.2222222222222222,0.231578947368421,0.10526315789473684,0.1111111111111111,0.11578947368421051,1.0,0.5
all_t20_2018_2026,f93b43dd,SK Patel,True,2026,True,17,17,0,288.0,294,16.941176470588236,16.941176470588236,12.0,True,0.0,3.0,12.0,24.0,39.2,0.8255652469125057,3,0.17647058823529413,0.17647058823529413,0.35294117647058826,0.35294117647058826,0.35294117647058826,0.23529411764705882,0.23529411764705882,0.23529411764705885,0.058823529411764705,0.058823529411764705,0.05882352941176472,0.6666666666666666,0.25
all_t20_2018_2026,601398c4,Bikramkumar Das,True,2023,False,10,9,1,285.0,251,31.666666666666668,28.5,12.0,True,3.8,7.0,12.0,55.75,61.599999999999994,0.408055580893696,0,0.0,0.0,0.4,0.4,0.4,0.4,0.4,0.4,0.4,0.4,0.4,1.0,1.0
all_t20_2018_2026,92cf79a8,SR Taylor,True,2025,True,24,17,7,285.0,311,16.764705882352942,11.875,11.0,True,0.0,0.0,11.0,18.0,26.499999999999996,0.9031840660563473,7,0.2916666666666667,0.4117647058823529,0.20833333333333334,0.23809523809523808,0.2865961199294532,0.041666666666666664,0.05555555555555555,0.21494708994708991,0.0,0.0,0.21494708994708991,0.5,
all_t20_2018_2026,45963d9e,N Dickwella,True,2023,False,19,19,0,284.0,218,14.947368421052632,14.947368421052632,10.0,True,0.8,4.5,10.0,21.5,36.2,0.5576994578874354,2,0.10526315789473684,0.10526315789473684,0.3684210526315789,0.3684210526315789,0.3684210526315789,0.21052631578947367,0.21052631578947367,0.21052631578947367,0.0,0.0,0.0,0.5714285714285714,0.0
all_t20_2018_2026,721e0199,RM Ghosh,True,2026,True,17,16,1,283.0,248,17.6875,16.647058823529413,13.0,True,1.6,4.0,13.0,21.0,36.800000000000004,1.063204645367546,1,0.058823529411764705,0.0625,0.35294117647058826,0.375,0.411764705882353,0.17647058823529413,0.1875,0.20588235294117652,0.058823529411764705,0.0625,0.06862745098039218,0.5,0.3333333333333333
all_t20_2018_2026,b690f34a,AA Barot,False,2020,False,5,5,0,283.0,153,56.6,56.6,25.0,True,21.0,24.0,25.0,93.0,110.4,0.5393430917695456,0,0.0,0.0,0.8,0.8,0.8,0.4,0.4,0.4000000000000001,0.4,0.4,0.4000000000000001,0.5,1.0
all_t20_2018_2026,a1b69936,DG Bedingham,True,2025,True,15,15,0,282.0,243,18.8,18.8,11.0,True,0.8000000000000003,6.5,11.0,32.0,42.599999999999994,0.5345347228674983,2,0.13333333333333333,0.13333333333333333,0.4,0.4,0.40000000000000013,0.26666666666666666,0.26666666666666666,0.2666666666666668,0.0,0.0,0.0,0.6666666666666666,0.0
all_t20_2018_2026,2b8f219a,KSA McKenzie,True,2026,True,21,21,0,281.0,260,13.380952380952381,13.380952380952381,10.0,True,0.0,1.0,10.0,19.0,28.0,2.092268669531741,3,0.14285714285714285,0.14285714285714285,0.23809523809523808,0.23809523809523808,0.23809523809523814,0.09523809523809523,0.09523809523809523,0.09523809523809527,0.047619047619047616,0.047619047619047616,0.04761904761904764,0.4,0.5
all_t20_2018_2026,5b627626,B Aparajith,True,2023,False,14,10,4,281.0,272,28.1,20.071428571428573,19.0,True,0.6000000000000001,4.25,19.0,33.0,38.50000000000001,0.2690308793107718,2,0.14285714285714285,0.2,0.5,0.5,0.5000000000000001,0.35714285714285715,0.38461538461538464,0.4285714285714287,0.07142857142857142,0.09090909090909091,0.17142857142857149,0.8333333333333334,0.3333333333333333
all_t20_2018_2026,d28a7a2a,U U Bose,True,2020,False,15,14,1,280.0,219,20.0,18.666666666666668,12.0,True,0.40000000000000013,3.5,12.0,27.5,41.599999999999994,1.3664771810573155,2,0.13333333333333333,0.14285714285714285,0.4,0.4,0.40000000000000013,0.13333333333333333,0.13333333333333333,0.1333333333333334,0.13333333333333333,0.13333333333333333,0.1333333333333334,0.3333333333333333,1.0
all_t20_2018_2026,c2dd89ea,BR Sharath,True,2024,False,21,19,2,277.0,245,14.578947368421053,13.19047619047619,5.0,True,0.0,1.0,5.0,25.0,42.0,1.0793990418080466,5,0.23809523809523808,0.2631578947368421,0.2857142857142857,0.3,0.3174603174603174,0.14285714285714285,0.15,0.1587301587301587,0.047619047619047616,0.05263157894736842,0.07936507936507935,0.5,0.5
all_t20_2018_2026,4a15018a,Harsh Tyagi,True,2024,False,20,9,11,276.0,207,30.666666666666668,13.8,9.5,True,1.0,2.5,9.5,24.25,32.1,0.5537302714216051,1,0.05,0.1111111111111111,0.3,0.42857142857142855,0.5051428571428572,0.15,0.25,0.420952380952381,0.0,0.0,0.420952380952381,0.75,
all_t20_2018_2026,eb67df8f,Aditya Waghmode,False,2019,False,9,7,2,276.0,187,39.42857142857143,30.666666666666668,32.0,False,3.2,11.0,32.0,36.0,60.400000000000006,0.7232379130125091,1,0.1111111111111111,0.14285714285714285,0.6666666666666666,0.6666666666666666,0.6666666666666666,0.5555555555555556,0.5555555555555556,0.5555555555555556,0.2222222222222222,0.2222222222222222,0.22222222222222224,0.8333333333333334,0.4
all_t20_2018_2026,9fe56f2b,Samarth Seth,True,2019,False,12,11,1,275.0,246,25.0,22.916666666666668,13.0,True,1.0,4.0,13.0,43.75,50.8,0.6353622734466721,1,0.08333333333333333,0.09090909090909091,0.4166666666666667,0.4166666666666667,0.4166666666666667,0.3333333333333333,0.3333333333333333,0.33333333333333337,0.16666666666666666,0.16666666666666666,0.16666666666666669,0.8,0.5
all_t20_2018_2026,8963ee49,Rishav Das,True,2023,False,15,14,1,274.0,249,19.571428571428573,18.266666666666666,14.0,True,0.8000000000000003,5.5,14.0,29.5,44.4,0.8694630159084608,2,0.13333333333333333,0.14285714285714285,0.3333333333333333,0.35714285714285715,0.375,0.26666666666666666,0.2857142857142857,0.30000000000000004,0.06666666666666667,0.07142857142857142,0.07500000000000002,0.8,0.25
all_t20_2018_2026,3c34c9e1,S Konstas,True,2025,True,14,14,0,273.0,232,19.5,19.5,10.0,True,0.6000000000000001,2.5,10.0,26.25,55.1,0.9909350341249007,2,0.14285714285714285,0.14285714285714285,0.35714285714285715,0.35714285714285715,0.35714285714285726,0.21428571428571427,0.21428571428571427,0.21428571428571436,0.21428571428571427,0.21428571428571427,0.21428571428571436,0.6,1.0
all_t20_2018_2026,51a60c16,CJ Boyce,True,2025,True,30,20,10,273.0,223,13.65,9.1,5.0,True,0.0,1.0,5.0,11.0,23.200000000000003,1.9963246942434307,5,0.16666666666666666,0.25,0.16666666666666666,0.21739130434782608,0.25578703703703715,0.03333333333333333,0.047619047619047616,0.13641975308641982,0.03333333333333333,0.047619047619047616,0.13641975308641982,0.3333333333333333,1.0
all_t20_2018_2026,e19307f3,SN Luff,True,2026,True,20,15,5,272.0,224,18.133333333333333,13.6,8.5,True,1.0,5.0,8.5,19.0,30.900000000000013,1.4316982617653857,1,0.05,0.06666666666666667,0.2,0.25,0.3673469387755103,0.15,0.1875,0.27551020408163274,0.05,0.06666666666666667,0.18367346938775517,0.75,0.5
all_t20_2018_2026,d7ff1adc,CR Knott,True,2026,True,15,13,2,271.0,222,20.846153846153847,18.066666666666666,15.0,True,1.8000000000000003,4.0,15.0,30.0,38.4,0.4966836866408247,0,0.0,0.0,0.4,0.46153846153846156,0.5133333333333333,0.26666666666666666,0.3076923076923077,0.3422222222222222,0.0,0.0,0.0,0.6666666666666666,0.0
all_t20_2018_2026,2e0b6638,EA Burns,True,2024,False,19,17,2,269.0,230,15.823529411764707,14.157894736842104,13.0,True,0.0,2.0,13.0,25.5,30.799999999999994,0.6657437762900452,4,0.21052631578947367,0.23529411764705882,0.3157894736842105,0.3333333333333333,0.340080971659919,0.10526315789473684,0.11764705882352941,0.1511470985155196,0.0,0.0,0.0,0.4,0.0
all_t20_2018_2026,a55e0360,CP Savage,True,2026,True,20,11,9,269.0,183,24.454545454545453,13.45,7.0,True,1.9000000000000001,2.0,7.0,16.0,36.000000000000014,1.4240648219325454,1,0.05,0.09090909090909091,0.2,0.2857142857142857,0.41025641025641024,0.15,0.23076923076923078,0.41025641025641024,0.05,0.08333333333333333,0.27350427350427353,1.0,0.5
all_t20_2018_2026,1b04e02b,TS Rogers,True,2024,False,30,13,17,267.0,226,20.53846153846154,8.9,5.0,True,1.0,2.5,5.0,9.75,20.300000000000004,2.340255970831029,0,0.0,0.0,0.13333333333333333,0.25,0.38607922485038476,0.06666666666666667,0.13333333333333333,0.28955941863778856,0.0,0.0,0.28955941863778856,0.6666666666666666,
all_t20_2018_2026,f4427cc6,SM Whiteman,True,2023,False,19,19,0,267.0,234,14.052631578947368,14.052631578947368,8.0,True,1.6,4.0,8.0,16.5,33.19999999999999,1.999423249045209,2,0.10526315789473684,0.10526315789473684,0.21052631578947367,0.21052631578947367,0.21052631578947367,0.15789473684210525,0.15789473684210525,0.15789473684210525,0.05263157894736842,0.05263157894736842,0.052631578947368425,0.75,0.3333333333333333
all_t20_2018_2026,5d1e7582,BKG Mendis,False,2025,True,9,9,0,266.0,175,29.555555555555557,29.555555555555557,23.0,True,9.4,20.0,23.0,37.0,47.2,1.4009775168155496,0,0.0,0.0,0.7777777777777778,0.7777777777777778,0.7777777777777777,0.3333333333333333,0.3333333333333333,0.33333333333333337,0.1111111111111111,0.1111111111111111,0.11111111111111113,0.42857142857142855,0.3333333333333333
all_t20_2018_2026,e635a5dd,Dhruv Raval,True,2021,False,13,11,2,266.0,206,24.181818181818183,20.46153846153846,13.0,True,2.2,7.0,13.0,29.0,40.0,1.3334758515829193,0,0.0,0.0,0.38461538461538464,0.4166666666666667,0.46153846153846156,0.23076923076923078,0.25,0.27692307692307694,0.07692307692307693,0.08333333333333333,0.09230769230769233,0.6,0.3333333333333333
all_t20_2018_2026,0ed1a112,Ganesh Satish,True,2023,False,19,17,2,265.0,324,15.588235294117647,13.947368421052632,6.0,True,1.0,3.0,6.0,26.0,32.599999999999994,1.120790815106241,1,0.05263157894736842,0.058823529411764705,0.3157894736842105,0.3333333333333333,0.34008097165991896,0.21052631578947367,0.2222222222222222,0.22672064777327933,0.05263157894736842,0.05555555555555555,0.056680161943319846,0.6666666666666666,0.25
all_t20_2018_2026,805b89d7,RP Sharma,True,2023,False,17,11,6,265.0,199,24.09090909090909,15.588235294117647,11.0,True,1.0,2.0,11.0,28.0,41.400000000000006,0.9761825971592115,0,0.0,0.0,0.29411764705882354,0.38461538461538464,0.4309416074121957,0.17647058823529413,0.25,0.3232062055591468,0.058823529411764705,0.09090909090909091,0.2154708037060979,0.75,0.5
all_t20_2018_2026,ad72e8cc,Lakhan Singh,False,2021,False,9,9,0,264.0,203,29.333333333333332,29.333333333333332,17.0,True,4.0,8.0,17.0,38.0,69.0,0.8070582538178138,1,0.1111111111111111,0.1111111111111111,0.4444444444444444,0.4444444444444444,0.4444444444444445,0.4444444444444444,0.4444444444444444,0.4444444444444445,0.2222222222222222,0.2222222222222222,0.22222222222222227,1.0,0.5
all_t20_2018_2026,c10a99ec,MD Rahmatullah,True,2020,False,13,11,2,261.0,211,23.727272727272727,20.076923076923077,18.0,True,1.2000000000000002,3.0,18.0,32.0,42.800000000000004,0.8079092017357994,1,0.07692307692307693,0.09090909090909091,0.46153846153846156,0.5,0.5128205128205128,0.3076923076923077,0.3333333333333333,0.3418803418803419,0.07692307692307693,0.09090909090909091,0.17094017094017094,0.6666666666666666,0.3333333333333333
all_t20_2018_2026,9e7225b0,Saurav Chauhan,True,2024,False,16,14,2,260.0,217,18.571428571428573,16.25,9.0,True,0.5,5.0,9.0,27.5,42.0,0.9297531305861133,2,0.125,0.14285714285714285,0.3125,0.3125,0.3125,0.25,0.25,0.25,0.0625,0.06666666666666667,0.125,0.8,0.3333333333333333
all_t20_2018_2026,cc8531c2,Vishal Kushwah,True,2021,False,13,8,5,257.0,160,32.125,19.76923076923077,13.0,True,7.0,10.0,13.0,20.0,41.800000000000004,1.231104332497848,0,0.0,0.0,0.3076923076923077,0.4,0.5192307692307693,0.23076923076923078,0.3333333333333333,0.5192307692307693,0.07692307692307693,0.1111111111111111,0.1730769230769231,1.0,0.3333333333333333
all_t20_2018_2026,8f607eea,NA Rathva,True,2023,False,17,15,2,256.0,216,17.066666666666666,15.058823529411764,13.0,True,0.6000000000000001,5.0,13.0,17.0,37.400000000000006,1.11450636225081,2,0.11764705882352941,0.13333333333333333,0.17647058823529413,0.1875,0.21176470588235297,0.17647058823529413,0.1875,0.21176470588235297,0.0,0.0,0.0,1.0,0.0
all_t20_2018_2026,60c28835,C Kellaway,True,2025,True,17,14,3,255.0,207,18.214285714285715,15.0,13.0,True,1.0,3.0,13.0,25.0,30.6,0.46280606686543363,1,0.058823529411764705,0.07142857142857142,0.35294117647058826,0.4,0.407239819004525,0.11764705882352941,0.13333333333333333,0.13574660633484167,0.0,0.0,0.06787330316742084,0.3333333333333333,0.0
all_t20_2018_2026,890946a0,NV Ojha,True,2019,False,11,11,0,255.0,187,23.181818181818183,23.181818181818183,19.0,True,1.0,4.0,19.0,31.0,56.0,0.9974736302090034,1,0.09090909090909091,0.09090909090909091,0.45454545454545453,0.45454545454545453,0.45454545454545464,0.2727272727272727,0.2727272727272727,0.2727272727272728,0.18181818181818182,0.18181818181818182,0.1818181818181819,0.6,0.6666666666666666
all_t20_2018_2026,145903a5,Arjit Gupta,True,2022,False,16,14,2,252.0,184,18.0,15.75,11.5,True,4.0,5.75,11.5,17.0,42.5,1.1922382319332319,1,0.0625,0.07142857142857142,0.1875,0.1875,0.1875,0.1875,0.1875,0.1875,0.0,0.0,0.0,1.0,0.0
all_t20_2018_2026,2ada2d82,S Gani,True,2022,False,11,8,3,252.0,224,31.5,22.90909090909091,21.0,True,14.0,15.5,21.0,26.5,33.0,1.3374718435080182,0,0.0,0.0,0.5454545454545454,0.5454545454545454,0.5454545454545454,0.2727272727272727,0.2727272727272727,0.2727272727272727,0.09090909090909091,0.1111111111111111,0.2727272727272727,0.5,1.0
all_t20_2018_2026,3c28853f,Sediqullah Atal,True,2025,True,11,11,0,252.0,198,22.90909090909091,22.90909090909091,9.0,True,7.0,7.5,9.0,28.5,66.0,1.2207972546299202,1,0.09090909090909091,0.09090909090909091,0.36363636363636365,0.36363636363636365,0.36363636363636365,0.2727272727272727,0.2727272727272727,0.2727272727272727,0.18181818181818182,0.18181818181818182,0.18181818181818182,0.75,0.6666666666666666
all_t20_2018_2026,0af4a90b,J Avendano,True,2021,False,17,17,0,251.0,223,14.764705882352942,14.764705882352942,8.0,True,0.6000000000000001,4.0,8.0,23.0,36.800000000000004,1.170558984260158,2,0.11764705882352941,0.11764705882352941,0.29411764705882354,0.29411764705882354,0.29411764705882354,0.17647058823529413,0.17647058823529413,0.17647058823529413,0.058823529411764705,0.058823529411764705,0.05882352941176472,0.6,0.3333333333333333
all_t20_2018_2026,783e6111,Chirag Jani,True,2024,False,15,7,8,251.0,180,35.857142857142854,16.733333333333334,9.0,True,0.0,2.0,9.0,21.5,38.8,1.787165324369315,3,0.2,0.42857142857142855,0.26666666666666666,0.4444444444444444,0.6545454545454545,0.2,0.3333333333333333,0.4909090909090909,0.06666666666666667,0.125,0.24545454545454545,0.75,0.5
all_t20_2018_2026,b0f2baf4,Sanvir Singh,True,2024,False,17,6,11,251.0,136,41.833333333333336,14.764705882352942,8.0,True,1.6,4.0,8.0,22.0,30.800000000000004,1.2843998328091548,1,0.058823529411764705,0.16666666666666666,0.29411764705882354,0.45454545454545453,0.573529411764706,0.11764705882352941,0.25,0.573529411764706,0.058823529411764705,0.14285714285714285,0.573529411764706,1.0,1.0
all_t20_2018_2026,487f5721,Yash Nahar,True,2021,False,12,11,1,250.0,205,22.727272727272727,20.833333333333332,9.5,True,0.0,0.0,9.5,31.25,43.400000000000006,1.7607000357062412,5,0.4166666666666667,0.45454545454545453,0.3333333333333333,0.3333333333333333,0.33333333333333337,0.25,0.25,0.25,0.08333333333333333,0.08333333333333333,0.08333333333333334,0.75,0.3333333333333333
all_t20_2018_2026,85dcb721,TJ Moores,True,2026,True,22,15,7,250.0,181,16.666666666666668,11.363636363636363,8.0,True,0.0,1.25,8.0,15.25,21.700000000000006,1.8698289387434004,3,0.13636363636363635,0.2,0.13636363636363635,0.17647058823529413,0.2162725742271197,0.09090909090909091,0.125,0.2162725742271197,0.045454545454545456,0.06666666666666667,0.2162725742271197,1.0,1.0
all_t20_2018_2026,1c914163,Yuvraj Singh,True,2023,False,17,14,3,249.0,222,17.785714285714285,14.647058823529411,14.0,True,1.0,4.0,14.0,20.0,29.200000000000003,1.2939318587299982,1,0.058823529411764705,0.07142857142857142,0.29411764705882354,0.35714285714285715,0.4010695187165776,0.11764705882352941,0.14285714285714285,0.16042780748663107,0.058823529411764705,0.07142857142857142,0.08021390374331554,0.4,0.5
all_t20_2018_2026,3979b5e0,L Tucker,True,2025,True,11,10,1,249.0,209,24.9,22.636363636363637,21.0,True,8.0,11.5,21.0,34.5,38.0,-0.2275471459055358,0,0.0,0.0,0.6363636363636364,0.6363636363636364,0.6363636363636362,0.45454545454545453,0.45454545454545453,0.4545454545454545,0.0,0.0,0.09090909090909091,0.7142857142857143,0.0
all_t20_2018_2026,e62dd25d,K Rabada,True,2026,True,48,26,22,249.0,231,9.576923076923077,5.1875,3.0,True,0.0,1.0,3.0,8.25,12.0,1.561891706140506,4,0.08333333333333333,0.15384615384615385,0.041666666666666664,0.07407407407407407,0.24893887945670629,0.0,0.0,0.0,0.0,0.0,0.0,0.0,
all_t20_2018_2026,d11f0758,Kishan Lyngdoh,False,2021,False,5,4,1,247.0,173,61.75,49.4,52.0,False,12.4,22.0,52.0,82.0,83.8,-0.1437690348290434,0,0.0,0.0,0.8,0.8,0.8,0.6,0.6,0.6000000000000001,0.6,0.6,0.6000000000000001,0.75,1.0
all_t20_2018_2026,0861a8d6,Rajesh Dhuper,True,2021,False,15,13,2,246.0,267,18.923076923076923,16.4,13.0,True,4.4,9.0,13.0,22.5,33.0,0.5898868950632364,1,0.06666666666666667,0.07692307692307693,0.3333333333333333,0.3333333333333333,0.3333333333333335,0.13333333333333333,0.14285714285714285,0.17777777777777787,0.0,0.0,0.08888888888888893,0.5,0.0
all_t20_2018_2026,13c19f32,ND Dattani,True,2026,True,32,20,12,245.0,266,12.25,7.65625,5.0,True,1.0,2.0,5.0,8.25,12.800000000000004,2.2368658763973803,1,0.03125,0.05,0.09375,0.13636363636363635,0.17719565217391306,0.0625,0.09523809523809523,0.17719565217391306,0.0,0.0,0.08859782608695653,1.0,0.0
all_t20_2018_2026,35205dfc,DR Smith,True,2019,False,14,14,0,245.0,205,17.5,17.5,11.0,True,1.3,2.5,11.0,24.5,49.00000000000003,1.1916697704433508,1,0.07142857142857142,0.07142857142857142,0.35714285714285715,0.35714285714285715,0.35714285714285726,0.14285714285714285,0.14285714285714285,0.14285714285714293,0.14285714285714285,0.14285714285714285,0.14285714285714293,0.4,1.0
all_t20_2018_2026,249d60c9,AU Rashid,True,2025,True,36,21,15,244.0,194,11.619047619047619,6.777777777777778,4.5,True,0.0,1.0,4.5,10.0,16.5,1.0169805358186816,5,0.1388888888888889,0.23809523809523808,0.05555555555555555,0.09090909090909091,0.20177487342763195,0.0,0.0,0.0,0.0,0.0,0.0,0.0,
all_t20_2018_2026,4175d211,SK Springer,True,2026,True,26,16,10,244.0,225,15.25,9.384615384615385,7.0,True,1.0,2.25,7.0,13.5,21.0,1.4559364408300297,2,0.07692307692307693,0.125,0.11538461538461539,0.1875,0.3674344231619774,0.07692307692307693,0.125,0.24495628210798495,0.0,0.0,0.0,0.6666666666666666,0.0
all_t20_2018_2026,0fa5042b,L Ronchi,True,2018,False,12,11,1,243.0,194,22.09090909090909,20.25,11.5,True,0.10000000000000009,4.75,11.5,31.5,43.8,0.9454911109899173,2,0.16666666666666666,0.18181818181818182,0.4166666666666667,0.4166666666666667,0.4166666666666667,0.25,0.25,0.25,0.08333333333333333,0.08333333333333333,0.08333333333333334,0.6,0.3333333333333333
all_t20_2018_2026,970ddd24,Suryansh Shedge,True,2026,True,13,7,6,243.0,129,34.714285714285715,18.692307692307693,9.0,True,2.2,4.0,9.0,35.0,36.0,0.7660261194237523,0,0.0,0.0,0.46153846153846156,0.6,0.6663461538461538,0.3076923076923077,0.4444444444444444,0.5330769230769231,0.07692307692307693,0.14285714285714285,0.3998076923076923,0.8,0.5
all_t20_2018_2026,9cd9e3f4,Denish Das,True,2023,False,15,14,1,243.0,273,17.357142857142858,16.2,15.0,True,4.0,9.5,15.0,18.5,33.2,0.47256527600996073,1,0.06666666666666667,0.07142857142857142,0.2,0.21428571428571427,0.2333333333333334,0.2,0.21428571428571427,0.2333333333333334,0.0,0.0,0.0,1.0,0.0
all_t20_2018_2026,c6625a26,CE Dean,True,2026,True,31,23,8,243.0,236,10.565217391304348,7.838709677419355,7.0,True,1.0,2.5,7.0,12.0,16.0,1.0211118033412747,1,0.03225806451612903,0.043478260869565216,0.03225806451612903,0.043478260869565216,0.05963675792897805,0.0,0.0,0.0,0.0,0.0,0.0,0.0,
all_t20_2018_2026,2461eef2,PA Reddy,True,2019,False,10,9,1,242.0,198,26.88888888888889,24.2,15.0,True,0.9,7.25,15.0,43.0,49.19999999999999,0.6533887062070723,1,0.1,0.1111111111111111,0.5,0.5,0.5,0.4,0.4,0.4,0.1,0.1,0.10000000000000002,0.8,0.25
all_t20_2018_2026,dde809f3,Techi Doria,True,2023,False,16,15,1,242.0,304,16.133333333333333,15.125,12.0,True,1.0,2.0,12.0,24.5,31.5,0.5495273737045562,2,0.125,0.13333333333333333,0.4375,0.4375,0.4375,0.125,0.13333333333333333,0.1875,0.0,0.0,0.0,0.3333333333333333,0.0
all_t20_2018_2026,2e81a32d,B Kumar,True,2026,True,45,20,25,241.0,253,12.05,5.355555555555555,3.0,True,0.40000000000000036,1.0,3.0,7.0,13.600000000000001,1.9161343307067544,3,0.06666666666666667,0.15,0.06666666666666667,0.14285714285714285,0.3707085745795423,0.0,0.0,0.0,0.0,0.0,0.0,0.0,
all_t20_2018_2026,15bbe51b,Lalhmangaiha,True,2022,False,20,18,2,240.0,338,13.333333333333334,12.0,11.0,True,0.0,5.0,11.0,16.0,22.0,0.9847783278300358,2,0.1,0.1111111111111111,0.2,0.2222222222222222,0.23823529411764713,0.05,0.05555555555555555,0.05955882352941179,0.0,0.0,0.0,0.25,0.0
all_t20_2018_2026,7c7d63a2,AJ Tye,True,2026,True,43,28,15,240.0,208,8.571428571428571,5.5813953488372094,4.0,True,0.0,1.0,4.0,6.5,13.0,3.1289040247630813,8,0.18604651162790697,0.2857142857142857,0.046511627906976744,0.07142857142857142,0.1309147397083553,0.023255813953488372,0.03571428571428571,0.06545736985417765,0.0,0.0,0.0,0.5,0.0
all_t20_2018_2026,521595e7,JEK Rew,True,2026,True,12,9,3,239.0,195,26.555555555555557,19.916666666666668,20.5,False,0.10000000000000009,6.25,20.5,29.25,41.7,0.2699902007678691,2,0.16666666666666666,0.2222222222222222,0.5,0.5454545454545454,0.5833333333333333,0.25,0.3,0.36458333333333326,0.0,0.0,0.0,0.6,0.0
all_t20_2018_2026,56ab442f,NM Coulter-Nile,True,2023,False,34,25,9,239.0,174,9.56,7.029411764705882,4.0,True,0.0,1.0,4.0,8.75,20.0,1.2920367469430156,8,0.23529411764705882,0.32,0.14705882352941177,0.17857142857142858,0.2295168067226891,0.029411764705882353,0.038461538461538464,0.09180672268907564,0.0,0.0,0.09180672268907564,0.3333333333333333,
all_t20_2018_2026,c224c5ef,Abhimanyu Rana,True,2022,False,12,11,1,238.0,217,21.636363636363637,19.833333333333332,15.5,True,0.20000000000000018,4.25,15.5,26.5,39.7,1.2186391498654336,2,0.16666666666666666,0.18181818181818182,0.5,0.5,0.5,0.16666666666666666,0.16666666666666666,0.16666666666666669,0.08333333333333333,0.08333333333333333,0.08333333333333334,0.3333333333333333,0.5
all_t20_2018_2026,d38c03d4,Kunal Chandela,True,2022,False,13,11,2,238.0,216,21.636363636363637,18.307692307692307,12.0,True,4.6000000000000005,9.0,12.0,26.0,34.800000000000004,0.8192759670413916,0,0.0,0.0,0.38461538461538464,0.4166666666666667,0.4615384615384616,0.23076923076923078,0.25,0.276923076923077,0.0,0.0,0.0,0.6,0.0
all_t20_2018_2026,6033d30a,Ritwik Roy Chowdhury,True,2024,False,16,9,7,237.0,184,26.333333333333332,14.8125,13.5,True,5.5,7.0,13.5,19.5,29.5,0.7005385132784613,0,0.0,0.0,0.25,0.4,0.42000000000000015,0.125,0.2,0.2100000000000001,0.0,0.0,0.10500000000000005,0.5,0.0
all_t20_2018_2026,84085032,Eknath Kerkar,True,2023,False,15,13,2,237.0,207,18.23076923076923,15.8,9.0,True,0.0,3.5,9.0,25.5,42.199999999999996,0.8349724672882087,3,0.2,0.23076923076923078,0.26666666666666666,0.3076923076923077,0.3490909090909092,0.26666666666666666,0.3076923076923077,0.3490909090909092,0.0,0.0,0.0,1.0,0.0
all_t20_2018_2026,85aae393,Iqbal Abdulla,True,2021,False,14,10,4,237.0,236,23.7,16.928571428571427,13.0,True,7.0,8.25,13.0,19.5,34.900000000000006,1.1350690556021774,0,0.0,0.0,0.2857142857142857,0.36363636363636365,0.4444444444444445,0.21428571428571427,0.2727272727272727,0.33333333333333337,0.0,0.0,0.11111111111111113,0.75,0.0
all_t20_2018_2026,05c2ca46,RE van der Merwe,True,2023,False,23,6,17,236.0,184,39.333333333333336,10.26086956521739,7.0,True,1.2000000000000002,2.5,7.0,17.5,20.8,0.6149523752363782,0,0.0,0.0,0.21739130434782608,0.5555555555555556,0.7486631016042781,0.043478260869565216,0.16666666666666666,0.4991087344028521,0.0,0.0,0.0,0.5,0.0
all_t20_2018_2026,fc60e81a,B Parsons,True,2025,True,10,10,0,236.0,190,23.6,23.6,20.5,True,0.0,4.75,20.5,38.25,48.3,0.360943526700117,2,0.2,0.2,0.5,0.5,0.5000000000000001,0.4,0.4,0.40000000000000013,0.1,0.1,0.10000000000000005,0.8,0.25
all_t20_2018_2026,9e85455c,MS Harris,True,2024,False,22,22,0,235.0,244,10.681818181818182,10.681818181818182,7.5,True,2.0,3.0,7.5,14.75,21.900000000000002,1.437706411666308,0,0.0,0.0,0.22727272727272727,0.22727272727272727,0.22727272727272727,0.045454545454545456,0.045454545454545456,0.045454545454545456,0.0,0.0,0.0,0.2,0.0
all_t20_2018_2026,10b79140,TS Muyeye,True,2025,True,14,13,1,234.0,173,18.0,16.714285714285715,14.5,True,0.9000000000000001,6.0,14.5,22.25,30.30000000000001,1.4088651350443744,2,0.14285714285714285,0.15384615384615385,0.35714285714285715,0.35714285714285715,0.3571428571428572,0.14285714285714285,0.14285714285714285,0.14285714285714288,0.07142857142857142,0.07142857142857142,0.07142857142857144,0.4,0.5
all_t20_2018_2026,78fd864b,EL Arlott,True,2026,True,28,19,9,234.0,206,12.31578947368421,8.357142857142858,6.0,True,0.7000000000000002,2.0,6.0,12.25,18.500000000000004,1.2972266877816239,3,0.10714285714285714,0.15789473684210525,0.10714285714285714,0.14285714285714285,0.2543171114599687,0.03571428571428571,0.05,0.16954474097331249,0.0,0.0,0.16954474097331249,0.5,
all_t20_2018_2026,ed90abe4,AP Devcich,True,2018,False,16,15,1,234.0,192,15.6,14.625,10.0,True,1.5,5.5,10.0,21.25,30.5,1.2053352841109473,1,0.0625,0.06666666666666667,0.3125,0.3333333333333333,0.3365384615384617,0.125,0.13333333333333333,0.13461538461538466,0.0625,0.06666666666666667,0.06730769230769233,0.4,0.5
all_t20_2018_2026,773cec26,JN Mohammed,True,2021,False,17,15,2,233.0,220,15.533333333333333,13.705882352941176,10.0,True,0.0,4.0,10.0,20.0,30.6,1.364639214015016,3,0.17647058823529413,0.2,0.29411764705882354,0.3125,0.3431372549019607,0.11764705882352941,0.13333333333333333,0.17156862745098037,0.058823529411764705,0.06666666666666667,0.08578431372549018,0.5,0.5
all_t20_2018_2026,95a15317,CG Benjamin,True,2024,False,21,14,7,233.0,200,16.642857142857142,11.095238095238095,9.0,True,1.0,3.0,9.0,17.0,24.0,0.9276350727655671,2,0.09523809523809523,0.14285714285714285,0.19047619047619047,0.2222222222222222,0.2444614209320092,0.047619047619047616,0.06666666666666667,0.2444614209320092,0.0,0.0,0.2444614209320092,1.0,
all_t20_2018_2026,c88bc84a,Miles Hammond,True,2022,False,14,10,4,232.0,172,23.2,16.571428571428573,15.0,True,3.3,4.25,15.0,26.0,35.900000000000006,0.6502324286630459,0,0.0,0.0,0.35714285714285715,0.4166666666666667,0.43269230769230776,0.21428571428571427,0.25,0.2596153846153847,0.0,0.0,0.17307692307692316,0.6,0.0
all_t20_2018_2026,e1e7f950,Akshay Karnewar,True,2022,False,20,17,3,231.0,189,13.588235294117647,11.55,8.0,True,0.9000000000000001,2.75,8.0,17.25,28.500000000000007,0.8710306055127246,2,0.1,0.11764705882352941,0.25,0.2631578947368421,0.26785714285714296,0.1,0.1111111111111111,0.16071428571428578,0.0,0.0,0.08035714285714289,0.5,0.0
all_t20_2018_2026,d83c2dbe,K Pooran,False,2026,True,7,6,1,230.0,136,38.333333333333336,32.857142857142854,25.0,True,8.400000000000002,16.5,25.0,45.5,64.80000000000001,0.6706929589185396,1,0.14285714285714285,0.16666666666666666,0.5714285714285714,0.5714285714285714,0.5714285714285715,0.42857142857142855,0.42857142857142855,0.4285714285714286,0.2857142857142857,0.2857142857142857,0.28571428571428575,0.75,0.6666666666666666
all_t20_2018_2026,0a4736eb,Asif Ali,True,2022,False,21,20,1,229.0,198,11.45,10.904761904761905,7.0,True,2.0,4.0,7.0,14.0,22.0,1.956872562227437,0,0.0,0.0,0.14285714285714285,0.14285714285714285,0.14285714285714288,0.09523809523809523,0.09523809523809523,0.09523809523809526,0.0,0.0,0.04761904761904763,0.6666666666666666,0.0
all_t20_2018_2026,70a9b353,Rahul Buddhi,True,2023,False,15,10,5,229.0,185,22.9,15.266666666666667,13.0,True,3.4000000000000004,8.5,13.0,22.5,25.6,0.5921516200876078,0,0.0,0.0,0.4,0.46153846153846156,0.4642857142857143,0.06666666666666667,0.09090909090909091,0.15476190476190477,0.0,0.0,0.15476190476190477,0.25,
all_t20_2018_2026,a76d10ba,TM Srivastava,False,2019,False,6,4,2,229.0,190,57.25,38.166666666666664,44.0,False,8.5,19.5,44.0,55.0,62.0,-0.3384093348491025,0,0.0,0.0,0.6666666666666666,0.6666666666666666,0.6666666666666667,0.6666666666666666,0.6666666666666666,0.6666666666666667,0.3333333333333333,0.4,0.5,1.0,0.6666666666666666
all_t20_2018_2026,7a8bd078,S Gopal,True,2023,False,26,19,7,228.0,194,12.0,8.76923076923077,7.5,True,0.0,1.0,7.5,16.0,19.5,0.420861932203885,6,0.23076923076923078,0.3157894736842105,0.11538461538461539,0.15,0.2362082362082362,0.0,0.0,0.0,0.0,0.0,0.0,0.0,
all_t20_2018_2026,dff806f4,NJ Carey,True,2026,True,16,10,6,228.0,183,22.8,14.25,9.5,True,1.0,4.75,9.5,25.5,29.5,0.39615895199183443,2,0.125,0.2,0.3125,0.38461538461538464,0.4296875,0.125,0.16666666666666666,0.21484375000000003,0.0,0.0,0.21484375000000003,0.5,
all_t20_2018_2026,17bcec2a,D Forrester,True,2026,True,12,6,6,227.0,142,37.833333333333336,18.916666666666668,10.5,True,5.2,7.75,10.5,17.25,42.00000000000001,2.012553096733001,0,0.0,0.0,0.25,0.375,0.48611111111111116,0.16666666666666666,0.25,0.3240740740740741,0.08333333333333333,0.14285714285714285,0.3240740740740741,0.6666666666666666,1.0
all_t20_2018_2026,c3b93a03,J Blackwood,True,2023,False,10,10,0,227.0,232,22.7,22.7,24.0,False,0.9,9.0,24.0,27.75,33.499999999999986,1.3444738880779885,1,0.1,0.1,0.6,0.6,0.6,0.1,0.1,0.10000000000000002,0.1,0.1,0.10000000000000002,0.16666666666666666,1.0
all_t20_2018_2026,3d51cc7e,Chirag Khurana,False,2021,False,5,3,2,226.0,175,75.33333333333333,45.2,42.0,True,26.0,26.0,42.0,54.0,68.4,0.5876893407700121,0,0.0,0.0,1.0,1.0,1.0,0.6,0.6,0.6,0.4,0.5,0.6,0.6,1.0
all_t20_2018_2026,9a0e4ca5,SE Gotch,True,2020,False,22,15,7,226.0,223,15.066666666666666,10.272727272727273,9.0,True,1.1,2.25,9.0,14.75,18.0,1.2518508132281492,1,0.045454545454545456,0.06666666666666667,0.09090909090909091,0.125,0.14392610313662943,0.09090909090909091,0.125,0.14392610313662943,0.0,0.0,0.0,1.0,0.0
all_t20_2018_2026,a28132bd,FC Wilson,True,2024,False,26,23,3,225.0,242,9.782608695652174,8.653846153846153,5.5,True,1.0,2.0,5.5,13.5,21.5,0.8174684829791807,1,0.038461538461538464,0.043478260869565216,0.23076923076923078,0.2608695652173913,0.28771228771228763,0.0,0.0,0.0,0.0,0.0,0.0,0.0,
all_t20_2018_2026,a64608ec,Rishabh Chouhan,True,2023,False,16,13,3,225.0,190,17.307692307692307,14.0625,13.5,True,0.5,1.75,13.5,18.5,25.0,1.837172565614869,2,0.125,0.15384615384615385,0.25,0.3076923076923077,0.40178571428571436,0.0625,0.07692307692307693,0.10044642857142859,0.0625,0.07692307692307693,0.10044642857142859,0.25,1.0
all_t20_2018_2026,c910e89d,Kshitiz Sharma,False,2021,False,8,4,4,225.0,173,56.25,28.125,20.0,True,4.7,9.5,20.0,48.0,57.3,0.46566437258876414,0,0.0,0.0,0.5,0.5714285714285714,0.625,0.375,0.42857142857142855,0.46875,0.25,0.3333333333333333,0.46875,0.75,1.0
all_t20_2018_2026,e8a552ef,Usman Khan,True,2026,True,12,11,1,225.0,186,20.454545454545453,18.75,18.5,True,10.0,12.25,18.5,23.75,27.8,0.27656085196331753,0,0.0,0.0,0.5,0.5454545454545454,0.5833333333333333,0.08333333333333333,0.09090909090909091,0.09722222222222222,0.0,0.0,0.0,0.16666666666666666,0.0
all_t20_2018_2026,40e4cf47,MF Hurst,True,2025,True,15,15,0,223.0,183,14.866666666666667,14.866666666666667,4.0,True,0.8000000000000003,2.0,4.0,20.0,41.19999999999999,1.851029326772729,2,0.13333333333333333,0.13333333333333333,0.26666666666666666,0.26666666666666666,0.2666666666666667,0.13333333333333333,0.13333333333333333,0.1333333333333334,0.13333333333333333,0.13333333333333333,0.1333333333333334,0.5,1.0
all_t20_2018_2026,436c763a,BJ McMullen,True,2025,True,11,9,2,223.0,190,24.77777777777778,20.272727272727273,15.0,True,1.0,8.0,15.0,20.0,58.0,1.2392017026428215,1,0.09090909090909091,0.1111111111111111,0.2727272727272727,0.3,0.303030303030303,0.18181818181818182,0.2,0.20202020202020202,0.18181818181818182,0.2,0.20202020202020202,0.6666666666666666,1.0
all_t20_2018_2026,904585d1,Vikas Hathwala,True,2021,False,15,10,5,223.0,196,22.3,14.866666666666667,11.0,True,2.2,5.0,11.0,17.0,30.599999999999994,1.903958380274538,0,0.0,0.0,0.13333333333333333,0.16666666666666666,0.23692307692307693,0.13333333333333333,0.16666666666666666,0.23692307692307693,0.06666666666666667,0.09090909090909091,0.23692307692307693,1.0,1.0
all_t20_2018_2026,1f0b8f44,Prashanth Kumar,True,2020,False,11,10,1,221.0,197,22.1,20.09090909090909,14.0,True,4.0,6.5,14.0,27.5,45.0,0.9092163360752645,0,0.0,0.0,0.45454545454545453,0.5,0.5194805194805195,0.2727272727272727,0.3,0.31168831168831174,0.09090909090909091,0.1,0.10389610389610392,0.6,0.3333333333333333
all_t20_2018_2026,9170ff49,Parvez Rasool,True,2021,False,11,7,4,221.0,160,31.571428571428573,20.09090909090909,17.0,True,5.0,8.0,17.0,27.5,34.0,1.1507102606498514,0,0.0,0.0,0.36363636363636365,0.4444444444444444,0.5113636363636364,0.2727272727272727,0.3333333333333333,0.3835227272727273,0.09090909090909091,0.125,0.25568181818181823,0.75,0.5
all_t20_2018_2026,d6ac52e8,Akhilesh Sahani,True,2021,False,18,15,3,221.0,205,14.733333333333333,12.277777777777779,8.0,True,3.1000000000000005,5.0,8.0,15.25,31.0,1.3041390031216435,1,0.05555555555555555,0.06666666666666667,0.16666666666666666,0.1875,0.24074074074074076,0.16666666666666666,0.1875,0.24074074074074076,0.0,0.0,0.08024691358024692,1.0,0.0
all_t20_2018_2026,ea544967,N de Klerk,True,2026,True,10,7,3,221.0,162,31.571428571428573,22.1,13.0,True,4.9,10.25,13.0,37.25,42.0,0.49317646504234447,0,0.0,0.0,0.4,0.4444444444444444,0.5,0.4,0.4444444444444444,0.5,0.1,0.125,0.25,1.0,0.3333333333333333
all_t20_2018_2026,2344bdd1,SR Dickson,True,2026,True,16,10,6,220.0,164,22.0,13.75,10.0,True,1.0,2.75,10.0,18.5,28.5,1.376214249178827,2,0.125,0.2,0.25,0.3333333333333333,0.4218750000000001,0.125,0.18181818181818182,0.2812500000000001,0.0625,0.09090909090909091,0.14062500000000006,0.6666666666666666,0.5
all_t20_2018_2026,1d8c298b,M Louis,True,2026,True,11,10,1,219.0,164,21.9,19.90909090909091,9.0,True,2.0,5.5,9.0,30.5,56.0,1.015494889016961,1,0.09090909090909091,0.1,0.36363636363636365,0.4,0.45454545454545453,0.36363636363636365,0.4,0.45454545454545453,0.18181818181818182,0.2,0.2272727272727273,1.0,0.5
all_t20_2018_2026,b13c506b,Joshua Ozukum,True,2023,False,10,9,1,219.0,181,24.333333333333332,21.9,15.5,True,3.6,4.5,15.5,19.75,50.499999999999986,1.7705019855604676,0,0.0,0.0,0.3,0.3333333333333333,0.3333333333333334,0.2,0.2222222222222222,0.22222222222222232,0.1,0.1111111111111111,0.11111111111111116,0.6666666666666666,0.5
all_t20_2018_2026,59da1e8a,Kangabam Singh,True,2023,False,18,15,3,217.0,290,14.466666666666667,12.055555555555555,6.0,True,0.0,2.5,6.0,16.0,28.900000000000016,1.756219138576427,2,0.1111111111111111,0.13333333333333333,0.2222222222222222,0.23529411764705882,0.237037037037037,0.1111111111111111,0.125,0.1580246913580247,0.05555555555555555,0.0625,0.07901234567901234,0.6666666666666666,0.5
all_t20_2018_2026,8812869d,Nikhil Gangta,False,2022,False,9,8,1,217.0,172,27.125,24.11111111111111,22.0,True,7.4,11.0,22.0,32.0,52.4,0.5973562618703967,0,0.0,0.0,0.5555555555555556,0.5555555555555556,0.5555555555555556,0.3333333333333333,0.375,0.4444444444444445,0.2222222222222222,0.25,0.29629629629629634,0.75,0.6666666666666666
all_t20_2018_2026,40c1eeeb,Aniruddha Joshi,True,2021,False,12,10,2,216.0,195,21.6,18.0,12.5,True,1.6000000000000005,10.0,12.5,24.0,28.8,1.679909588784373,0,0.0,0.0,0.3333333333333333,0.36363636363636365,0.375,0.08333333333333333,0.09090909090909091,0.09375000000000001,0.08333333333333333,0.09090909090909091,0.09375000000000001,0.25,1.0
all_t20_2018_2026,af863475,Bhanu Pania,True,2024,False,18,13,5,216.0,195,16.615384615384617,12.0,5.0,True,0.7000000000000002,1.0,5.0,16.5,29.000000000000007,1.5377223977231458,2,0.1111111111111111,0.15384615384615385,0.2222222222222222,0.26666666666666666,0.31207133058984904,0.1111111111111111,0.15384615384615385,0.31207133058984904,0.05555555555555555,0.07692307692307693,0.15603566529492452,1.0,0.5
all_t20_2018_2026,d30c6f81,Vishvaraj Jadeja,True,2024,False,14,12,2,216.0,184,18.0,15.428571428571429,12.5,True,2.3,3.75,12.5,22.75,29.500000000000007,1.0976833581218604,0,0.0,0.0,0.35714285714285715,0.38461538461538464,0.386904761904762,0.14285714285714285,0.15384615384615385,0.15476190476190482,0.07142857142857142,0.07692307692307693,0.07738095238095241,0.4,0.5
all_t20_2018_2026,2a72fd4f,Harmeet Singh,True,2026,True,28,24,4,215.0,202,8.958333333333334,7.678571428571429,6.0,True,0.7000000000000002,2.0,6.0,11.5,16.200000000000003,0.7835856423324102,3,0.10714285714285714,0.125,0.07142857142857142,0.08333333333333333,0.09790660225442835,0.0,0.0,0.0,0.0,0.0,0.0,0.0,
all_t20_2018_2026,ce2b42ae,Darshan Misal,True,2023,False,19,15,4,215.0,194,14.333333333333334,11.31578947368421,9.0,True,1.8,4.0,9.0,13.5,18.999999999999993,2.2202112431858176,0,0.0,0.0,0.10526315789473684,0.125,0.17368421052631583,0.05263157894736842,0.0625,0.08684210526315791,0.05263157894736842,0.0625,0.08684210526315791,0.5,1.0
all_t20_2018_2026,c9d6f9f2,Uvais Ahmad,False,2019,False,7,6,1,214.0,127,35.666666666666664,30.571428571428573,18.0,True,8.0,11.0,18.0,48.5,70.8,0.7685919366491599,0,0.0,0.0,0.42857142857142855,0.42857142857142855,0.4285714285714286,0.2857142857142857,0.2857142857142857,0.28571428571428575,0.2857142857142857,0.2857142857142857,0.28571428571428575,0.6666666666666666,1.0
all_t20_2018_2026,3c79f8af,RR Rathod,True,2020,False,11,9,2,213.0,163,23.666666666666668,19.363636363636363,23.0,False,2.0,3.0,23.0,31.5,38.0,0.370754597975432,1,0.09090909090909091,0.1111111111111111,0.5454545454545454,0.5454545454545454,0.5454545454545455,0.2727272727272727,0.2727272727272727,0.2727272727272728,0.09090909090909091,0.1111111111111111,0.2727272727272728,0.5,1.0
all_t20_2018_2026,a316d663,GC Viljoen,True,2026,True,25,15,10,213.0,199,14.2,8.52,2.0,True,1.0,1.0,2.0,10.0,29.800000000000004,1.3136430429737689,2,0.08,0.13333333333333333,0.2,0.3125,0.462962962962963,0.12,0.1875,0.27777777777777785,0.0,0.0,0.09259259259259263,0.6,0.0
all_t20_2018_2026,5663eaa5,N A Sharma,True,2022,False,15,14,1,211.0,171,15.071428571428571,14.066666666666666,6.0,True,0.0,3.5,6.0,15.0,31.4,2.238089225091743,3,0.2,0.21428571428571427,0.2,0.2,0.20000000000000004,0.13333333333333333,0.13333333333333333,0.1333333333333334,0.06666666666666667,0.07142857142857142,0.1333333333333334,0.6666666666666666,1.0
all_t20_2018_2026,53f27a35,BB Samantray,True,2020,False,12,12,0,210.0,171,17.5,17.5,8.5,True,1.0,1.75,8.5,30.25,46.300000000000004,0.6804714668475347,1,0.08333333333333333,0.08333333333333333,0.4166666666666667,0.4166666666666667,0.4166666666666667,0.3333333333333333,0.3333333333333333,0.33333333333333337,0.0,0.0,0.0,0.8,0.0
all_t20_2018_2026,8e48d9a3,Himalay Agarwal,True,2021,False,15,15,0,210.0,214,14.0,14.0,8.0,True,0.0,2.0,8.0,24.5,28.2,0.1685257769529302,4,0.26666666666666666,0.26666666666666666,0.4666666666666667,0.4666666666666667,0.46666666666666673,0.06666666666666667,0.06666666666666667,0.0666666666666667,0.0,0.0,0.0,0.14285714285714285,0.0
all_t20_2018_2026,3a60e0b5,WD Parnell,True,2023,False,21,13,8,209.0,176,16.076923076923077,9.952380952380953,9.0,True,1.0,2.0,9.0,13.0,22.0,0.6550663688546644,2,0.09523809523809523,0.15384615384615385,0.14285714285714285,0.21428571428571427,0.36839351125065417,0.0,0.0,0.12279783708355141,0.0,0.0,0.12279783708355141,0.0,
all_t20_2018_2026,23eeb873,DL Chahar,True,2026,True,26,14,12,208.0,172,14.857142857142858,8.0,3.0,True,0.0,1.0,3.0,8.0,19.0,2.496001235190498,4,0.15384615384615385,0.2857142857142857,0.11538461538461539,0.1875,0.24710866057019903,0.07692307692307693,0.13333333333333333,0.24710866057019903,0.038461538461538464,0.06666666666666667,0.12355433028509952,1.0,0.5
all_t20_2018_2026,a63d0c5a,SD Parris,True,2026,True,12,12,0,208.0,203,17.333333333333332,17.333333333333332,11.0,True,1.4000000000000004,5.75,11.0,29.5,34.6,1.0698031664215741,1,0.08333333333333333,0.08333333333333333,0.3333333333333333,0.3333333333333333,0.33333333333333337,0.25,0.25,0.25,0.08333333333333333,0.08333333333333333,0.08333333333333334,0.75,0.3333333333333333
all_t20_2018_2026,4cfda770,Lalhruaizela,True,2023,False,24,17,7,207.0,370,12.176470588235293,8.625,5.0,True,0.0,1.0,5.0,15.25,20.7,0.8539450150878949,5,0.20833333333333334,0.29411764705882354,0.16666666666666666,0.2,0.23529411764705885,0.041666666666666664,0.05555555555555555,0.15686274509803924,0.0,0.0,0.15686274509803924,0.5,
all_t20_2018_2026,4cb5e3d1,Bipin Saurabh,False,2022,False,8,8,0,206.0,171,25.75,25.75,20.5,True,0.0,9.0,20.5,34.75,58.0,0.7712024390643306,2,0.25,0.25,0.5,0.5,0.5,0.25,0.25,0.25,0.25,0.25,0.25,0.5,1.0
all_t20_2018_2026,0cb8626f,Sudip Chatterjee,True,2023,False,11,10,1,205.0,178,20.5,18.636363636363637,12.0,True,2.0,4.5,12.0,29.5,50.0,0.8903756140647819,0,0.0,0.0,0.2727272727272727,0.2727272727272727,0.2727272727272727,0.2727272727272727,0.2727272727272727,0.2727272727272727,0.18181818181818182,0.18181818181818182,0.18181818181818182,1.0,0.6666666666666666
all_t20_2018_2026,9b3bcca4,A Wellington,True,2025,True,22,15,7,205.0,169,13.666666666666666,9.318181818181818,6.5,True,0.0,1.0,6.5,15.75,24.700000000000006,0.973855274702458,3,0.13636363636363635,0.2,0.18181818181818182,0.23529411764705882,0.31681898348565013,0.045454545454545456,0.0625,0.10560632782855006,0.0,0.0,0.10560632782855006,0.3333333333333333,
all_t20_2018_2026,aedc3b7c,NS Naik,True,2020,False,19,11,8,205.0,185,18.636363636363637,10.789473684210526,7.0,True,0.8,5.0,7.0,16.0,20.599999999999998,1.4988236864069484,2,0.10526315789473684,0.18181818181818182,0.21052631578947367,0.3076923076923077,0.4633806739069897,0.05263157894736842,0.09090909090909091,0.23169033695349486,0.0,0.0,0.0,0.5,0.0
all_t20_2018_2026,4ed49d3d,AA Herwadkar,False,2022,False,6,6,0,203.0,200,33.833333333333336,33.833333333333336,25.5,True,13.0,18.25,25.5,47.75,63.0,0.6223301451987076,0,0.0,0.0,0.5,0.5,0.5,0.5,0.5,0.5,0.3333333333333333,0.3333333333333333,0.33333333333333337,1.0,0.6666666666666666
all_t20_2018_2026,d0540390,Nauman Anwar,True,2024,False,10,10,0,203.0,179,20.3,20.3,14.0,True,1.8,4.5,14.0,31.5,48.3,0.5158764474391955,1,0.1,0.1,0.4,0.4,0.4,0.4,0.4,0.4,0.1,0.1,0.10000000000000002,1.0,0.25
all_t20_2018_2026,d1f8b722,Shubham Sharma,False,2023,False,9,9,0,203.0,195,22.555555555555557,22.555555555555557,24.0,False,6.8,10.0,24.0,25.0,36.00000000000001,1.0118113195794576,0,0.0,0.0,0.5555555555555556,0.5555555555555556,0.5555555555555556,0.2222222222222222,0.2222222222222222,0.22222222222222224,0.1111111111111111,0.1111111111111111,0.11111111111111112,0.4,0.5
all_t20_2018_2026,e9cb8d60,Nitesh Sedai,True,2023,False,17,16,1,203.0,221,12.6875,11.941176470588236,6.0,True,0.0,0.0,6.0,20.0,29.200000000000003,1.2401138909370275,5,0.29411764705882354,0.3125,0.29411764705882354,0.29411764705882354,0.29411764705882354,0.11764705882352941,0.125,0.17647058823529413,0.0,0.0,0.0,0.5,0.0
all_t20_2018_2026,8a75e999,Babar Azam,True,2025,True,11,9,2,202.0,196,22.444444444444443,18.363636363636363,9.0,True,1.0,2.0,9.0,30.5,58.0,0.9637552631461326,1,0.09090909090909091,0.1111111111111111,0.2727272727272727,0.3,0.340909090909091,0.2727272727272727,0.3,0.340909090909091,0.18181818181818182,0.2,0.22727272727272735,1.0,0.6666666666666666
all_t20_2018_2026,6287d981,MJ Ackerman,True,2025,True,11,9,2,201.0,150,22.333333333333332,18.272727272727273,8.0,True,2.0,4.0,8.0,33.0,39.0,0.40218156738044514,1,0.09090909090909091,0.1111111111111111,0.45454545454545453,0.5,0.5194805194805195,0.2727272727272727,0.3,0.31168831168831174,0.0,0.0,0.0,0.6,0.0
all_t20_2018_2026,6375ef6a,Qamran Iqbal,False,2023,False,8,8,0,201.0,187,25.125,25.125,27.5,False,8.4,18.0,27.5,37.0,37.9,-0.6644021620459742,1,0.125,0.125,0.75,0.75,0.75,0.375,0.375,0.375,0.0,0.0,0.0,0.5,0.0
all_t20_2018_2026,d0513f63,CL White,True,2019,False,16,12,4,201.0,184,16.75,12.5625,8.5,True,1.5,2.0,8.5,17.25,30.5,0.9924481069314962,0,0.0,0.0,0.1875,0.25,0.3116883116883117,0.125,0.16666666666666666,0.2077922077922078,0.0,0.0,0.0,0.6666666666666666,0.0
all_t20_2018_2026,126e8cb3,Avneesh Sudha,True,2022,False,12,12,0,200.0,177,16.666666666666668,16.666666666666668,14.0,True,1.2000000000000002,4.5,14.0,23.5,38.2,0.5886875801106023,1,0.08333333333333333,0.08333333333333333,0.4166666666666667,0.4166666666666667,0.4166666666666667,0.25,0.25,0.25,0.0,0.0,0.0,0.6,0.0
all_t20_2018_2026,456f6d99,Mukhtar Ahmed,True,2026,True,17,11,6,200.0,163,18.181818181818183,11.764705882352942,9.0,True,1.0,6.0,9.0,18.0,19.4,0.985449971041936,0,0.0,0.0,0.11764705882352941,0.16666666666666666,0.2860198624904507,0.058823529411764705,0.08333333333333333,0.14300993124522535,0.0,0.0,0.14300993124522535,0.5,
all_t20_2018_2026,4c5d73db,CR Woakes,True,2026,True,25,14,11,200.0,170,14.285714285714286,8.0,4.0,True,0.0,1.0,4.0,11.0,15.600000000000001,3.220256659692963,4,0.16,0.2857142857142857,0.08,0.13333333333333333,0.4054331550802139,0.04,0.07142857142857142,0.4054331550802139,0.04,0.07142857142857142,0.4054331550802139,1.0,1.0
all_t20_2018_2026,7d92277a,Mujeeb Ur Rahman,True,2026,True,38,25,13,200.0,187,8.0,5.2631578947368425,1.5,True,0.0,0.0,1.5,5.0,18.0,1.9791323492053892,12,0.3157894736842105,0.48,0.05263157894736842,0.08,0.1955510786535717,0.02631578947368421,0.04,0.09777553932678586,0.0,0.0,0.0,0.5,0.0
all_t20_2018_2026,c15e2193,FY Fazal,False,2019,False,9,8,1,200.0,179,25.0,22.22222222222222,22.0,True,6.2,12.0,22.0,25.0,42.0,0.7800295896849415,0,0.0,0.0,0.5555555555555556,0.5555555555555556,0.5555555555555556,0.2222222222222222,0.2222222222222222,0.22222222222222227,0.1111111111111111,0.125,0.22222222222222227,0.4,1.0
all_t20_2018_2026,de098678,RA Clarke,True,2026,True,11,7,4,200.0,194,28.571428571428573,18.181818181818183,17.0,True,0.0,5.0,17.0,25.0,36.0,0.8328127441791138,1,0.09090909090909091,0.14285714285714285,0.36363636363636365,0.4444444444444444,0.4713804713804714,0.18181818181818182,0.2222222222222222,0.23569023569023573,0.09090909090909091,0.125,0.23569023569023573,0.5,1.0
all_t20_2018_2026,fdd837ba,TP Ward,False,2025,True,9,9,0,200.0,147,22.22222222222222,22.22222222222222,13.0,True,3.4000000000000004,8.0,13.0,27.0,42.000000000000014,1.91290709795194,0,0.0,0.0,0.3333333333333333,0.3333333333333333,0.33333333333333337,0.2222222222222222,0.2222222222222222,0.22222222222222227,0.1111111111111111,0.1111111111111111,0.11111111111111113,0.6666666666666666,0.5
all_t20_2018_2026,8291f939,AL Menaria,True,2022,False,10,10,0,198.0,157,19.8,19.8,14.5,True,0.9,3.25,14.5,22.75,52.599999999999994,1.1525060910258924,1,0.1,0.1,0.3,0.3,0.30000000000000004,0.2,0.2,0.20000000000000004,0.2,0.2,0.20000000000000004,0.6666666666666666,1.0
all_t20_2018_2026,ac688e55,G Roelofsen,False,2022,False,9,9,0,198.0,176,22.0,22.0,10.0,True,4.8,8.0,10.0,34.0,52.8,0.7746965743676186,0,0.0,0.0,0.4444444444444444,0.4444444444444444,0.4444444444444444,0.3333333333333333,0.3333333333333333,0.3333333333333333,0.2222222222222222,0.2222222222222222,0.22222222222222224,0.75,0.6666666666666666
all_t20_2018_2026,be869ccf,GHS Garton,True,2025,True,29,21,8,198.0,175,9.428571428571429,6.827586206896552,4.0,True,0.0,1.0,4.0,8.0,19.799999999999997,1.3463305214426715,4,0.13793103448275862,0.19047619047619047,0.10344827586206896,0.14285714285714285,0.1849578306821821,0.0,0.0,0.0,0.0,0.0,0.0,0.0,
all_t20_2018_2026,c96a215f,JS Lehmann,True,2021,False,12,10,2,198.0,185,19.8,16.5,7.5,True,0.0,1.5,7.5,22.0,45.400000000000006,1.243604063982577,3,0.25,0.3,0.25,0.3,0.35,0.25,0.3,0.35,0.08333333333333333,0.1,0.11666666666666667,1.0,0.3333333333333333
all_t20_2018_2026,e5b17517,IECM Wong,True,2026,True,30,25,5,198.0,181,7.92,6.6,4.0,True,0.0,1.0,4.0,9.0,18.60000000000001,1.4500235207053576,4,0.13333333333333333,0.16,0.1,0.11538461538461539,0.1303076923076923,0.0,0.0,0.0,0.0,0.0,0.0,0.0,
all_t20_2018_2026,4125d931,J Suchith,True,2022,False,21,10,11,197.0,150,19.7,9.380952380952381,8.0,True,0.0,3.0,8.0,13.0,18.0,1.2606697958307462,3,0.14285714285714285,0.3,0.09523809523809523,0.18181818181818182,0.3159193747429042,0.047619047619047616,0.1,0.3159193747429042,0.0,0.0,0.0,1.0,0.0
all_t20_2018_2026,f9900488,P Prafullomani,True,2023,False,15,12,3,197.0,261,16.416666666666668,13.133333333333333,5.0,True,0.0,0.5,5.0,17.5,42.99999999999999,1.3340607745009334,4,0.26666666666666666,0.3333333333333333,0.26666666666666666,0.2857142857142857,0.3000000000000001,0.2,0.21428571428571427,0.2250000000000001,0.13333333333333333,0.14285714285714285,0.15000000000000008,0.75,0.6666666666666666
all_t20_2018_2026,7ba6ef29,MN Singh,True,2020,False,13,13,0,196.0,166,15.076923076923077,15.076923076923077,6.0,True,0.0,1.0,6.0,17.0,40.000000000000014,1.8838431560041926,3,0.23076923076923078,0.23076923076923078,0.23076923076923078,0.23076923076923078,0.23076923076923078,0.15384615384615385,0.15384615384615385,0.15384615384615388,0.07692307692307693,0.07692307692307693,0.07692307692307694,0.6666666666666666,0.5
all_t20_2018_2026,8d2c70ad,Kuldeep Yadav,True,2026,True,41,17,24,196.0,237,11.529411764705882,4.780487804878049,3.0,True,0.0,1.0,3.0,6.0,10.0,2.8611384381511287,5,0.12195121951219512,0.29411764705882354,0.024390243902439025,0.05555555555555555,0.33940567749144684,0.024390243902439025,0.05555555555555555,0.33940567749144684,0.0,0.0,0.33940567749144684,1.0,
all_t20_2018_2026,b34e4b15,L Shaw,True,2025,True,11,8,3,196.0,136,24.5,17.818181818181817,17.0,True,8.0,13.5,17.0,22.5,32.0,-0.01977844751960442,1,0.09090909090909091,0.125,0.36363636363636365,0.4,0.4090909090909091,0.18181818181818182,0.2222222222222222,0.3068181818181818,0.0,0.0,0.1534090909090909,0.6666666666666666,0.0
all_t20_2018_2026,c03c6200,DJG Sammy,True,2020,False,22,20,2,196.0,201,9.8,8.909090909090908,4.5,True,1.0,2.0,4.5,15.5,18.0,1.343503378705728,2,0.09090909090909091,0.1,0.09090909090909091,0.1,0.12626262626262624,0.09090909090909091,0.1,0.12626262626262624,0.0,0.0,0.0,1.0,0.0
all_t20_2018_2026,f705d984,Fabid Ahmed,True,2021,False,18,14,4,196.0,204,14.0,10.88888888888889,10.0,True,3.0,4.0,10.0,15.75,21.500000000000004,0.5942439778668296,1,0.05555555555555555,0.07142857142857142,0.16666666666666666,0.2,0.3125,0.0,0.0,0.0,0.0,0.0,0.0,0.0,
all_t20_2018_2026,378daa89,Aman Hakim Khan,True,2023,False,19,15,4,195.0,153,13.0,10.263157894736842,6.0,True,1.8,4.0,6.0,14.5,18.599999999999998,2.3663407513657804,1,0.05263157894736842,0.06666666666666667,0.10526315789473684,0.125,0.1338011695906433,0.05263157894736842,0.06666666666666667,0.1338011695906433,0.05263157894736842,0.06666666666666667,0.1338011695906433,1.0,1.0
all_t20_2018_2026,8479a24a,KK Jennings,True,2025,True,10,8,2,195.0,148,24.375,19.5,11.5,True,3.7,5.0,11.5,30.75,37.599999999999994,0.9857216454970649,0,0.0,0.0,0.4,0.4444444444444444,0.46666666666666673,0.4,0.4444444444444444,0.46666666666666673,0.1,0.1111111111111111,0.1166666666666667,1.0,0.25
all_t20_2018_2026,31ee319e,Ajay Mandal,True,2023,False,16,12,4,194.0,162,16.166666666666668,12.125,9.0,True,2.0,5.5,9.0,19.0,27.0,0.7826972058813637,2,0.125,0.16666666666666666,0.1875,0.23076923076923078,0.3515625,0.0625,0.07692307692307693,0.11718750000000001,0.0,0.0,0.11718750000000001,0.3333333333333333,
all_t20_2018_2026,7db2113f,Sandeep Pattnaik,False,2021,False,9,7,2,193.0,174,27.571428571428573,21.444444444444443,20.0,True,1.0,2.0,20.0,28.0,51.6,0.5853976607593151,0,0.0,0.0,0.5555555555555556,0.5555555555555556,0.5555555555555557,0.2222222222222222,0.25,0.3333333333333334,0.2222222222222222,0.25,0.3333333333333334,0.5,1.0
all_t20_2018_2026,99e23670,S Molineux,True,2026,True,13,10,3,193.0,184,19.3,14.846153846153847,16.0,False,3.2,6.0,16.0,22.0,23.8,-0.05784597169188301,0,0.0,0.0,0.46153846153846156,0.5,0.5192307692307693,0.0,0.0,0.11538461538461543,0.0,0.0,0.11538461538461543,0.0,
all_t20_2018_2026,479f9b04,S Milenko,True,2020,False,22,16,6,192.0,180,12.0,8.727272727272727,6.0,True,1.0,3.0,6.0,12.75,18.900000000000002,1.0155832663149138,2,0.09090909090909091,0.125,0.09090909090909091,0.125,0.19640852974186304,0.0,0.0,0.0,0.0,0.0,0.0,0.0,
all_t20_2018_2026,5d3d423a,Girinath Reddy,True,2022,False,10,8,2,192.0,140,24.0,19.2,14.0,True,4.0,10.75,14.0,20.25,36.79999999999999,1.6373096098030573,0,0.0,0.0,0.3,0.375,0.4218750000000001,0.2,0.25,0.2812500000000001,0.1,0.125,0.14062500000000006,0.6666666666666666,0.5
all_t20_2018_2026,cd62f670,MK Villiers,True,2026,True,33,22,11,192.0,180,8.727272727272727,5.818181818181818,4.0,True,0.0,1.0,4.0,10.0,13.0,0.9439283133161391,6,0.18181818181818182,0.2727272727272727,0.030303030303030304,0.043478260869565216,0.17069518716577536,0.0,0.0,0.17069518716577536,0.0,0.0,0.17069518716577536,,
all_t20_2018_2026,1bf2fd29,KHM James,True,2025,True,11,11,0,191.0,153,17.363636363636363,17.363636363636363,16.0,True,7.0,10.0,16.0,24.0,27.0,0.5480037046321592,0,0.0,0.0,0.45454545454545453,0.45454545454545453,0.45454545454545464,0.09090909090909091,0.09090909090909091,0.09090909090909095,0.0,0.0,0.0,0.2,0.0
all_t20_2018_2026,afe57f7a,SC Williams,True,2023,False,12,9,3,191.0,153,21.22222222222222,15.916666666666666,6.5,True,1.2000000000000002,3.75,6.5,28.0,34.9,0.6667297626783321,1,0.08333333333333333,0.1111111111111111,0.4166666666666667,0.5,0.5625,0.25,0.3,0.3375,0.0,0.0,0.0,0.6,0.0
all_t20_2018_2026,145c2a1f,Govinda Poddar,True,2021,False,12,12,0,189.0,185,15.75,15.75,16.5,False,8.0,9.5,16.5,21.75,24.0,-0.022371840445858392,0,0.0,0.0,0.3333333333333333,0.3333333333333333,0.33333333333333337,0.0,0.0,0.0,0.0,0.0,0.0,0.0,
all_t20_2018_2026,5cdf8304,JA Davies,True,2025,True,14,11,3,189.0,121,17.181818181818183,13.5,10.0,True,2.2,7.25,10.0,18.0,31.900000000000006,0.8628002388464479,1,0.07142857142857142,0.09090909090909091,0.21428571428571427,0.23076923076923078,0.23214285714285715,0.14285714285714285,0.15384615384615385,0.1547619047619048,0.0,0.0,0.1547619047619048,0.6666666666666666,
all_t20_2018_2026,7aa74830,S Arora,True,2026,True,11,6,5,189.0,123,31.5,17.181818181818183,10.0,True,2.0,8.5,10.0,20.0,30.0,1.879183030907254,1,0.09090909090909091,0.16666666666666666,0.2727272727272727,0.3333333333333333,0.36818181818181817,0.18181818181818182,0.25,0.36818181818181817,0.09090909090909091,0.14285714285714285,0.36818181818181817,1.0,1.0
all_t20_2018_2026,d3a1c63d,T de Zorzi,True,2024,False,11,11,0,189.0,146,17.181818181818183,17.181818181818183,10.0,True,2.0,7.0,10.0,17.5,26.0,2.2846599810185406,0,0.0,0.0,0.2727272727272727,0.2727272727272727,0.2727272727272727,0.09090909090909091,0.09090909090909091,0.09090909090909091,0.09090909090909091,0.09090909090909091,0.09090909090909091,0.3333333333333333,1.0
all_t20_2018_2026,4d5a1617,R Bishnoi,True,2020,False,13,11,2,188.0,172,17.09090909090909,14.461538461538462,7.0,True,3.2,5.0,7.0,12.0,31.800000000000015,2.345583071998645,1,0.07692307692307693,0.09090909090909091,0.15384615384615385,0.16666666666666666,0.1758241758241759,0.15384615384615385,0.16666666666666666,0.1758241758241759,0.07692307692307693,0.08333333333333333,0.08791208791208795,1.0,0.5
all_t20_2018_2026,86f84b37,AM Tribe,True,2026,True,12,9,3,188.0,162,20.88888888888889,15.666666666666666,12.0,True,3.2,5.0,12.0,18.0,33.6,1.2401896602540308,0,0.0,0.0,0.25,0.3,0.3499999999999999,0.25,0.3,0.3499999999999999,0.08333333333333333,0.1111111111111111,0.17499999999999996,1.0,0.5
all_t20_2018_2026,9c8448ba,OJ Peake,False,2026,True,8,7,1,188.0,140,26.857142857142858,23.5,16.5,True,8.200000000000001,12.25,16.5,32.25,46.5,0.8353755672333915,0,0.0,0.0,0.375,0.375,0.375,0.25,0.25,0.25,0.125,0.14285714285714285,0.25,0.6666666666666666,1.0
all_t20_2018_2026,14f96089,A Zampa,True,2026,True,43,21,22,187.0,209,8.904761904761905,4.348837209302325,3.0,True,0.20000000000000018,1.0,3.0,5.5,11.600000000000009,1.8681666040609624,3,0.06976744186046512,0.14285714285714285,0.023255813953488372,0.047619047619047616,0.3030075213567311,0.0,0.0,0.0,0.0,0.0,0.0,0.0,
all_t20_2018_2026,28d6c44d,E Bosch,True,2025,True,21,18,3,187.0,182,10.38888888888889,8.904761904761905,7.0,True,1.0,4.0,7.0,15.0,16.0,0.6514211078973418,1,0.047619047619047616,0.05555555555555555,0.09523809523809523,0.1111111111111111,0.16021825396825395,0.0,0.0,0.0,0.0,0.0,0.0,0.0,
all_t20_2018_2026,23639793,Varun Sood,False,2020,False,9,5,4,185.0,176,37.0,20.555555555555557,21.0,False,1.6,7.0,21.0,28.0,39.2,0.8725538697871188,1,0.1111111111111111,0.2,0.5555555555555556,0.5555555555555556,0.5555555555555556,0.2222222222222222,0.2857142857142857,0.3703703703703704,0.1111111111111111,0.16666666666666666,0.3703703703703704,0.6666666666666666,1.0
all_t20_2018_2026,e219f17a,M du Preez,True,2022,False,14,10,4,185.0,173,18.5,13.214285714285714,10.0,True,2.3,5.25,10.0,21.75,28.900000000000006,0.6572607956763468,0,0.0,0.0,0.2857142857142857,0.3333333333333333,0.42857142857142866,0.14285714285714285,0.18181818181818182,0.3214285714285715,0.0,0.0,0.16071428571428575,0.6666666666666666,0.0
all_t20_2018_2026,4312e8f9,A Sheth,True,2024,False,20,8,12,184.0,148,23.0,9.2,7.5,True,0.0,2.75,7.5,14.0,22.1,0.8096088603489573,1,0.05,0.125,0.15,0.3333333333333333,0.4925925925925927,0.0,0.0,0.0,0.0,0.0,0.0,0.0,
all_t20_2018_2026,f05fe9b1,JA Simpson,True,2025,True,11,9,2,184.0,135,20.444444444444443,16.727272727272727,10.0,True,3.0,3.5,10.0,16.5,42.0,1.74787700921886,0,0.0,0.0,0.18181818181818182,0.2,0.2727272727272728,0.18181818181818182,0.2,0.2727272727272728,0.09090909090909091,0.1,0.1363636363636364,1.0,0.5
all_t20_2018_2026,f52fc698,ZN Carter,False,2026,True,7,7,0,184.0,134,26.285714285714285,26.285714285714285,27.0,False,11.000000000000002,19.0,27.0,30.0,42.00000000000001,0.5322459200785816,0,0.0,0.0,0.7142857142857143,0.7142857142857143,0.7142857142857144,0.2857142857142857,0.2857142857142857,0.28571428571428575,0.14285714285714285,0.14285714285714285,0.14285714285714288,0.4,0.5
all_t20_2018_2026,58588e5a,Shubham Chaubey,True,2023,False,14,11,3,182.0,150,16.545454545454547,13.0,10.5,True,0.30000000000000004,4.75,10.5,19.0,27.500000000000007,0.5400798611544418,2,0.14285714285714285,0.18181818181818182,0.21428571428571427,0.2727272727272727,0.39183673469387764,0.07142857142857142,0.09090909090909091,0.13061224489795922,0.0,0.0,0.0,0.3333333333333333,0.0
all_t20_2018_2026,8d5d991e,Qais Ahmad,True,2025,True,27,18,9,182.0,173,10.11111111111111,6.7407407407407405,6.0,True,1.0,2.0,6.0,9.5,13.400000000000002,1.075599228925175,1,0.037037037037037035,0.05555555555555555,0.037037037037037035,0.05555555555555555,0.1192982456140351,0.0,0.0,0.0,0.0,0.0,0.0,0.0,
all_t20_2018_2026,cde96d97,EJ Villani,False,2022,False,7,6,1,182.0,154,30.333333333333332,26.0,24.0,True,11.8,20.5,24.0,29.0,41.80000000000001,0.6299819668448824,0,0.0,0.0,0.7142857142857143,0.7142857142857143,0.7142857142857144,0.2857142857142857,0.2857142857142857,0.2857142857142858,0.14285714285714285,0.14285714285714285,0.1428571428571429,0.4,0.5
all_t20_2018_2026,211aeb65,KO Wickham,True,2026,True,11,11,0,181.0,180,16.454545454545453,16.454545454545453,13.0,True,2.0,6.0,13.0,24.5,37.0,0.44601988778525703,0,0.0,0.0,0.36363636363636365,0.36363636363636365,0.36363636363636365,0.18181818181818182,0.18181818181818182,0.18181818181818182,0.0,0.0,0.0,0.5,0.0
all_t20_2018_2026,436b8481,Pavan Deshpande,False,2021,False,9,9,0,181.0,140,20.11111111111111,20.11111111111111,16.0,True,0.0,13.0,16.0,25.0,35.800000000000004,1.2335274761071529,2,0.2222222222222222,0.2222222222222222,0.4444444444444444,0.4444444444444444,0.4444444444444446,0.1111111111111111,0.1111111111111111,0.11111111111111116,0.1111111111111111,0.1111111111111111,0.11111111111111116,0.25,1.0
all_t20_2018_2026,57bd3ecc,Hammad Azam,True,2026,True,15,11,4,180.0,164,16.363636363636363,12.0,8.0,True,2.0,4.5,8.0,14.5,30.799999999999994,1.4187827915249829,1,0.06666666666666667,0.09090909090909091,0.2,0.2727272727272727,0.3707407407407408,0.13333333333333333,0.18181818181818182,0.24716049382716057,0.0,0.0,0.0,0.6666666666666666,0.0
all_t20_2018_2026,8685f676,Vaibhav Singh Panwar,False,2019,False,9,6,3,180.0,172,30.0,20.0,7.0,True,4.0,6.0,7.0,35.0,46.6,0.5108586719204741,1,0.1111111111111111,0.16666666666666666,0.4444444444444444,0.4444444444444444,0.4444444444444445,0.3333333333333333,0.3333333333333333,0.33333333333333337,0.0,0.0,0.33333333333333337,0.75,
all_t20_2018_2026,4fd09cfc,G Clark,False,2025,True,9,7,2,179.0,126,25.571428571428573,19.88888888888889,26.0,False,0.8,1.0,26.0,33.0,36.4,-0.2895375671270642,1,0.1111111111111111,0.14285714285714285,0.5555555555555556,0.625,0.6481481481481481,0.3333333333333333,0.375,0.38888888888888884,0.0,0.0,0.12962962962962962,0.6,0.0
all_t20_2018_2026,0c0eb448,Akhil Rajput,False,2018,False,7,7,0,178.0,180,25.428571428571427,25.428571428571427,17.0,True,2.8000000000000003,10.0,17.0,40.5,48.2,0.3370445475700145,0,0.0,0.0,0.42857142857142855,0.42857142857142855,0.4285714285714286,0.42857142857142855,0.42857142857142855,0.4285714285714286,0.14285714285714285,0.14285714285714285,0.14285714285714288,1.0,0.3333333333333333
all_t20_2018_2026,53c5c146,Abhishek Goswami,False,2023,False,8,8,0,178.0,153,22.25,22.25,14.0,True,2.8000000000000003,5.5,14.0,29.25,48.3,1.3752496554653306,1,0.125,0.125,0.375,0.375,0.375,0.25,0.25,0.25,0.125,0.125,0.125,0.6666666666666666,0.5
all_t20_2018_2026,75820733,CA Henry,False,2026,True,8,6,2,178.0,128,29.666666666666668,22.25,24.5,False,4.800000000000001,13.5,24.5,30.75,35.699999999999996,-0.200008991582605,0,0.0,0.0,0.625,0.625,0.625,0.375,0.42857142857142855,0.5,0.0,0.0,0.0,0.75,0.0
all_t20_2018_2026,2535b30f,HD Weibgen,True,2025,True,12,9,3,177.0,167,19.666666666666668,14.75,10.5,True,1.5000000000000004,7.5,10.5,25.0,29.8,0.6733043449851425,0,0.0,0.0,0.3333333333333333,0.4,0.4190476190476191,0.16666666666666666,0.2,0.20952380952380958,0.0,0.0,0.10476190476190479,0.5,0.0
all_t20_2018_2026,7b09e19c,Kaif Ahmad,False,2021,False,7,4,3,177.0,160,44.25,25.285714285714285,20.0,True,8.8,11.0,20.0,32.5,45.60000000000001,1.0126643738297196,0,0.0,0.0,0.5714285714285714,0.6666666666666666,0.7142857142857144,0.42857142857142855,0.5,0.5357142857142858,0.14285714285714285,0.2,0.35714285714285726,0.75,0.5
all_t20_2018_2026,8b470bea,Subramanian Anand,False,2020,False,8,8,0,177.0,169,22.125,22.125,23.5,False,4.5,9.0,23.5,33.75,39.9,-0.07501336687209077,0,0.0,0.0,0.625,0.625,0.625,0.375,0.375,0.375,0.0,0.0,0.0,0.6,0.0
all_t20_2018_2026,53cd8da6,H Kaur,False,2023,False,9,7,2,176.0,171,25.142857142857142,19.555555555555557,22.0,False,4.6,9.0,22.0,26.0,33.0,0.7510799576501882,0,0.0,0.0,0.5555555555555556,0.5555555555555556,0.5555555555555556,0.1111111111111111,0.125,0.14814814814814817,0.0,0.0,0.14814814814814817,0.25,
all_t20_2018_2026,61b9410c,Langlonyamba Meitan Keishangbam,True,2023,False,10,8,2,176.0,222,22.0,17.6,9.0,True,1.9,3.0,9.0,30.5,38.3,0.6352261605575272,0,0.0,0.0,0.4,0.4,0.40000000000000013,0.3,0.3,0.3000000000000001,0.1,0.1111111111111111,0.2000000000000001,0.75,0.5
all_t20_2018_2026,c69a7b5c,AS Raut,True,2021,False,10,9,1,175.0,169,19.444444444444443,17.5,15.0,True,3.8,7.25,15.0,26.25,36.5,0.5721824166059789,0,0.0,0.0,0.3,0.3,0.3,0.2,0.2,0.2,0.0,0.0,0.1,0.6666666666666666,0.0
all_t20_2018_2026,7c628737,GA Singh,False,2020,False,9,8,1,174.0,131,21.75,19.333333333333332,9.0,True,0.0,1.0,9.0,16.0,49.60000000000001,1.9397016684490493,2,0.2222222222222222,0.25,0.2222222222222222,0.2222222222222222,0.22222222222222227,0.2222222222222222,0.2222222222222222,0.22222222222222227,0.1111111111111111,0.1111111111111111,0.11111111111111113,1.0,0.5
all_t20_2018_2026,a392328e,SU Shrivastava,True,2019,False,11,7,4,174.0,165,24.857142857142858,15.818181818181818,8.0,True,1.0,3.0,8.0,18.5,49.0,1.2907775464719389,0,0.0,0.0,0.2727272727272727,0.375,0.4114285714285715,0.18181818181818182,0.25,0.27428571428571435,0.09090909090909091,0.14285714285714285,0.27428571428571435,0.6666666666666666,1.0
all_t20_2018_2026,b2a55ac1,Utkarsh Singh,False,2021,False,9,8,1,174.0,141,21.75,19.333333333333332,13.0,True,4.8,6.0,13.0,29.0,44.2,0.8312593612396469,0,0.0,0.0,0.3333333333333333,0.3333333333333333,0.33333333333333337,0.2222222222222222,0.2222222222222222,0.22222222222222227,0.0,0.0,0.11111111111111113,0.6666666666666666,0.0
all_t20_2018_2026,e7de4f6b,RR Emrit,True,2020,False,18,11,7,174.0,147,15.818181818181818,9.666666666666666,11.0,False,1.0,2.0,11.0,15.75,17.3,-0.01138550085106598,0,0.0,0.0,0.05555555555555555,0.08333333333333333,0.10139917695473251,0.0,0.0,0.10139917695473251,0.0,0.0,0.10139917695473251,,
all_t20_2018_2026,481dd6dc,Abhay Negi,True,2020,False,13,10,3,173.0,125,17.3,13.307692307692308,9.0,True,1.4000000000000004,5.0,9.0,18.0,25.8,1.5549373225630772,1,0.07692307692307693,0.1,0.23076923076923078,0.2727272727272727,0.3230769230769231,0.07692307692307693,0.09090909090909091,0.10769230769230771,0.07692307692307693,0.09090909090909091,0.10769230769230771,0.3333333333333333,1.0
all_t20_2018_2026,d3c1f849,Deepraj Gaonkar,True,2023,False,14,13,1,173.0,144,13.307692307692308,12.357142857142858,8.0,True,2.0,4.0,8.0,18.5,27.30000000000001,1.1645899224332217,0,0.0,0.0,0.2857142857142857,0.3076923076923077,0.3076923076923077,0.14285714285714285,0.15384615384615385,0.15384615384615388,0.0,0.0,0.0,0.5,0.0
all_t20_2018_2026,36e2dc83,L Harris,True,2024,False,15,13,2,172.0,92,13.23076923076923,11.466666666666667,10.0,True,0.0,0.5,10.0,17.5,26.599999999999994,0.7916219357730596,4,0.26666666666666666,0.3076923076923077,0.2,0.23076923076923078,0.2800000000000001,0.13333333333333333,0.15384615384615385,0.18666666666666673,0.0,0.0,0.0,0.6666666666666666,0.0
all_t20_2018_2026,65b6943c,L Wood,True,2026,True,35,19,16,172.0,167,9.052631578947368,4.914285714285715,2.0,True,0.0,1.0,2.0,7.5,11.600000000000001,2.0870587008403954,5,0.14285714285714285,0.2631578947368421,0.02857142857142857,0.05263157894736842,0.1831674208144797,0.02857142857142857,0.05263157894736842,0.1831674208144797,0.0,0.0,0.0,1.0,0.0
all_t20_2018_2026,dfc4d8b5,KW Richardson,True,2025,True,37,17,20,172.0,159,10.117647058823529,4.648648648648648,4.0,True,0.0,1.0,4.0,8.0,10.0,0.9585719898369064,5,0.13513513513513514,0.29411764705882354,0.0,0.0,0.0,0.0,0.0,0.0,0.0,0.0,0.0,,
all_t20_2018_2026,e3751ee2,Ishaan Gadekar,False,2023,False,6,5,1,172.0,106,34.4,28.666666666666668,23.5,True,11.0,13.5,23.5,41.75,51.5,0.44210463234395725,0,0.0,0.0,0.5,0.6,0.6000000000000001,0.5,0.6,0.6000000000000001,0.16666666666666666,0.2,0.20000000000000004,1.0,0.3333333333333333
all_t20_2018_2026,3cea23da,N Sindhu,False,2026,True,9,8,1,171.0,135,21.375,19.0,18.0,True,4.2,15.0,18.0,22.0,32.400000000000006,0.3533553595583549,0,0.0,0.0,0.4444444444444444,0.4444444444444444,0.4444444444444445,0.2222222222222222,0.2222222222222222,0.22222222222222227,0.0,0.0,0.0,0.5,0.0
all_t20_2018_2026,bc761d00,Robin Bist,True,2021,False,10,9,1,171.0,166,19.0,17.1,14.0,True,0.9,1.25,14.0,31.0,38.699999999999996,0.4563175742445684,1,0.1,0.1111111111111111,0.4,0.4,0.4000000000000001,0.3,0.3,0.30000000000000004,0.0,0.0,0.10000000000000002,0.75,0.0
all_t20_2018_2026,c1d3515b,AV Rajput,False,2024,False,8,7,1,171.0,140,24.428571428571427,21.375,14.0,True,1.4000000000000001,7.25,14.0,34.75,44.199999999999996,0.8025608824816289,1,0.125,0.14285714285714285,0.375,0.42857142857142855,0.46875,0.375,0.42857142857142855,0.46875,0.125,0.14285714285714285,0.15625000000000003,1.0,0.3333333333333333
all_t20_2018_2026,d8f59089,Shafali Verma,False,2021,False,8,7,1,171.0,120,24.428571428571427,21.375,15.0,True,7.4,11.75,15.0,17.5,38.19999999999999,2.053909970617919,0,0.0,0.0,0.25,0.25,0.25,0.125,0.125,0.125,0.125,0.125,0.125,0.5,1.0
all_t20_2018_2026,1c84109e,MD Choudhary,True,2026,True,10,6,4,170.0,120,28.333333333333332,17.0,13.5,True,1.0,3.25,13.5,20.25,40.49999999999999,1.0786467887056261,0,0.0,0.0,0.3,0.375,0.41142857142857153,0.2,0.2857142857142857,0.41142857142857153,0.1,0.14285714285714285,0.20571428571428577,1.0,0.5
all_t20_2018_2026,60c6038a,Ashish Thapa,True,2021,False,19,18,1,170.0,291,9.444444444444445,8.947368421052632,7.0,True,1.8,3.0,7.0,12.0,19.599999999999998,0.8465179048855301,1,0.05263157894736842,0.05555555555555555,0.10526315789473684,0.1111111111111111,0.15789473684210528,0.0,0.0,0.0,0.0,0.0,0.0,0.0,
all_t20_2018_2026,cc1e8c68,UT Yadav,True,2024,False,31,16,15,170.0,137,10.625,5.483870967741935,2.0,True,0.0,0.5,2.0,8.0,17.0,1.3858074160807337,5,0.16129032258064516,0.3125,0.06451612903225806,0.125,0.29845388365724973,0.0,0.0,0.0,0.0,0.0,0.0,0.0,
all_t20_2018_2026,3247d54e,S Smale,True,2026,True,13,9,4,168.0,196,18.666666666666668,12.923076923076923,8.0,True,1.6000000000000005,5.0,8.0,17.0,27.200000000000006,1.0522296358097067,0,0.0,0.0,0.23076923076923078,0.2727272727272727,0.2877122877122878,0.07692307692307693,0.1,0.1438561438561439,0.0,0.0,0.1438561438561439,0.5,
all_t20_2018_2026,35ccfdd4,Akash Vasisht,False,2022,False,9,7,2,168.0,128,24.0,18.666666666666668,15.0,True,1.0,9.0,15.0,25.0,38.2,0.3504107725193166,0,0.0,0.0,0.4444444444444444,0.5,0.5555555555555557,0.2222222222222222,0.2857142857142857,0.41666666666666674,0.0,0.0,0.0,0.6666666666666666,0.0
all_t20_2018_2026,4c450aee,Narsingh Yadav,True,2021,False,16,14,2,168.0,212,12.0,10.5,6.5,True,0.0,0.0,6.5,12.25,27.0,1.740350750578015,5,0.3125,0.35714285714285715,0.1875,0.2,0.20625000000000004,0.125,0.13333333333333333,0.13750000000000004,0.0625,0.07142857142857142,0.13750000000000004,0.6666666666666666,1.0
all_t20_2018_2026,83d17bbc,MW Forde,True,2026,True,21,16,5,168.0,128,10.5,8.0,6.0,True,0.0,1.0,6.0,13.0,15.0,1.1948061981848526,3,0.14285714285714285,0.1875,0.09523809523809523,0.11764705882352941,0.133109243697479,0.047619047619047616,0.0625,0.133109243697479,0.0,0.0,0.0,1.0,0.0
all_t20_2018_2026,2df87089,RR Biswa,True,2019,False,13,13,0,167.0,190,12.846153846153847,12.846153846153847,10.0,True,0.40000000000000036,4.0,10.0,20.0,25.8,0.5968070316929653,2,0.15384615384615385,0.15384615384615385,0.3076923076923077,0.3076923076923077,0.3076923076923077,0.07692307692307693,0.07692307692307693,0.07692307692307694,0.0,0.0,0.0,0.25,0.0
all_t20_2018_2026,f3ba1bdc,Rex Rajkumar,True,2023,False,15,14,1,167.0,157,11.928571428571429,11.133333333333333,4.0,True,0.40000000000000013,2.0,4.0,23.0,28.6,0.6240984977846307,2,0.13333333333333333,0.14285714285714285,0.3333333333333333,0.35714285714285715,0.37037037037037046,0.06666666666666667,0.07142857142857142,0.07407407407407411,0.0,0.0,0.0,0.2,0.0
all_t20_2018_2026,5786f224,Siddhesh Wath,False,2021,False,9,9,0,166.0,156,18.444444444444443,18.444444444444443,23.0,False,0.0,0.0,23.0,29.0,32.0,-0.4224474328965624,3,0.3333333333333333,0.3333333333333333,0.6666666666666666,0.6666666666666666,0.6666666666666667,0.2222222222222222,0.2222222222222222,0.22222222222222232,0.0,0.0,0.0,0.3333333333333333,0.0
all_t20_2018_2026,5d664346,TB Robinson,False,2026,True,8,8,0,166.0,128,20.75,20.75,24.5,False,0.0,7.5,24.5,33.25,35.8,-0.2688286335635101,2,0.25,0.25,0.5,0.5,0.5,0.5,0.5,0.5,0.0,0.0,0.0,1.0,0.0
all_t20_2018_2026,e49574d6,Sedezhalie Rupero,True,2023,False,15,15,0,166.0,224,11.066666666666666,11.066666666666666,8.0,True,1.4000000000000001,3.0,8.0,14.0,29.0,1.1611074620733106,1,0.06666666666666667,0.06666666666666667,0.2,0.2,0.20000000000000007,0.13333333333333333,0.13333333333333333,0.1333333333333334,0.0,0.0,0.0,0.6666666666666666,0.0
all_t20_2018_2026,0b60eb09,KA Maharaj,True,2025,True,27,19,8,164.0,196,8.631578947368421,6.074074074074074,5.0,True,1.0,1.0,5.0,9.0,12.800000000000004,1.2869787261803602,2,0.07407407407407407,0.10526315789473684,0.037037037037037035,0.05,0.07552650689905595,0.0,0.0,0.07552650689905595,0.0,0.0,0.07552650689905595,,
all_t20_2018_2026,5ffc0565,V Nigam,True,2026,True,11,9,2,164.0,96,18.22222222222222,14.909090909090908,12.0,True,1.0,5.0,12.0,19.0,38.0,0.799841526303859,1,0.09090909090909091,0.1111111111111111,0.2727272727272727,0.3333333333333333,0.3409090909090909,0.18181818181818182,0.2222222222222222,0.2272727272727273,0.0,0.0,0.0,0.6666666666666666,0.0
all_t20_2018_2026,dded65e7,IR Jaggi,False,2021,False,8,7,1,164.0,131,23.428571428571427,20.5,21.5,False,0.7000000000000001,3.25,21.5,25.5,39.599999999999994,0.9340066700263919,1,0.125,0.14285714285714285,0.5,0.5714285714285714,0.5833333333333334,0.25,0.2857142857142857,0.2916666666666667,0.125,0.14285714285714285,0.14583333333333334,0.5,0.5
all_t20_2018_2026,c478e8e7,Shasheem Rathour,False,2020,False,8,7,1,163.0,161,23.285714285714285,20.375,12.0,True,2.8000000000000003,4.0,12.0,34.25,44.599999999999994,0.7884544248755464,1,0.125,0.14285714285714285,0.375,0.375,0.375,0.375,0.375,0.375,0.125,0.125,0.125,1.0,0.3333333333333333
all_t20_2018_2026,8f938a32,DJ Bell-Drummond,True,2024,False,10,10,0,162.0,132,16.2,16.2,12.0,True,5.8,9.5,12.0,21.0,26.199999999999992,1.489132361583749,0,0.0,0.0,0.3,0.3,0.30000000000000004,0.1,0.1,0.10000000000000002,0.0,0.0,0.0,0.3333333333333333,0.0
all_t20_2018_2026,cad40f5e,BA Carse,True,2026,True,19,12,7,162.0,136,13.5,8.526315789473685,6.0,True,0.0,4.0,6.0,11.0,14.79999999999999,1.636763788574496,2,0.10526315789473684,0.16666666666666666,0.10526315789473684,0.14285714285714285,0.18349095394736836,0.05263157894736842,0.07692307692307693,0.18349095394736836,0.0,0.0,0.18349095394736836,1.0,
all_t20_2018_2026,72918338,AHT Donald,True,2026,True,11,11,0,161.0,85,14.636363636363637,14.636363636363637,7.0,True,1.0,4.0,7.0,21.0,38.0,0.7795979611630679,0,0.0,0.0,0.2727272727272727,0.2727272727272727,0.2727272727272727,0.18181818181818182,0.18181818181818182,0.18181818181818182,0.0,0.0,0.0,0.6666666666666666,0.0
all_t20_2018_2026,bf6e03ea,K V Sasikanth,True,2022,False,11,9,2,161.0,112,17.88888888888889,14.636363636363637,9.0,True,5.0,6.0,9.0,21.0,26.0,1.3595287026674931,0,0.0,0.0,0.36363636363636365,0.4,0.41558441558441567,0.09090909090909091,0.1,0.10389610389610392,0.0,0.0,0.10389610389610392,0.25,
all_t20_2018_2026,ee2ac9d7,Marimuthu Vikneshwaran,True,2022,False,21,16,5,161.0,175,10.0625,7.666666666666667,8.0,False,1.0,2.0,8.0,11.0,13.0,2.02757006530846,2,0.09523809523809523,0.125,0.047619047619047616,0.058823529411764705,0.08391608391608395,0.047619047619047616,0.058823529411764705,0.08391608391608395,0.0,0.0,0.08391608391608395,1.0,
all_t20_2018_2026,0a4c6dfd,Arshad Khan,True,2026,True,14,8,6,158.0,116,19.75,11.285714285714286,6.0,True,1.0,1.0,6.0,15.0,20.0,2.1268913772023046,1,0.07142857142857142,0.125,0.21428571428571427,0.3,0.4074074074074074,0.07142857142857142,0.1111111111111111,0.271604938271605,0.07142857142857142,0.1111111111111111,0.271604938271605,0.5,1.0
all_t20_2018_2026,a0d66374,T Pradeep,True,2021,False,10,7,3,158.0,96,22.571428571428573,15.8,10.0,True,0.9,2.5,10.0,31.5,35.1,0.2960245366965521,1,0.1,0.14285714285714285,0.4,0.4444444444444444,0.45714285714285724,0.3,0.3333333333333333,0.3428571428571429,0.0,0.0,0.22857142857142865,0.75,0.0
all_t20_2018_2026,dda5aae5,JK Fuller,True,2024,False,17,14,3,158.0,131,11.285714285714286,9.294117647058824,7.0,True,0.0,2.0,7.0,11.0,25.8,0.9080398591582799,3,0.17647058823529413,0.21428571428571427,0.17647058823529413,0.2,0.25735294117647056,0.0,0.0,0.0857843137254902,0.0,0.0,0.0857843137254902,0.0,
all_t20_2018_2026,3a9b3866,FMK Morris,True,2025,True,18,16,2,157.0,156,9.8125,8.722222222222221,3.5,True,0.0,1.0,3.5,11.25,20.900000000000002,2.1517938287766047,3,0.16666666666666666,0.1875,0.16666666666666666,0.1875,0.20202020202020204,0.05555555555555555,0.0625,0.06734006734006735,0.05555555555555555,0.0625,0.06734006734006735,0.3333333333333333,1.0
all_t20_2018_2026,c0c411cb,Naveen-ul-Haq,True,2025,True,28,10,18,157.0,171,15.7,5.607142857142857,2.0,True,0.7000000000000002,1.0,2.0,7.75,13.3,1.8849110649850451,1,0.03571428571428571,0.1,0.07142857142857142,0.16666666666666666,0.2932213651010644,0.03571428571428571,0.09090909090909091,0.2932213651010644,0.0,0.0,0.2932213651010644,1.0,
all_t20_2018_2026,c6da6ebf,AJ Freeborn,True,2024,False,17,12,5,157.0,151,13.083333333333334,9.235294117647058,5.0,True,2.0,3.0,5.0,12.0,20.400000000000006,2.0864474940638535,1,0.058823529411764705,0.08333333333333333,0.11764705882352941,0.15384615384615385,0.16892911010558073,0.11764705882352941,0.15384615384615385,0.16892911010558073,0.0,0.0,0.08446455505279037,1.0,0.0
all_t20_2018_2026,254c7802,Ashish Yadav,False,2018,False,6,4,2,155.0,123,38.75,25.833333333333332,25.0,True,11.0,21.0,25.0,30.5,41.5,0.13053851208406908,0,0.0,0.0,0.8333333333333334,1.0,1.0,0.3333333333333333,0.4,0.4000000000000001,0.16666666666666666,0.25,0.4000000000000001,0.4,1.0
all_t20_2018_2026,5355e20a,Johnson Singh,True,2023,False,13,12,1,155.0,212,12.916666666666666,11.923076923076923,9.0,True,0.0,0.0,9.0,22.0,27.0,0.9015341248580674,4,0.3076923076923077,0.3333333333333333,0.3076923076923077,0.3076923076923077,0.3076923076923077,0.07692307692307693,0.07692307692307693,0.07692307692307694,0.0,0.0,0.07692307692307694,0.25,
all_t20_2018_2026,cbf58a86,SK Rasheed,False,2025,True,9,8,1,155.0,141,19.375,17.22222222222222,15.0,True,0.8,11.0,15.0,27.0,32.2,0.10507664969199655,1,0.1111111111111111,0.125,0.3333333333333333,0.3333333333333333,0.33333333333333337,0.2222222222222222,0.2222222222222222,0.22222222222222227,0.0,0.0,0.11111111111111113,0.6666666666666666,0.0
all_t20_2018_2026,50636767,RJ Gibson,True,2022,False,15,10,5,154.0,132,15.4,10.266666666666667,7.0,True,0.40000000000000013,1.0,7.0,16.0,23.2,1.426851071144759,2,0.13333333333333333,0.2,0.26666666666666666,0.3333333333333333,0.3911111111111112,0.06666666666666667,0.09090909090909091,0.1466666666666667,0.0,0.0,0.1466666666666667,0.3333333333333333,
all_t20_2018_2026,62ef4abe,HJ Hunt,False,2022,False,9,9,0,154.0,143,17.11111111111111,17.11111111111111,15.0,True,2.4000000000000004,5.0,15.0,25.0,31.400000000000006,0.9127035152662935,1,0.1111111111111111,0.1111111111111111,0.3333333333333333,0.3333333333333333,0.33333333333333337,0.1111111111111111,0.1111111111111111,0.11111111111111113,0.0,0.0,0.0,0.3333333333333333,0.0
all_t20_2018_2026,cb54a1d6,J Seymour,True,2022,False,12,10,2,154.0,116,15.4,12.833333333333334,11.5,True,3.0,5.25,11.5,20.75,23.9,0.1521007304363024,0,0.0,0.0,0.3333333333333333,0.4,0.4629629629629629,0.0,0.0,0.0,0.0,0.0,0.0,0.0,
all_t20_2018_2026,2ed569a0,RD Chahar,True,2024,False,29,20,9,153.0,154,7.65,5.275862068965517,2.0,True,0.0,0.0,2.0,8.0,12.799999999999997,1.5642851522090686,8,0.27586206896551724,0.4,0.06896551724137931,0.09090909090909091,0.11899932386747804,0.0,0.0,0.11899932386747804,0.0,0.0,0.11899932386747804,,
all_t20_2018_2026,b5f7bae6,Vikrant Rajput,False,2020,False,6,6,0,153.0,136,25.5,25.5,26.0,False,7.0,13.75,26.0,37.5,43.5,-0.059433346168538785,0,0.0,0.0,0.5,0.5,0.5,0.5,0.5,0.5,0.0,0.0,0.0,1.0,0.0
all_t20_2018_2026,f543b251,Het Patel,False,2022,False,8,5,3,153.0,167,30.6,19.125,17.0,True,2.0,3.5,17.0,29.0,42.2,0.4055263452321505,0,0.0,0.0,0.5,0.5714285714285714,0.6000000000000001,0.25,0.2857142857142857,0.3000000000000001,0.0,0.0,0.3000000000000001,0.5,
all_t20_2018_2026,ab636882,Mitesh Patel,False,2022,False,8,7,1,152.0,133,21.714285714285715,19.0,13.5,True,0.7000000000000001,1.75,13.5,30.0,41.099999999999994,0.9332971511354491,1,0.125,0.14285714285714285,0.375,0.375,0.375,0.25,0.25,0.25,0.125,0.14285714285714285,0.25,0.6666666666666666,1.0
all_t20_2018_2026,ab6b1c45,AL Phehlukwayo,True,2024,False,14,9,5,152.0,134,16.88888888888889,10.857142857142858,8.5,True,1.3,3.25,8.5,17.5,22.0,0.4617258286681371,1,0.07142857142857142,0.1111111111111111,0.21428571428571427,0.2727272727272727,0.31655844155844154,0.0,0.0,0.21103896103896105,0.0,0.0,0.21103896103896105,0.0,
all_t20_2018_2026,9a2fc964,BC Fortuin,True,2025,True,21,15,6,151.0,166,10.066666666666666,7.190476190476191,6.0,True,0.0,1.0,6.0,12.0,13.0,1.9524633228239956,3,0.14285714285714285,0.2,0.047619047619047616,0.0625,0.1612496850592089,0.047619047619047616,0.0625,0.1612496850592089,0.0,0.0,0.1612496850592089,1.0,
all_t20_2018_2026,e9aaf862,M De Villiers,True,2025,True,10,10,0,151.0,130,15.1,15.1,11.0,True,1.8,4.75,11.0,25.5,30.799999999999997,0.484774153198261,1,0.1,0.1,0.4,0.4,0.4,0.2,0.2,0.20000000000000004,0.0,0.0,0.0,0.5,0.0
all_t20_2018_2026,0c694738,AZ Monaghan,True,2026,True,19,14,5,150.0,145,10.714285714285714,7.894736842105263,5.0,True,0.0,4.0,5.0,9.5,19.599999999999994,1.4017105726836732,3,0.15789473684210525,0.21428571428571427,0.10526315789473684,0.13333333333333333,0.259046052631579,0.0,0.0,0.1295230263157895,0.0,0.0,0.1295230263157895,0.0,
all_t20_2018_2026,6a434bd3,KH Brunt,True,2022,False,12,11,1,150.0,173,13.636363636363637,12.5,10.0,True,1.1,4.25,10.0,16.25,21.8,1.415369357685007,0,0.0,0.0,0.25,0.25,0.25,0.08333333333333333,0.08333333333333333,0.08333333333333334,0.0,0.0,0.08333333333333334,0.3333333333333333,
all_t20_2018_2026,d7b3a420,Jaskaran Singh,True,2021,False,11,6,5,150.0,91,25.0,13.636363636363637,12.0,True,8.0,10.0,12.0,17.5,19.0,0.8853623871468289,0,0.0,0.0,0.09090909090909091,0.14285714285714285,0.16835016835016833,0.09090909090909091,0.14285714285714285,0.16835016835016833,0.0,0.0,0.16835016835016833,1.0,
all_t20_2018_2026,5f317fd4,JA Prestwidge,True,2022,False,14,10,4,149.0,124,14.9,10.642857142857142,9.5,True,1.0,4.5,9.5,14.0,21.1,0.9901293589882016,1,0.07142857142857142,0.1,0.14285714285714285,0.18181818181818182,0.21372912801484237,0.07142857142857142,0.1,0.21372912801484237,0.0,0.0,0.0,1.0,0.0
all_t20_2018_2026,59ddd811,NE Bonner,False,2020,False,6,5,1,148.0,157,29.6,24.666666666666668,28.0,False,10.0,18.5,28.0,30.75,36.0,-0.4747010167344775,0,0.0,0.0,0.6666666666666666,0.6666666666666666,0.6666666666666667,0.5,0.5,0.5,0.0,0.0,0.0,0.75,0.0
all_t20_2018_2026,97bdec3d,G Motie,True,2026,True,27,15,12,148.0,158,9.866666666666667,5.481481481481482,4.0,True,0.0,1.0,4.0,7.0,13.60000000000002,1.7190167322644805,2,0.07407407407407407,0.13333333333333333,0.07407407407407407,0.11764705882352941,0.1884920634920635,0.0,0.0,0.1884920634920635,0.0,0.0,0.1884920634920635,,
all_t20_2018_2026,903560ed,MT Steketee,True,2024,False,25,18,7,147.0,149,8.166666666666666,5.88,3.0,True,0.0,1.0,3.0,10.0,14.600000000000001,1.920695788617677,4,0.16,0.2222222222222222,0.04,0.05555555555555555,0.07730526315789475,0.04,0.05555555555555555,0.07730526315789475,0.0,0.0,0.0,1.0,0.0
all_t20_2018_2026,e734d090,CN Ackermann,True,2023,False,11,9,2,147.0,135,16.333333333333332,13.363636363636363,8.0,True,0.0,5.0,8.0,17.0,24.0,1.7245195249687288,2,0.18181818181818182,0.2222222222222222,0.18181818181818182,0.2,0.20454545454545456,0.09090909090909091,0.1111111111111111,0.20454545454545456,0.09090909090909091,0.1111111111111111,0.20454545454545456,1.0,1.0
all_t20_2018_2026,efd1a0ef,Jay Gohil,False,2024,False,9,4,5,147.0,101,36.75,16.333333333333332,17.0,False,4.2,7.0,17.0,19.0,31.6,0.8045722560578582,0,0.0,0.0,0.2222222222222222,0.3333333333333333,0.507936507936508,0.1111111111111111,0.2,0.507936507936508,0.0,0.0,0.507936507936508,1.0,
all_t20_2018_2026,017e2f0d,Amogh Desai,False,2020,False,9,9,0,146.0,128,16.22222222222222,16.22222222222222,12.0,True,4.2,7.0,12.0,22.0,35.6,0.6462610389055965,0,0.0,0.0,0.3333333333333333,0.3333333333333333,0.33333333333333337,0.2222222222222222,0.2222222222222222,0.22222222222222227,0.0,0.0,0.0,0.6666666666666666,0.0
all_t20_2018_2026,6dd8b88c,Usama Mir,True,2026,True,24,20,4,145.0,131,7.25,6.041666666666667,2.0,True,0.0,0.75,2.0,5.5,20.09999999999999,2.0246420006916765,5,0.20833333333333334,0.25,0.125,0.14285714285714285,0.15707671957671962,0.08333333333333333,0.09523809523809523,0.10471781305114643,0.0,0.0,0.0,0.6666666666666666,0.0
all_t20_2018_2026,722ca1f2,Keshav Kumar,False,2018,False,5,3,2,145.0,152,48.333333333333336,29.0,21.0,True,9.6,12.0,21.0,43.0,53.800000000000004,0.5152306221214075,0,0.0,0.0,0.6,0.6,0.6000000000000001,0.4,0.5,0.6000000000000001,0.2,0.25,0.30000000000000004,1.0,0.5
all_t20_2018_2026,73f1f6b0,TA Lammonby,True,2024,False,12,9,3,145.0,109,16.11111111111111,12.083333333333334,12.5,False,2.0,2.75,12.5,17.25,25.5,0.2408130897591697,1,0.08333333333333333,0.1111111111111111,0.25,0.3,0.4,0.0,0.0,0.0,0.0,0.0,0.0,0.0,
all_t20_2018_2026,7dfb8890,S Muthusamy,True,2025,True,16,13,3,145.0,132,11.153846153846153,9.0625,7.5,True,1.0,2.0,7.5,9.75,19.0,1.8462485687149277,0,0.0,0.0,0.125,0.14285714285714285,0.14423076923076925,0.0625,0.07142857142857142,0.07211538461538462,0.0,0.0,0.07211538461538462,0.5,
all_t20_2018_2026,b970a03f,M Klinger,True,2018,False,10,10,0,145.0,169,14.5,14.5,12.5,True,1.8,2.25,12.5,27.5,29.1,0.08300120028445135,1,0.1,0.1,0.5,0.5,0.5000000000000001,0.1,0.1,0.10000000000000005,0.0,0.0,0.0,0.2,0.0
all_t20_2018_2026,184512d1,J Gardner,True,2026,True,22,13,9,144.0,131,11.076923076923077,6.545454545454546,3.5,True,1.0,2.0,3.5,10.0,15.800000000000004,0.7269880724185936,1,0.045454545454545456,0.07692307692307693,0.0,0.0,0.21590909090909094,0.0,0.0,0.21590909090909094,0.0,0.0,0.21590909090909094,,
all_t20_2018_2026,af5b6464,N Bidaisee,True,2026,True,10,8,2,144.0,126,18.0,14.4,9.5,True,0.9,1.25,9.5,21.25,31.999999999999993,1.0775986417037946,1,0.1,0.125,0.3,0.3333333333333333,0.3750000000000001,0.2,0.25,0.3750000000000001,0.1,0.125,0.18750000000000006,1.0,0.5
all_t20_2018_2026,b3bad3f2,NR Kumar,True,2025,True,13,13,0,144.0,140,11.076923076923077,11.076923076923077,11.0,True,0.0,1.0,11.0,18.0,24.800000000000004,0.45642647365525185,3,0.23076923076923078,0.23076923076923078,0.23076923076923078,0.23076923076923078,0.23076923076923084,0.07692307692307693,0.07692307692307693,0.07692307692307696,0.0,0.0,0.0,0.3333333333333333,0.0
all_t20_2018_2026,3b16788a,Tarang Gohel,False,2024,False,7,6,1,143.0,82,23.833333333333332,20.428571428571427,17.0,True,0.6000000000000001,2.5,17.0,35.0,51.0,0.6085123846729431,1,0.14285714285714285,0.16666666666666666,0.2857142857142857,0.2857142857142857,0.28571428571428575,0.2857142857142857,0.2857142857142857,0.28571428571428575,0.2857142857142857,0.2857142857142857,0.28571428571428575,1.0,1.0
all_t20_2018_2026,aed9ac31,K Lion-Cachet,False,2025,True,7,4,3,143.0,111,35.75,20.428571428571427,17.0,True,3.8000000000000003,8.5,17.0,31.0,38.400000000000006,0.32597104111771036,0,0.0,0.0,0.42857142857142855,0.6,0.6428571428571429,0.2857142857142857,0.4,0.42857142857142866,0.0,0.0,0.0,0.6666666666666666,0.0
all_t20_2018_2026,92780e2f,JU Goolie,True,2026,True,16,10,6,141.0,144,14.1,8.8125,8.5,True,0.0,1.5,8.5,14.25,19.0,0.44359167747229594,4,0.25,0.4,0.125,0.18181818181818182,0.3835227272727273,0.0,0.0,0.19176136363636365,0.0,0.0,0.19176136363636365,0.0,
all_t20_2018_2026,622cc511,U Kaul,False,2021,False,4,4,0,140.0,145,35.0,35.0,33.0,True,12.8,24.5,33.0,43.5,58.800000000000004,0.2595534386102442,0,0.0,0.0,0.75,0.75,0.75,0.75,0.75,0.75,0.25,0.25,0.25,1.0,0.3333333333333333
all_t20_2018_2026,e9987a94,C Overton,True,2026,True,18,9,9,139.0,95,15.444444444444445,7.722222222222222,4.5,True,1.0,1.25,4.5,11.75,18.6,0.7590197215709973,1,0.05555555555555555,0.1111111111111111,0.1111111111111111,0.18181818181818182,0.3950617283950617,0.0,0.0,0.3950617283950617,0.0,0.0,0.3950617283950617,,
all_t20_2018_2026,e6f0408a,RH Priest,False,2021,False,7,7,0,138.0,101,19.714285714285715,19.714285714285715,8.0,True,4.0,6.0,8.0,19.0,42.40000000000002,1.7905674133232117,0,0.0,0.0,0.2857142857142857,0.2857142857142857,0.28571428571428575,0.14285714285714285,0.14285714285714285,0.14285714285714288,0.14285714285714285,0.14285714285714285,0.14285714285714288,0.5,1.0
all_t20_2018_2026,a00e1842,Writtick Chatterjee,False,2024,False,8,6,2,137.0,95,22.833333333333332,17.125,9.5,True,0.0,0.0,9.5,30.75,42.599999999999994,0.5725713859839855,3,0.375,0.5,0.375,0.42857142857142855,0.46875,0.25,0.2857142857142857,0.31250000000000006,0.125,0.16666666666666666,0.31250000000000006,0.6666666666666666,1.0
all_t20_2018_2026,2b126005,KA Vaz,False,2018,False,6,5,1,136.0,117,27.2,22.666666666666668,22.5,True,14.5,17.5,22.5,29.0,31.0,-0.08937812027221424,0,0.0,0.0,0.5,0.6,0.6000000000000001,0.3333333333333333,0.4,0.4000000000000001,0.0,0.0,0.0,0.6666666666666666,0.0
all_t20_2018_2026,47ff3985,Salman Nizar,False,2023,False,6,1,5,136.0,94,136.0,22.666666666666668,20.5,True,7.5,12.5,20.5,22.5,40.0,1.1901642155637313,0,0.0,0.0,0.6666666666666666,0.8,0.8333333333333334,0.16666666666666666,0.5,0.8333333333333334,0.16666666666666666,0.5,0.8333333333333334,1.0,1.0
all_t20_2018_2026,83558266,A King,True,2026,True,27,18,9,136.0,150,7.555555555555555,5.037037037037037,3.0,True,1.0,1.0,3.0,6.5,9.400000000000002,2.1223140461481393,1,0.037037037037037035,0.05555555555555555,0.037037037037037035,0.05263157894736842,0.1639660493827161,0.0,0.0,0.1639660493827161,0.0,0.0,0.1639660493827161,,
all_t20_2018_2026,9cab5daf,NRJ Young,True,2025,True,16,11,5,136.0,137,12.363636363636363,8.5,2.5,True,0.0,0.75,2.5,12.5,19.0,2.0695117455197654,4,0.25,0.36363636363636365,0.125,0.18181818181818182,0.2840909090909091,0.0625,0.09090909090909091,0.14204545454545456,0.0,0.0,0.0,0.5,0.0
all_t20_2018_2026,a454fa21,Saahil Jain,True,2021,False,10,9,1,135.0,129,15.0,13.5,12.5,True,1.0,2.0,12.5,23.75,26.5,0.11907386477161434,0,0.0,0.0,0.5,0.5555555555555556,0.5625000000000001,0.1,0.1111111111111111,0.11250000000000004,0.0,0.0,0.0,0.2,0.0
all_t20_2018_2026,6fd0c8e1,JD Campbell,False,2026,True,7,7,0,134.0,126,19.142857142857142,19.142857142857142,23.0,False,3.6000000000000005,8.5,23.0,25.5,33.400000000000006,0.25636316016291116,1,0.14285714285714285,0.14285714285714285,0.5714285714285714,0.5714285714285714,0.5714285714285715,0.14285714285714285,0.14285714285714285,0.14285714285714288,0.0,0.0,0.0,0.25,0.0
all_t20_2018_2026,151c258b,J Glen,True,2020,False,11,8,3,133.0,111,16.625,12.090909090909092,8.0,True,0.0,2.5,8.0,21.0,27.0,0.6292539453338658,2,0.18181818181818182,0.25,0.2727272727272727,0.3,0.32727272727272727,0.09090909090909091,0.1111111111111111,0.16363636363636364,0.0,0.0,0.16363636363636364,0.5,
all_t20_2018_2026,a9d2dab9,S Fanning,False,2025,True,5,5,0,133.0,94,26.6,26.6,31.0,False,12.200000000000001,29.0,31.0,31.0,37.0,-1.1135099479325998,0,0.0,0.0,0.8,0.8,0.8,0.6,0.6,0.6000000000000001,0.0,0.0,0.0,0.75,0.0
all_t20_2018_2026,acee4cc4,Imran Tahir,True,2026,True,32,14,18,133.0,134,9.5,4.15625,3.5,True,0.0,1.0,3.5,6.0,8.900000000000002,1.6736985886194886,4,0.125,0.2857142857142857,0.03125,0.07142857142857142,0.3122182992788462,0.0,0.0,0.0,0.0,0.0,0.0,0.0,
all_t20_2018_2026,ad1e02b4,Prashant Gupta,False,2018,False,3,2,1,133.0,101,66.5,44.333333333333336,40.0,True,39.2,39.5,40.0,47.0,51.2,0.6958131889430729,0,0.0,0.0,1.0,1.0,1.0,1.0,1.0,1.0,0.3333333333333333,0.5,0.6666666666666667,1.0,0.5
all_t20_2018_2026,1ec1998e,NAJ Wraith,True,2025,True,13,11,2,132.0,127,12.0,10.153846153846153,9.0,True,1.0,1.0,9.0,17.0,19.400000000000002,0.45678436092382785,1,0.07692307692307693,0.09090909090909091,0.15384615384615385,0.18181818181818182,0.19230769230769235,0.0,0.0,0.0,0.0,0.0,0.0,0.0,
all_t20_2018_2026,2f9d0389,LH Ferguson,True,2026,True,22,8,14,132.0,107,16.5,6.0,3.0,True,0.0,1.0,3.0,8.5,17.50000000000001,1.1904657150233102,2,0.09090909090909091,0.25,0.045454545454545456,0.1111111111111111,0.3818181818181817,0.0,0.0,0.3818181818181817,0.0,0.0,0.3818181818181817,,
all_t20_2018_2026,3bc10d5b,Pankaj Jaswal,True,2022,False,15,9,6,132.0,81,14.666666666666666,8.8,7.0,True,0.40000000000000013,4.0,7.0,11.0,19.799999999999997,0.9962483063970003,2,0.13333333333333333,0.2222222222222222,0.13333333333333333,0.2,0.32400000000000007,0.0,0.0,0.0,0.0,0.0,0.0,0.0,
all_t20_2018_2026,78feb458,JN Hamilton,True,2026,True,14,11,3,132.0,134,12.0,9.428571428571429,9.0,True,0.6000000000000001,3.5,9.0,11.5,19.30000000000001,1.2288893811791597,2,0.14285714285714285,0.18181818181818182,0.14285714285714285,0.15384615384615385,0.2142857142857143,0.07142857142857142,0.08333333333333333,0.2142857142857143,0.0,0.0,0.2142857142857143,1.0,
all_t20_2018_2026,2f48362d,Amit Sinha,False,2021,False,9,5,4,131.0,130,26.2,14.555555555555555,7.0,True,0.0,1.0,7.0,12.0,33.000000000000014,2.080777443086428,2,0.2222222222222222,0.4,0.2222222222222222,0.3333333333333333,0.5,0.1111111111111111,0.16666666666666666,0.25,0.1111111111111111,0.16666666666666666,0.25,0.5,1.0
all_t20_2018_2026,9550470d,WIA Fernando,False,2024,False,6,5,1,131.0,63,26.2,21.833333333333332,4.5,True,1.0,2.25,4.5,30.75,60.0,1.1734837419965987,1,0.16666666666666666,0.2,0.3333333333333333,0.4,0.44444444444444453,0.3333333333333333,0.4,0.44444444444444453,0.16666666666666666,0.2,0.22222222222222227,1.0,0.5
all_t20_2018_2026,97b0e4ff,SC van Schalkwyk,True,2026,True,19,9,10,130.0,118,14.444444444444445,6.842105263157895,3.0,True,1.0,1.0,3.0,12.0,13.0,1.2588018231741438,1,0.05263157894736842,0.1111111111111111,0.05263157894736842,0.1111111111111111,0.45029239766081874,0.0,0.0,0.0,0.0,0.0,0.0,0.0,
all_t20_2018_2026,2f49c897,Mohammed Siraj,True,2026,True,26,14,12,129.0,157,9.214285714285714,4.961538461538462,3.0,True,0.0,0.25,3.0,8.75,12.0,0.5890085084600047,4,0.15384615384615385,0.2857142857142857,0.0,0.0,0.1408335317932841,0.0,0.0,0.1408335317932841,0.0,0.0,0.1408335317932841,,
all_t20_2018_2026,321644de,AJ Healy,False,2022,False,6,6,0,129.0,85,21.5,21.5,19.5,True,9.5,15.5,19.5,24.25,35.5,0.7188516202111048,0,0.0,0.0,0.5,0.5,0.5,0.16666666666666666,0.16666666666666666,0.16666666666666669,0.0,0.0,0.0,0.3333333333333333,0.0
all_t20_2018_2026,e69dbbef,KL George,True,2026,True,28,20,8,129.0,157,6.45,4.607142857142857,4.0,True,0.0,1.0,4.0,6.25,10.500000000000004,1.1393068911516682,4,0.14285714285714285,0.2,0.0,0.0,0.0,0.0,0.0,0.0,0.0,0.0,0.0,,
all_t20_2018_2026,13c35c9e,TG Southee,True,2025,True,23,13,10,127.0,123,9.76923076923077,5.521739130434782,1.0,True,0.0,1.0,1.0,7.5,13.200000000000003,2.286684903861731,4,0.17391304347826086,0.3076923076923077,0.08695652173913043,0.14285714285714285,0.26224982746721887,0.043478260869565216,0.07142857142857142,0.13112491373360943,0.0,0.0,0.13112491373360943,0.5,
all_t20_2018_2026,4af886ed,Lakshay Garg,True,2022,False,15,10,5,127.0,111,12.7,8.466666666666667,7.0,True,0.40000000000000013,3.0,7.0,13.0,17.2,1.056789666176235,2,0.13333333333333333,0.2,0.06666666666666667,0.1,0.16500000000000004,0.0,0.0,0.0,0.0,0.0,0.0,0.0,
all_t20_2018_2026,40737b8d,AD Chopra,False,2025,True,5,5,0,126.0,83,25.2,25.2,9.0,True,6.2,8.0,9.0,28.0,56.800000000000004,1.1978326326173174,0,0.0,0.0,0.4,0.4,0.4000000000000001,0.2,0.2,0.20000000000000004,0.2,0.2,0.20000000000000004,0.5,1.0
all_t20_2018_2026,a0d832c0,Vinoop Manoharan,False,2018,False,5,4,1,126.0,111,31.5,25.2,31.0,False,2.4,3.0,31.0,38.0,46.4,-0.04912499432223998,0,0.0,0.0,0.6,0.75,0.75,0.6,0.75,0.75,0.2,0.25,0.25,1.0,0.3333333333333333
all_t20_2018_2026,a63563c0,Diwesh Pathania,True,2021,False,12,6,6,126.0,98,21.0,10.5,7.5,True,0.0,2.25,7.5,14.0,23.900000000000006,1.432158556370446,3,0.25,0.5,0.16666666666666666,0.25,0.4,0.08333333333333333,0.14285714285714285,0.4,0.0,0.0,0.4,1.0,
all_t20_2018_2026,ab01e323,SA Zaib,True,2026,True,12,10,2,126.0,109,12.6,10.5,9.5,True,1.1,2.75,9.5,18.0,21.0,0.14015168458202742,0,0.0,0.0,0.25,0.3,0.309375,0.0,0.0,0.0,0.0,0.0,0.0,0.0,
all_t20_2018_2026,afa78c3a,CS Delport,False,2018,False,8,7,1,126.0,112,18.0,15.75,13.0,True,1.4000000000000001,2.0,13.0,27.25,34.9,0.350726494750725,1,0.125,0.14285714285714285,0.375,0.42857142857142855,0.5,0.25,0.2857142857142857,0.33333333333333337,0.0,0.0,0.0,0.6666666666666666,0.0
all_t20_2018_2026,efc04be7,Noor Ahmad,True,2026,True,37,25,12,126.0,149,5.04,3.4054054054054053,2.0,True,0.0,1.0,2.0,6.0,8.0,2.488555552272964,7,0.1891891891891892,0.28,0.02702702702702703,0.04,0.11552610826658014,0.0,0.0,0.0,0.0,0.0,0.0,0.0,
all_t20_2018_2026,08a11820,NN Sen Chowdhary,False,2023,False,6,6,0,125.0,134,20.833333333333332,20.833333333333332,22.5,False,9.0,12.0,22.5,27.0,31.0,-0.13243024976351633,0,0.0,0.0,0.6666666666666666,0.6666666666666666,0.6666666666666667,0.16666666666666666,0.16666666666666666,0.16666666666666669,0.0,0.0,0.0,0.25,0.0
all_t20_2018_2026,10d64f7c,Sarul Kanwar,False,2021,False,6,6,0,125.0,112,20.833333333333332,20.833333333333332,13.5,True,5.0,10.75,13.5,32.0,44.0,0.5992301257948921,1,0.16666666666666666,0.16666666666666666,0.3333333333333333,0.3333333333333333,0.33333333333333337,0.3333333333333333,0.3333333333333333,0.33333333333333337,0.16666666666666666,0.16666666666666666,0.16666666666666669,1.0,0.5
all_t20_2018_2026,1b7b0fa7,Vivrant Sharma,False,2023,False,5,5,0,125.0,104,25.0,25.0,15.0,True,7.6,13.0,15.0,24.0,51.0,1.219021745458618,0,0.0,0.0,0.4,0.4,0.4000000000000001,0.2,0.2,0.20000000000000004,0.2,0.2,0.20000000000000004,0.5,1.0
all_t20_2018_2026,4ba2c04d,AJ Nair,True,2020,False,12,6,6,125.0,113,20.833333333333332,10.416666666666666,9.5,True,1.3000000000000003,4.75,9.5,15.5,17.9,0.8683280953404517,0,0.0,0.0,0.08333333333333333,0.16666666666666666,0.2410714285714286,0.08333333333333333,0.16666666666666666,0.2410714285714286,0.0,0.0,0.0,1.0,0.0
all_t20_2018_2026,b76a2178,M Dindyal,False,2026,True,5,5,0,125.0,98,25.0,25.0,25.0,False,6.800000000000001,17.0,25.0,33.0,43.2,0.0,1,0.2,0.2,0.6,0.6,0.6000000000000001,0.4,0.4,0.4000000000000001,0.2,0.2,0.20000000000000004,0.6666666666666666,0.5
all_t20_2018_2026,e2b74f6e,AV Kolhar,False,2019,False,6,4,2,125.0,107,31.25,20.833333333333332,18.0,True,7.5,12.0,18.0,27.75,37.0,0.4895489480751248,0,0.0,0.0,0.5,0.5,0.5,0.16666666666666666,0.2,0.33333333333333337,0.0,0.0,0.33333333333333337,0.5,
all_t20_2018_2026,1db6e336,BS McKinney,True,2026,True,12,12,0,124.0,96,10.333333333333334,10.333333333333334,5.0,True,0.0,0.0,5.0,12.75,27.900000000000006,1.435610142781044,4,0.3333333333333333,0.3333333333333333,0.16666666666666666,0.16666666666666666,0.16666666666666677,0.08333333333333333,0.08333333333333333,0.08333333333333338,0.0,0.0,0.0,0.5,0.0
all_t20_2018_2026,25986786,SF Khan,False,2022,False,6,3,3,124.0,98,41.333333333333336,20.666666666666668,20.0,True,4.5,11.0,20.0,26.75,37.5,0.4145977170459005,1,0.16666666666666666,0.3333333333333333,0.5,0.75,0.8333333333333334,0.16666666666666666,0.25,0.27777777777777785,0.0,0.0,0.27777777777777785,0.3333333333333333,
all_t20_2018_2026,54d9489d,Bibek Diyali,True,2020,False,12,12,0,124.0,193,10.333333333333334,10.333333333333334,10.5,False,0.0,3.75,10.5,18.0,21.6,0.15486695710111748,3,0.25,0.25,0.16666666666666666,0.16666666666666666,0.16666666666666669,0.0,0.0,0.0,0.0,0.0,0.0,0.0,
all_t20_2018_2026,6fa5314b,Kishan Parmar,False,2019,False,5,5,0,124.0,105,24.8,24.8,20.0,True,9.600000000000001,18.0,20.0,28.0,43.6,0.6876683247446357,0,0.0,0.0,0.6,0.6,0.6000000000000001,0.2,0.2,0.20000000000000004,0.2,0.2,0.20000000000000004,0.3333333333333333,1.0
all_t20_2018_2026,b4587494,Rohit Rayudu,False,2023,False,7,6,1,124.0,106,20.666666666666668,17.714285714285715,10.0,True,2.8000000000000003,5.5,10.0,27.5,43.400000000000006,0.8163813752012591,0,0.0,0.0,0.2857142857142857,0.2857142857142857,0.28571428571428575,0.2857142857142857,0.2857142857142857,0.28571428571428575,0.0,0.0,0.14285714285714288,1.0,0.0
all_t20_2018_2026,3b647e2b,LS Boucher,False,2025,True,8,7,1,123.0,124,17.571428571428573,15.375,11.5,True,1.0,1.75,11.5,16.5,31.199999999999992,1.7424444463011248,0,0.0,0.0,0.125,0.125,0.125,0.125,0.125,0.125,0.125,0.125,0.125,1.0,1.0
all_t20_2018_2026,ac64c2ef,Raghav Dhawan,False,2021,False,2,2,0,122.0,98,61.0,61.0,61.0,False,57.8,59.0,61.0,63.0,64.2,,0,0.0,0.0,1.0,1.0,1.0,1.0,1.0,1.0,1.0,1.0,1.0,1.0,1.0
all_t20_2018_2026,ff014c34,HG Munsey,False,2022,False,4,4,0,122.0,105,30.5,30.5,32.5,False,4.200000000000001,10.5,32.5,52.5,55.2,-0.10061776444351998,1,0.25,0.25,0.5,0.5,0.5,0.5,0.5,0.5,0.5,0.5,0.5,1.0,1.0
all_t20_2018_2026,350bb1b1,AF Milne,True,2026,True,37,17,20,121.0,135,7.117647058823529,3.27027027027027,2.0,True,0.0,1.0,2.0,5.0,6.799999999999997,1.6433710183948893,6,0.16216216216216217,0.35294117647058826,0.0,0.0,0.0,0.0,0.0,0.0,0.0,0.0,0.0,,
all_t20_2018_2026,b76b2d25,Sachin Kumar,False,2022,False,8,3,5,121.0,106,40.333333333333336,15.125,17.0,False,4.7,5.0,17.0,19.25,24.199999999999996,0.49344756781493015,0,0.0,0.0,0.25,0.5,0.65625,0.125,0.25,0.328125,0.0,0.0,0.328125,0.5,
all_t20_2018_2026,1558d83b,GS Sandhu,True,2025,True,20,7,13,120.0,113,17.142857142857142,6.0,4.0,True,0.0,1.5,4.0,10.25,15.100000000000001,0.8649560611508734,3,0.15,0.42857142857142855,0.05,0.125,0.45075757575757575,0.0,0.0,0.45075757575757575,0.0,0.0,0.45075757575757575,,
all_t20_2018_2026,ab21795b,BAD Manenti,True,2025,True,17,13,4,120.0,127,9.23076923076923,7.0588235294117645,4.0,True,0.6000000000000001,2.0,4.0,11.0,16.000000000000004,1.1387235349333609,2,0.11764705882352941,0.15384615384615385,0.11764705882352941,0.15384615384615385,0.16924252218369867,0.0,0.0,0.0,0.0,0.0,0.0,0.0,
all_t20_2018_2026,acdc62f5,A Nortje,True,2026,True,25,13,12,120.0,105,9.23076923076923,4.8,4.0,True,0.0,1.0,4.0,4.0,12.400000000000006,1.9844533629931134,5,0.2,0.38461538461538464,0.08,0.14285714285714285,0.2514884496308646,0.0,0.0,0.1257442248154323,0.0,0.0,0.1257442248154323,0.0,
all_t20_2018_2026,b34e0c77,S Glenn,True,2026,True,25,18,7,120.0,111,6.666666666666667,4.8,2.0,True,0.0,1.0,2.0,7.0,12.800000000000004,1.6386625764607732,4,0.16,0.2222222222222222,0.04,0.05263157894736842,0.07809375000000003,0.0,0.0,0.07809375000000003,0.0,0.0,0.07809375000000003,,
all_t20_2018_2026,d7b754d4,SJ Johnson,False,2021,False,7,7,0,120.0,105,17.142857142857142,17.142857142857142,16.0,True,2.4000000000000004,8.5,16.0,27.0,30.6,-0.11417136808658626,1,0.14285714285714285,0.14285714285714285,0.42857142857142855,0.42857142857142855,0.4285714285714286,0.14285714285714285,0.14285714285714285,0.14285714285714288,0.0,0.0,0.0,0.3333333333333333,0.0
all_t20_2018_2026,0ebaa16a,SS Sharma,False,2024,False,5,4,1,119.0,88,29.75,23.8,24.0,False,5.2,13.0,24.0,36.0,42.0,-0.09200654072558392,1,0.2,0.25,0.6,0.6,0.6000000000000001,0.4,0.4,0.4000000000000001,0.0,0.0,0.0,0.6666666666666666,0.0
all_t20_2018_2026,6e8d1234,Vijay Sharma,True,2022,False,10,5,5,119.0,112,23.8,11.9,9.5,True,0.9,1.5,9.5,20.75,26.4,0.36558839967709394,1,0.1,0.2,0.3,0.375,0.45714285714285724,0.1,0.16666666666666666,0.45714285714285724,0.0,0.0,0.45714285714285724,1.0,
all_t20_2018_2026,96477053,Hokaito Zhimomi,True,2023,False,15,11,4,119.0,155,10.818181818181818,7.933333333333334,6.0,True,0.40000000000000013,1.0,6.0,12.0,18.199999999999996,0.8380557882836177,2,0.13333333333333333,0.18181818181818182,0.13333333333333333,0.16666666666666666,0.27428571428571435,0.0,0.0,0.0,0.0,0.0,0.0,0.0,
all_t20_2018_2026,be69e09d,BL Couch,True,2026,True,20,9,11,119.0,116,13.222222222222221,5.95,4.0,True,0.0,0.0,4.0,8.0,19.300000000000004,1.4363350388001528,5,0.25,0.5555555555555556,0.1,0.2,0.38194444444444453,0.0,0.0,0.19097222222222227,0.0,0.0,0.19097222222222227,0.0,
all_t20_2018_2026,1b42a100,BS Makhanya,True,2024,False,11,8,3,118.0,103,14.75,10.727272727272727,6.0,True,1.0,4.0,6.0,14.0,17.0,1.7199957343859478,0,0.0,0.0,0.09090909090909091,0.125,0.1414141414141414,0.09090909090909091,0.125,0.1414141414141414,0.0,0.0,0.0,1.0,0.0
all_t20_2018_2026,22b98d7c,TW Hartley,True,2025,True,17,10,7,118.0,109,11.8,6.9411764705882355,5.0,True,0.6000000000000001,1.0,5.0,12.0,16.0,0.4173957440066559,2,0.11764705882352941,0.2,0.0,0.0,0.33986928104575176,0.0,0.0,0.33986928104575176,0.0,0.0,0.33986928104575176,,
all_t20_2018_2026,24bb1c2f,Haris Rauf,True,2026,True,26,16,10,118.0,137,7.375,4.538461538461538,4.0,True,0.0,0.25,4.0,7.75,10.0,0.8042280245129345,6,0.23076923076923078,0.375,0.0,0.0,0.12019230769230768,0.0,0.0,0.12019230769230768,0.0,0.0,0.12019230769230768,,
all_t20_2018_2026,7b5b6311,CV Milind,True,2022,False,16,8,8,118.0,84,14.75,7.375,5.5,True,1.0,1.0,5.5,9.75,19.5,1.017390382784974,1,0.0625,0.125,0.125,0.2,0.4166666666666667,0.0,0.0,0.4166666666666667,0.0,0.0,0.4166666666666667,,
all_t20_2018_2026,92673ce8,Arkaprabha Sinha,True,2023,False,12,12,0,118.0,134,9.833333333333334,9.833333333333334,7.5,True,0.10000000000000009,4.0,7.5,13.75,19.9,0.9902446531282036,2,0.16666666666666666,0.16666666666666666,0.16666666666666666,0.16666666666666666,0.16666666666666669,0.08333333333333333,0.08333333333333333,0.08333333333333334,0.0,0.0,0.0,0.5,0.0
all_t20_2018_2026,bdecece1,Ramachandran Ragupathy,False,2022,False,5,5,0,118.0,116,23.6,23.6,32.0,False,4.800000000000001,12.0,32.0,35.0,37.4,-0.5291018216338649,1,0.2,0.2,0.6,0.6,0.6000000000000001,0.6,0.6,0.6000000000000001,0.0,0.0,0.0,1.0,0.0
all_t20_2018_2026,3c3adfce,JP Wood,False,2024,False,6,6,0,117.0,92,19.5,19.5,19.5,False,2.0,4.5,19.5,28.5,37.0,0.2934040903701543,0,0.0,0.0,0.5,0.5,0.5,0.16666666666666666,0.16666666666666666,0.16666666666666669,0.0,0.0,0.0,0.3333333333333333,0.0
all_t20_2018_2026,71ee052e,Aanshul Gupta,False,2021,False,7,7,0,117.0,106,16.714285714285715,16.714285714285715,10.0,True,4.200000000000001,7.0,10.0,29.5,31.6,0.17601815933013143,1,0.14285714285714285,0.14285714285714285,0.42857142857142855,0.42857142857142855,0.4285714285714286,0.2857142857142857,0.2857142857142857,0.28571428571428575,0.0,0.0,0.0,0.6666666666666666,0.0
all_t20_2018_2026,9b0d5e52,Sanjeet Desai,False,2023,False,7,5,2,117.0,106,23.4,16.714285714285715,7.0,True,3.2,5.0,7.0,18.0,37.40000000000001,1.650537861832386,0,0.0,0.0,0.2857142857142857,0.3333333333333333,0.38095238095238104,0.14285714285714285,0.16666666666666666,0.19047619047619052,0.14285714285714285,0.16666666666666666,0.19047619047619052,0.5,1.0
all_t20_2018_2026,a717c88e,Sanjay Raghunath,False,2022,False,4,4,0,116.0,100,29.0,29.0,24.5,True,8.200000000000001,14.5,24.5,39.0,53.400000000000006,0.537328346479715,0,0.0,0.0,0.5,0.5,0.5,0.5,0.5,0.5,0.25,0.25,0.25,1.0,0.5
all_t20_2018_2026,c5f40e35,SW Currie,True,2026,True,12,7,5,116.0,103,16.571428571428573,9.666666666666666,5.5,True,1.1,3.5,5.5,15.5,20.6,0.5982773552086263,1,0.08333333333333333,0.14285714285714285,0.16666666666666666,0.25,0.32407407407407407,0.0,0.0,0.16203703703703703,0.0,0.0,0.16203703703703703,0.0,
all_t20_2018_2026,dcabd6bc,BKEL Milantha,False,2026,True,7,5,2,116.0,101,23.2,16.571428571428573,15.0,True,2.8000000000000003,5.0,15.0,25.0,35.800000000000004,0.5620060569111147,0,0.0,0.0,0.2857142857142857,0.3333333333333333,0.35714285714285726,0.2857142857142857,0.3333333333333333,0.35714285714285726,0.0,0.0,0.0,1.0,0.0
all_t20_2018_2026,ff9c2522,Abhishek Thakuri,False,2022,False,8,8,0,116.0,125,14.5,14.5,12.0,True,4.800000000000001,7.5,12.0,19.25,26.599999999999998,0.7742731154854592,0,0.0,0.0,0.25,0.25,0.25,0.125,0.125,0.125,0.0,0.0,0.0,0.5,0.0
all_t20_2018_2026,d1f63ad5,AR Kumar,False,2020,False,8,7,1,115.0,119,16.428571428571427,14.375,11.5,True,5.800000000000001,7.75,11.5,20.0,25.7,0.6915098793971972,0,0.0,0.0,0.25,0.25,0.25,0.125,0.125,0.125,0.0,0.0,0.125,0.5,
all_t20_2018_2026,12cdca65,M Pranith,False,2018,False,2,2,0,114.0,60,57.0,57.0,57.0,False,45.8,50.0,57.0,64.0,68.2,,0,0.0,0.0,1.0,1.0,1.0,1.0,1.0,1.0,0.5,0.5,0.5,1.0,0.5
all_t20_2018_2026,529eb9e0,OC McCoy,True,2026,True,23,15,8,114.0,103,7.6,4.956521739130435,4.0,True,0.0,1.0,4.0,8.0,12.400000000000002,0.612106593807056,3,0.13043478260869565,0.2,0.0,0.0,0.16301623624278086,0.0,0.0,0.16301623624278086,0.0,0.0,0.16301623624278086,,
all_t20_2018_2026,13d4fba2,Liyan Khan,False,2021,False,4,3,1,113.0,137,37.666666666666664,28.25,24.0,True,17.3,17.75,24.0,34.5,42.6,0.6670722032949761,0,0.0,0.0,0.5,0.5,0.5,0.5,0.5,0.5,0.0,0.0,0.25,1.0,0.0
all_t20_2018_2026,208f22ea,DJ Worrall,True,2025,True,22,11,11,113.0,112,10.272727272727273,5.136363636363637,1.0,True,0.0,1.0,1.0,4.5,7.800000000000004,4.089678500129385,3,0.13636363636363635,0.2727272727272727,0.045454545454545456,0.08333333333333333,0.1259469696969697,0.045454545454545456,0.08333333333333333,0.1259469696969697,0.045454545454545456,0.08333333333333333,0.1259469696969697,1.0,1.0
all_t20_2018_2026,69be866a,Anureet Singh,False,2020,False,7,4,3,113.0,98,28.25,16.142857142857142,12.0,True,4.2,5.5,12.0,23.0,33.2,0.8016424754877791,0,0.0,0.0,0.2857142857142857,0.4,0.41666666666666674,0.14285714285714285,0.25,0.41666666666666674,0.0,0.0,0.0,1.0,0.0
all_t20_2018_2026,a81e957f,Suryakant Pradhan,True,2020,False,10,9,1,113.0,71,12.555555555555555,11.3,9.0,True,1.8,3.0,9.0,17.5,23.9,0.7593646759597151,1,0.1,0.1111111111111111,0.2,0.2222222222222222,0.2666666666666667,0.1,0.1111111111111111,0.13333333333333336,0.0,0.0,0.0,0.5,0.0
all_t20_2018_2026,f6b0bd10,Kuldeep Gehi,False,2021,False,5,5,0,113.0,79,22.6,22.6,21.0,True,12.6,18.0,21.0,31.0,32.8,-0.14658629519255875,0,0.0,0.0,0.6,0.6,0.6000000000000001,0.4,0.4,0.4000000000000001,0.0,0.0,0.0,0.6666666666666666,0.0
all_t20_2018_2026,08548b13,PHKD Mendis,False,2025,True,7,4,3,112.0,83,28.0,16.0,10.0,True,0.6000000000000001,5.5,10.0,29.5,32.0,0.10493901925015542,1,0.14285714285714285,0.25,0.42857142857142855,0.5,0.5714285714285715,0.2857142857142857,0.3333333333333333,0.38095238095238104,0.0,0.0,0.38095238095238104,0.6666666666666666,
all_t20_2018_2026,41eb4a4f,R Vinay Kumar,True,2019,False,10,5,5,112.0,86,22.4,11.2,6.0,True,2.0,4.25,6.0,14.0,27.699999999999996,1.1654206961017182,0,0.0,0.0,0.2,0.2857142857142857,0.5000000000000001,0.1,0.16666666666666666,0.5000000000000001,0.0,0.0,0.5000000000000001,1.0,
all_t20_2018_2026,5f39537c,Ravi Teja,True,2022,False,14,12,2,112.0,99,9.333333333333334,8.0,5.5,True,0.30000000000000004,1.25,5.5,9.0,20.400000000000013,1.4790931858801637,2,0.14285714285714285,0.16666666666666666,0.14285714285714285,0.15384615384615385,0.15873015873015875,0.07142857142857142,0.07692307692307693,0.07936507936507937,0.0,0.0,0.07936507936507937,0.5,
all_t20_2018_2026,9d704f6f,SZ Mulani,True,2024,False,12,9,3,112.0,90,12.444444444444445,9.333333333333334,1.0,True,0.0,0.75,1.0,6.5,16.400000000000002,2.7001294477160545,3,0.25,0.3333333333333333,0.08333333333333333,0.1111111111111111,0.13333333333333336,0.08333333333333333,0.1111111111111111,0.13333333333333336,0.08333333333333333,0.1111111111111111,0.13333333333333336,1.0,1.0
all_t20_2018_2026,fa4f5a0b,Ali Sheikh,False,2026,True,9,8,1,112.0,92,14.0,12.444444444444445,11.0,True,0.8,5.0,11.0,18.0,22.800000000000004,1.016251684499497,1,0.1111111111111111,0.125,0.1111111111111111,0.125,0.13333333333333336,0.1111111111111111,0.125,0.13333333333333336,0.0,0.0,0.0,1.0,0.0
all_t20_2018_2026,1ac2a995,HR Walsh,True,2024,False,11,7,4,111.0,93,15.857142857142858,10.090909090909092,9.0,True,2.0,3.5,9.0,13.5,16.0,1.221143031464676,0,0.0,0.0,0.09090909090909091,0.14285714285714285,0.30784030784030786,0.09090909090909091,0.14285714285714285,0.30784030784030786,0.0,0.0,0.0,1.0,0.0
all_t20_2018_2026,672d7379,KA Anderson,False,2026,True,9,8,1,110.0,110,13.75,12.222222222222221,5.0,True,1.0,2.0,5.0,22.0,27.000000000000004,1.3907090511108102,0,0.0,0.0,0.3333333333333333,0.375,0.38888888888888884,0.1111111111111111,0.125,0.12962962962962962,0.0,0.0,0.0,0.3333333333333333,0.0
all_t20_2018_2026,6c79c098,DA Payne,True,2026,True,22,14,8,110.0,89,7.857142857142857,5.0,1.5,True,0.0,1.0,1.5,8.0,12.600000000000009,2.0170272473074116,4,0.18181818181818182,0.2857142857142857,0.045454545454545456,0.07142857142857142,0.23376623376623384,0.0,0.0,0.0,0.0,0.0,0.0,0.0,
all_t20_2018_2026,9c53babc,Piyush Tanwar,False,2018,False,5,4,1,110.0,99,27.5,22.0,14.0,True,4.800000000000001,12.0,14.0,29.0,44.6,0.714562340354932,1,0.2,0.25,0.4,0.4,0.4000000000000001,0.2,0.2,0.20000000000000004,0.2,0.2,0.20000000000000004,0.5,1.0
all_t20_2018_2026,a61bcb94,K Pierre,True,2026,True,16,6,10,110.0,93,18.333333333333332,6.875,2.5,True,0.0,0.0,2.5,7.75,14.0,2.7669605403138213,3,0.1875,0.5,0.0625,0.16666666666666666,0.6093750000000001,0.0625,0.16666666666666666,0.6093750000000001,0.0625,0.16666666666666666,0.6093750000000001,1.0,1.0
all_t20_2018_2026,f1809c03,Tanay Thyagarajan,True,2022,False,10,7,3,110.0,84,15.714285714285714,11.0,9.0,True,0.0,2.5,9.0,19.75,24.1,0.28294872894701456,2,0.2,0.2857142857142857,0.3,0.375,0.5000000000000001,0.0,0.0,0.0,0.0,0.0,0.0,0.0,
all_t20_2018_2026,fc3d382b,Asfan Khan,True,2019,False,11,9,2,110.0,138,12.222222222222221,10.0,6.0,True,2.0,2.0,6.0,16.5,25.0,0.8139961113531053,1,0.09090909090909091,0.1111111111111111,0.18181818181818182,0.2,0.24242424242424254,0.0,0.0,0.12121212121212127,0.0,0.0,0.12121212121212127,0.0,
all_t20_2018_2026,18953b31,Abhishek Bhandari,False,2019,False,6,6,0,109.0,87,18.166666666666668,18.166666666666668,14.5,True,2.0,6.25,14.5,26.5,38.0,0.6142727978282627,1,0.16666666666666666,0.16666666666666666,0.3333333333333333,0.3333333333333333,0.33333333333333337,0.3333333333333333,0.3333333333333333,0.33333333333333337,0.0,0.0,0.0,1.0,0.0
all_t20_2018_2026,9765545f,Ankit Kumar,False,2023,False,4,4,0,109.0,86,27.25,27.25,22.0,True,6.6,7.5,22.0,41.75,52.1,0.3830583671540665,0,0.0,0.0,0.5,0.5,0.5,0.5,0.5,0.5,0.25,0.25,0.25,1.0,0.5
all_t20_2018_2026,dd86ec0b,LD Pfeffer,False,2021,False,4,4,0,109.0,95,27.25,27.25,17.0,True,7.5,9.75,17.0,34.5,55.20000000000001,0.9542305183169912,0,0.0,0.0,0.5,0.5,0.5,0.25,0.25,0.25,0.25,0.25,0.25,0.5,1.0
all_t20_2018_2026,3204c99f,G Coetzee,True,2025,True,26,19,7,108.0,116,5.684210526315789,4.153846153846154,2.0,True,0.0,1.0,2.0,7.0,12.0,0.9160127053331129,5,0.19230769230769232,0.2631578947368421,0.0,0.0,0.06472416472416473,0.0,0.0,0.06472416472416473,0.0,0.0,0.06472416472416473,,
all_t20_2018_2026,38f548aa,Saurabh Das,False,2021,False,9,6,3,107.0,115,17.833333333333332,11.88888888888889,7.0,True,0.0,0.0,7.0,17.0,32.800000000000004,1.0981750690673293,4,0.4444444444444444,0.6666666666666666,0.2222222222222222,0.2857142857142857,0.3703703703703704,0.2222222222222222,0.2857142857142857,0.3703703703703704,0.0,0.0,0.0,1.0,0.0
all_t20_2018_2026,61a3c20c,Palzor Tamang,True,2021,False,18,16,2,107.0,166,6.6875,5.944444444444445,5.5,True,0.0,2.5,5.5,8.75,10.3,0.8025609598632264,4,0.2222222222222222,0.25,0.0,0.0,0.0,0.0,0.0,0.0,0.0,0.0,0.0,,
all_t20_2018_2026,7d608e12,DM de Silva,False,2022,False,5,5,0,107.0,87,21.4,21.4,12.0,True,5.8,7.0,12.0,18.0,46.2,1.3532242484075672,0,0.0,0.0,0.2,0.2,0.20000000000000004,0.2,0.2,0.20000000000000004,0.2,0.2,0.20000000000000004,1.0,1.0
all_t20_2018_2026,8c6958d9,Codanda Ajit Karthik,False,2021,False,4,3,1,107.0,99,35.666666666666664,26.75,21.0,True,7.300000000000001,12.25,21.0,35.5,50.800000000000004,0.6848874295441275,0,0.0,0.0,0.5,0.5,0.5,0.25,0.25,0.25,0.25,0.25,0.25,0.5,1.0
all_t20_2018_2026,1b7c4d69,M Mohammed,True,2021,False,15,10,5,106.0,59,10.6,7.066666666666666,5.0,True,0.0,1.5,5.0,9.5,11.799999999999999,2.1614120186289614,4,0.26666666666666666,0.4,0.06666666666666667,0.09090909090909091,0.12152777777777779,0.06666666666666667,0.09090909090909091,0.12152777777777779,0.0,0.0,0.12152777777777779,1.0,
all_t20_2018_2026,985b57b1,Rajesh Singh,False,2019,False,6,6,0,106.0,78,17.666666666666668,17.666666666666668,5.0,True,0.5,1.0,5.0,25.5,47.5,1.1333585751552513,1,0.16666666666666666,0.16666666666666666,0.3333333333333333,0.3333333333333333,0.33333333333333337,0.3333333333333333,0.3333333333333333,0.33333333333333337,0.16666666666666666,0.16666666666666666,0.16666666666666669,1.0,0.5
all_t20_2018_2026,e3f143c1,KJ Cottoy,False,2021,False,7,3,4,106.0,89,35.333333333333336,15.142857142857142,14.0,True,7.6000000000000005,11.5,14.0,19.0,22.200000000000003,0.11233347105580413,0,0.0,0.0,0.14285714285714285,0.25,0.47619047619047633,0.0,0.0,0.47619047619047633,0.0,0.0,0.47619047619047633,,
all_t20_2018_2026,fef92afc,SC Kuggeleijn,True,2024,False,14,6,8,106.0,88,17.666666666666668,7.571428571428571,6.0,True,1.3,2.5,6.0,9.75,17.200000000000006,0.9823859476480521,1,0.07142857142857142,0.16666666666666666,0.07142857142857142,0.14285714285714285,0.396734693877551,0.0,0.0,0.396734693877551,0.0,0.0,0.396734693877551,,
all_t20_2018_2026,08a349ac,Karan Shinde,False,2022,False,3,2,1,105.0,63,52.5,35.0,20.0,True,12.0,15.0,20.0,47.5,64.0,0.6427232561238659,0,0.0,0.0,0.6666666666666666,0.6666666666666666,0.6666666666666667,0.3333333333333333,0.5,0.6666666666666667,0.3333333333333333,0.5,0.6666666666666667,1.0,1.0
all_t20_2018_2026,92b94582,J Grewcock,True,2026,True,13,7,6,105.0,91,15.0,8.076923076923077,8.0,True,0.20000000000000018,5.0,8.0,13.0,14.600000000000001,0.46983033180732575,2,0.15384615384615385,0.2857142857142857,0.07692307692307693,0.125,0.39560439560439564,0.0,0.0,0.39560439560439564,0.0,0.0,0.39560439560439564,,
all_t20_2018_2026,c13e34f4,Haider Ali,True,2025,True,17,12,5,105.0,119,8.75,6.176470588235294,3.0,True,1.0,1.0,3.0,7.0,11.200000000000003,3.019287832492215,1,0.058823529411764705,0.08333333333333333,0.058823529411764705,0.08333333333333333,0.10481283422459893,0.058823529411764705,0.08333333333333333,0.10481283422459893,0.0,0.0,0.0,1.0,0.0
all_t20_2018_2026,0372c4c5,K L Shrijith,False,2023,False,7,5,2,104.0,96,20.8,14.857142857142858,11.0,True,0.0,4.0,11.0,18.5,33.60000000000001,1.1521879207558163,2,0.2857142857142857,0.4,0.2857142857142857,0.3333333333333333,0.4285714285714286,0.14285714285714285,0.16666666666666666,0.2142857142857143,0.0,0.0,0.2142857142857143,0.5,
all_t20_2018_2026,64d43928,Sohail Tanvir,True,2020,False,11,7,4,104.0,99,14.857142857142858,9.454545454545455,5.0,True,0.0,1.0,5.0,14.0,19.0,1.3580068574719615,2,0.18181818181818182,0.2857142857142857,0.09090909090909091,0.125,0.19480519480519481,0.09090909090909091,0.125,0.19480519480519481,0.0,0.0,0.19480519480519481,1.0,
all_t20_2018_2026,a6a50969,Arpit Gaud,False,2024,False,8,8,0,104.0,95,13.0,13.0,4.5,True,0.0,0.75,4.5,20.5,38.5,0.9358555302471276,2,0.25,0.25,0.25,0.25,0.25,0.25,0.25,0.25,0.0,0.0,0.0,1.0,0.0
all_t20_2018_2026,addbde6c,N Saini,False,2018,False,5,4,1,104.0,101,26.0,20.8,22.0,False,6.0,15.0,22.0,22.0,35.800000000000004,0.3251820539078069,1,0.2,0.25,0.6,0.6,0.6000000000000001,0.2,0.2,0.20000000000000004,0.0,0.0,0.20000000000000004,0.3333333333333333,
all_t20_2018_2026,e85f3659,Dhruv Patel,False,2023,False,7,5,2,104.0,88,20.8,14.857142857142858,15.0,False,7.2,10.5,15.0,19.5,21.8,-0.15442385914078066,0,0.0,0.0,0.2857142857142857,0.4,0.44444444444444453,0.0,0.0,0.0,0.0,0.0,0.0,0.0,
all_t20_2018_2026,1763bc6c,X Thalaivan Sargunam,False,2018,False,6,6,0,103.0,139,17.166666666666668,17.166666666666668,17.0,True,7.0,10.25,17.0,23.75,27.5,0.05098655471274862,0,0.0,0.0,0.3333333333333333,0.3333333333333333,0.33333333333333337,0.0,0.0,0.0,0.0,0.0,0.0,0.0,
all_t20_2018_2026,519c30cb,CJ Gannon,True,2026,True,15,12,3,103.0,107,8.583333333333334,6.866666666666666,7.0,False,0.0,2.5,7.0,8.5,13.799999999999999,0.6933310752214032,3,0.2,0.25,0.06666666666666667,0.08333333333333333,0.165,0.0,0.0,0.0,0.0,0.0,0.0,0.0,
all_t20_2018_2026,62175638,Karim Janat,True,2025,True,10,8,2,103.0,78,12.875,10.3,9.0,True,0.9,2.0,9.0,17.75,20.299999999999997,0.15744298745458546,1,0.1,0.125,0.2,0.2222222222222222,0.2500000000000001,0.0,0.0,0.0,0.0,0.0,0.0,0.0,
all_t20_2018_2026,7517d134,CA Rose,True,2019,False,11,7,4,103.0,64,14.714285714285714,9.363636363636363,5.0,True,1.0,2.5,5.0,11.0,27.0,1.24679965643343,1,0.09090909090909091,0.14285714285714285,0.18181818181818182,0.25,0.35353535353535354,0.09090909090909091,0.125,0.17676767676767677,0.0,0.0,0.17676767676767677,0.5,
all_t20_2018_2026,91cd48e0,JF Smith,True,2025,True,11,11,0,103.0,74,9.363636363636363,9.363636363636363,4.0,True,1.0,1.0,4.0,13.5,22.0,1.5761925038735616,1,0.09090909090909091,0.09090909090909091,0.18181818181818182,0.18181818181818182,0.18181818181818185,0.09090909090909091,0.09090909090909091,0.09090909090909093,0.0,0.0,0.0,0.5,0.0
all_t20_2018_2026,b32b1661,Jyotsnil Singh,False,2023,False,4,4,0,103.0,87,25.75,25.75,27.0,False,7.9,13.75,27.0,39.0,42.6,-0.14184562431520978,0,0.0,0.0,0.5,0.5,0.5,0.5,0.5,0.5,0.0,0.0,0.0,1.0,0.0
all_t20_2018_2026,0ecf791e,S Dadswell,False,2023,False,8,7,1,102.0,106,14.571428571428571,12.75,17.0,False,0.0,1.5,17.0,20.5,22.6,-0.3644502664340901,2,0.25,0.2857142857142857,0.375,0.375,0.375,0.0,0.0,0.0,0.0,0.0,0.0,0.0,
all_t20_2018_2026,33a364a6,R Bhatia,False,2018,False,6,6,0,102.0,106,17.0,17.0,16.0,True,6.0,10.5,16.0,26.0,29.0,-0.04824100390352588,0,0.0,0.0,0.5,0.5,0.5,0.16666666666666666,0.16666666666666666,0.16666666666666669,0.0,0.0,0.0,0.3333333333333333,0.0
all_t20_2018_2026,4948a916,Ashutosh Aman,True,2022,False,16,13,3,102.0,131,7.846153846153846,6.375,3.0,True,0.5,1.75,3.0,6.25,20.5,1.3529450574075612,2,0.125,0.15384615384615385,0.1875,0.21428571428571427,0.22569444444444453,0.0,0.0,0.0,0.0,0.0,0.0,0.0,
all_t20_2018_2026,a9fd84fb,M Markande,True,2023,False,17,5,12,102.0,86,20.4,6.0,4.0,True,0.6000000000000001,1.0,4.0,6.0,12.600000000000003,2.376809949757376,1,0.058823529411764705,0.2,0.058823529411764705,0.16666666666666666,0.6039215686274509,0.058823529411764705,0.16666666666666666,0.6039215686274509,0.0,0.0,0.6039215686274509,1.0,
all_t20_2018_2026,b7b09ba5,S Descarte,True,2026,True,10,10,0,102.0,90,10.2,10.2,6.0,True,1.8,2.5,6.0,12.25,18.69999999999999,1.905999122950885,1,0.1,0.1,0.1,0.1,0.10000000000000005,0.1,0.1,0.10000000000000005,0.0,0.0,0.0,1.0,0.0
all_t20_2018_2026,2122c023,Nazeeb Saiyed,False,2021,False,7,7,0,101.0,103,14.428571428571429,14.428571428571429,14.0,True,1.8000000000000003,4.0,14.0,23.5,27.200000000000003,0.1560552053023362,1,0.14285714285714285,0.14285714285714285,0.42857142857142855,0.42857142857142855,0.4285714285714286,0.14285714285714285,0.14285714285714285,0.14285714285714288,0.0,0.0,0.0,0.3333333333333333,0.0
all_t20_2018_2026,76a33e00,Imliwati Lemtur,True,2023,False,14,11,3,101.0,105,9.181818181818182,7.214285714285714,5.0,True,0.30000000000000004,3.25,5.0,12.5,16.0,0.4700105122912947,2,0.14285714285714285,0.18181818181818182,0.0,0.0,0.0,0.0,0.0,0.0,0.0,0.0,0.0,,
all_t20_2018_2026,86b4bf88,MJ Swepson,True,2025,True,27,18,9,101.0,93,5.611111111111111,3.740740740740741,2.0,True,0.0,1.0,2.0,5.5,10.0,0.9109504422971839,4,0.14814814814814814,0.2222222222222222,0.0,0.0,0.21004801097393688,0.0,0.0,0.21004801097393688,0.0,0.0,0.21004801097393688,,
all_t20_2018_2026,8a58cc2a,Sagun Kamat,False,2018,False,5,4,1,101.0,104,25.25,20.2,14.0,True,4.4,8.0,14.0,27.0,40.800000000000004,0.7549326862536533,0,0.0,0.0,0.4,0.4,0.4000000000000001,0.2,0.2,0.20000000000000004,0.2,0.2,0.20000000000000004,0.5,1.0
all_t20_2018_2026,8cf9814c,Mohammed Shami,True,2026,True,23,13,10,101.0,85,7.769230769230769,4.391304347826087,1.0,True,0.0,0.5,1.0,6.0,10.600000000000001,2.7942666889991377,6,0.2608695652173913,0.46153846153846156,0.043478260869565216,0.07142857142857142,0.3246376811594203,0.043478260869565216,0.07142857142857142,0.3246376811594203,0.0,0.0,0.3246376811594203,1.0,
all_t20_2018_2026,26b6a4e9,SL Verma,False,2022,False,7,6,1,100.0,65,16.666666666666668,14.285714285714286,8.0,True,0.6000000000000001,2.0,8.0,18.5,35.400000000000006,1.2796124517238003,1,0.14285714285714285,0.16666666666666666,0.2857142857142857,0.3333333333333333,0.4285714285714286,0.14285714285714285,0.16666666666666666,0.2142857142857143,0.14285714285714285,0.16666666666666666,0.2142857142857143,0.5,1.0
all_t20_2018_2026,411cc6c6,Himalaya Barad,False,2021,False,5,5,0,100.0,89,20.0,20.0,23.0,False,6.4,10.0,23.0,25.0,32.8,0.10407601386205631,0,0.0,0.0,0.6,0.6,0.6000000000000001,0.2,0.2,0.20000000000000004,0.0,0.0,0.0,0.3333333333333333,0.0
all_t20_2018_2026,ef13bd20,KM Mack,False,2021,False,8,8,0,100.0,99,12.5,12.5,10.5,True,2.1,6.0,10.5,16.5,26.099999999999998,0.6053199267663819,1,0.125,0.125,0.25,0.25,0.25,0.125,0.125,0.125,0.0,0.0,0.0,0.5,0.0
all_t20_2018_2026,fb3a1c89,Anurag Sarangi,False,2018,False,6,5,1,100.0,99,20.0,16.666666666666668,14.0,True,4.5,9.0,14.0,19.0,31.5,0.9900444968826048,0,0.0,0.0,0.3333333333333333,0.3333333333333333,0.33333333333333337,0.16666666666666666,0.16666666666666666,0.16666666666666669,0.0,0.0,0.16666666666666669,0.5,
all_t20_2018_2026,ff1e68fa,B Indrajith,False,2022,False,7,7,0,100.0,117,14.285714285714286,14.285714285714286,12.0,True,3.6000000000000005,7.0,12.0,14.0,27.400000000000013,1.5435475174017104,1,0.14285714285714285,0.14285714285714285,0.14285714285714285,0.14285714285714285,0.14285714285714288,0.14285714285714285,0.14285714285714285,0.14285714285714288,0.0,0.0,0.0,1.0,0.0
all_t20_2018_2026,8053c798,Aarya Desai,False,2023,False,4,4,0,99.0,80,24.75,24.75,26.5,False,8.900000000000002,19.25,26.5,32.0,39.2,-0.34196217376959165,0,0.0,0.0,0.75,0.75,0.75,0.25,0.25,0.25,0.0,0.0,0.0,0.3333333333333333,0.0
all_t20_2018_2026,cc9c8722,Chintapalli Kranthi Kumar,False,2019,False,3,3,0,99.0,74,33.0,33.0,43.0,False,15.8,26.0,43.0,45.0,46.2,-0.6780261313949151,0,0.0,0.0,0.6666666666666666,0.6666666666666666,0.6666666666666667,0.6666666666666666,0.6666666666666666,0.6666666666666667,0.0,0.0,0.0,1.0,0.0
all_t20_2018_2026,d330f9b9,Dharmendrasinh Jadeja,False,2023,False,9,7,2,99.0,67,14.142857142857142,11.0,5.0,True,0.0,4.0,5.0,7.0,23.000000000000007,2.247588690803212,2,0.2222222222222222,0.2857142857142857,0.1111111111111111,0.14285714285714285,0.20833333333333334,0.1111111111111111,0.14285714285714285,0.20833333333333334,0.1111111111111111,0.14285714285714285,0.20833333333333334,1.0,1.0
all_t20_2018_2026,f5715b48,Ali Naseer,False,2024,False,7,4,3,99.0,89,24.75,14.142857142857142,6.0,True,1.6,3.5,6.0,11.0,33.600000000000016,1.8859678524633579,0,0.0,0.0,0.14285714285714285,0.2,0.28571428571428575,0.14285714285714285,0.2,0.28571428571428575,0.14285714285714285,0.2,0.28571428571428575,1.0,1.0
all_t20_2018_2026,7f28f186,Dinesh Mor,False,2020,False,9,6,3,98.0,96,16.333333333333332,10.88888888888889,7.0,True,1.8,3.0,7.0,17.0,23.0,0.8971635640344017,0,0.0,0.0,0.2222222222222222,0.3333333333333333,0.4285714285714286,0.1111111111111111,0.16666666666666666,0.2142857142857143,0.0,0.0,0.0,0.5,0.0
all_t20_2018_2026,8891669e,CD Hinchliffe,True,2022,False,17,11,6,98.0,121,8.909090909090908,5.764705882352941,2.0,True,0.6000000000000001,1.0,2.0,9.0,13.8,1.4402063068263873,2,0.11764705882352941,0.18181818181818182,0.058823529411764705,0.08333333333333333,0.14974789915966388,0.0,0.0,0.14974789915966388,0.0,0.0,0.14974789915966388,,
all_t20_2018_2026,f4cb4f53,AP Majumdar,False,2020,False,3,2,1,98.0,82,49.0,32.666666666666664,34.0,False,19.6,25.0,34.0,41.0,45.2,-0.15164108506299964,0,0.0,0.0,0.6666666666666666,0.6666666666666666,0.6666666666666667,0.6666666666666666,0.6666666666666666,0.6666666666666667,0.0,0.0,0.33333333333333337,1.0,0.0
all_t20_2018_2026,39f9e2bc,Jiwanjot Singh,False,2022,False,2,1,1,97.0,80,97.0,48.5,48.5,False,25.7,34.25,48.5,62.75,71.3,,0,0.0,0.0,1.0,1.0,1.0,0.5,0.5,0.5,0.5,0.5,0.5,0.5,1.0
all_t20_2018_2026,4b788e61,A Campbell,False,2023,False,8,7,1,97.0,134,13.857142857142858,12.125,11.0,True,0.0,5.25,11.0,18.5,24.5,0.24248607892904225,2,0.25,0.2857142857142857,0.25,0.25,0.25,0.0,0.0,0.0,0.0,0.0,0.0,0.0,
all_t20_2018_2026,5c766d24,Ashutosh Singh,False,2019,False,6,5,1,97.0,101,19.4,16.166666666666668,7.5,True,4.0,6.25,7.5,11.75,37.0,1.6886487383799658,0,0.0,0.0,0.16666666666666666,0.16666666666666666,0.16666666666666669,0.16666666666666666,0.16666666666666666,0.16666666666666669,0.16666666666666666,0.16666666666666666,0.16666666666666669,1.0,1.0
all_t20_2018_2026,db481029,Sunny Patel,False,2026,True,7,3,4,97.0,78,32.333333333333336,13.857142857142858,16.0,False,0.6000000000000001,1.5,16.0,23.0,28.400000000000002,0.12653756385284926,1,0.14285714285714285,0.3333333333333333,0.42857142857142855,0.6,0.6428571428571429,0.14285714285714285,0.3333333333333333,0.6428571428571429,0.0,0.0,0.0,1.0,0.0
all_t20_2018_2026,047fc26e,Neelam Obi,True,2023,False,11,11,0,96.0,171,8.727272727272727,8.727272727272727,9.0,False,1.0,4.0,9.0,11.5,18.0,0.4108199725258386,0,0.0,0.0,0.09090909090909091,0.09090909090909091,0.09090909090909091,0.0,0.0,0.0,0.0,0.0,0.0,0.0,
all_t20_2018_2026,898e628d,B Doggett,True,2025,True,16,8,8,96.0,100,12.0,6.0,1.5,True,1.0,1.0,1.5,5.25,10.5,3.1365608533061216,1,0.0625,0.125,0.0625,0.1111111111111111,0.3046875,0.0625,0.1111111111111111,0.3046875,0.0,0.0,0.3046875,1.0,
all_t20_2018_2026,a0f612b6,TD Andrews,False,2024,False,7,3,4,96.0,58,32.0,13.714285714285714,13.0,True,1.8000000000000003,3.0,13.0,20.0,31.000000000000004,0.6849521991618992,0,0.0,0.0,0.2857142857142857,0.5,0.625,0.14285714285714285,0.25,0.3125,0.0,0.0,0.3125,0.5,
all_t20_2018_2026,dc501d26,Nilesh Lamichaney,True,2021,False,11,10,1,96.0,148,9.6,8.727272727272727,6.0,True,1.0,4.0,6.0,11.0,22.0,0.9474001815102613,1,0.09090909090909091,0.1,0.18181818181818182,0.2,0.21212121212121215,0.0,0.0,0.0,0.0,0.0,0.0,0.0,
all_t20_2018_2026,7ca476bf,M Ahmed,False,2019,False,6,5,1,95.0,85,19.0,15.833333333333334,10.5,True,1.0,2.5,10.5,27.5,36.0,0.5388503692803086,0,0.0,0.0,0.3333333333333333,0.3333333333333333,0.33333333333333337,0.3333333333333333,0.3333333333333333,0.33333333333333337,0.0,0.0,0.16666666666666669,1.0,0.0
all_t20_2018_2026,f3abd0c9,DR Briggs,True,2022,False,12,5,7,95.0,61,19.0,7.916666666666667,2.5,True,1.1,2.0,2.5,6.25,27.10000000000001,1.664726518483015,0,0.0,0.0,0.16666666666666666,0.2857142857142857,0.37333333333333335,0.08333333333333333,0.16666666666666666,0.37333333333333335,0.0,0.0,0.37333333333333335,1.0,
all_t20_2018_2026,31adb911,L Filer,True,2026,True,11,4,7,94.0,65,23.5,8.545454545454545,6.0,True,0.0,0.5,6.0,16.5,20.0,0.39245107978425364,2,0.18181818181818182,0.5,0.18181818181818182,0.3333333333333333,0.5113636363636364,0.0,0.0,0.5113636363636364,0.0,0.0,0.5113636363636364,,
all_t20_2018_2026,451db894,Kamsha Yangfo,True,2021,False,11,10,1,94.0,156,9.4,8.545454545454545,6.0,True,1.0,2.0,6.0,14.5,18.0,0.4336682857995174,1,0.09090909090909091,0.1,0.09090909090909091,0.1,0.10389610389610392,0.0,0.0,0.0,0.0,0.0,0.0,0.0,
all_t20_2018_2026,58717de2,E Gray,True,2026,True,13,10,3,94.0,89,9.4,7.230769230769231,4.0,True,0.0,1.0,4.0,9.0,17.6,1.277935085486257,3,0.23076923076923078,0.3,0.07692307692307693,0.1,0.2596153846153847,0.0,0.0,0.0,0.0,0.0,0.0,0.0,
all_t20_2018_2026,60f4c586,OG Robinson,False,2024,False,9,7,2,94.0,87,13.428571428571429,10.444444444444445,11.0,False,0.0,5.0,11.0,13.0,21.0,0.3389424716137077,2,0.2222222222222222,0.2857142857142857,0.2222222222222222,0.2857142857142857,0.4000000000000001,0.0,0.0,0.0,0.0,0.0,0.0,0.0,
all_t20_2018_2026,66162077,J Bishop,True,2026,True,11,5,6,94.0,75,18.8,8.545454545454545,9.0,False,0.0,3.5,9.0,12.5,17.0,-0.04564854674818743,2,0.18181818181818182,0.4,0.0,0.0,0.4242424242424242,0.0,0.0,0.4242424242424242,0.0,0.0,0.4242424242424242,,
all_t20_2018_2026,8e02f42b,Aditya Garhwal,False,2021,False,9,9,0,94.0,99,10.444444444444445,10.444444444444445,6.0,True,0.8,1.0,6.0,12.0,29.2,0.9471427413347361,1,0.1111111111111111,0.1111111111111111,0.2222222222222222,0.2222222222222222,0.22222222222222227,0.1111111111111111,0.1111111111111111,0.11111111111111113,0.0,0.0,0.0,0.5,0.0
all_t20_2018_2026,a3690f55,Khuzaima Tanveer,False,2025,True,7,4,3,94.0,49,23.5,13.428571428571429,12.0,True,6.6,7.0,12.0,15.5,22.000000000000007,1.216350875665226,0,0.0,0.0,0.14285714285714285,0.2,0.28571428571428575,0.14285714285714285,0.2,0.28571428571428575,0.0,0.0,0.28571428571428575,1.0,
all_t20_2018_2026,d2d15439,Aayan Afzal Khan,True,2025,True,13,7,6,94.0,101,13.428571428571429,7.230769230769231,9.0,False,0.20000000000000018,1.0,9.0,11.0,13.8,-0.10328211959792576,2,0.15384615384615385,0.2857142857142857,0.0,0.0,0.0,0.0,0.0,0.0,0.0,0.0,0.0,,
all_t20_2018_2026,fb501329,J Tromp,False,2024,False,6,5,1,94.0,79,18.8,15.666666666666666,7.5,True,2.5,3.75,7.5,15.75,37.0,1.5045085060079368,0,0.0,0.0,0.16666666666666666,0.16666666666666666,0.16666666666666669,0.16666666666666666,0.16666666666666666,0.16666666666666669,0.16666666666666666,0.16666666666666666,0.16666666666666669,1.0,1.0
all_t20_2018_2026,6f2093a8,Karnajit Yumnam,True,2023,False,10,9,1,93.0,137,10.333333333333334,9.3,6.5,True,0.9,2.0,6.5,13.0,19.699999999999996,1.4459256353353174,1,0.1,0.1111111111111111,0.1,0.1,0.1,0.1,0.1,0.1,0.0,0.0,0.1,1.0,
all_t20_2018_2026,bbce4647,EP Gulbis,False,2018,False,7,5,2,93.0,71,18.6,13.285714285714286,4.0,True,0.6000000000000001,2.5,4.0,23.5,37.0,0.8335215802974871,1,0.14285714285714285,0.2,0.2857142857142857,0.4,0.4571428571428573,0.2857142857142857,0.4,0.4571428571428573,0.0,0.0,0.0,1.0,0.0
all_t20_2018_2026,bee290b6,Suboth Bhati,True,2021,False,11,6,5,93.0,64,15.5,8.454545454545455,5.0,True,0.0,1.5,5.0,14.0,20.0,0.7639819352238253,2,0.18181818181818182,0.3333333333333333,0.18181818181818182,0.25,0.35795454545454547,0.0,0.0,0.35795454545454547,0.0,0.0,0.35795454545454547,,
all_t20_2018_2026,0e0d43b4,SJ Mullaney,False,2021,False,5,5,0,92.0,64,18.4,18.4,11.0,True,7.0,10.0,11.0,17.0,36.2,1.2878441971917183,0,0.0,0.0,0.2,0.2,0.20000000000000004,0.2,0.2,0.20000000000000004,0.0,0.0,0.0,1.0,0.0
all_t20_2018_2026,2fda74a2,UR Kumar,False,2023,False,4,2,2,92.0,66,46.0,23.0,27.0,False,9.0,18.0,27.0,32.0,33.8,-0.7684172579878227,0,0.0,0.0,0.75,0.75,0.75,0.5,0.5,0.5,0.0,0.0,0.5,0.6666666666666666,
all_t20_2018_2026,8be38ec4,Digvijay Rangi,False,2021,False,6,3,3,92.0,79,30.666666666666668,15.333333333333334,17.0,False,2.5,8.0,17.0,17.75,26.5,0.35513675067772715,1,0.16666666666666666,0.3333333333333333,0.16666666666666666,0.25,0.5,0.16666666666666666,0.25,0.5,0.0,0.0,0.5,1.0,
all_t20_2018_2026,8da6dbf1,Sagar Trivedi,True,2021,False,10,8,2,92.0,97,11.5,9.2,9.0,True,2.0,4.25,9.0,13.75,17.0,0.08379081196597225,0,0.0,0.0,0.0,0.0,0.12000000000000005,0.0,0.0,0.12000000000000005,0.0,0.0,0.12000000000000005,,
all_t20_2018_2026,e96801ea,MS Bhandage,False,2025,True,6,5,1,92.0,69,18.4,15.333333333333334,17.0,False,4.0,8.5,17.0,24.0,25.0,-0.3397316715129762,0,0.0,0.0,0.5,0.5,0.5,0.0,0.0,0.0,0.0,0.0,0.0,0.0,
all_t20_2018_2026,0834996c,Gaurav Puri,False,2021,False,6,5,1,91.0,56,18.2,15.166666666666666,15.5,False,3.0,6.75,15.5,19.0,27.0,0.4884694127508889,0,0.0,0.0,0.16666666666666666,0.2,0.20000000000000004,0.16666666666666666,0.2,0.20000000000000004,0.0,0.0,0.0,1.0,0.0
all_t20_2018_2026,1dc27b6b,Al Bashid Muhammed,True,2023,False,11,10,1,91.0,169,9.1,8.272727272727273,6.0,True,3.0,3.5,6.0,10.0,19.0,1.205449997336568,0,0.0,0.0,0.09090909090909091,0.1,0.18181818181818185,0.0,0.0,0.0,0.0,0.0,0.0,0.0,
all_t20_2018_2026,662c47a6,Y Nagar,False,2018,False,6,6,0,91.0,99,15.166666666666666,15.166666666666666,9.5,True,3.5,6.0,9.5,18.25,32.5,1.1955996367428865,0,0.0,0.0,0.3333333333333333,0.3333333333333333,0.33333333333333337,0.16666666666666666,0.16666666666666666,0.16666666666666669,0.0,0.0,0.0,0.5,0.0
all_t20_2018_2026,894b2d25,MJ Potts,True,2026,True,11,6,5,91.0,70,15.166666666666666,8.272727272727273,8.0,True,1.0,1.0,8.0,10.5,20.0,0.8073941173689865,1,0.09090909090909091,0.16666666666666666,0.18181818181818182,0.2857142857142857,0.4675324675324676,0.0,0.0,0.0,0.0,0.0,0.0,0.0,
all_t20_2018_2026,be85b12d,RA Lewis,False,2020,False,7,5,2,91.0,71,18.2,13.0,5.0,True,1.6,3.0,5.0,21.0,31.000000000000004,0.7952045680956222,0,0.0,0.0,0.2857142857142857,0.3333333333333333,0.4285714285714286,0.14285714285714285,0.16666666666666666,0.2142857142857143,0.0,0.0,0.2142857142857143,0.5,
all_t20_2018_2026,c90346a0,D Jansen,True,2025,True,10,6,4,91.0,78,15.166666666666666,9.1,7.5,True,2.8,3.5,7.5,13.25,18.5,0.7828515551390045,0,0.0,0.0,0.1,0.14285714285714285,0.2800000000000001,0.0,0.0,0.2800000000000001,0.0,0.0,0.2800000000000001,,
all_t20_2018_2026,d162e895,Suryansh Raina,False,2020,False,6,6,0,91.0,72,15.166666666666666,15.166666666666666,4.5,True,0.5,1.25,4.5,26.5,40.5,0.8317847880764857,1,0.16666666666666666,0.16666666666666666,0.3333333333333333,0.3333333333333333,0.33333333333333337,0.3333333333333333,0.3333333333333333,0.33333333333333337,0.0,0.0,0.0,1.0,0.0
all_t20_2018_2026,557153ca,KK Cooper,False,2018,False,4,2,2,90.0,49,45.0,22.5,22.5,False,6.6000000000000005,12.0,22.5,33.0,38.400000000000006,0.0,0,0.0,0.0,0.5,0.6666666666666666,0.75,0.5,0.6666666666666666,0.75,0.0,0.0,0.375,1.0,0.0
all_t20_2018_2026,808f425a,JP Faulkner,True,2020,False,13,7,6,90.0,76,12.857142857142858,6.923076923076923,4.0,True,0.0,1.0,4.0,6.0,23.20000000000001,1.5112491293692416,2,0.15384615384615385,0.2857142857142857,0.15384615384615385,0.2222222222222222,0.3263736263736264,0.0,0.0,0.3263736263736264,0.0,0.0,0.3263736263736264,,
all_t20_2018_2026,e148e6bd,PR Veer,False,2026,True,6,3,3,90.0,68,30.0,15.0,12.0,True,3.0,7.25,12.0,16.0,30.0,1.1715944039313102,1,0.16666666666666666,0.3333333333333333,0.16666666666666666,0.3333333333333333,0.625,0.16666666666666666,0.3333333333333333,0.625,0.0,0.0,0.0,1.0,0.0
all_t20_2018_2026,fc55ec67,MR Adair,True,2025,True,11,7,4,90.0,78,12.857142857142858,8.181818181818182,4.0,True,1.0,1.0,4.0,15.0,19.0,0.3342440147863227,0,0.0,0.0,0.09090909090909091,0.125,0.17142857142857146,0.0,0.0,0.17142857142857146,0.0,0.0,0.17142857142857146,,
all_t20_2018_2026,5471b94a,T Flintoff,False,2023,False,6,6,0,89.0,93,14.833333333333334,14.833333333333334,2.5,True,1.0,2.0,2.5,21.0,41.0,1.1599618466956703,1,0.16666666666666666,0.16666666666666666,0.3333333333333333,0.3333333333333333,0.33333333333333337,0.16666666666666666,0.16666666666666666,0.16666666666666669,0.16666666666666666,0.16666666666666666,0.16666666666666669,0.5,1.0
all_t20_2018_2026,83c3e8e3,SH Johnson,True,2026,True,21,10,11,89.0,77,8.9,4.238095238095238,1.0,True,0.0,0.0,1.0,5.0,11.0,2.104735078491746,5,0.23809523809523808,0.5,0.047619047619047616,0.1,0.15238095238095242,0.0,0.0,0.0,0.0,0.0,0.0,0.0,
all_t20_2018_2026,fe5f2e48,RL Jangid,False,2018,False,8,6,2,89.0,85,14.833333333333334,11.125,10.5,True,0.0,6.0,10.5,15.25,21.4,0.3489414759943647,2,0.25,0.3333333333333333,0.125,0.14285714285714285,0.25,0.0,0.0,0.25,0.0,0.0,0.25,,
all_t20_2018_2026,2123f6e8,Piyush Joshi,False,2022,False,6,6,0,88.0,83,14.666666666666666,14.666666666666666,4.5,True,1.5,3.25,4.5,10.25,38.0,1.6878630459524784,1,0.16666666666666666,0.16666666666666666,0.16666666666666666,0.16666666666666666,0.16666666666666669,0.16666666666666666,0.16666666666666666,0.16666666666666669,0.16666666666666666,0.16666666666666666,0.16666666666666669,1.0,1.0
all_t20_2018_2026,51a36d3e,GH Worker,False,2019,False,6,5,1,88.0,81,17.6,14.666666666666666,11.0,True,1.0,3.0,11.0,17.5,32.0,1.1128331105107907,1,0.16666666666666666,0.2,0.16666666666666666,0.16666666666666666,0.16666666666666669,0.16666666666666666,0.16666666666666666,0.16666666666666669,0.0,0.0,0.16666666666666669,1.0,
all_t20_2018_2026,a7b20d59,Naren Reddy,False,2020,False,4,2,2,88.0,55,44.0,22.0,22.5,False,6.300000000000001,15.75,22.5,28.75,37.300000000000004,-0.0973160917614898,1,0.25,0.5,0.75,0.75,0.75,0.25,0.5,0.75,0.0,0.0,0.0,1.0,0.0
all_t20_2018_2026,cd8d2859,DG Nalkande,True,2024,False,14,12,2,88.0,102,7.333333333333333,6.285714285714286,4.0,True,0.0,2.25,4.0,10.75,14.100000000000003,1.0054289414052997,3,0.21428571428571427,0.25,0.07142857142857142,0.08333333333333333,0.10714285714285715,0.0,0.0,0.0,0.0,0.0,0.0,0.0,
all_t20_2018_2026,eef2536f,Avesh Khan,True,2026,True,24,10,14,88.0,69,8.8,3.6666666666666665,2.0,True,0.0,0.75,2.0,5.5,8.399999999999999,1.808131203714217,4,0.16666666666666666,0.4,0.0,0.0,0.17297517297517304,0.0,0.0,0.17297517297517304,0.0,0.0,0.17297517297517304,,
all_t20_2018_2026,58c481c6,JJ Cobb,True,2022,False,10,9,1,87.0,77,9.666666666666666,8.7,7.0,True,0.0,2.25,7.0,11.75,18.099999999999994,1.0166416619901482,2,0.2,0.2222222222222222,0.1,0.1,0.10000000000000005,0.0,0.0,0.10000000000000005,0.0,0.0,0.10000000000000005,,
all_t20_2018_2026,7c8f533d,JS Paris,True,2025,True,19,12,7,87.0,85,7.25,4.578947368421052,3.0,True,0.0,0.0,3.0,5.0,12.799999999999997,1.5368218421368538,4,0.21052631578947367,0.3333333333333333,0.05263157894736842,0.07692307692307693,0.21929824561403513,0.0,0.0,0.21929824561403513,0.0,0.0,0.21929824561403513,,
all_t20_2018_2026,b0af303d,Kunwarjeet Singh,False,2026,True,6,5,1,87.0,76,17.4,14.5,12.5,True,1.5,3.0,12.5,25.0,29.5,0.16778577831246072,1,0.16666666666666666,0.2,0.5,0.5,0.5,0.16666666666666666,0.2,0.25,0.0,0.0,0.0,0.5,0.0
all_t20_2018_2026,bf1d7d3e,Mahmudullah,False,2018,False,6,4,2,87.0,64,21.75,14.5,15.5,False,3.0,6.75,15.5,20.5,25.0,-0.0482063304431139,0,0.0,0.0,0.3333333333333333,0.4,0.4000000000000001,0.0,0.0,0.20000000000000004,0.0,0.0,0.20000000000000004,0.0,
all_t20_2018_2026,c66c73f9,E Threlkeld,True,2025,True,13,8,5,87.0,96,10.875,6.6923076923076925,6.0,True,2.0,2.0,6.0,10.0,14.400000000000002,0.6906288285178404,1,0.07692307692307693,0.125,0.0,0.0,0.0,0.0,0.0,0.0,0.0,0.0,0.0,,
all_t20_2018_2026,2c5fb7f6,Rakesh Thakur,False,2023,False,9,6,3,86.0,95,14.333333333333334,9.555555555555555,5.0,True,1.0,3.0,5.0,13.0,18.400000000000002,1.253865355395597,0,0.0,0.0,0.1111111111111111,0.16666666666666666,0.2777777777777778,0.1111111111111111,0.16666666666666666,0.2777777777777778,0.0,0.0,0.0,1.0,0.0
all_t20_2018_2026,54c2b697,M Pretorius,True,2024,False,19,12,7,86.0,72,7.166666666666667,4.526315789473684,2.0,True,0.0,1.0,2.0,6.5,11.799999999999997,1.0698644472020253,4,0.21052631578947367,0.3333333333333333,0.0,0.0,0.0,0.0,0.0,0.0,0.0,0.0,0.0,,
all_t20_2018_2026,ed5a5510,P Dubey,False,2023,False,9,6,3,86.0,90,14.333333333333334,9.555555555555555,9.0,True,0.8,1.0,9.0,10.0,19.400000000000002,1.36613985902664,1,0.1111111111111111,0.16666666666666666,0.1111111111111111,0.16666666666666666,0.20740740740740743,0.1111111111111111,0.16666666666666666,0.20740740740740743,0.0,0.0,0.0,1.0,0.0
all_t20_2018_2026,12ac8ca5,RI Thakur,False,2020,False,5,5,0,85.0,78,17.0,17.0,14.0,True,1.0,1.0,14.0,16.0,38.2,1.1087467722853415,0,0.0,0.0,0.2,0.2,0.2,0.2,0.2,0.2,0.2,0.2,0.2,1.0,1.0
all_t20_2018_2026,2669d6b7,Mohsin Khan,True,2026,True,15,10,5,85.0,69,8.5,5.666666666666667,2.0,True,0.0,0.5,2.0,11.0,16.799999999999997,0.9160287976304823,3,0.2,0.3,0.0,0.0,0.0,0.0,0.0,0.0,0.0,0.0,0.0,,
all_t20_2018_2026,9ffd1ac1,T Bavuma,False,2023,False,5,5,0,85.0,68,17.0,17.0,2.0,True,0.0,0.0,2.0,33.0,43.2,0.602679795020103,2,0.4,0.4,0.4,0.4,0.4,0.4,0.4,0.4,0.2,0.2,0.2,1.0,0.5
all_t20_2018_2026,a1d053dd,SS Cottrell,True,2023,False,16,12,4,85.0,70,7.083333333333333,5.3125,1.0,True,0.0,0.0,1.0,6.5,19.0,1.4139923241569317,5,0.3125,0.4166666666666667,0.125,0.14285714285714285,0.15277777777777782,0.0,0.0,0.15277777777777782,0.0,0.0,0.15277777777777782,,
all_t20_2018_2026,bb345e0b,G Gambhir,False,2018,False,5,5,0,85.0,88,17.0,17.0,8.0,True,3.4,4.0,8.0,15.0,39.0,1.3345264227741394,0,0.0,0.0,0.2,0.2,0.20000000000000004,0.2,0.2,0.20000000000000004,0.2,0.2,0.20000000000000004,1.0,1.0
all_t20_2018_2026,137e7065,C Valente,False,2020,False,8,5,3,84.0,71,16.8,10.5,8.5,True,3.1,4.75,8.5,17.5,19.6,0.19223254867394157,0,0.0,0.0,0.125,0.2,0.4375,0.0,0.0,0.0,0.0,0.0,0.0,0.0,
all_t20_2018_2026,28147cdc,BD Macdonald,False,2025,True,4,3,1,84.0,53,28.0,21.0,22.0,False,5.4,9.0,22.0,34.0,35.8,-0.08523141728227557,0,0.0,0.0,0.5,0.5,0.5,0.5,0.5,0.5,0.0,0.0,0.25,1.0,0.0
all_t20_2018_2026,6b19d823,A Mishra,True,2023,False,14,6,8,84.0,90,14.0,6.0,4.5,True,0.30000000000000004,1.0,4.5,9.5,13.700000000000001,0.8070894405798695,2,0.14285714285714285,0.3333333333333333,0.0,0.0,0.0,0.0,0.0,0.0,0.0,0.0,0.0,,
all_t20_2018_2026,872113ff,Ashwin Das,False,2022,False,3,2,1,84.0,40,42.0,28.0,12.0,True,5.6,8.0,12.0,40.0,56.800000000000004,0.6654688661238352,0,0.0,0.0,0.3333333333333333,0.3333333333333333,0.33333333333333337,0.3333333333333333,0.3333333333333333,0.33333333333333337,0.3333333333333333,0.3333333333333333,0.33333333333333337,1.0,1.0
all_t20_2018_2026,8db7f47f,RJW Topley,True,2025,True,16,3,13,84.0,70,28.0,5.25,5.0,True,0.0,1.75,5.0,8.25,11.5,0.538802525962393,1,0.0625,0.3333333333333333,0.0,0.0,0.7291666666666666,0.0,0.0,0.7291666666666666,0.0,0.0,0.7291666666666666,,
all_t20_2018_2026,a6a04501,Rohit Shah,False,2021,False,5,4,1,84.0,117,21.0,16.8,11.0,True,4.0,7.0,11.0,26.0,33.2,0.505420037365138,0,0.0,0.0,0.4,0.5,0.6000000000000001,0.2,0.25,0.30000000000000004,0.0,0.0,0.0,0.5,0.0
all_t20_2018_2026,f05d1564,BJ Holt,False,2021,False,7,6,1,84.0,88,14.0,12.0,4.0,True,0.6000000000000001,1.5,4.0,20.0,28.600000000000005,0.7962225269985772,1,0.14285714285714285,0.16666666666666666,0.2857142857142857,0.3333333333333333,0.38095238095238104,0.14285714285714285,0.16666666666666666,0.19047619047619052,0.0,0.0,0.0,0.5,0.0
all_t20_2018_2026,f1a7f596,Abhinav Dixit,False,2018,False,5,3,2,84.0,80,28.0,16.8,14.0,True,7.2,12.0,14.0,17.0,29.0,0.908439724310738,0,0.0,0.0,0.2,0.25,0.4000000000000001,0.2,0.25,0.4000000000000001,0.0,0.0,0.4000000000000001,1.0,
all_t20_2018_2026,f24c6701,M Theekshana,True,2026,True,22,11,11,84.0,102,7.636363636363637,3.8181818181818183,2.5,True,0.10000000000000009,1.25,2.5,5.0,8.800000000000004,1.2401813709844325,2,0.09090909090909091,0.18181818181818182,0.0,0.0,0.25837320574162687,0.0,0.0,0.25837320574162687,0.0,0.0,0.25837320574162687,,
all_t20_2018_2026,0d51e658,CD Barnwell,False,2019,False,6,5,1,83.0,85,16.6,13.833333333333334,10.0,True,6.5,7.0,10.0,20.5,25.0,0.5646056092521782,0,0.0,0.0,0.3333333333333333,0.3333333333333333,0.33333333333333337,0.0,0.0,0.16666666666666669,0.0,0.0,0.16666666666666669,0.0,
all_t20_2018_2026,6dbcf855,VH Zol,False,2019,False,6,6,0,83.0,98,13.833333333333334,13.833333333333334,8.0,True,4.5,6.5,8.0,17.0,29.0,1.1668390821962629,0,0.0,0.0,0.3333333333333333,0.3333333333333333,0.33333333333333337,0.16666666666666666,0.16666666666666666,0.16666666666666669,0.0,0.0,0.0,0.5,0.0
all_t20_2018_2026,cb461421,Divyang Hinganekar,False,2021,False,7,2,5,83.0,46,41.5,11.857142857142858,8.0,True,0.6000000000000001,1.0,8.0,19.0,25.400000000000006,0.7087069051478002,1,0.14285714285714285,0.5,0.14285714285714285,0.3333333333333333,0.7142857142857144,0.14285714285714285,0.3333333333333333,0.7142857142857144,0.0,0.0,0.7142857142857144,1.0,
all_t20_2018_2026,fcc21ace,A Kamboj,True,2026,True,12,3,9,83.0,64,27.666666666666668,6.916666666666667,4.5,True,1.1,2.0,4.5,9.25,18.400000000000002,0.9251681231295447,1,0.08333333333333333,0.3333333333333333,0.0,0.0,0.4125,0.0,0.0,0.4125,0.0,0.0,0.4125,,
all_t20_2018_2026,14c90152,S Karthik,True,2021,False,10,10,0,82.0,92,8.2,8.2,6.5,True,0.0,0.25,6.5,9.75,23.299999999999997,0.9478036020697478,3,0.3,0.3,0.2,0.2,0.20000000000000004,0.0,0.0,0.0,0.0,0.0,0.0,0.0,
all_t20_2018_2026,3a02626a,AG Paunikar,False,2018,False,7,4,3,82.0,66,20.5,11.714285714285714,10.0,True,3.4000000000000004,6.0,10.0,18.0,21.8,0.201549342399283,0,0.0,0.0,0.2857142857142857,0.4,0.5142857142857143,0.0,0.0,0.0,0.0,0.0,0.0,0.0,
all_t20_2018_2026,ac5ae4af,I Udana,True,2022,False,10,7,3,82.0,57,11.714285714285714,8.2,5.5,True,0.9,1.25,5.5,10.75,21.4,0.9256144845488442,1,0.1,0.14285714285714285,0.2,0.25,0.40000000000000013,0.0,0.0,0.20000000000000007,0.0,0.0,0.20000000000000007,0.0,
all_t20_2018_2026,b93a5d0b,Kolla Sumanth,False,2021,False,9,7,2,82.0,72,11.714285714285714,9.11111111111111,8.0,True,0.0,1.0,8.0,17.0,18.6,0.20626044252472014,2,0.2222222222222222,0.2857142857142857,0.1111111111111111,0.125,0.22222222222222232,0.0,0.0,0.22222222222222232,0.0,0.0,0.22222222222222232,,
all_t20_2018_2026,3bc94fb9,Arun Chaprana,False,2020,False,9,7,2,81.0,60,11.571428571428571,9.0,10.0,False,1.0,6.0,10.0,10.0,16.6,0.17859594262481673,0,0.0,0.0,0.0,0.0,0.0,0.0,0.0,0.0,0.0,0.0,0.0,,
all_t20_2018_2026,7e435410,Shashwat Rawat,False,2024,False,4,4,0,81.0,71,20.25,20.25,20.5,False,2.4000000000000004,6.0,20.5,34.75,37.9,-0.019700147355375303,1,0.25,0.25,0.5,0.5,0.5,0.5,0.5,0.5,0.0,0.0,0.0,1.0,0.0
all_t20_2018_2026,88209c84,JK Lalor,True,2021,False,18,12,6,81.0,95,6.75,4.5,4.0,True,0.0,1.0,4.0,7.5,9.3,0.5674196899747412,3,0.16666666666666666,0.25,0.0,0.0,0.0,0.0,0.0,0.0,0.0,0.0,0.0,,
all_t20_2018_2026,f752db61,JL Pattinson,True,2021,False,13,10,3,81.0,67,8.1,6.230769230769231,3.0,True,0.0,1.0,3.0,11.0,15.000000000000004,1.5072001256572576,3,0.23076923076923078,0.3,0.07692307692307693,0.09090909090909091,0.10817307692307691,0.0,0.0,0.10817307692307691,0.0,0.0,0.10817307692307691,,
all_t20_2018_2026,1ade138e,KL Cross,True,2026,True,17,11,6,80.0,87,7.2727272727272725,4.705882352941177,3.0,True,0.6000000000000001,1.0,3.0,7.0,12.0,0.8321086758446121,2,0.11764705882352941,0.18181818181818182,0.0,0.0,0.3267973856209151,0.0,0.0,0.3267973856209151,0.0,0.0,0.3267973856209151,,
all_t20_2018_2026,72147266,Karan Lal,False,2024,False,6,6,0,80.0,76,13.333333333333334,13.333333333333334,8.5,True,3.0,3.75,8.5,20.75,28.5,0.7069169616735407,0,0.0,0.0,0.3333333333333333,0.3333333333333333,0.33333333333333337,0.16666666666666666,0.16666666666666666,0.16666666666666669,0.0,0.0,0.0,0.5,0.0
all_t20_2018_2026,b0eaaac6,Ali Khan,True,2026,True,20,14,6,80.0,101,5.714285714285714,4.0,3.0,True,0.0,1.0,3.0,6.0,8.300000000000004,1.3351363445405295,3,0.15,0.21428571428571427,0.0,0.0,0.09090909090909091,0.0,0.0,0.09090909090909091,0.0,0.0,0.09090909090909091,,
all_t20_2018_2026,bc773eeb,JM Bird,True,2024,False,16,7,9,80.0,86,11.428571428571429,5.0,3.5,True,1.0,1.75,3.5,8.25,11.0,0.6697875667817258,1,0.0625,0.14285714285714285,0.0,0.0,0.40624999999999994,0.0,0.0,0.40624999999999994,0.0,0.0,0.40624999999999994,,
all_t20_2018_2026,d2c05733,S Ghadigaonkar,False,2023,False,2,2,0,80.0,57,40.0,40.0,40.0,False,12.0,22.5,40.0,57.5,68.0,,0,0.0,0.0,0.5,0.5,0.5,0.5,0.5,0.5,0.5,0.5,0.5,1.0,1.0
all_t20_2018_2026,02ba80a0,J Merlo,True,2025,True,14,11,3,79.0,87,7.181818181818182,5.642857142857143,4.0,True,1.3,2.0,4.0,7.75,13.100000000000003,0.9125115139038836,0,0.0,0.0,0.0,0.0,0.0,0.0,0.0,0.0,0.0,0.0,0.0,,
all_t20_2018_2026,1e295ba7,NS Chaturved,False,2018,False,4,3,1,79.0,80,26.333333333333332,19.75,22.0,False,6.4,14.5,22.0,27.25,31.3,-0.505252790424142,0,0.0,0.0,0.5,0.6666666666666666,0.75,0.25,0.3333333333333333,0.375,0.0,0.0,0.0,0.5,0.0
all_t20_2018_2026,7b953689,MP Kuhnemann,True,2025,True,21,9,12,79.0,90,8.777777777777779,3.761904761904762,1.0,True,0.0,0.0,1.0,3.0,9.0,2.966779731133099,5,0.23809523809523808,0.5555555555555556,0.047619047619047616,0.1,0.29629629629629634,0.047619047619047616,0.1,0.29629629629629634,0.0,0.0,0.29629629629629634,1.0,
all_t20_2018_2026,ca82673d,L Kishan Singha,False,2023,False,8,4,4,79.0,97,19.75,9.875,8.5,True,3.1,4.0,8.5,13.25,20.6,0.5836637578019273,0,0.0,0.0,0.25,0.3333333333333333,0.5,0.0,0.0,0.5,0.0,0.0,0.5,,
all_t20_2018_2026,da4a1e46,M Spoors,False,2025,True,6,4,2,79.0,79,19.75,13.166666666666666,10.5,True,0.5,2.75,10.5,24.25,28.5,0.31482791542173916,1,0.16666666666666666,0.25,0.3333333333333333,0.5,0.5555555555555557,0.0,0.0,0.0,0.0,0.0,0.0,0.0,
all_t20_2018_2026,f6f60dca,Pramod Chandila,False,2019,False,4,4,0,79.0,61,19.75,19.75,16.5,True,11.9,13.25,16.5,23.0,30.200000000000003,0.8466229155661863,0,0.0,0.0,0.25,0.25,0.25,0.25,0.25,0.25,0.0,0.0,0.0,1.0,0.0
all_t20_2018_2026,78bb68d4,Y Cariah,False,2023,False,2,2,0,78.0,56,39.0,39.0,39.0,False,18.2,26.0,39.0,52.0,59.8,,0,0.0,0.0,0.5,0.5,0.5,0.5,0.5,0.5,0.5,0.5,0.5,1.0,1.0
all_t20_2018_2026,afe3355a,AR Bawne,False,2018,False,5,3,2,78.0,68,26.0,15.6,14.0,True,0.4,1.0,14.0,29.0,32.0,0.12612030425014703,1,0.2,0.3333333333333333,0.4,0.6666666666666666,0.8,0.2,0.3333333333333333,0.4,0.0,0.0,0.0,0.5,0.0
all_t20_2018_2026,d6cd318e,Atharva Ankolekar,False,2024,False,5,2,3,78.0,56,39.0,15.6,13.0,True,5.2,10.0,13.0,16.0,28.6,0.8919224039336779,0,0.0,0.0,0.2,0.5,0.8,0.2,0.5,0.8,0.0,0.0,0.0,1.0,0.0
all_t20_2018_2026,e6f36f83,SJ Taylor,False,2021,False,6,6,0,78.0,68,13.0,13.0,13.5,False,2.0,5.75,13.5,17.5,23.5,0.25367206301647127,1,0.16666666666666666,0.16666666666666666,0.16666666666666666,0.16666666666666666,0.16666666666666669,0.0,0.0,0.0,0.0,0.0,0.0,0.0,
all_t20_2018_2026,68c56d09,KA Jamieson,True,2026,True,10,5,5,77.0,73,15.4,7.7,7.5,True,0.0,2.5,7.5,12.0,16.0,0.06324974618030225,0,0.0,0.0,0.0,0.0,0.17857142857142858,0.0,0.0,0.17857142857142858,0.0,0.0,0.17857142857142858,,
all_t20_2018_2026,719c5146,I Khan,False,2020,False,9,7,2,77.0,78,11.0,8.555555555555555,10.0,False,0.0,0.0,10.0,12.0,20.0,0.29182419190252373,3,0.3333333333333333,0.42857142857142855,0.2222222222222222,0.2857142857142857,0.4,0.0,0.0,0.0,0.0,0.0,0.0,0.0,
all_t20_2018_2026,736123bb,DN Wellalage,False,2024,False,4,4,0,77.0,69,19.25,19.25,15.0,True,10.100000000000001,13.25,15.0,21.0,31.800000000000004,0.9428453110089197,0,0.0,0.0,0.25,0.25,0.25,0.25,0.25,0.25,0.0,0.0,0.0,1.0,0.0
all_t20_2018_2026,77f6fd61,Larry Sangma,False,2023,False,8,6,2,77.0,108,12.833333333333334,9.625,7.0,True,0.0,0.75,7.0,15.75,24.3,0.5976499735161324,2,0.25,0.3333333333333333,0.25,0.2857142857142857,0.3000000000000001,0.0,0.0,0.15000000000000005,0.0,0.0,0.15000000000000005,0.0,
all_t20_2018_2026,8820c9ef,JS Lenton,False,2021,False,7,3,4,77.0,59,25.666666666666668,11.0,10.0,True,2.0,4.0,10.0,15.0,22.800000000000004,0.710583982974178,0,0.0,0.0,0.2857142857142857,0.4,0.5357142857142857,0.0,0.0,0.5357142857142857,0.0,0.0,0.5357142857142857,,
all_t20_2018_2026,b7ab7aa9,BA Roy,False,2023,False,3,1,2,77.0,56,77.0,25.666666666666668,21.0,True,13.0,16.0,21.0,33.0,40.2,0.4556385926118873,0,0.0,0.0,0.6666666666666666,1.0,1.0,0.3333333333333333,0.5,0.5,0.0,0.0,0.5,0.5,
all_t20_2018_2026,090c0213,A Lister,False,2025,True,7,5,2,76.0,59,15.2,10.857142857142858,4.0,True,1.0,2.5,4.0,16.5,25.800000000000004,0.9421602279879189,0,0.0,0.0,0.2857142857142857,0.2857142857142857,0.28571428571428575,0.14285714285714285,0.16666666666666666,0.28571428571428575,0.0,0.0,0.28571428571428575,1.0,
all_t20_2018_2026,249abedf,Jalaj S Saxena,False,2021,False,9,5,4,76.0,95,15.2,8.444444444444445,4.0,True,0.8,2.0,4.0,13.0,16.6,1.0375888319252864,1,0.1111111111111111,0.2,0.1111111111111111,0.16666666666666666,0.31746031746031755,0.0,0.0,0.31746031746031755,0.0,0.0,0.31746031746031755,,
all_t20_2018_2026,27ca3a11,C Chetty,False,2023,False,5,5,0,76.0,75,15.2,15.2,14.0,True,7.2,12.0,14.0,22.0,23.2,-0.23547067577045733,0,0.0,0.0,0.4,0.4,0.4000000000000001,0.0,0.0,0.0,0.0,0.0,0.0,0.0,
all_t20_2018_2026,42046ec9,Amiangshu Sen,True,2023,False,10,7,3,76.0,95,10.857142857142858,7.6,4.0,True,0.9,1.0,4.0,13.0,19.299999999999997,0.6517961705224002,1,0.1,0.14285714285714285,0.1,0.14285714285714285,0.1866666666666667,0.0,0.0,0.0,0.0,0.0,0.0,0.0,
all_t20_2018_2026,465aa633,N Burger,True,2026,True,16,9,7,76.0,96,8.444444444444445,4.75,3.0,True,1.0,1.0,3.0,7.5,9.5,1.373098649812408,0,0.0,0.0,0.0,0.0,0.28490259740259744,0.0,0.0,0.28490259740259744,0.0,0.0,0.28490259740259744,,
all_t20_2018_2026,478bbd5f,Girish Rauturi,False,2020,False,7,6,1,76.0,56,12.666666666666666,10.857142857142858,2.0,True,0.0,0.5,2.0,12.0,29.20000000000001,1.640719962901925,2,0.2857142857142857,0.3333333333333333,0.14285714285714285,0.16666666666666666,0.19047619047619052,0.14285714285714285,0.16666666666666666,0.19047619047619052,0.0,0.0,0.0,1.0,0.0
all_t20_2018_2026,c7375760,Parth Chauhan,False,2022,False,6,4,2,76.0,51,19.0,12.666666666666666,11.0,True,5.0,7.5,11.0,17.5,22.0,0.40433695009916104,0,0.0,0.0,0.16666666666666666,0.25,0.41666666666666674,0.0,0.0,0.0,0.0,0.0,0.0,0.0,
all_t20_2018_2026,d644b8b2,Joseph Lalthankhuma,False,2023,False,7,7,0,76.0,100,10.857142857142858,10.857142857142858,12.0,False,4.0,5.0,12.0,13.0,18.000000000000004,0.7754773888724834,0,0.0,0.0,0.14285714285714285,0.14285714285714285,0.14285714285714288,0.0,0.0,0.0,0.0,0.0,0.0,0.0,
all_t20_2018_2026,df064e1a,Ravi Bishnoi,True,2026,True,25,18,7,76.0,104,4.222222222222222,3.04,2.0,True,0.0,0.0,2.0,4.0,6.600000000000001,1.7708543326278208,7,0.28,0.3888888888888889,0.0,0.0,0.0,0.0,0.0,0.0,0.0,0.0,0.0,,
all_t20_2018_2026,54a0e487,Parvez Ahmed,True,2022,False,14,10,4,75.0,127,7.5,5.357142857142857,5.0,True,0.30000000000000004,1.5,5.0,7.0,11.100000000000003,0.5048471360665417,2,0.14285714285714285,0.2,0.0,0.0,0.0,0.0,0.0,0.0,0.0,0.0,0.0,,
all_t20_2018_2026,5724e517,Tanush Kotian,False,2024,False,5,3,2,75.0,70,25.0,15.0,9.0,True,7.0,7.0,9.0,24.0,26.4,0.4475505145512467,0,0.0,0.0,0.4,0.6666666666666666,0.8,0.0,0.0,0.0,0.0,0.0,0.0,0.0,
all_t20_2018_2026,8e5b6ee3,Jayanta Sagatpam,False,2021,False,5,5,0,75.0,102,15.0,15.0,15.0,False,2.4000000000000004,6.0,15.0,18.0,28.8,0.557657184542019,1,0.2,0.2,0.2,0.2,0.20000000000000004,0.2,0.2,0.20000000000000004,0.0,0.0,0.0,1.0,0.0
all_t20_2018_2026,bd93fea4,PM Siddle,True,2026,True,23,9,14,75.0,79,8.333333333333334,3.260869565217391,1.0,True,0.0,0.0,1.0,6.0,7.800000000000001,0.9224462162903155,5,0.21739130434782608,0.5555555555555556,0.0,0.0,0.28173913043478266,0.0,0.0,0.28173913043478266,0.0,0.0,0.28173913043478266,,
all_t20_2018_2026,0a67aec0,Akash Deep,True,2025,True,13,7,6,74.0,51,10.571428571428571,5.6923076923076925,5.0,True,0.0,1.0,5.0,7.0,12.8,0.7392743662829969,3,0.23076923076923078,0.42857142857142855,0.0,0.0,0.0,0.0,0.0,0.0,0.0,0.0,0.0,,
all_t20_2018_2026,128d1861,Song Tacho,True,2021,False,10,8,2,74.0,100,9.25,7.4,4.5,True,0.0,0.5,4.5,6.75,24.2,1.256920161691455,3,0.3,0.375,0.2,0.25,0.32,0.0,0.0,0.0,0.0,0.0,0.0,0.0,
all_t20_2018_2026,36eafb02,AJ Doolan,False,2018,False,5,4,1,74.0,69,18.5,14.8,5.0,True,0.8,2.0,5.0,26.0,35.0,0.6320964591559901,1,0.2,0.25,0.4,0.4,0.4000000000000001,0.2,0.2,0.20000000000000004,0.0,0.0,0.20000000000000004,0.5,
all_t20_2018_2026,9ffe4bfe,Kunwar Bidhuri,False,2019,False,3,3,0,74.0,61,24.666666666666668,24.666666666666668,4.0,True,2.4,3.0,4.0,36.0,55.2,0.7048496575253607,0,0.0,0.0,0.3333333333333333,0.3333333333333333,0.33333333333333337,0.3333333333333333,0.3333333333333333,0.33333333333333337,0.3333333333333333,0.3333333333333333,0.33333333333333337,1.0,1.0
all_t20_2018_2026,15de1f5d,WA Agar,True,2022,False,18,11,7,73.0,75,6.636363636363637,4.055555555555555,3.0,True,0.0,1.0,3.0,5.0,9.600000000000001,1.14991526717534,3,0.16666666666666666,0.2727272727272727,0.0,0.0,0.0,0.0,0.0,0.0,0.0,0.0,0.0,,
all_t20_2018_2026,5ec41cd7,Jasdeep Singh,True,2026,True,11,5,6,73.0,86,14.6,6.636363636363637,4.0,True,2.0,3.5,4.0,9.5,13.0,0.7383164333541561,0,0.0,0.0,0.0,0.0,0.315,0.0,0.0,0.315,0.0,0.0,0.315,,
all_t20_2018_2026,78bec461,M Brown,True,2026,True,11,5,6,73.0,65,14.6,6.636363636363637,5.0,True,2.0,2.0,5.0,10.5,15.0,0.5303065873410139,1,0.09090909090909091,0.2,0.0,0.0,0.0,0.0,0.0,0.0,0.0,0.0,0.0,,
all_t20_2018_2026,90065d86,Kunal Dabas,False,2019,False,3,3,0,73.0,90,24.333333333333332,24.333333333333332,20.0,True,10.4,14.0,20.0,32.5,40.0,0.39950256360594844,0,0.0,0.0,0.6666666666666666,0.6666666666666666,0.6666666666666667,0.3333333333333333,0.3333333333333333,0.33333333333333337,0.0,0.0,0.0,0.5,0.0
all_t20_2018_2026,f732f3e7,Ian Dev Singh,False,2021,False,3,3,0,73.0,62,24.333333333333332,24.333333333333332,18.0,True,11.6,14.0,18.0,31.5,39.6,0.5587686131604372,0,0.0,0.0,0.3333333333333333,0.3333333333333333,0.33333333333333337,0.3333333333333333,0.3333333333333333,0.33333333333333337,0.0,0.0,0.0,1.0,0.0
all_t20_2018_2026,276b64d4,TT Sawkar,False,2023,False,5,2,3,72.0,53,36.0,14.4,14.0,True,4.800000000000001,12.0,14.0,23.0,23.0,-0.5627905610642441,1,0.2,0.5,0.4,0.6666666666666666,0.8,0.0,0.0,0.4,0.0,0.0,0.4,0.0,
all_t20_2018_2026,2a6afc6f,Saurabh Kumar,False,2021,False,9,7,2,72.0,59,10.285714285714286,8.0,7.0,True,0.0,1.0,7.0,11.0,20.8,0.7743475388851688,1,0.1111111111111111,0.14285714285714285,0.2222222222222222,0.2857142857142857,0.30476190476190484,0.0,0.0,0.0,0.0,0.0,0.0,0.0,
all_t20_2018_2026,39181592,PE Kruger,False,2024,False,6,4,2,72.0,59,18.0,12.0,10.5,True,1.5,4.75,10.5,19.25,24.0,0.25949432397216154,1,0.16666666666666666,0.25,0.3333333333333333,0.4,0.41666666666666674,0.0,0.0,0.20833333333333337,0.0,0.0,0.20833333333333337,0.0,
all_t20_2018_2026,7c8ce592,BB Ghosh,False,2022,False,5,4,1,72.0,77,18.0,14.4,11.0,True,4.2,9.0,11.0,15.0,27.6,0.9278415072597929,0,0.0,0.0,0.2,0.25,0.30000000000000004,0.2,0.25,0.30000000000000004,0.0,0.0,0.0,1.0,0.0
all_t20_2018_2026,a0d05c98,Suraj Ahuja,False,2022,False,8,6,2,72.0,65,12.0,9.0,9.0,False,2.7,3.0,9.0,12.0,14.999999999999998,0.7431914882553021,0,0.0,0.0,0.125,0.16666666666666666,0.3000000000000001,0.0,0.0,0.0,0.0,0.0,0.0,0.0,
all_t20_2018_2026,a71b0bd3,MG Sirur,False,2020,False,8,6,2,72.0,54,12.0,9.0,4.5,True,1.0,1.75,4.5,11.0,26.3,1.0644281509945788,0,0.0,0.0,0.25,0.3333333333333333,0.4375,0.0,0.0,0.0,0.0,0.0,0.0,0.0,
all_t20_2018_2026,e798611a,HM Amla,False,2018,False,6,6,0,72.0,82,12.0,12.0,8.5,True,2.5,3.0,8.5,14.75,25.0,1.0469569575702453,0,0.0,0.0,0.16666666666666666,0.16666666666666666,0.16666666666666669,0.16666666666666666,0.16666666666666666,0.16666666666666669,0.0,0.0,0.0,1.0,0.0
all_t20_2018_2026,ef33e040,RG Hazarika,False,2022,False,3,3,0,72.0,62,24.0,24.0,26.0,False,10.8,16.5,26.0,32.5,36.4,-0.22477987147607628,0,0.0,0.0,0.6666666666666666,0.6666666666666666,0.6666666666666667,0.3333333333333333,0.3333333333333333,0.33333333333333337,0.0,0.0,0.0,0.5,0.0
all_t20_2018_2026,fcd1dd35,Ayush Jamwal,False,2021,False,9,5,4,72.0,61,14.4,8.0,3.0,True,0.8,1.0,3.0,12.0,17.400000000000002,1.0227094569115538,0,0.0,0.0,0.1111111111111111,0.16666666666666666,0.19444444444444448,0.0,0.0,0.19444444444444448,0.0,0.0,0.19444444444444448,,
all_t20_2018_2026,34cbc9d2,Sankar Paul,False,2021,False,5,4,1,71.0,77,17.75,14.2,8.0,True,5.4,6.0,8.0,25.0,26.2,0.39148435314232605,0,0.0,0.0,0.4,0.5,0.5,0.0,0.0,0.0,0.0,0.0,0.0,0.0,
all_t20_2018_2026,59c8c5b5,Hemang Patel,False,2023,False,8,6,2,71.0,83,11.833333333333334,8.875,8.0,True,2.0,2.75,8.0,12.5,17.9,0.4551132607868946,0,0.0,0.0,0.125,0.16666666666666666,0.21875,0.0,0.0,0.0,0.0,0.0,0.0,0.0,
all_t20_2018_2026,ba86aae4,KR Kakade,False,2022,False,8,6,2,71.0,59,11.833333333333334,8.875,3.0,True,0.0,0.75,3.0,4.75,20.79999999999999,2.1939569771813887,2,0.25,0.3333333333333333,0.125,0.14285714285714285,0.15,0.125,0.14285714285714285,0.15,0.125,0.14285714285714285,0.15,1.0,1.0
all_t20_2018_2026,324a6e1e,Swarajeet Das,True,2019,False,11,8,3,70.0,103,8.75,6.363636363636363,5.0,True,0.0,1.0,5.0,7.0,16.0,1.3099497245021205,2,0.18181818181818182,0.25,0.09090909090909091,0.125,0.23376623376623384,0.0,0.0,0.0,0.0,0.0,0.0,0.0,
all_t20_2018_2026,340202b0,LCN Smith,True,2026,True,14,6,8,70.0,72,11.666666666666666,5.0,2.5,True,1.0,2.0,2.5,7.5,11.800000000000004,1.213545028206357,1,0.07142857142857142,0.16666666666666666,0.0,0.0,0.1989795918367347,0.0,0.0,0.1989795918367347,0.0,0.0,0.1989795918367347,,
all_t20_2018_2026,91a260d3,Manzoor Dar,False,2019,False,7,6,1,70.0,56,11.666666666666666,10.0,5.0,True,1.6,2.0,5.0,10.5,22.20000000000001,1.6875035421247477,0,0.0,0.0,0.14285714285714285,0.16666666666666666,0.2142857142857143,0.14285714285714285,0.16666666666666666,0.2142857142857143,0.0,0.0,0.0,1.0,0.0
all_t20_2018_2026,a3ce3d1d,SJ Erwee,False,2022,False,7,6,1,70.0,62,11.666666666666666,10.0,1.0,True,0.0,0.5,1.0,13.5,27.800000000000008,1.3548041662038215,2,0.2857142857142857,0.3333333333333333,0.14285714285714285,0.16666666666666666,0.19047619047619052,0.14285714285714285,0.16666666666666666,0.19047619047619052,0.0,0.0,0.0,1.0,0.0
all_t20_2018_2026,ca5acfa4,TM McGrath,False,2022,False,6,6,0,70.0,75,11.666666666666666,11.666666666666666,6.0,True,3.5,4.25,6.0,16.75,25.5,0.9465529213431392,0,0.0,0.0,0.3333333333333333,0.3333333333333333,0.33333333333333337,0.16666666666666666,0.16666666666666666,0.16666666666666669,0.0,0.0,0.0,0.5,0.0
all_t20_2018_2026,4e04666c,YV Takawale,False,2019,False,6,6,0,69.0,85,11.5,11.5,8.5,True,0.5,2.25,8.5,17.75,25.5,0.6498071607749665,1,0.16666666666666666,0.16666666666666666,0.3333333333333333,0.3333333333333333,0.33333333333333337,0.16666666666666666,0.16666666666666666,0.16666666666666669,0.0,0.0,0.0,0.5,0.0
all_t20_2018_2026,a73f1f24,Rajesh Mohanty,False,2020,False,7,7,0,69.0,69,9.857142857142858,9.857142857142858,4.0,True,0.0,0.5,4.0,14.0,28.800000000000004,1.091441254011986,2,0.2857142857142857,0.2857142857142857,0.2857142857142857,0.2857142857142857,0.28571428571428575,0.14285714285714285,0.14285714285714285,0.14285714285714288,0.0,0.0,0.0,0.5,0.0
all_t20_2018_2026,ad212f96,RF Higgins,False,2025,True,8,5,3,69.0,66,13.8,8.625,7.0,True,0.7000000000000001,2.5,7.0,11.25,16.799999999999997,1.2766724021577704,1,0.125,0.2,0.125,0.2,0.21875000000000003,0.0,0.0,0.0,0.0,0.0,0.0,0.0,
all_t20_2018_2026,dfc887dc,Swarupam Purkayastha,False,2019,False,7,6,1,69.0,82,11.5,9.857142857142858,10.0,False,0.6000000000000001,3.0,10.0,13.0,19.200000000000003,0.759067868863302,1,0.14285714285714285,0.16666666666666666,0.14285714285714285,0.14285714285714285,0.14285714285714288,0.0,0.0,0.14285714285714288,0.0,0.0,0.14285714285714288,,
all_t20_2018_2026,f62772e5,P Negi,True,2019,False,13,9,4,69.0,70,7.666666666666667,5.3076923076923075,3.0,True,0.0,2.0,3.0,5.0,14.400000000000002,1.1389593597648269,3,0.23076923076923078,0.3333333333333333,0.0,0.0,0.0,0.0,0.0,0.0,0.0,0.0,0.0,,
all_t20_2018_2026,b4f5c2d9,KL Nagarkoti,True,2022,False,11,6,5,68.0,89,11.333333333333334,6.181818181818182,3.0,True,0.0,0.5,3.0,5.5,8.0,2.5632757349213793,3,0.2727272727272727,0.5,0.09090909090909091,0.14285714285714285,0.29090909090909095,0.09090909090909091,0.14285714285714285,0.29090909090909095,0.0,0.0,0.29090909090909095,1.0,
all_t20_2018_2026,f21b0b6a,Gourav Choudhury,False,2020,False,3,3,0,68.0,53,22.666666666666668,22.666666666666668,19.0,True,14.2,16.0,19.0,27.5,32.6,0.5112859614859491,0,0.0,0.0,0.3333333333333333,0.3333333333333333,0.33333333333333337,0.3333333333333333,0.3333333333333333,0.33333333333333337,0.0,0.0,0.0,1.0,0.0
all_t20_2018_2026,00823a96,KL Gordon,True,2026,True,11,5,6,67.0,66,13.4,6.090909090909091,3.0,True,0.0,1.5,3.0,5.0,11.0,2.309005915758213,2,0.18181818181818182,0.4,0.09090909090909091,0.2,0.5610389610389611,0.09090909090909091,0.2,0.5610389610389611,0.0,0.0,0.0,1.0,0.0
all_t20_2018_2026,074acfb4,Asif Khan,False,2025,True,4,2,2,67.0,63,33.5,16.75,13.0,True,7.1000000000000005,10.25,13.0,19.5,29.400000000000006,0.8609611116873148,0,0.0,0.0,0.25,0.3333333333333333,0.5,0.25,0.3333333333333333,0.5,0.0,0.0,0.5,1.0,
all_t20_2018_2026,49110249,Madhav Kaushik,False,2021,False,4,4,0,67.0,62,16.75,16.75,17.0,False,10.2,12.0,17.0,21.75,23.1,-0.06933607938998165,0,0.0,0.0,0.5,0.5,0.5,0.0,0.0,0.0,0.0,0.0,0.0,0.0,
all_t20_2018_2026,b8b024c7,Ninad Kadam,False,2018,False,4,3,1,67.0,71,22.333333333333332,16.75,16.0,True,3.9000000000000004,5.25,16.0,27.5,30.200000000000003,0.06384847125477154,0,0.0,0.0,0.5,0.5,0.5,0.25,0.25,0.25,0.0,0.0,0.25,0.5,
all_t20_2018_2026,ba6b2f91,RA Bawa,False,2026,True,5,4,1,67.0,52,16.75,13.4,11.0,True,3.2,8.0,11.0,16.0,25.6,0.6414412109070393,1,0.2,0.25,0.2,0.25,0.2666666666666667,0.2,0.25,0.2666666666666667,0.0,0.0,0.0,1.0,0.0
all_t20_2018_2026,bbbc7d28,Prashant Awasthi,False,2018,False,6,6,0,67.0,54,11.166666666666666,11.166666666666666,12.0,False,0.5,2.5,12.0,17.0,21.0,0.11414167272081843,1,0.16666666666666666,0.16666666666666666,0.16666666666666666,0.16666666666666666,0.16666666666666669,0.0,0.0,0.0,0.0,0.0,0.0,0.0,
all_t20_2018_2026,c5e415aa,CA Wakim,False,2024,False,7,7,0,67.0,79,9.571428571428571,9.571428571428571,12.0,False,0.0,3.5,12.0,14.0,17.6,-0.1372780146631904,2,0.2857142857142857,0.2857142857142857,0.14285714285714285,0.14285714285714285,0.14285714285714288,0.0,0.0,0.0,0.0,0.0,0.0,0.0,
all_t20_2018_2026,cc777ffa,Abdul Basith,False,2023,False,3,2,1,67.0,50,33.5,22.333333333333332,12.0,True,3.2,6.5,12.0,33.0,45.6,0.5860715574497866,0,0.0,0.0,0.3333333333333333,0.5,0.5,0.3333333333333333,0.5,0.5,0.3333333333333333,0.5,0.5,1.0,1.0
all_t20_2018_2026,0c9652b0,HR Shokeen,False,2023,False,5,3,2,66.0,65,22.0,13.2,18.0,False,2.0,5.0,18.0,18.0,22.2,-0.2503331344566069,0,0.0,0.0,0.2,0.3333333333333333,0.5,0.0,0.0,0.0,0.0,0.0,0.0,0.0,
all_t20_2018_2026,14f2ce7a,Ankit Yadav,False,2020,False,6,5,1,66.0,70,13.2,11.0,5.0,True,3.0,4.0,5.0,15.0,25.0,1.080405878719424,0,0.0,0.0,0.16666666666666666,0.2,0.33333333333333337,0.16666666666666666,0.2,0.33333333333333337,0.0,0.0,0.0,1.0,0.0
all_t20_2018_2026,46a9bea1,TU Deshpande,True,2026,True,14,6,8,66.0,48,11.0,4.714285714285714,1.5,True,0.0,1.0,1.5,3.75,15.500000000000016,1.9496339099109,1,0.07142857142857142,0.16666666666666666,0.14285714285714285,0.2857142857142857,0.5064935064935066,0.0,0.0,0.0,0.0,0.0,0.0,0.0,
all_t20_2018_2026,7ca04294,SM Singha,False,2021,False,5,4,1,66.0,78,16.5,13.2,16.0,False,0.8,2.0,16.0,17.0,25.400000000000002,0.27860989665709146,1,0.2,0.25,0.2,0.2,0.20000000000000004,0.2,0.2,0.20000000000000004,0.0,0.0,0.20000000000000004,1.0,
all_t20_2018_2026,ac56b5a7,AC Jayangani,False,2024,False,6,6,0,66.0,89,11.0,11.0,8.0,True,0.5,2.0,8.0,14.75,24.5,0.9504322753405889,1,0.16666666666666666,0.16666666666666666,0.16666666666666666,0.16666666666666666,0.16666666666666669,0.16666666666666666,0.16666666666666666,0.16666666666666669,0.0,0.0,0.0,1.0,0.0
all_t20_2018_2026,b2a79f17,B Laughlin,True,2020,False,15,7,8,66.0,75,9.428571428571429,4.4,2.0,True,0.0,1.0,2.0,6.5,11.999999999999998,1.2525080795357437,2,0.13333333333333333,0.2857142857142857,0.0,0.0,0.0,0.0,0.0,0.0,0.0,0.0,0.0,,
all_t20_2018_2026,e3626fb1,Pratik Desai,False,2020,False,4,4,0,66.0,52,16.5,16.5,18.5,False,4.4,8.0,18.5,27.0,27.0,-0.19597416227935577,0,0.0,0.0,0.5,0.5,0.5,0.0,0.0,0.0,0.0,0.0,0.0,0.0,
all_t20_2018_2026,f4cd319e,Abhisek Das,False,2021,False,4,4,0,66.0,61,16.5,16.5,15.5,True,4.200000000000001,10.5,15.5,21.5,29.6,0.23573139670256904,1,0.25,0.25,0.25,0.25,0.25,0.25,0.25,0.25,0.0,0.0,0.0,1.0,0.0
all_t20_2018_2026,04ef663a,WG Bosisto,False,2018,False,6,3,3,65.0,65,21.666666666666668,10.833333333333334,2.5,True,0.5,1.25,2.5,18.0,29.5,0.919353047504934,1,0.16666666666666666,0.3333333333333333,0.3333333333333333,0.4,0.44444444444444453,0.16666666666666666,0.25,0.44444444444444453,0.0,0.0,0.44444444444444453,1.0,
all_t20_2018_2026,245c97cb,TS Mills,True,2025,True,13,9,4,65.0,50,7.222222222222222,5.0,1.0,True,0.0,0.0,1.0,7.0,8.0,2.353126422606507,4,0.3076923076923077,0.4444444444444444,0.07692307692307693,0.1111111111111111,0.23076923076923084,0.07692307692307693,0.1111111111111111,0.23076923076923084,0.0,0.0,0.0,1.0,0.0
all_t20_2018_2026,7509f4bc,Rajendran Vivek,False,2018,False,5,3,2,65.0,49,21.666666666666668,13.0,6.0,True,2.4000000000000004,6.0,6.0,17.0,28.400000000000002,0.9033783163067999,1,0.2,0.3333333333333333,0.2,0.25,0.30000000000000004,0.2,0.25,0.30000000000000004,0.0,0.0,0.30000000000000004,1.0,
all_t20_2018_2026,79f8472d,Mohammad Mohsin,True,2026,True,10,7,3,65.0,61,9.285714285714286,6.5,6.0,True,1.0,3.25,6.0,8.75,11.499999999999998,0.6382385856086683,0,0.0,0.0,0.0,0.0,0.0,0.0,0.0,0.0,0.0,0.0,0.0,,
all_t20_2018_2026,907e5f6c,C Pavely,True,2026,True,13,6,7,65.0,66,10.833333333333334,5.0,4.0,True,1.0,2.0,4.0,5.0,12.000000000000004,1.5494651610011272,0,0.0,0.0,0.0,0.0,0.0,0.0,0.0,0.0,0.0,0.0,0.0,,
all_t20_2018_2026,fbd79b9b,LF Higham,False,2026,True,8,3,5,65.0,46,21.666666666666668,8.125,5.5,True,1.0,1.0,5.5,12.25,16.9,1.06083529330916,0,0.0,0.0,0.125,0.3333333333333333,0.33333333333333337,0.0,0.0,0.0,0.0,0.0,0.0,0.0,
all_t20_2018_2026,24d94623,Ankit Sharma,False,2022,False,8,5,3,64.0,68,12.8,8.0,5.5,True,0.7000000000000001,2.5,5.5,11.5,16.599999999999998,1.045407894828952,0,0.0,0.0,0.125,0.2,0.2678571428571429,0.0,0.0,0.0,0.0,0.0,0.0,0.0,
all_t20_2018_2026,393f2ae3,RD John,False,2024,False,6,5,1,64.0,44,12.8,10.666666666666666,3.5,True,1.5,2.0,3.5,20.0,27.0,0.7043967725564786,0,0.0,0.0,0.3333333333333333,0.3333333333333333,0.33333333333333337,0.0,0.0,0.0,0.0,0.0,0.0,0.0,
all_t20_2018_2026,4933f499,JP Behrendorff,True,2025,True,22,8,14,64.0,75,8.0,2.909090909090909,2.0,True,0.0,1.0,2.0,3.0,5.0,2.946484641397475,3,0.13636363636363635,0.375,0.0,0.0,0.5655218855218855,0.0,0.0,0.5655218855218855,0.0,0.0,0.5655218855218855,,
all_t20_2018_2026,8281ca53,Arjit Pannu,False,2021,False,3,2,1,64.0,49,32.0,21.333333333333332,19.0,True,4.6,10.0,19.0,31.5,39.0,0.1961847396508094,0,0.0,0.0,0.3333333333333333,0.5,0.5,0.3333333333333333,0.5,0.5,0.0,0.0,0.0,1.0,0.0
all_t20_2018_2026,b6b1155c,Aditya,False,2018,False,1,1,0,64.0,46,64.0,64.0,64.0,False,64.0,64.0,64.0,64.0,64.0,,0,0.0,0.0,1.0,1.0,1.0,1.0,1.0,1.0,1.0,1.0,1.0,1.0,1.0
all_t20_2018_2026,d3885f28,Techi Neri,True,2023,False,11,6,5,64.0,91,10.666666666666666,5.818181818181818,1.0,True,0.0,0.0,1.0,7.5,19.0,1.3207922704119621,3,0.2727272727272727,0.5,0.09090909090909091,0.16666666666666666,0.31168831168831174,0.0,0.0,0.0,0.0,0.0,0.0,0.0,
all_t20_2018_2026,e06f7116,Sujit Nayak,False,2025,True,7,4,3,64.0,66,16.0,9.142857142857142,10.0,False,3.0000000000000004,5.5,10.0,13.0,15.8,-0.14982523498256486,1,0.14285714285714285,0.25,0.0,0.0,0.28571428571428575,0.0,0.0,0.28571428571428575,0.0,0.0,0.28571428571428575,,
all_t20_2018_2026,ed2711ea,EM McCaughan,False,2026,True,7,7,0,64.0,70,9.142857142857142,9.142857142857142,6.0,True,1.0,1.5,6.0,13.5,22.200000000000003,0.9069123233886491,0,0.0,0.0,0.14285714285714285,0.14285714285714285,0.14285714285714288,0.0,0.0,0.0,0.0,0.0,0.0,0.0,
all_t20_2018_2026,144fdfd4,Yogesh Tiwari,False,2021,False,4,4,0,63.0,71,15.75,15.75,5.0,True,0.30000000000000004,0.75,5.0,20.0,39.80000000000001,1.069967010104465,1,0.25,0.25,0.25,0.25,0.25,0.25,0.25,0.25,0.25,0.25,0.25,1.0,1.0
all_t20_2018_2026,29e253dd,Iftikhar Ahmed,False,2025,True,3,3,0,63.0,58,21.0,21.0,30.0,False,6.0,15.0,30.0,31.5,32.4,-0.6856675374889222,1,0.3333333333333333,0.3333333333333333,0.6666666666666666,0.6666666666666666,0.6666666666666667,0.6666666666666666,0.6666666666666666,0.6666666666666667,0.0,0.0,0.0,1.0,0.0
all_t20_2018_2026,2af1b6d2,AN Ahmed,False,2021,False,9,7,2,63.0,61,9.0,7.0,3.0,True,0.8,1.0,3.0,10.0,14.000000000000004,1.386530338415201,1,0.1111111111111111,0.14285714285714285,0.1111111111111111,0.125,0.22222222222222227,0.0,0.0,0.22222222222222227,0.0,0.0,0.22222222222222227,,
all_t20_2018_2026,552b228c,Anshuman Rath,False,2021,False,2,2,0,63.0,63,31.5,31.5,31.5,False,29.5,30.25,31.5,32.75,33.5,,0,0.0,0.0,1.0,1.0,1.0,0.5,0.5,0.5,0.0,0.0,0.0,0.5,0.0
all_t20_2018_2026,763abbaf,Mickil Jaiswal,False,2022,False,3,2,1,63.0,38,31.5,21.0,17.0,True,5.0,9.5,17.0,30.5,38.6,0.3330665464269756,0,0.0,0.0,0.3333333333333333,0.3333333333333333,0.33333333333333337,0.3333333333333333,0.3333333333333333,0.33333333333333337,0.0,0.0,0.33333333333333337,1.0,
all_t20_2018_2026,9c9af282,Naseem Shah,True,2026,True,13,4,9,63.0,46,15.75,4.846153846153846,2.0,True,1.0,1.0,2.0,5.0,14.800000000000008,1.6747930077590836,0,0.0,0.0,0.0,0.0,0.5,0.0,0.0,0.5,0.0,0.0,0.5,,
all_t20_2018_2026,a030bba8,Jaskaranvir Singh Sohi,False,2021,False,7,3,4,63.0,57,21.0,9.0,8.0,True,3.4000000000000004,5.0,8.0,12.0,16.400000000000002,0.5664406849279029,0,0.0,0.0,0.14285714285714285,0.3333333333333333,0.4166666666666667,0.0,0.0,0.0,0.0,0.0,0.0,0.0,
all_t20_2018_2026,df72675b,P Thamaraikannan,False,2020,False,7,2,5,63.0,82,31.5,9.0,7.0,True,0.0,1.0,7.0,14.5,19.6,0.5743801554775552,2,0.2857142857142857,1.0,0.14285714285714285,0.3333333333333333,0.7142857142857143,0.0,0.0,0.7142857142857143,0.0,0.0,0.7142857142857143,,
all_t20_2018_2026,16605a1b,AA Kazi,False,2018,False,4,4,0,61.0,54,15.25,15.25,12.5,True,3.3000000000000007,8.25,12.5,19.5,29.400000000000006,0.59516849265731,1,0.25,0.25,0.25,0.25,0.25,0.25,0.25,0.25,0.0,0.0,0.0,1.0,0.0
all_t20_2018_2026,2222f8a7,J Mallikarjun,False,2019,False,4,3,1,61.0,63,20.333333333333332,15.25,17.5,False,6.0,10.5,17.5,22.25,22.7,-0.5113967694826015,0,0.0,0.0,0.5,0.5,0.5,0.0,0.0,0.25,0.0,0.0,0.25,0.0,
all_t20_2018_2026,31ca7a9c,Ethan D'Souza,False,2025,True,8,6,2,61.0,62,10.166666666666666,7.625,6.5,True,0.7000000000000001,3.25,6.5,11.75,15.2,0.3672857907884893,1,0.125,0.16666666666666666,0.0,0.0,0.0,0.0,0.0,0.0,0.0,0.0,0.0,,
all_t20_2018_2026,88684a42,DR Drew,False,2024,False,4,3,1,61.0,52,20.333333333333332,15.25,14.0,True,10.6,11.5,14.0,17.75,20.900000000000002,0.5846783895970179,0,0.0,0.0,0.25,0.25,0.25,0.0,0.0,0.25,0.0,0.0,0.25,,
all_t20_2018_2026,8dfc706f,Shoaib Mohammed Khan,False,2022,False,5,3,2,61.0,54,20.333333333333332,12.2,10.0,True,5.4,9.0,10.0,13.0,20.8,0.8145665213531451,0,0.0,0.0,0.2,0.25,0.4000000000000001,0.0,0.0,0.4000000000000001,0.0,0.0,0.4000000000000001,,
all_t20_2018_2026,972f217b,BJ Jacobs,False,2025,True,6,5,1,61.0,66,12.2,10.166666666666666,7.5,True,1.0,2.5,7.5,15.5,22.0,0.6381151342824525,0,0.0,0.0,0.16666666666666666,0.2,0.20833333333333337,0.0,0.0,0.0,0.0,0.0,0.0,0.0,
all_t20_2018_2026,bd4ea627,Faheem Ashraf,False,2022,False,7,4,3,61.0,57,15.25,8.714285714285714,6.0,True,1.8000000000000003,4.5,6.0,10.0,17.000000000000007,1.2839916833324454,1,0.14285714285714285,0.25,0.14285714285714285,0.25,0.47619047619047633,0.0,0.0,0.0,0.0,0.0,0.0,0.0,
all_t20_2018_2026,dd73b2ff,AR Pandey,False,2023,False,3,3,0,61.0,50,20.333333333333332,20.333333333333332,18.0,True,11.6,14.0,18.0,25.5,30.0,0.35246287140062316,0,0.0,0.0,0.3333333333333333,0.3333333333333333,0.33333333333333337,0.3333333333333333,0.3333333333333333,0.33333333333333337,0.0,0.0,0.0,1.0,0.0
all_t20_2018_2026,39d608d4,F O'Neill,False,2025,True,8,6,2,60.0,62,10.0,7.5,7.5,False,2.7,3.0,7.5,9.75,13.2,0.459382145968919,0,0.0,0.0,0.0,0.0,0.14285714285714288,0.0,0.0,0.14285714285714288,0.0,0.0,0.14285714285714288,,
all_t20_2018_2026,4885bbe6,Yudhvir Singh,True,2024,False,11,9,2,60.0,36,6.666666666666667,5.454545454545454,1.0,True,0.0,1.0,1.0,7.0,14.0,1.3676808709701898,2,0.18181818181818182,0.2222222222222222,0.09090909090909091,0.1111111111111111,0.1272727272727273,0.0,0.0,0.0,0.0,0.0,0.0,0.0,
all_t20_2018_2026,63500b26,Ahmed Shah,True,2022,False,10,10,0,60.0,65,6.0,6.0,7.0,False,0.9,1.0,7.0,9.75,11.2,-0.024243235579464503,1,0.1,0.1,0.0,0.0,0.0,0.0,0.0,0.0,0.0,0.0,0.0,,
all_t20_2018_2026,ca81c65c,M Dheeraj Kumar,False,2023,False,7,6,1,60.0,43,10.0,8.571428571428571,7.0,True,0.6000000000000001,3.0,7.0,14.0,17.8,0.2776642542081281,1,0.14285714285714285,0.16666666666666666,0.0,0.0,0.0,0.0,0.0,0.0,0.0,0.0,0.0,,
all_t20_2018_2026,37b0f5f9,Bandeep Singh,False,2018,False,1,0,1,59.0,26,,59.0,59.0,False,59.0,59.0,59.0,59.0,59.0,,0,0.0,,1.0,1.0,1.0,1.0,1.0,1.0,1.0,1.0,1.0,1.0,1.0
all_t20_2018_2026,39ddc33b,Parvez Aziz,False,2019,False,3,2,1,59.0,66,29.5,19.666666666666668,15.0,True,14.2,14.5,15.0,22.5,27.0,0.6972172018213305,0,0.0,0.0,0.3333333333333333,0.5,0.6666666666666667,0.3333333333333333,0.5,0.6666666666666667,0.0,0.0,0.0,1.0,0.0
all_t20_2018_2026,45a62071,T Hinds,True,2026,True,11,7,4,59.0,44,8.428571428571429,5.363636363636363,4.0,True,1.0,1.0,4.0,8.0,14.0,0.7503217152241478,1,0.09090909090909091,0.14285714285714285,0.0,0.0,0.3116883116883117,0.0,0.0,0.3116883116883117,0.0,0.0,0.3116883116883117,,
all_t20_2018_2026,502056e3,Ashith Rajiv,False,2020,False,5,1,4,59.0,60,59.0,11.8,10.0,True,2.4,3.0,10.0,11.0,24.200000000000003,1.1255640978965633,0,0.0,0.0,0.2,0.5,0.6666666666666667,0.2,0.5,0.6666666666666667,0.0,0.0,0.6666666666666667,1.0,
all_t20_2018_2026,77b1aa15,Harshit Rana,True,2025,True,10,6,4,59.0,56,9.833333333333334,5.9,2.5,True,0.0,0.25,2.5,4.75,12.399999999999991,2.2682373050138356,1,0.1,0.16666666666666666,0.1,0.16666666666666666,0.3000000000000001,0.1,0.16666666666666666,0.3000000000000001,0.0,0.0,0.0,1.0,0.0
all_t20_2018_2026,8e5a4e1d,Parth Kohli,False,2021,False,3,2,1,59.0,63,29.5,19.666666666666668,22.0,False,14.8,17.5,22.0,23.0,23.6,-0.6155602359275465,0,0.0,0.0,0.6666666666666666,0.6666666666666666,0.6666666666666667,0.0,0.0,0.0,0.0,0.0,0.0,0.0,
all_t20_2018_2026,93b5bd93,Priyesh Patel,False,2022,False,4,4,0,59.0,47,14.75,14.75,14.5,True,7.800000000000001,10.5,14.5,18.75,21.900000000000002,0.09707483814042828,0,0.0,0.0,0.25,0.25,0.25,0.0,0.0,0.0,0.0,0.0,0.0,0.0,
all_t20_2018_2026,0e56c514,HJ Manenti,False,2025,True,8,7,1,58.0,61,8.285714285714286,7.25,5.0,True,2.1,3.0,5.0,8.5,14.199999999999998,1.477705281586365,1,0.125,0.14285714285714285,0.125,0.14285714285714285,0.1875,0.0,0.0,0.0,0.0,0.0,0.0,0.0,
all_t20_2018_2026,6b394eaa,Mark Ingty,False,2019,False,3,2,1,58.0,42,29.0,19.333333333333332,12.0,True,8.0,9.5,12.0,25.5,33.6,0.6405879745163581,0,0.0,0.0,0.3333333333333333,0.3333333333333333,0.33333333333333337,0.3333333333333333,0.3333333333333333,0.33333333333333337,0.0,0.0,0.33333333333333337,1.0,
all_t20_2018_2026,717b424d,YR Sharma,False,2020,False,5,5,0,58.0,48,11.6,11.6,9.0,True,1.6,4.0,9.0,19.0,23.2,0.3101429554023478,1,0.2,0.2,0.2,0.2,0.20000000000000004,0.0,0.0,0.0,0.0,0.0,0.0,0.0,
all_t20_2018_2026,81049310,J Yadav,False,2022,False,9,7,2,58.0,45,8.285714285714286,6.444444444444445,2.0,True,0.0,0.0,2.0,11.0,19.8,0.9992201771696093,3,0.3333333333333333,0.42857142857142855,0.1111111111111111,0.14285714285714285,0.18518518518518526,0.0,0.0,0.0,0.0,0.0,0.0,0.0,
all_t20_2018_2026,8d742853,GM Hennessy,False,2021,False,6,4,2,58.0,75,14.5,9.666666666666666,9.5,True,2.5,4.25,9.5,11.0,17.0,0.8165142388808581,0,0.0,0.0,0.16666666666666666,0.2,0.22222222222222227,0.0,0.0,0.22222222222222227,0.0,0.0,0.22222222222222227,,
all_t20_2018_2026,e2db2409,M Ashwin,True,2022,False,18,10,8,58.0,71,5.8,3.2222222222222223,1.5,True,0.0,1.0,1.5,6.0,6.900000000000002,0.9457693939433561,2,0.1111111111111111,0.2,0.0,0.0,0.1523809523809524,0.0,0.0,0.1523809523809524,0.0,0.0,0.1523809523809524,,
all_t20_2018_2026,e95951b8,Henan Nazir,False,2023,False,4,3,1,58.0,67,19.333333333333332,14.5,12.5,True,2.3,2.75,12.5,24.25,28.3,0.18791642502577038,0,0.0,0.0,0.5,0.5,0.5,0.25,0.3333333333333333,0.5,0.0,0.0,0.0,1.0,0.0
all_t20_2018_2026,05c7a444,HS Desai,False,2023,False,4,4,0,57.0,52,14.25,14.25,13.0,True,5.3,5.75,13.0,21.5,24.200000000000003,0.15699058669327534,0,0.0,0.0,0.5,0.5,0.5,0.0,0.0,0.0,0.0,0.0,0.0,0.0,
all_t20_2018_2026,59ea70a4,HT Tector,False,2022,False,4,3,1,57.0,58,19.0,14.25,5.0,True,1.5000000000000002,3.75,5.0,15.5,34.400000000000006,1.1139571022751429,1,0.25,0.3333333333333333,0.25,0.25,0.25,0.25,0.25,0.25,0.0,0.0,0.25,1.0,
all_t20_2018_2026,645eaa96,Wasiqur Rahman,True,2022,False,10,9,1,57.0,65,6.333333333333333,5.7,3.0,True,0.0,0.5,3.0,9.75,12.799999999999997,1.0516005343619683,3,0.3,0.3333333333333333,0.1,0.1111111111111111,0.125,0.0,0.0,0.0,0.0,0.0,0.0,0.0,
all_t20_2018_2026,bbe1525d,R Southby,True,2026,True,12,6,6,57.0,66,9.5,4.75,2.5,True,0.10000000000000009,1.0,2.5,6.5,14.300000000000002,1.1349284066403669,2,0.16666666666666666,0.3333333333333333,0.0,0.0,0.27777777777777785,0.0,0.0,0.27777777777777785,0.0,0.0,0.27777777777777785,,
all_t20_2018_2026,c38d3503,Shivam Mavi,True,2024,False,14,12,2,57.0,72,4.75,4.071428571428571,1.5,True,0.0,1.0,1.5,5.75,8.400000000000002,1.9308772096250908,3,0.21428571428571427,0.25,0.07142857142857142,0.08333333333333333,0.09183673469387756,0.0,0.0,0.0,0.0,0.0,0.0,0.0,
all_t20_2018_2026,ea9c54de,Fatima Sana,False,2026,True,5,3,2,57.0,53,19.0,11.4,5.0,True,1.0,1.0,5.0,14.0,27.200000000000003,1.0813574073740118,0,0.0,0.0,0.2,0.3333333333333333,0.6,0.2,0.3333333333333333,0.6,0.0,0.0,0.0,1.0,0.0
all_t20_2018_2026,055be93a,HTRY Thornton,False,2025,True,9,4,5,56.0,61,14.0,6.222222222222222,3.0,True,0.8,2.0,3.0,4.0,15.200000000000003,1.8863206182667978,1,0.1111111111111111,0.25,0.1111111111111111,0.2,0.47619047619047616,0.0,0.0,0.47619047619047616,0.0,0.0,0.47619047619047616,,
all_t20_2018_2026,40fd2e48,RH Motwani,False,2018,False,3,3,0,56.0,45,18.666666666666668,18.666666666666668,10.0,True,10.0,10.0,10.0,23.0,30.8,0.7071067811865471,0,0.0,0.0,0.3333333333333333,0.3333333333333333,0.33333333333333337,0.3333333333333333,0.3333333333333333,0.33333333333333337,0.0,0.0,0.0,1.0,0.0
all_t20_2018_2026,78d516fd,Arabind Singh,False,2019,False,5,3,2,56.0,66,18.666666666666668,11.2,5.0,True,0.4,1.0,5.0,16.0,26.8,0.8967142779743901,0,0.0,0.0,0.2,0.25,0.25,0.2,0.25,0.25,0.0,0.0,0.25,1.0,
all_t20_2018_2026,9a09c4b2,Sinan Khadir,False,2018,False,7,7,0,56.0,63,8.0,8.0,10.0,False,0.6000000000000001,1.0,10.0,13.5,15.200000000000001,-0.05873597621644745,1,0.14285714285714285,0.14285714285714285,0.0,0.0,0.0,0.0,0.0,0.0,0.0,0.0,0.0,,
all_t20_2018_2026,a0095f0e,H Richards,False,2025,True,7,5,2,56.0,54,11.2,8.0,4.0,True,0.0,0.5,4.0,13.5,19.200000000000003,0.7107809391538962,2,0.2857142857142857,0.4,0.14285714285714285,0.2,0.38095238095238104,0.0,0.0,0.0,0.0,0.0,0.0,0.0,
all_t20_2018_2026,a05d0552,JJ Weatherley,False,2026,True,4,3,1,56.0,52,18.666666666666668,14.0,7.0,True,1.8000000000000003,4.5,7.0,16.5,31.800000000000004,1.0413490599480937,1,0.25,0.3333333333333333,0.25,0.3333333333333333,0.5,0.25,0.3333333333333333,0.5,0.0,0.0,0.0,1.0,0.0
all_t20_2018_2026,dbd30397,GM Davies,False,2022,False,7,6,1,56.0,55,9.333333333333334,8.0,6.0,True,1.2000000000000002,3.5,6.0,11.5,15.200000000000003,0.5899826981904419,1,0.14285714285714285,0.16666666666666666,0.14285714285714285,0.16666666666666666,0.17142857142857146,0.0,0.0,0.0,0.0,0.0,0.0,0.0,
all_t20_2018_2026,32497ecd,A Shrubsole,False,2023,False,7,3,4,55.0,48,18.333333333333332,7.857142857142857,1.0,True,0.0,0.5,1.0,6.5,22.60000000000001,1.7843380503475856,1,0.14285714285714285,0.3333333333333333,0.14285714285714285,0.25,0.5142857142857143,0.14285714285714285,0.25,0.5142857142857143,0.0,0.0,0.5142857142857143,1.0,
all_t20_2018_2026,45a7e761,Shaheen Shah Afridi,False,2025,True,7,3,4,55.0,45,18.333333333333332,7.857142857142857,4.0,True,1.2000000000000002,2.5,4.0,14.5,15.8,0.24734730734869162,1,0.14285714285714285,0.3333333333333333,0.0,0.0,0.32142857142857145,0.0,0.0,0.32142857142857145,0.0,0.0,0.32142857142857145,,
all_t20_2018_2026,c9cac448,T Mishra,False,2019,False,6,6,0,55.0,60,9.166666666666666,9.166666666666666,6.5,True,2.0,4.5,6.5,11.5,19.0,0.9750161437109858,1,0.16666666666666666,0.16666666666666666,0.16666666666666666,0.16666666666666666,0.16666666666666669,0.0,0.0,0.0,0.0,0.0,0.0,0.0,
all_t20_2018_2026,ca099aeb,Ranjeet Nikam,False,2021,False,6,6,0,55.0,56,9.166666666666666,9.166666666666666,8.0,True,5.0,6.5,8.0,8.75,14.5,1.3700615880888203,0,0.0,0.0,0.16666666666666666,0.16666666666666666,0.16666666666666669,0.0,0.0,0.0,0.0,0.0,0.0,0.0,
all_t20_2018_2026,dd6e32da,JB Cracknell,False,2021,False,3,3,0,55.0,41,18.333333333333332,18.333333333333332,15.0,True,7.0,10.0,15.0,25.0,31.0,0.38180177416060646,0,0.0,0.0,0.3333333333333333,0.3333333333333333,0.33333333333333337,0.3333333333333333,0.3333333333333333,0.33333333333333337,0.0,0.0,0.0,1.0,0.0
all_t20_2018_2026,f78e7113,S Prasanna,False,2022,False,4,4,0,55.0,39,13.75,13.75,2.0,True,0.30000000000000004,0.75,2.0,15.0,36.60000000000001,1.1460485112342669,1,0.25,0.25,0.25,0.25,0.25,0.25,0.25,0.25,0.25,0.25,0.25,1.0,1.0
all_t20_2018_2026,f992200b,Akash Parkar,False,2020,False,4,3,1,55.0,67,18.333333333333332,13.75,14.0,False,5.9,7.25,14.0,20.5,21.4,-0.034079295352125276,0,0.0,0.0,0.5,0.5,0.5,0.0,0.0,0.0,0.0,0.0,0.0,0.0,
all_t20_2018_2026,24d163d7,Himanshu Bisht,False,2020,False,8,6,2,54.0,55,9.0,6.75,7.0,False,1.4000000000000001,2.0,7.0,10.25,12.2,0.165077724345618,1,0.125,0.16666666666666666,0.0,0.0,0.0,0.0,0.0,0.0,0.0,0.0,0.0,,
all_t20_2018_2026,327b58d3,PVD Chameera,True,2026,True,12,5,7,54.0,50,10.8,4.5,1.0,True,0.0,0.0,1.0,8.75,12.8,1.002410126910347,2,0.16666666666666666,0.4,0.0,0.0,0.0,0.0,0.0,0.0,0.0,0.0,0.0,,
all_t20_2018_2026,5e3054d0,PG Dooley,True,2023,False,12,4,8,54.0,66,13.5,4.5,3.0,True,1.0,1.0,3.0,5.0,9.500000000000002,1.928123535360485,0,0.0,0.0,0.0,0.0,0.0,0.0,0.0,0.0,0.0,0.0,0.0,,
all_t20_2018_2026,64f5120c,M Nandu,False,2026,True,4,4,0,54.0,72,13.5,13.5,8.0,True,1.6,2.5,8.0,19.0,29.800000000000004,0.8419557577480803,0,0.0,0.0,0.25,0.25,0.25,0.25,0.25,0.25,0.0,0.0,0.0,1.0,0.0
all_t20_2018_2026,74a274cc,TG Helm,False,2026,True,9,7,2,54.0,58,7.714285714285714,6.0,2.0,True,0.0,1.0,2.0,11.0,13.8,0.5666349340974597,2,0.2222222222222222,0.2857142857142857,0.0,0.0,0.0,0.0,0.0,0.0,0.0,0.0,0.0,,
all_t20_2018_2026,97114e80,Mukhtar Hussain,False,2023,False,5,2,3,54.0,29,27.0,10.8,10.0,True,3.8000000000000003,8.0,10.0,10.0,19.0,0.7902315714527932,0,0.0,0.0,0.2,0.3333333333333333,0.5,0.0,0.0,0.5,0.0,0.0,0.5,,
all_t20_2018_2026,9cebb612,JR Doran,False,2024,False,5,4,1,54.0,57,13.5,10.8,7.0,True,5.2,7.0,7.0,8.0,20.0,1.4080079929222618,0,0.0,0.0,0.2,0.25,0.4,0.0,0.0,0.0,0.0,0.0,0.0,0.0,
all_t20_2018_2026,b8527c3d,Rasikh Salam,True,2026,True,11,8,3,54.0,63,6.75,4.909090909090909,4.0,True,1.0,3.0,4.0,7.5,9.0,0.33036562160279903,0,0.0,0.0,0.0,0.0,0.0,0.0,0.0,0.0,0.0,0.0,0.0,,
all_t20_2018_2026,deae3c43,Mohit Mittan,False,2022,False,3,3,0,54.0,48,18.0,18.0,25.0,False,5.800000000000001,13.0,25.0,26.5,27.4,-0.6745554845457655,0,0.0,0.0,0.6666666666666666,0.6666666666666666,0.6666666666666667,0.0,0.0,0.0,0.0,0.0,0.0,0.0,
all_t20_2018_2026,ea27a674,AJ Blake,False,2021,False,3,2,1,54.0,39,27.0,18.0,9.0,True,2.6,5.0,9.0,26.5,37.0,0.6110111479734742,0,0.0,0.0,0.3333333333333333,0.3333333333333333,0.33333333333333337,0.3333333333333333,0.3333333333333333,0.33333333333333337,0.0,0.0,0.33333333333333337,1.0,
all_t20_2018_2026,fe608a7e,KR Singh,False,2021,False,3,3,0,54.0,43,18.0,18.0,24.0,False,5.6000000000000005,12.5,24.0,26.5,28.0,-0.6189740628044658,0,0.0,0.0,0.6666666666666666,0.6666666666666666,0.6666666666666667,0.0,0.0,0.0,0.0,0.0,0.0,0.0,
all_t20_2018_2026,1b480a44,Homendro Kabrambam,True,2021,False,10,8,2,53.0,80,6.625,5.3,3.5,True,1.0,1.25,3.5,8.0,9.899999999999997,1.3867829755234642,0,0.0,0.0,0.0,0.0,0.1166666666666667,0.0,0.0,0.1166666666666667,0.0,0.0,0.1166666666666667,,
all_t20_2018_2026,2843d331,Mohammad Saif,False,2023,False,5,5,0,53.0,68,10.6,10.6,0.0,True,0.0,0.0,0.0,21.0,27.6,0.6056532590523309,3,0.6,0.6,0.4,0.4,0.4,0.2,0.2,0.2,0.0,0.0,0.0,0.5,0.0
all_t20_2018_2026,330bc788,Krishnamurthy Siddharth,False,2023,False,1,1,0,53.0,37,53.0,53.0,53.0,False,53.0,53.0,53.0,53.0,53.0,,0,0.0,0.0,1.0,1.0,1.0,1.0,1.0,1.0,1.0,1.0,1.0,1.0,1.0
all_t20_2018_2026,4bec0a86,SSK Bal,False,2020,False,3,2,1,53.0,38,26.5,17.666666666666668,14.0,True,6.8,9.5,14.0,24.0,30.0,0.4261133876306895,0,0.0,0.0,0.3333333333333333,0.3333333333333333,0.33333333333333337,0.3333333333333333,0.3333333333333333,0.33333333333333337,0.0,0.0,0.33333333333333337,1.0,
all_t20_2018_2026,62a48252,Anish Charak,False,2023,False,6,5,1,53.0,68,10.6,8.833333333333334,4.5,True,1.0,1.25,4.5,16.75,21.0,0.5726509249351873,0,0.0,0.0,0.3333333333333333,0.3333333333333333,0.33333333333333337,0.0,0.0,0.0,0.0,0.0,0.0,0.0,
all_t20_2018_2026,7b44eb3e,Shivang Kumar,False,2026,True,6,6,0,53.0,46,8.833333333333334,8.833333333333334,4.5,True,2.5,4.0,4.5,10.25,19.5,1.2950639910546247,0,0.0,0.0,0.16666666666666666,0.16666666666666666,0.16666666666666669,0.0,0.0,0.0,0.0,0.0,0.0,0.0,
all_t20_2018_2026,891b9757,Rahul Batham,False,2024,False,3,3,0,53.0,45,17.666666666666668,17.666666666666668,19.0,False,5.4,10.5,19.0,25.5,29.4,-0.16153872469738295,0,0.0,0.0,0.3333333333333333,0.3333333333333333,0.33333333333333337,0.3333333333333333,0.3333333333333333,0.33333333333333337,0.0,0.0,0.0,1.0,0.0
all_t20_2018_2026,bca46fdb,Abhishek Yadav,False,2021,False,3,3,0,53.0,34,17.666666666666668,17.666666666666668,18.0,False,13.2,15.0,18.0,20.5,22.0,-0.11078011765484667,0,0.0,0.0,0.3333333333333333,0.3333333333333333,0.33333333333333337,0.0,0.0,0.0,0.0,0.0,0.0,0.0,
all_t20_2018_2026,c2aaa4be,YB Kothari,False,2022,False,5,5,0,53.0,76,10.6,10.6,10.0,True,1.8,3.0,10.0,14.0,20.6,0.5362763955335419,0,0.0,0.0,0.2,0.2,0.20000000000000004,0.0,0.0,0.0,0.0,0.0,0.0,0.0,
all_t20_2018_2026,d8d67045,Akshat Raghuwanshi,False,2026,True,5,4,1,53.0,48,13.25,10.6,11.0,False,3.8,5.0,11.0,16.0,17.2,-0.050854356534389994,0,0.0,0.0,0.0,0.0,0.0,0.0,0.0,0.0,0.0,0.0,0.0,,
all_t20_2018_2026,6ef38020,J Wadia,False,2025,True,6,6,0,52.0,38,8.666666666666666,8.666666666666666,4.5,True,1.0,1.25,4.5,7.0,20.5,1.6012748021571046,0,0.0,0.0,0.16666666666666666,0.16666666666666666,0.16666666666666669,0.16666666666666666,0.16666666666666666,0.16666666666666669,0.0,0.0,0.0,1.0,0.0
all_t20_2018_2026,9ad3a550,Sumit Singh,False,2021,False,3,2,1,52.0,52,26.0,17.333333333333332,16.0,True,14.4,15.0,16.0,19.0,20.8,0.5280049792181887,0,0.0,0.0,0.3333333333333333,0.5,0.6666666666666667,0.0,0.0,0.0,0.0,0.0,0.0,0.0,
all_t20_2018_2026,c2ed5822,Lalhruai Ralte,True,2023,False,14,14,0,52.0,82,3.7142857142857144,3.7142857142857144,4.0,False,0.0,0.75,4.0,5.0,7.400000000000002,0.12190353351728649,4,0.2857142857142857,0.2857142857142857,0.0,0.0,0.0,0.0,0.0,0.0,0.0,0.0,0.0,,
all_t20_2018_2026,edb3d4f8,KC Cariappa,False,2023,False,8,5,3,52.0,35,10.4,6.5,2.5,True,0.0,0.75,2.5,10.75,17.5,0.8982193890903586,2,0.25,0.4,0.125,0.16666666666666666,0.25,0.0,0.0,0.25,0.0,0.0,0.25,,
all_t20_2018_2026,f655d740,CG Harrison,False,2026,True,7,5,2,52.0,40,10.4,7.428571428571429,2.0,True,0.6000000000000001,1.0,2.0,12.5,17.000000000000004,0.7847877378946368,1,0.14285714285714285,0.2,0.14285714285714285,0.2,0.28571428571428575,0.0,0.0,0.0,0.0,0.0,0.0,0.0,
all_t20_2018_2026,fa62a463,A Awasthi,False,2023,False,2,2,0,52.0,23,26.0,26.0,26.0,False,8.4,15.0,26.0,37.0,43.6,,0,0.0,0.0,0.5,0.5,0.5,0.5,0.5,0.5,0.0,0.0,0.0,1.0,0.0
all_t20_2018_2026,09a71776,Satyajeet Bachhav,True,2021,False,11,8,3,51.0,53,6.375,4.636363636363637,6.0,False,1.0,1.5,6.0,6.5,8.0,-0.0037385211465680054,1,0.09090909090909091,0.125,0.0,0.0,0.21212121212121215,0.0,0.0,0.21212121212121215,0.0,0.0,0.21212121212121215,,
all_t20_2018_2026,15d20a08,BH Merai,False,2019,False,2,1,1,51.0,55,51.0,25.5,25.5,False,7.5,14.25,25.5,36.75,43.5,,0,0.0,0.0,0.5,0.5,0.5,0.5,0.5,0.5,0.0,0.0,0.5,1.0,
all_t20_2018_2026,302a90a6,Paras Sehrawat,False,2018,False,4,3,1,51.0,37,17.0,12.75,14.5,False,3.9000000000000004,9.75,14.5,17.5,20.200000000000003,-0.5991456014297669,1,0.25,0.3333333333333333,0.25,0.25,0.25,0.0,0.0,0.25,0.0,0.0,0.25,,
all_t20_2018_2026,34b37279,BGF Green,False,2023,False,3,3,0,51.0,42,17.0,17.0,16.0,True,11.2,13.0,16.0,20.5,23.2,0.23906314692954483,0,0.0,0.0,0.3333333333333333,0.3333333333333333,0.33333333333333337,0.0,0.0,0.0,0.0,0.0,0.0,0.0,
all_t20_2018_2026,456af189,Pratyush Singh,True,2021,False,12,10,2,51.0,79,5.1,4.25,5.5,False,0.0,0.75,5.5,7.0,7.9,-0.0067482422942224595,3,0.25,0.3,0.0,0.0,0.0,0.0,0.0,0.0,0.0,0.0,0.0,,
all_t20_2018_2026,d2a989fc,DS Kulkarni,True,2020,False,10,7,3,51.0,49,7.285714285714286,5.1,4.0,True,0.0,3.0,4.0,5.75,13.0,0.831716510564401,2,0.2,0.2857142857142857,0.0,0.0,0.0,0.0,0.0,0.0,0.0,0.0,0.0,,
all_t20_2018_2026,f782103d,Shashwat Kohli,False,2019,False,7,7,0,51.0,66,7.285714285714286,7.285714285714286,5.0,True,2.2,3.5,5.0,8.0,14.200000000000005,1.4824444466021163,0,0.0,0.0,0.14285714285714285,0.14285714285714285,0.14285714285714288,0.0,0.0,0.0,0.0,0.0,0.0,0.0,
all_t20_2018_2026,0ed9ff58,Rohit Jhanjhariya,False,2018,False,2,1,1,50.0,56,50.0,25.0,25.0,False,5.800000000000001,13.0,25.0,37.0,44.2,,0,0.0,0.0,0.5,0.5,0.5,0.5,0.5,0.5,0.0,0.0,0.5,1.0,
all_t20_2018_2026,23638956,SR Harmer,True,2025,True,10,5,5,50.0,47,10.0,5.0,5.5,False,0.9,1.75,5.5,6.0,7.6999999999999975,0.8711781725302871,1,0.1,0.2,0.0,0.0,0.0,0.0,0.0,0.0,0.0,0.0,0.0,,
all_t20_2018_2026,462411b3,JJ Bumrah,True,2026,True,24,6,18,50.0,60,8.333333333333334,2.0833333333333335,1.0,True,0.0,0.0,1.0,4.25,5.0,0.9066212832474019,4,0.16666666666666666,0.6666666666666666,0.0,0.0,0.625,0.0,0.0,0.625,0.0,0.0,0.625,,
all_t20_2018_2026,5fa06777,IK Pathan,False,2018,False,4,2,2,50.0,30,25.0,12.5,11.0,True,4.4,8.0,11.0,15.5,21.800000000000004,0.4978537240405025,0,0.0,0.0,0.25,0.3333333333333333,0.33333333333333337,0.0,0.0,0.33333333333333337,0.0,0.0,0.33333333333333337,,
all_t20_2018_2026,6359ffe3,Agniv Pan,False,2024,False,4,3,1,50.0,68,16.666666666666668,12.5,13.5,False,7.5,9.75,13.5,16.25,16.7,-0.42624215610877564,0,0.0,0.0,0.0,0.0,0.0,0.0,0.0,0.0,0.0,0.0,0.0,,
all_t20_2018_2026,666936de,TJ Dean,False,2021,False,3,3,0,50.0,44,16.666666666666668,16.666666666666668,11.0,True,7.8,9.0,11.0,21.5,27.8,0.6371825297246347,0,0.0,0.0,0.3333333333333333,0.3333333333333333,0.33333333333333337,0.3333333333333333,0.3333333333333333,0.33333333333333337,0.0,0.0,0.0,1.0,0.0
all_t20_2018_2026,a689af4b,LUVNITH SISODIA,False,2022,False,4,4,0,50.0,32,12.5,12.5,5.5,True,2.2,4.0,5.5,14.0,28.400000000000006,1.0986048943565903,0,0.0,0.0,0.25,0.25,0.25,0.25,0.25,0.25,0.0,0.0,0.0,1.0,0.0
all_t20_2018_2026,afab6988,Piyush Singh,False,2022,False,5,5,0,50.0,65,10.0,10.0,10.0,False,0.8,2.0,10.0,17.0,19.4,0.059344478327580996,1,0.2,0.2,0.2,0.2,0.20000000000000004,0.0,0.0,0.0,0.0,0.0,0.0,0.0,
all_t20_2018_2026,b410bd3d,S Lamichhane,True,2021,False,14,7,7,50.0,54,7.142857142857143,3.5714285714285716,1.5,True,0.0,0.0,1.5,7.0,9.700000000000001,0.9570845756280881,5,0.35714285714285715,0.7142857142857143,0.0,0.0,0.48979591836734687,0.0,0.0,0.48979591836734687,0.0,0.0,0.48979591836734687,,
all_t20_2018_2026,d6a9af83,PA Franklin,True,2026,True,12,6,6,50.0,54,8.333333333333334,4.166666666666667,3.5,True,1.0,1.75,3.5,7.0,7.9,0.19220621754666847,0,0.0,0.0,0.0,0.0,0.30864197530864196,0.0,0.0,0.30864197530864196,0.0,0.0,0.30864197530864196,,
all_t20_2018_2026,e23960c5,Shivam Khurana,False,2018,False,4,4,0,50.0,46,12.5,12.5,10.5,True,2.4000000000000004,6.0,10.5,17.0,24.200000000000003,0.5146025069897573,1,0.25,0.25,0.25,0.25,0.25,0.0,0.0,0.0,0.0,0.0,0.0,0.0,
all_t20_2018_2026,314642ed,K Sinclair,False,2024,False,9,9,0,49.0,68,5.444444444444445,5.444444444444445,3.0,True,0.0,1.0,3.0,9.0,12.200000000000001,0.9011870163764308,2,0.2222222222222222,0.2222222222222222,0.0,0.0,0.0,0.0,0.0,0.0,0.0,0.0,0.0,,
all_t20_2018_2026,3540beff,SNJ O'Keefe,True,2023,False,15,7,8,49.0,66,7.0,3.2666666666666666,2.0,True,0.0,0.0,2.0,4.0,8.599999999999998,1.8102272536096198,4,0.26666666666666666,0.5714285714285714,0.0,0.0,0.0,0.0,0.0,0.0,0.0,0.0,0.0,,
all_t20_2018_2026,367e254b,R Clinton,False,2024,False,5,5,0,49.0,52,9.8,9.8,7.0,True,2.4000000000000004,6.0,7.0,8.0,20.0,1.161462413055466,1,0.2,0.2,0.2,0.2,0.20000000000000004,0.0,0.0,0.0,0.0,0.0,0.0,0.0,
all_t20_2018_2026,3ad2a6d1,Treyaksh Bali,False,2019,False,6,6,0,49.0,48,8.166666666666666,8.166666666666666,3.5,True,1.0,1.5,3.5,13.75,20.0,0.784962434205586,0,0.0,0.0,0.16666666666666666,0.16666666666666666,0.16666666666666669,0.0,0.0,0.0,0.0,0.0,0.0,0.0,
all_t20_2018_2026,6d9560f3,Maaz Sadaqat,False,2026,True,3,3,0,49.0,50,16.333333333333332,16.333333333333332,12.0,True,4.0,7.0,12.0,23.5,30.400000000000002,0.4396075025091221,0,0.0,0.0,0.3333333333333333,0.3333333333333333,0.33333333333333337,0.3333333333333333,0.3333333333333333,0.33333333333333337,0.0,0.0,0.0,1.0,0.0
all_t20_2018_2026,d07dbc28,Zawar Farid,False,2022,False,5,5,0,49.0,70,9.8,9.8,9.0,True,4.8,6.0,9.0,11.0,15.8,0.7571126013752801,0,0.0,0.0,0.0,0.0,0.0,0.0,0.0,0.0,0.0,0.0,0.0,,
all_t20_2018_2026,dddca1d6,SB Wagh,False,2021,False,9,3,6,49.0,60,16.333333333333332,5.444444444444445,4.0,True,1.8,3.0,4.0,6.0,12.2,0.9715584536995052,0,0.0,0.0,0.0,0.0,0.0,0.0,0.0,0.0,0.0,0.0,0.0,,
all_t20_2018_2026,22ae3041,Fawad Ahmed,True,2021,False,15,8,7,48.0,50,6.0,3.2,1.0,True,0.40000000000000013,1.0,1.0,4.0,5.6,2.6377538687563558,2,0.13333333333333333,0.25,0.0,0.0,0.0,0.0,0.0,0.0,0.0,0.0,0.0,,
all_t20_2018_2026,49dc9cb4,KAR Hodge,False,2020,False,6,6,0,48.0,48,8.0,8.0,7.0,True,0.0,0.25,7.0,13.0,17.0,0.335704066307271,2,0.3333333333333333,0.3333333333333333,0.16666666666666666,0.16666666666666666,0.16666666666666669,0.0,0.0,0.0,0.0,0.0,0.0,0.0,
all_t20_2018_2026,52c952d9,T Sangha,True,2025,True,12,6,6,48.0,57,8.0,4.0,1.5,True,0.0,0.75,1.5,4.25,12.500000000000002,1.4284081539347937,3,0.25,0.5,0.0,0.0,0.48611111111111116,0.0,0.0,0.48611111111111116,0.0,0.0,0.48611111111111116,,
all_t20_2018_2026,5b8cf03a,Yashaswi Rishav,False,2022,False,3,3,0,48.0,59,16.0,16.0,8.0,True,5.6,6.5,8.0,21.5,29.6,0.6809718997018468,0,0.0,0.0,0.3333333333333333,0.3333333333333333,0.33333333333333337,0.3333333333333333,0.3333333333333333,0.33333333333333337,0.0,0.0,0.0,1.0,0.0
all_t20_2018_2026,9633359f,JS Malhotra,False,2023,False,5,5,0,48.0,44,9.6,9.6,7.0,True,3.2,5.0,7.0,12.0,18.0,0.7958532752701744,0,0.0,0.0,0.2,0.2,0.20000000000000004,0.0,0.0,0.0,0.0,0.0,0.0,0.0,
all_t20_2018_2026,a557333b,VO Lawes,False,2026,True,3,3,0,48.0,34,16.0,16.0,14.0,True,4.4,8.0,14.0,23.0,28.400000000000002,0.23906314692954483,0,0.0,0.0,0.3333333333333333,0.3333333333333333,0.33333333333333337,0.3333333333333333,0.3333333333333333,0.33333333333333337,0.0,0.0,0.0,1.0,0.0
all_t20_2018_2026,ce820073,Sandeep Sharma,True,2025,True,20,6,14,48.0,61,8.0,2.4,1.0,True,0.0,0.0,1.0,5.0,6.200000000000003,1.0166890490100011,4,0.2,0.6666666666666666,0.0,0.0,0.0,0.0,0.0,0.0,0.0,0.0,0.0,,
all_t20_2018_2026,f5cf7ae0,Nakul Sharma,False,2020,False,7,5,2,48.0,45,9.6,6.857142857142857,5.0,True,1.6,2.5,5.0,6.5,14.400000000000006,1.696470223106843,0,0.0,0.0,0.14285714285714285,0.2,0.4285714285714286,0.0,0.0,0.0,0.0,0.0,0.0,0.0,
all_t20_2018_2026,fa73f373,Vikas Yadav,False,2021,False,5,1,4,48.0,42,48.0,9.6,10.0,False,1.8,3.0,10.0,12.0,18.0,0.48302865693527114,0,0.0,0.0,0.2,0.5,0.75,0.0,0.0,0.75,0.0,0.0,0.75,,
all_t20_2018_2026,03be7a88,Kumar Nyompu,False,2023,False,4,4,0,47.0,76,11.75,11.75,10.5,True,4.800000000000001,7.5,10.5,14.75,19.700000000000003,0.4792439623032948,0,0.0,0.0,0.25,0.25,0.25,0.0,0.0,0.0,0.0,0.0,0.0,0.0,
all_t20_2018_2026,16d029ec,AJ Kaushik,False,2018,False,2,2,0,47.0,46,23.5,23.5,23.5,False,17.5,19.75,23.5,27.25,29.5,,0,0.0,0.0,0.5,0.5,0.5,0.5,0.5,0.5,0.0,0.0,0.0,1.0,0.0
all_t20_2018_2026,235e4ed9,N Timmers,False,2025,True,2,2,0,47.0,46,23.5,23.5,23.5,False,11.1,15.75,23.5,31.25,35.9,,0,0.0,0.0,0.5,0.5,0.5,0.5,0.5,0.5,0.0,0.0,0.0,1.0,0.0
all_t20_2018_2026,24e3f53e,Pradipta Pramanik,False,2024,False,5,4,1,47.0,45,11.75,9.4,3.0,True,1.4,2.0,3.0,11.0,22.400000000000002,1.15857413587253,0,0.0,0.0,0.2,0.25,0.2666666666666667,0.2,0.25,0.2666666666666667,0.0,0.0,0.0,1.0,0.0
all_t20_2018_2026,459a7b0a,R MacDonald-Gay,False,2026,True,9,6,3,47.0,44,7.833333333333333,5.222222222222222,2.0,True,0.0,0.0,2.0,5.0,18.2,1.175023215084619,4,0.4444444444444444,0.6666666666666666,0.0,0.0,0.33333333333333337,0.0,0.0,0.33333333333333337,0.0,0.0,0.33333333333333337,,
all_t20_2018_2026,607c846c,W Parker,False,2022,False,6,4,2,47.0,35,11.75,7.833333333333333,4.5,True,0.5,1.75,4.5,10.25,18.5,1.117773521796804,1,0.16666666666666666,0.25,0.16666666666666666,0.2,0.33333333333333337,0.0,0.0,0.33333333333333337,0.0,0.0,0.33333333333333337,,
all_t20_2018_2026,76307fc7,SS Majumder,False,2023,False,5,4,1,47.0,41,11.75,9.4,4.0,True,3.4,4.0,4.0,9.0,19.8,1.3168130215197054,0,0.0,0.0,0.2,0.25,0.4,0.0,0.0,0.0,0.0,0.0,0.0,0.0,
all_t20_2018_2026,7c3c0337,Auqib Nabi,False,2026,True,7,6,1,47.0,45,7.833333333333333,6.714285714285714,6.0,True,3.6,5.0,6.0,8.0,10.8,0.6089717498570552,0,0.0,0.0,0.0,0.0,0.0,0.0,0.0,0.0,0.0,0.0,0.0,,
all_t20_2018_2026,99ed60f8,JPR Scantlebury-Searles,True,2019,False,11,7,4,47.0,43,6.714285714285714,4.2727272727272725,6.0,False,0.0,1.0,6.0,7.0,8.0,-0.03239171808190496,2,0.18181818181818182,0.2857142857142857,0.0,0.0,0.18181818181818185,0.0,0.0,0.18181818181818185,0.0,0.0,0.18181818181818185,,
all_t20_2018_2026,b9228ad0,Rajashekhar Harikant,False,2019,False,6,6,0,47.0,48,7.833333333333333,7.833333333333333,4.5,True,1.5,3.25,4.5,8.0,17.5,1.41873248197503,1,0.16666666666666666,0.16666666666666666,0.16666666666666666,0.16666666666666666,0.16666666666666669,0.0,0.0,0.0,0.0,0.0,0.0,0.0,
all_t20_2018_2026,0404d43c,Liton Das,False,2023,False,3,3,0,46.0,50,15.333333333333334,15.333333333333334,21.0,False,7.4,12.5,21.0,21.0,21.0,-0.7071067811865479,0,0.0,0.0,0.6666666666666666,0.6666666666666666,0.6666666666666667,0.0,0.0,0.0,0.0,0.0,0.0,0.0,
all_t20_2018_2026,04381402,GJ Gibbs,False,2021,False,5,3,2,46.0,40,15.333333333333334,9.2,12.0,False,0.4,1.0,12.0,12.0,17.400000000000002,0.1484992223872496,1,0.2,0.3333333333333333,0.2,0.3333333333333333,0.5333333333333334,0.0,0.0,0.0,0.0,0.0,0.0,0.0,
all_t20_2018_2026,04cd8289,AN Longchar,False,2019,False,5,5,0,46.0,87,9.2,9.2,8.0,True,0.4,1.0,8.0,14.0,19.400000000000002,0.44781441316384096,1,0.2,0.2,0.2,0.2,0.20000000000000004,0.0,0.0,0.0,0.0,0.0,0.0,0.0,
all_t20_2018_2026,7cc7fe19,Nitin Tanwar,False,2021,False,6,3,3,46.0,59,15.333333333333334,7.666666666666667,4.0,True,1.5,2.0,4.0,13.5,17.5,0.6166165782247683,0,0.0,0.0,0.0,0.0,0.4,0.0,0.0,0.4,0.0,0.0,0.4,,
all_t20_2018_2026,7f8ecc51,AM Phangiso,False,2023,False,4,2,2,46.0,42,23.0,11.5,10.0,True,7.9,9.25,10.0,12.25,16.3,0.8888888888888888,0,0.0,0.0,0.0,0.0,0.5,0.0,0.0,0.5,0.0,0.0,0.5,,
all_t20_2018_2026,8f3fde65,LC Hatcher,False,2025,True,9,6,3,46.0,47,7.666666666666667,5.111111111111111,3.0,True,0.0,1.0,3.0,6.0,11.200000000000003,1.5573694384519947,1,0.1111111111111111,0.16666666666666666,0.1111111111111111,0.16666666666666666,0.2285714285714286,0.0,0.0,0.0,0.0,0.0,0.0,0.0,
all_t20_2018_2026,926c7443,SU Parakh,False,2026,True,4,4,0,46.0,33,11.5,11.5,11.0,True,2.7,6.75,11.0,15.75,20.700000000000003,0.16411361504240873,1,0.25,0.25,0.25,0.25,0.25,0.0,0.0,0.0,0.0,0.0,0.0,0.0,
all_t20_2018_2026,bdf7a718,W Prestwidge,False,2025,True,6,5,1,46.0,44,9.2,7.666666666666667,3.0,True,0.0,0.5,3.0,15.25,20.0,0.6489025226610567,2,0.3333333333333333,0.4,0.16666666666666666,0.2,0.22222222222222227,0.0,0.0,0.0,0.0,0.0,0.0,0.0,
all_t20_2018_2026,077da288,CP Singh,False,2020,False,5,4,1,45.0,44,11.25,9.0,6.0,True,2.4,3.0,6.0,9.0,18.6,1.198643548218206,0,0.0,0.0,0.2,0.2,0.20000000000000004,0.0,0.0,0.20000000000000004,0.0,0.0,0.20000000000000004,,
all_t20_2018_2026,43057192,JA Sinclair,False,2024,False,6,1,5,45.0,36,45.0,7.5,6.5,True,2.5,4.5,6.5,11.5,13.5,0.19945834841722251,0,0.0,0.0,0.0,0.0,0.0,0.0,0.0,0.0,0.0,0.0,0.0,,
all_t20_2018_2026,7ef0c030,Sultan Karim,True,2023,False,10,8,2,45.0,96,5.625,4.5,4.0,True,0.9,2.25,4.0,6.5,8.299999999999999,0.5239608411745694,0,0.0,0.0,0.0,0.0,0.0,0.0,0.0,0.0,0.0,0.0,0.0,,
all_t20_2018_2026,d4550956,Ibrahim Zadran,False,2024,False,4,4,0,45.0,50,11.25,11.25,9.0,True,4.2,6.0,9.0,14.25,20.1,0.7312200121890522,0,0.0,0.0,0.25,0.25,0.25,0.0,0.0,0.0,0.0,0.0,0.0,0.0,
all_t20_2018_2026,d5bbb6a2,J Anderson,False,2023,False,3,3,0,45.0,65,15.0,15.0,16.0,False,9.6,12.0,16.0,18.5,20.0,-0.2736424660533174,0,0.0,0.0,0.3333333333333333,0.3333333333333333,0.33333333333333337,0.0,0.0,0.0,0.0,0.0,0.0,0.0,
all_t20_2018_2026,16b5917d,Daryl Ferrario,False,2018,False,3,3,0,44.0,43,14.666666666666666,14.666666666666666,19.0,False,6.2,11.0,19.0,20.5,21.4,-0.6391055333421798,0,0.0,0.0,0.3333333333333333,0.3333333333333333,0.33333333333333337,0.0,0.0,0.0,0.0,0.0,0.0,0.0,
all_t20_2018_2026,21d4e29b,NA Saini,True,2022,False,11,6,5,44.0,56,7.333333333333333,4.0,2.0,True,1.0,1.5,2.0,6.5,9.0,0.923850001102508,0,0.0,0.0,0.0,0.0,0.28125000000000006,0.0,0.0,0.28125000000000006,0.0,0.0,0.28125000000000006,,
all_t20_2018_2026,564714f5,Sohraab Dhaliwal,False,2018,False,5,4,1,44.0,28,11.0,8.8,10.0,False,0.4,1.0,10.0,10.0,17.8,0.6027021143568244,1,0.2,0.25,0.2,0.25,0.4000000000000001,0.0,0.0,0.0,0.0,0.0,0.0,0.0,
all_t20_2018_2026,791a65ce,A Singhania,False,2020,False,8,6,2,44.0,55,7.333333333333333,5.5,2.0,True,0.0,0.0,2.0,9.0,15.899999999999999,0.8919128777419109,3,0.375,0.5,0.0,0.0,0.0,0.0,0.0,0.0,0.0,0.0,0.0,,
all_t20_2018_2026,9309e81f,Kshitij Patel,False,2019,False,1,0,1,44.0,36,,44.0,44.0,False,44.0,44.0,44.0,44.0,44.0,,0,0.0,,1.0,1.0,1.0,1.0,1.0,1.0,0.0,,1.0,1.0,
all_t20_2018_2026,af7f15f3,MR Raut,False,2022,False,6,6,0,44.0,45,7.333333333333333,7.333333333333333,5.0,True,1.0,2.75,5.0,10.25,16.0,0.8377067607521356,1,0.16666666666666666,0.16666666666666666,0.16666666666666666,0.16666666666666666,0.16666666666666669,0.0,0.0,0.0,0.0,0.0,0.0,0.0,
all_t20_2018_2026,e174dadd,Mohammad Amir,True,2025,True,15,9,6,44.0,43,4.888888888888889,2.933333333333333,1.0,True,0.0,0.0,1.0,3.0,8.599999999999998,1.9357357742659247,4,0.26666666666666666,0.4444444444444444,0.0,0.0,0.0,0.0,0.0,0.0,0.0,0.0,0.0,,
all_t20_2018_2026,fe473dc2,Ishwar Chaudhary,True,2019,False,12,7,5,44.0,58,6.285714285714286,3.6666666666666665,1.5,True,0.0,0.75,1.5,3.75,12.300000000000002,1.3830748965946251,3,0.25,0.42857142857142855,0.0,0.0,0.0,0.0,0.0,0.0,0.0,0.0,0.0,,
all_t20_2018_2026,2c693be3,HP Gawli,False,2024,False,3,3,0,43.0,33,14.333333333333334,14.333333333333334,11.0,True,3.8,6.5,11.0,20.5,26.200000000000003,0.40510152373692565,0,0.0,0.0,0.3333333333333333,0.3333333333333333,0.33333333333333337,0.3333333333333333,0.3333333333333333,0.33333333333333337,0.0,0.0,0.0,1.0,0.0
all_t20_2018_2026,76ed445f,Tejas Patel,False,2021,False,4,2,2,43.0,24,21.5,10.75,9.5,True,2.3,2.75,9.5,17.5,20.200000000000003,0.17472846535963918,0,0.0,0.0,0.25,0.5,0.6666666666666667,0.0,0.0,0.0,0.0,0.0,0.0,0.0,
all_t20_2018_2026,7f148ce7,AM McCarthy,False,2021,False,8,6,2,43.0,55,7.166666666666667,5.375,5.0,True,0.0,0.0,5.0,6.25,10.899999999999999,1.4239008531068815,3,0.375,0.5,0.125,0.16666666666666666,0.20833333333333337,0.0,0.0,0.0,0.0,0.0,0.0,0.0,
all_t20_2018_2026,9a963804,LE Plunkett,True,2025,True,13,9,4,43.0,52,4.777777777777778,3.3076923076923075,3.0,True,0.0,1.0,3.0,4.0,6.600000000000001,1.0752012240032207,3,0.23076923076923078,0.3333333333333333,0.0,0.0,0.0,0.0,0.0,0.0,0.0,0.0,0.0,,
all_t20_2018_2026,bd265857,Khawlhring Lalremruata,False,2021,False,6,5,1,43.0,60,8.6,7.166666666666667,2.5,True,0.5,1.0,2.5,8.5,18.5,1.3621526123312149,1,0.16666666666666666,0.2,0.16666666666666666,0.16666666666666666,0.16666666666666669,0.0,0.0,0.16666666666666669,0.0,0.0,0.16666666666666669,,
all_t20_2018_2026,d167edd3,SM Boland,True,2021,False,12,4,8,43.0,54,10.75,3.5833333333333335,3.5,True,0.10000000000000009,1.0,3.5,5.25,6.0,0.5524748586532952,2,0.16666666666666666,0.5,0.0,0.0,0.0,0.0,0.0,0.0,0.0,0.0,0.0,,
all_t20_2018_2026,db31895a,AS Rajpoot,True,2021,False,10,6,4,43.0,58,7.166666666666667,4.3,4.0,True,1.0,2.0,4.0,6.75,8.0,0.10281259046532454,0,0.0,0.0,0.0,0.0,0.0,0.0,0.0,0.0,0.0,0.0,0.0,,
all_t20_2018_2026,091001f8,A Griffiths,False,2025,True,7,6,1,42.0,52,7.0,6.0,6.0,False,2.8000000000000003,4.0,6.0,8.0,9.200000000000001,0.0,0,0.0,0.0,0.0,0.0,0.0,0.0,0.0,0.0,0.0,0.0,0.0,,
all_t20_2018_2026,21e6f277,Nipan Deka,False,2022,False,1,1,0,42.0,26,42.0,42.0,42.0,False,42.0,42.0,42.0,42.0,42.0,,0,0.0,0.0,1.0,1.0,1.0,1.0,1.0,1.0,0.0,0.0,0.0,1.0,0.0
all_t20_2018_2026,244048f6,Arshdeep Singh,True,2026,True,15,7,8,42.0,55,6.0,2.8,1.0,True,0.0,0.5,1.0,3.0,9.6,1.260485496116819,3,0.2,0.42857142857142855,0.0,0.0,0.18181818181818182,0.0,0.0,0.18181818181818182,0.0,0.0,0.18181818181818182,,
all_t20_2018_2026,4167f30b,IG Holland,False,2026,True,5,4,1,42.0,32,10.5,8.4,5.0,True,2.0,5.0,5.0,6.0,18.0,1.287638393993544,1,0.2,0.25,0.2,0.25,0.30000000000000004,0.0,0.0,0.0,0.0,0.0,0.0,0.0,
all_t20_2018_2026,441c72ae,P Ray Barman,False,2020,False,5,5,0,42.0,40,8.4,8.4,5.0,True,1.4,2.0,5.0,15.0,17.4,0.4041880381656444,0,0.0,0.0,0.0,0.0,0.0,0.0,0.0,0.0,0.0,0.0,0.0,,
all_t20_2018_2026,514a0408,Fazil Rashid,False,2023,False,4,2,2,42.0,37,21.0,10.5,8.0,True,1.6,2.5,8.0,16.0,21.400000000000002,0.5161884450305445,0,0.0,0.0,0.25,0.3333333333333333,0.5,0.0,0.0,0.5,0.0,0.0,0.5,,
all_t20_2018_2026,51a3c5ef,MJ McClenaghan,True,2019,False,13,8,5,42.0,46,5.25,3.230769230769231,1.0,True,0.0,0.0,1.0,6.0,9.8,0.8807128965590177,3,0.23076923076923078,0.375,0.0,0.0,0.16483516483516486,0.0,0.0,0.16483516483516486,0.0,0.0,0.16483516483516486,,
all_t20_2018_2026,5f2732f7,Aryan Juyal,False,2024,False,5,5,0,42.0,47,8.4,8.4,11.0,False,2.4000000000000004,6.0,11.0,11.0,12.8,-0.663228178537246,1,0.2,0.2,0.0,0.0,0.0,0.0,0.0,0.0,0.0,0.0,0.0,,
all_t20_2018_2026,63bfb5fc,Chintan Gaja,False,2023,False,7,6,1,42.0,55,7.0,6.0,5.0,True,1.2000000000000002,2.5,5.0,10.5,11.0,0.010961886875314278,1,0.14285714285714285,0.16666666666666666,0.0,0.0,0.14285714285714288,0.0,0.0,0.14285714285714288,0.0,0.0,0.14285714285714288,,
all_t20_2018_2026,92ac032e,Devender Lohchab,False,2021,False,2,1,1,42.0,59,42.0,21.0,21.0,False,10.6,14.5,21.0,27.5,31.4,,0,0.0,0.0,0.5,0.5,0.5,0.5,0.5,0.5,0.0,0.0,0.5,1.0,
all_t20_2018_2026,9e29431f,Pragnay Reddy,False,2022,False,8,8,0,42.0,63,5.25,5.25,1.0,True,0.0,0.0,1.0,3.5,14.599999999999996,2.0069726567888257,3,0.375,0.375,0.125,0.125,0.125,0.125,0.125,0.125,0.0,0.0,0.0,1.0,0.0
all_t20_2018_2026,c7a995d3,R Sai Kishore,True,2025,True,11,9,2,42.0,42,4.666666666666667,3.8181818181818183,2.0,True,1.0,1.0,2.0,6.0,7.0,1.2532842396378168,1,0.09090909090909091,0.1111111111111111,0.0,0.0,0.0,0.0,0.0,0.0,0.0,0.0,0.0,,
all_t20_2018_2026,cc36706f,Amit Chopra,False,2018,False,6,4,2,42.0,50,10.5,7.0,4.5,True,2.0,2.5,4.5,11.75,14.5,0.5979728681098267,0,0.0,0.0,0.0,0.0,0.0,0.0,0.0,0.0,0.0,0.0,0.0,,
all_t20_2018_2026,cfd84210,DC Green,False,2019,False,4,2,2,42.0,45,21.0,10.5,12.0,False,3.4000000000000004,7.0,12.0,15.5,16.4,-0.5130239584603057,0,0.0,0.0,0.0,0.0,0.375,0.0,0.0,0.375,0.0,0.0,0.375,,
all_t20_2018_2026,d8b2f218,BB Sran,False,2019,False,9,5,4,42.0,36,8.4,4.666666666666667,3.0,True,0.0,1.0,3.0,8.0,10.600000000000001,0.6312893777096925,1,0.1111111111111111,0.2,0.0,0.0,0.1851851851851852,0.0,0.0,0.1851851851851852,0.0,0.0,0.1851851851851852,,
all_t20_2018_2026,f0380005,Pranshu Vijayran,False,2022,False,5,4,1,42.0,32,10.5,8.4,1.0,True,1.0,1.0,1.0,5.0,22.400000000000002,1.4483752482862486,0,0.0,0.0,0.2,0.25,0.3,0.2,0.25,0.3,0.0,0.0,0.0,1.0,0.0
all_t20_2018_2026,0f12f9df,NLTC Perera,False,2021,False,7,5,2,41.0,46,8.2,5.857142857142857,5.0,True,3.0,4.0,5.0,7.0,9.200000000000001,0.758930625173158,0,0.0,0.0,0.0,0.0,0.19047619047619052,0.0,0.0,0.19047619047619052,0.0,0.0,0.19047619047619052,,
all_t20_2018_2026,398be4ed,J Kousik,False,2018,False,1,0,1,41.0,35,,41.0,41.0,False,41.0,41.0,41.0,41.0,41.0,,0,0.0,,1.0,1.0,1.0,1.0,1.0,1.0,0.0,,1.0,1.0,
all_t20_2018_2026,5b2a1532,Prashant Singh,False,2018,False,5,4,1,41.0,42,10.25,8.2,7.0,True,5.4,6.0,7.0,11.0,11.6,0.29310456784806704,0,0.0,0.0,0.0,0.0,0.20000000000000004,0.0,0.0,0.20000000000000004,0.0,0.0,0.20000000000000004,,
all_t20_2018_2026,64775749,RP Meredith,True,2025,True,19,10,9,41.0,45,4.1,2.1578947368421053,1.0,True,0.0,0.0,1.0,3.0,7.0,1.3623655362571379,6,0.3157894736842105,0.6,0.0,0.0,0.0,0.0,0.0,0.0,0.0,0.0,0.0,,
all_t20_2018_2026,6d981899,Rana Dutta,False,2022,False,4,1,3,41.0,39,41.0,10.25,10.0,True,3.9000000000000004,5.25,10.0,15.0,16.8,0.06933607938998165,0,0.0,0.0,0.0,0.0,0.0,0.0,0.0,0.0,0.0,0.0,0.0,,
all_t20_2018_2026,a8ffcd4f,THS Rew,False,2026,True,1,1,0,41.0,30,41.0,41.0,41.0,False,41.0,41.0,41.0,41.0,41.0,,0,0.0,0.0,1.0,1.0,1.0,1.0,1.0,1.0,0.0,0.0,0.0,1.0,0.0
all_t20_2018_2026,f4ef0fd7,Sumit Ruikar,False,2022,False,5,5,0,41.0,29,8.2,8.2,5.0,True,1.2000000000000002,3.0,5.0,15.0,16.8,0.30617070447052863,1,0.2,0.2,0.0,0.0,0.0,0.0,0.0,0.0,0.0,0.0,0.0,,
all_t20_2018_2026,263f1761,Shubham Arora,False,2021,False,2,2,0,40.0,31,20.0,20.0,20.0,False,15.2,17.0,20.0,23.0,24.8,,0,0.0,0.0,0.5,0.5,0.5,0.0,0.0,0.0,0.0,0.0,0.0,0.0,
all_t20_2018_2026,2c06dca9,Mandup Bhutia,False,2021,False,9,8,1,40.0,57,5.0,4.444444444444445,1.0,True,0.0,1.0,1.0,8.0,11.000000000000002,1.428929074574178,2,0.2222222222222222,0.25,0.0,0.0,0.11111111111111113,0.0,0.0,0.11111111111111113,0.0,0.0,0.11111111111111113,,
all_t20_2018_2026,50a92895,KY Ottley,False,2019,False,2,2,0,40.0,42,20.0,20.0,20.0,False,16.0,17.5,20.0,22.5,24.0,,0,0.0,0.0,0.5,0.5,0.5,0.0,0.0,0.0,0.0,0.0,0.0,0.0,
all_t20_2018_2026,6f95e5fa,P Hatzoglou,True,2024,False,11,4,7,40.0,47,10.0,3.6363636363636362,2.0,True,1.0,1.0,2.0,4.5,9.0,1.176039374004901,1,0.09090909090909091,0.25,0.0,0.0,0.5818181818181819,0.0,0.0,0.5818181818181819,0.0,0.0,0.5818181818181819,,
all_t20_2018_2026,a18da10f,Karan Patel,False,2021,False,5,5,0,40.0,40,8.0,8.0,1.0,True,0.0,0.0,1.0,4.0,22.6,1.4578038091831331,2,0.4,0.4,0.2,0.2,0.2,0.2,0.2,0.2,0.0,0.0,0.0,1.0,0.0
all_t20_2018_2026,adbf0400,Basil Hameed,False,2023,False,6,5,1,40.0,47,8.0,6.666666666666667,3.5,True,0.0,0.0,3.5,8.5,16.5,1.1522010875545925,3,0.5,0.6,0.16666666666666666,0.16666666666666666,0.16666666666666669,0.0,0.0,0.16666666666666669,0.0,0.0,0.16666666666666669,,
all_t20_2018_2026,d2b1f515,A Dercksen,False,2026,True,7,5,2,40.0,56,8.0,5.714285714285714,4.0,True,0.6000000000000001,1.5,4.0,6.0,12.600000000000005,1.583263069654839,1,0.14285714285714285,0.2,0.14285714285714285,0.2,0.23809523809523817,0.0,0.0,0.0,0.0,0.0,0.0,0.0,
all_t20_2018_2026,e0407c01,IC Pandey,False,2020,False,8,5,3,40.0,32,8.0,5.0,1.5,True,0.0,0.75,1.5,6.5,15.2,1.1269544821711805,1,0.125,0.2,0.0,0.0,0.19444444444444448,0.0,0.0,0.19444444444444448,0.0,0.0,0.19444444444444448,,
all_t20_2018_2026,e3851766,KS Rathore,False,2025,True,3,2,1,40.0,29,20.0,13.333333333333334,14.0,False,2.8000000000000003,7.0,14.0,20.0,23.6,-0.09387134092618143,1,0.3333333333333333,0.5,0.3333333333333333,0.5,0.6666666666666667,0.0,0.0,0.0,0.0,0.0,0.0,0.0,
all_t20_2018_2026,e87cc53a,JR Banik,False,2020,False,5,5,0,40.0,69,8.0,8.0,6.0,True,0.0,0.0,6.0,12.0,18.0,0.6224296890804158,2,0.4,0.4,0.2,0.2,0.2,0.0,0.0,0.0,0.0,0.0,0.0,0.0,
all_t20_2018_2026,eafe8a94,BI Kellaway,False,2026,True,4,4,0,40.0,36,10.0,10.0,3.0,True,1.0,1.0,3.0,12.0,24.600000000000005,1.104867740459007,0,0.0,0.0,0.25,0.25,0.25,0.25,0.25,0.25,0.0,0.0,0.0,1.0,0.0
all_t20_2018_2026,f2397e48,Codi Yusuf,False,2025,True,6,2,4,40.0,42,20.0,6.666666666666667,7.0,False,1.5,2.75,7.0,10.5,11.5,-0.09094264792903606,0,0.0,0.0,0.0,0.0,0.4166666666666667,0.0,0.0,0.4166666666666667,0.0,0.0,0.4166666666666667,,
all_t20_2018_2026,3fca55af,S Sohal,False,2018,False,2,2,0,39.0,37,19.5,19.5,19.5,False,17.5,18.25,19.5,20.75,21.5,,0,0.0,0.0,0.5,0.5,0.5,0.0,0.0,0.0,0.0,0.0,0.0,0.0,
all_t20_2018_2026,4052ab5c,Mohit Jangra,False,2023,False,4,3,1,39.0,36,13.0,9.75,11.0,False,3.4000000000000004,7.0,11.0,13.75,15.100000000000001,-0.5492317080593164,0,0.0,0.0,0.0,0.0,0.0,0.0,0.0,0.0,0.0,0.0,0.0,,
all_t20_2018_2026,779b7f4d,Roosh Kalaria,False,2022,False,9,5,4,39.0,41,7.8,4.333333333333333,3.0,True,0.8,1.0,3.0,5.0,8.600000000000001,1.5046098745319163,1,0.1111111111111111,0.2,0.0,0.0,0.3703703703703704,0.0,0.0,0.3703703703703704,0.0,0.0,0.3703703703703704,,
all_t20_2018_2026,80beeaa1,Gandhar Bhatawadekar,False,2019,False,4,4,0,39.0,40,9.75,9.75,8.5,True,0.30000000000000004,0.75,8.5,17.5,20.200000000000003,0.14174949559417674,1,0.25,0.25,0.25,0.25,0.25,0.0,0.0,0.0,0.0,0.0,0.0,0.0,
all_t20_2018_2026,a2101f05,Harshit Bisht,False,2019,False,2,2,0,39.0,42,19.5,19.5,19.5,False,12.7,15.25,19.5,23.75,26.3,,0,0.0,0.0,0.5,0.5,0.5,0.0,0.0,0.0,0.0,0.0,0.0,0.0,
all_t20_2018_2026,a457cfb5,Mayank Dagar,False,2024,False,9,7,2,39.0,51,5.571428571428571,4.333333333333333,2.0,True,0.0,1.0,2.0,5.0,9.000000000000004,2.025306840236686,2,0.2222222222222222,0.2857142857142857,0.1111111111111111,0.125,0.1333333333333334,0.0,0.0,0.1333333333333334,0.0,0.0,0.1333333333333334,,
all_t20_2018_2026,ad5cdffc,Samarpit Joshi,False,2022,False,1,1,0,39.0,27,39.0,39.0,39.0,False,39.0,39.0,39.0,39.0,39.0,,0,0.0,0.0,1.0,1.0,1.0,1.0,1.0,1.0,0.0,0.0,0.0,1.0,0.0
all_t20_2018_2026,d68e7f48,R Rampaul,False,2022,False,8,4,4,39.0,42,9.75,4.875,5.0,False,1.0,1.75,5.0,6.5,8.899999999999999,0.42473105811311357,0,0.0,0.0,0.0,0.0,0.0,0.0,0.0,0.0,0.0,0.0,0.0,,
all_t20_2018_2026,e84ac20c,MJ Henry,False,2026,True,7,4,3,39.0,35,9.75,5.571428571428571,5.0,True,1.6,2.5,5.0,8.5,11.0,0.4298044761240679,0,0.0,0.0,0.0,0.0,0.4285714285714286,0.0,0.0,0.4285714285714286,0.0,0.0,0.4285714285714286,,
all_t20_2018_2026,eb5dddc8,Dipayan Debbarma,False,2021,False,3,2,1,39.0,48,19.5,13.0,14.0,False,5.2,8.5,14.0,18.0,20.4,-0.19046593348013158,0,0.0,0.0,0.3333333333333333,0.5,0.6666666666666667,0.0,0.0,0.0,0.0,0.0,0.0,0.0,
all_t20_2018_2026,fac3af0f,SN Mandal,False,2022,False,1,1,0,39.0,39,39.0,39.0,39.0,False,39.0,39.0,39.0,39.0,39.0,,0,0.0,0.0,1.0,1.0,1.0,1.0,1.0,1.0,0.0,0.0,0.0,1.0,0.0
all_t20_2018_2026,2f9a41e7,Ahmed Banday,False,2020,False,3,3,0,38.0,31,12.666666666666666,12.666666666666666,17.0,False,5.800000000000001,10.0,17.0,17.5,17.8,-0.6958131889430738,0,0.0,0.0,0.0,0.0,0.0,0.0,0.0,0.0,0.0,0.0,0.0,,
all_t20_2018_2026,44aac2f0,Arjun Tendulkar,False,2026,True,6,5,1,38.0,43,7.6,6.333333333333333,4.0,True,1.0,2.25,4.0,11.0,14.0,0.5298134919150042,1,0.16666666666666666,0.2,0.0,0.0,0.0,0.0,0.0,0.0,0.0,0.0,0.0,,
all_t20_2018_2026,70d57519,AAP Atkinson,False,2026,True,7,3,4,38.0,35,12.666666666666666,5.428571428571429,6.0,False,3.0,3.5,6.0,6.5,7.800000000000001,0.29801801407773665,0,0.0,0.0,0.0,0.0,0.0,0.0,0.0,0.0,0.0,0.0,0.0,,
all_t20_2018_2026,a03bba42,T Shamsi,True,2025,True,16,2,14,38.0,65,19.0,2.375,1.0,True,0.0,1.0,1.0,2.75,7.5,1.1969431093589842,2,0.125,1.0,0.0,0.0,0.875,0.0,0.0,0.875,0.0,0.0,0.875,,
all_t20_2018_2026,eb344e07,Lekhaz Reddy,False,2021,False,4,3,1,38.0,21,12.666666666666666,9.5,6.5,True,6.0,6.0,6.5,10.0,15.400000000000002,1.1359879789631855,0,0.0,0.0,0.0,0.0,0.0,0.0,0.0,0.0,0.0,0.0,0.0,,
all_t20_2018_2026,1ae701d0,AR Rohera,False,2023,False,1,1,0,37.0,30,37.0,37.0,37.0,False,37.0,37.0,37.0,37.0,37.0,,0,0.0,0.0,1.0,1.0,1.0,1.0,1.0,1.0,0.0,0.0,0.0,1.0,0.0
all_t20_2018_2026,1ca7c00f,M Carter,False,2023,False,8,5,3,37.0,28,7.4,4.625,1.0,True,0.0,0.0,1.0,9.25,13.3,0.714157669478699,3,0.375,0.6,0.0,0.0,0.0,0.0,0.0,0.0,0.0,0.0,0.0,,
all_t20_2018_2026,2479daa6,FR Davies,True,2025,True,14,10,4,37.0,65,3.7,2.642857142857143,2.5,True,0.0,0.25,2.5,4.0,5.0,0.6093098071863077,4,0.2857142857142857,0.4,0.0,0.0,0.0,0.0,0.0,0.0,0.0,0.0,0.0,,
all_t20_2018_2026,5b1f15fc,GEB Boyce,False,2021,False,3,3,0,37.0,45,12.333333333333334,12.333333333333334,13.0,False,5.0,8.0,13.0,17.0,19.4,-0.13506152278474093,0,0.0,0.0,0.3333333333333333,0.3333333333333333,0.33333333333333337,0.0,0.0,0.0,0.0,0.0,0.0,0.0,
all_t20_2018_2026,871e9faf,Basil Thampi,False,2019,False,8,6,2,37.0,32,6.166666666666667,4.625,1.5,True,0.0,0.75,1.5,4.25,12.199999999999998,1.8114645071497646,2,0.25,0.3333333333333333,0.125,0.16666666666666666,0.31250000000000006,0.0,0.0,0.0,0.0,0.0,0.0,0.0,
all_t20_2018_2026,8b5b6769,Harbhajan Singh,False,2021,False,8,6,2,37.0,56,6.166666666666667,4.625,2.0,True,1.0,1.75,2.0,3.5,11.299999999999997,1.7926904603216027,0,0.0,0.0,0.0,0.0,0.0,0.0,0.0,0.0,0.0,0.0,0.0,,
all_t20_2018_2026,90dd5193,BM Chingakham,False,2023,False,4,4,0,37.0,31,9.25,9.25,10.0,False,2.1000000000000005,5.25,10.0,14.0,15.8,-0.2691937078146735,1,0.25,0.25,0.0,0.0,0.0,0.0,0.0,0.0,0.0,0.0,0.0,,
all_t20_2018_2026,b29f6148,Heramb Parab,False,2019,False,4,2,2,37.0,20,18.5,9.25,7.5,True,1.2000000000000002,3.0,7.5,13.75,18.700000000000003,0.4907115116709514,1,0.25,0.5,0.25,0.3333333333333333,0.375,0.0,0.0,0.375,0.0,0.0,0.375,,
all_t20_2018_2026,dd967d0d,Lee Yong Lepcha,True,2021,False,12,12,0,37.0,102,3.0833333333333335,3.0833333333333335,2.0,True,0.0,0.0,2.0,5.5,7.0,0.547385097448992,4,0.3333333333333333,0.3333333333333333,0.0,0.0,0.0,0.0,0.0,0.0,0.0,0.0,0.0,,
all_t20_2018_2026,f834dcfc,L Ngidi,True,2026,True,18,9,9,37.0,49,4.111111111111111,2.0555555555555554,1.0,True,0.0,0.0,1.0,2.75,4.0,2.6899549265830855,3,0.16666666666666666,0.3333333333333333,0.0,0.0,0.3125,0.0,0.0,0.3125,0.0,0.0,0.3125,,
all_t20_2018_2026,03c29939,Sharad Lumba,False,2025,True,5,5,0,36.0,31,7.2,7.2,5.0,True,0.4,1.0,5.0,9.0,16.200000000000003,0.9165330223064587,1,0.2,0.2,0.2,0.2,0.20000000000000004,0.0,0.0,0.0,0.0,0.0,0.0,0.0,
all_t20_2018_2026,55ed4228,M Clarke,False,2026,True,5,2,3,36.0,18,18.0,7.2,8.0,False,0.4,1.0,8.0,12.0,13.8,-0.025078863803584026,1,0.2,0.5,0.0,0.0,0.6000000000000001,0.0,0.0,0.6000000000000001,0.0,0.0,0.6000000000000001,,
all_t20_2018_2026,5e941faa,YV Rathod,False,2020,False,1,1,0,36.0,31,36.0,36.0,36.0,False,36.0,36.0,36.0,36.0,36.0,,0,0.0,0.0,1.0,1.0,1.0,1.0,1.0,1.0,0.0,0.0,0.0,1.0,0.0
all_t20_2018_2026,786b7fe8,Zahir Khan,True,2023,False,13,10,3,36.0,49,3.6,2.769230769230769,1.0,True,0.0,0.0,1.0,3.0,5.400000000000002,2.57788215383814,6,0.46153846153846156,0.6,0.0,0.0,0.14423076923076925,0.0,0.0,0.14423076923076925,0.0,0.0,0.14423076923076925,,
all_t20_2018_2026,eca0c288,A Bramble,False,2021,False,4,3,1,36.0,51,12.0,9.0,9.5,False,4.2,6.0,9.5,12.5,13.4,-0.22621162133932401,0,0.0,0.0,0.0,0.0,0.0,0.0,0.0,0.0,0.0,0.0,0.0,,
all_t20_2018_2026,14857cf9,Jitumoni Kalita,False,2018,False,2,1,1,35.0,25,35.0,17.5,17.5,False,6.7,10.75,17.5,24.25,28.3,,0,0.0,0.0,0.5,0.5,0.5,0.5,0.5,0.5,0.0,0.0,0.5,1.0,
all_t20_2018_2026,2e9fdf9b,DAJ Bracewell,False,2023,False,2,2,0,35.0,22,17.5,17.5,17.5,False,13.1,14.75,17.5,20.25,21.9,,0,0.0,0.0,0.5,0.5,0.5,0.0,0.0,0.0,0.0,0.0,0.0,0.0,
all_t20_2018_2026,4c0f3806,BA Raine,False,2022,False,5,2,3,35.0,28,17.5,7.0,6.0,True,1.8,3.0,6.0,7.0,13.600000000000001,1.0229406304624298,0,0.0,0.0,0.0,0.0,0.0,0.0,0.0,0.0,0.0,0.0,0.0,,
all_t20_2018_2026,9d80c5e1,S Nadeem,False,2021,False,8,5,3,35.0,38,7.0,4.375,3.5,True,0.0,0.75,3.5,6.5,9.5,0.7616953487812749,1,0.125,0.2,0.0,0.0,0.0,0.0,0.0,0.0,0.0,0.0,0.0,,
all_t20_2018_2026,ae78bc32,MS Gony,False,2018,False,4,3,1,35.0,30,11.666666666666666,8.75,8.0,True,1.3,1.75,8.0,15.0,16.8,0.10083897622132243,0,0.0,0.0,0.0,0.0,0.0,0.0,0.0,0.0,0.0,0.0,0.0,,
all_t20_2018_2026,c0e59e39,Ankit Chaudhary,False,2018,False,3,3,0,35.0,43,11.666666666666666,11.666666666666666,16.0,False,4.0,8.5,16.0,17.0,17.6,-0.6704282283579639,0,0.0,0.0,0.0,0.0,0.0,0.0,0.0,0.0,0.0,0.0,0.0,,
all_t20_2018_2026,d7423da1,Salil Arora,False,2026,True,1,1,0,35.0,21,35.0,35.0,35.0,False,35.0,35.0,35.0,35.0,35.0,,0,0.0,0.0,1.0,1.0,1.0,1.0,1.0,1.0,0.0,0.0,0.0,1.0,0.0
all_t20_2018_2026,d7c6b0fb,RL Haynes,False,2022,False,4,4,0,35.0,34,8.75,8.75,8.5,True,4.6,5.5,8.5,11.75,13.100000000000001,0.11316234318486512,0,0.0,0.0,0.0,0.0,0.0,0.0,0.0,0.0,0.0,0.0,0.0,,
all_t20_2018_2026,d912dd58,AA Kargave,False,2022,False,1,1,0,35.0,41,35.0,35.0,35.0,False,35.0,35.0,35.0,35.0,35.0,,0,0.0,0.0,1.0,1.0,1.0,1.0,1.0,1.0,0.0,0.0,0.0,1.0,0.0
all_t20_2018_2026,fdf8d681,SM Gugale,False,2020,False,5,5,0,35.0,38,7.0,7.0,7.0,False,0.4,1.0,7.0,11.0,14.0,0.21310506775664864,1,0.2,0.2,0.0,0.0,0.0,0.0,0.0,0.0,0.0,0.0,0.0,,
all_t20_2018_2026,0773c16a,TP Kaber,False,2023,False,4,1,3,34.0,29,34.0,8.5,9.5,False,2.8000000000000003,5.5,9.5,12.5,13.4,-0.42560006551555973,0,0.0,0.0,0.0,0.0,0.0,0.0,0.0,0.0,0.0,0.0,0.0,,
all_t20_2018_2026,107c26fb,KT Maphaka,False,2025,True,7,1,6,34.0,39,34.0,4.857142857142857,1.0,True,0.0,0.5,1.0,5.0,13.600000000000005,1.622244695925538,1,0.14285714285714285,1.0,0.14285714285714285,0.5,0.8571428571428572,0.0,0.0,0.8571428571428572,0.0,0.0,0.8571428571428572,,
all_t20_2018_2026,2314745e,Bharat Sharma,False,2022,False,3,3,0,34.0,40,11.333333333333334,11.333333333333334,8.0,True,6.4,7.0,8.0,14.0,17.6,0.6520121170440459,0,0.0,0.0,0.3333333333333333,0.3333333333333333,0.33333333333333337,0.0,0.0,0.0,0.0,0.0,0.0,0.0,
all_t20_2018_2026,2cec2a92,Abbas Afridi,False,2025,True,3,3,0,34.0,25,11.333333333333334,11.333333333333334,10.0,True,8.4,9.0,10.0,13.0,14.8,0.5280049792181872,0,0.0,0.0,0.0,0.0,0.0,0.0,0.0,0.0,0.0,0.0,0.0,,
all_t20_2018_2026,47c449c5,Dayyaan Galiem,False,2024,False,6,4,2,34.0,39,8.5,5.666666666666667,5.5,True,1.0,1.5,5.5,8.75,10.5,0.17965001185698742,0,0.0,0.0,0.0,0.0,0.0,0.0,0.0,0.0,0.0,0.0,0.0,,
all_t20_2018_2026,66cf56a5,A Mithun,False,2020,False,7,5,2,34.0,28,6.8,4.857142857142857,2.0,True,1.2000000000000002,2.0,2.0,5.0,10.800000000000004,1.65933450145247,1,0.14285714285714285,0.2,0.0,0.0,0.28571428571428575,0.0,0.0,0.28571428571428575,0.0,0.0,0.28571428571428575,,
all_t20_2018_2026,8be36d3e,Sarfaraz Ashraf,False,2019,False,6,6,0,34.0,59,5.666666666666667,5.666666666666667,4.5,True,0.5,1.75,4.5,8.0,12.0,0.7105119070030972,1,0.16666666666666666,0.16666666666666666,0.0,0.0,0.0,0.0,0.0,0.0,0.0,0.0,0.0,,
all_t20_2018_2026,9f812582,LPJ Kimber,False,2025,True,5,4,1,34.0,31,8.5,6.8,6.0,True,0.8,2.0,6.0,12.0,13.2,0.10880269824164934,1,0.2,0.25,0.0,0.0,0.0,0.0,0.0,0.0,0.0,0.0,0.0,,
all_t20_2018_2026,d4d4adcd,Pratik Das,False,2021,False,2,1,1,34.0,28,34.0,17.0,17.0,False,14.6,15.5,17.0,18.5,19.4,,0,0.0,0.0,0.5,0.5,0.5,0.0,0.0,0.5,0.0,0.0,0.5,,
all_t20_2018_2026,de00b96c,Mayank Mishra,False,2022,False,9,7,2,34.0,54,4.857142857142857,3.7777777777777777,1.0,True,0.0,0.0,1.0,3.0,12.4,1.207697973168331,3,0.3333333333333333,0.42857142857142855,0.0,0.0,0.16666666666666669,0.0,0.0,0.16666666666666669,0.0,0.0,0.16666666666666669,,
all_t20_2018_2026,394e31d8,Puneet Malik,False,2018,False,1,1,0,33.0,30,33.0,33.0,33.0,False,33.0,33.0,33.0,33.0,33.0,,0,0.0,0.0,1.0,1.0,1.0,1.0,1.0,1.0,0.0,0.0,0.0,1.0,0.0
all_t20_2018_2026,3f659464,OP Stone,True,2025,True,14,11,3,33.0,52,3.0,2.357142857142857,1.0,True,0.0,0.25,1.0,4.5,6.0,0.7280489656765841,3,0.21428571428571427,0.2727272727272727,0.0,0.0,0.0,0.0,0.0,0.0,0.0,0.0,0.0,,
all_t20_2018_2026,7bc29ffb,CA Dry,False,2025,True,7,5,2,33.0,34,6.6,4.714285714285714,1.0,True,0.0,0.0,1.0,9.5,12.4,0.5331055453298648,2,0.2857142857142857,0.4,0.0,0.0,0.0,0.0,0.0,0.0,0.0,0.0,0.0,,
all_t20_2018_2026,7ccfdbcb,LR Chethan,False,2022,False,1,1,0,33.0,25,33.0,33.0,33.0,False,33.0,33.0,33.0,33.0,33.0,,0,0.0,0.0,1.0,1.0,1.0,1.0,1.0,1.0,0.0,0.0,0.0,1.0,0.0
all_t20_2018_2026,b3118300,Wahab Riaz,False,2021,False,5,2,3,33.0,39,16.5,6.6,2.0,True,1.4,2.0,2.0,2.0,16.400000000000002,1.4939525431474017,0,0.0,0.0,0.2,0.5,0.8,0.0,0.0,0.0,0.0,0.0,0.0,0.0,
all_t20_2018_2026,c707b358,B Rahman,False,2023,False,5,5,0,33.0,60,6.6,6.6,8.0,False,1.2000000000000002,3.0,8.0,10.0,11.2,-0.3047134307571191,1,0.2,0.2,0.0,0.0,0.0,0.0,0.0,0.0,0.0,0.0,0.0,,
all_t20_2018_2026,d4eef961,M de Lange,False,2022,False,3,2,1,33.0,23,16.5,11.0,7.0,True,7.0,7.0,7.0,13.0,16.6,0.7071067811865474,0,0.0,0.0,0.0,0.0,0.0,0.0,0.0,0.0,0.0,0.0,0.0,,
all_t20_2018_2026,e7f06080,AJ Macleod,False,2021,False,5,3,2,33.0,33,11.0,6.6,5.0,True,1.4,2.0,5.0,6.0,13.8,1.204091615491202,0,0.0,0.0,0.0,0.0,0.25,0.0,0.0,0.25,0.0,0.0,0.25,,
all_t20_2018_2026,eb5a659f,S Mylliempdah,False,2023,False,2,2,0,33.0,56,16.5,16.5,16.5,False,8.9,11.75,16.5,21.25,24.1,,0,0.0,0.0,0.5,0.5,0.5,0.0,0.0,0.0,0.0,0.0,0.0,0.0,
all_t20_2018_2026,24f6e254,JM James,False,2026,True,5,3,2,32.0,26,10.666666666666666,6.4,3.0,True,1.8,3.0,3.0,10.0,13.0,0.6081122668535941,0,0.0,0.0,0.0,0.0,0.0,0.0,0.0,0.0,0.0,0.0,0.0,,
all_t20_2018_2026,5b7ab5a9,CV Varun,True,2026,True,14,7,7,32.0,60,4.571428571428571,2.2857142857142856,1.0,True,0.0,1.0,1.0,2.0,6.400000000000002,1.626907950793456,2,0.14285714285714285,0.2857142857142857,0.0,0.0,0.3324675324675326,0.0,0.0,0.3324675324675326,0.0,0.0,0.3324675324675326,,
all_t20_2018_2026,647e7d44,Josh Brown,False,2024,False,1,1,0,32.0,11,32.0,32.0,32.0,False,32.0,32.0,32.0,32.0,32.0,,0,0.0,0.0,1.0,1.0,1.0,1.0,1.0,1.0,0.0,0.0,0.0,1.0,0.0
all_t20_2018_2026,8ea5d605,Anshuman Gautam,False,2019,False,2,2,0,32.0,46,16.0,16.0,16.0,False,12.0,13.5,16.0,18.5,20.0,,0,0.0,0.0,0.5,0.5,0.5,0.0,0.0,0.0,0.0,0.0,0.0,0.0,
all_t20_2018_2026,a1d95bd8,LB Williams,True,2025,True,10,6,4,32.0,42,5.333333333333333,3.2,1.0,True,0.0,0.0,1.0,3.5,7.9999999999999964,1.9346030057501271,2,0.2,0.3333333333333333,0.0,0.0,0.16666666666666669,0.0,0.0,0.16666666666666669,0.0,0.0,0.16666666666666669,,
all_t20_2018_2026,a71d0f89,R Chopra,False,2023,False,6,3,3,32.0,40,10.666666666666666,5.333333333333333,2.5,True,1.0,1.0,2.5,4.75,12.5,1.5765128001158326,0,0.0,0.0,0.16666666666666666,0.3333333333333333,0.5555555555555557,0.0,0.0,0.0,0.0,0.0,0.0,0.0,
all_t20_2018_2026,a97c96bf,Vivek Kumar,False,2019,False,8,6,2,32.0,27,5.333333333333333,4.0,2.0,True,0.0,0.0,2.0,4.0,10.299999999999997,1.681431904117536,3,0.375,0.5,0.0,0.0,0.25,0.0,0.0,0.25,0.0,0.0,0.25,,
all_t20_2018_2026,aefd0567,N Holland,False,2026,True,8,5,3,32.0,39,6.4,4.0,1.5,True,0.0,0.75,1.5,7.5,9.899999999999999,0.7154148543068831,2,0.25,0.4,0.0,0.0,0.234375,0.0,0.0,0.234375,0.0,0.0,0.234375,,
all_t20_2018_2026,b5c62bdc,Vaibhav Govekar,False,2020,False,2,2,0,32.0,22,16.0,16.0,16.0,False,3.2,8.0,16.0,24.0,28.8,,1,0.5,0.5,0.5,0.5,0.5,0.5,0.5,0.5,0.0,0.0,0.0,1.0,0.0
all_t20_2018_2026,bed90114,JA Clarkson,False,2024,False,4,1,3,32.0,42,32.0,8.0,3.5,True,1.6,2.5,3.5,9.0,18.000000000000004,1.1075250116492232,0,0.0,0.0,0.25,0.5,0.75,0.0,0.0,0.75,0.0,0.0,0.75,,
all_t20_2018_2026,e5218454,JB Lintott,False,2022,False,8,2,6,32.0,43,16.0,4.0,3.0,True,1.7000000000000002,2.0,3.0,5.25,7.199999999999999,1.0081071791180272,0,0.0,0.0,0.0,0.0,0.7142857142857143,0.0,0.0,0.7142857142857143,0.0,0.0,0.7142857142857143,,
all_t20_2018_2026,e7dd5eca,SL Rainbird,False,2021,False,7,4,3,32.0,30,8.0,4.571428571428571,1.0,True,0.0,0.5,1.0,7.5,12.000000000000002,0.9075078076837382,2,0.2857142857142857,0.5,0.0,0.0,0.0,0.0,0.0,0.0,0.0,0.0,0.0,,
all_t20_2018_2026,f0f5b2aa,Akshay Chandran,False,2020,False,3,2,1,32.0,33,16.0,10.666666666666666,10.0,True,5.2,7.0,10.0,14.0,16.4,0.17280054407865056,0,0.0,0.0,0.0,0.0,0.0,0.0,0.0,0.0,0.0,0.0,0.0,,
all_t20_2018_2026,fdb68cc0,Parameeswaran Sivaraman,False,2022,False,3,2,1,32.0,38,16.0,10.666666666666666,0.0,True,0.0,0.0,0.0,16.0,25.6,0.7071067811865479,2,0.6666666666666666,1.0,0.3333333333333333,0.3333333333333333,0.33333333333333337,0.3333333333333333,0.3333333333333333,0.33333333333333337,0.0,0.0,0.33333333333333337,1.0,
all_t20_2018_2026,03806cf8,JR Hazlewood,False,2026,True,9,1,8,31.0,33,31.0,3.4444444444444446,1.0,True,0.0,0.0,1.0,7.0,8.0,0.9573491965341323,1,0.1111111111111111,1.0,0.0,0.0,0.8888888888888888,0.0,0.0,0.8888888888888888,0.0,0.0,0.8888888888888888,,
all_t20_2018_2026,28217d89,ML Revis,False,2026,True,4,3,1,31.0,21,10.333333333333334,7.75,6.0,True,4.6,5.5,6.0,8.25,12.3,1.0237529759818254,0,0.0,0.0,0.0,0.0,0.25,0.0,0.0,0.25,0.0,0.0,0.25,,
all_t20_2018_2026,3decbc22,RS Jaganath Sinivas,False,2023,False,2,0,2,31.0,18,,15.5,15.5,False,3.1,7.75,15.5,23.25,27.900000000000002,,0,0.0,,0.5,1.0,1.0,0.5,1.0,1.0,0.0,,1.0,1.0,
all_t20_2018_2026,78dfe704,V Permaul,False,2024,False,8,6,2,31.0,47,5.166666666666667,3.875,3.0,True,0.0,1.5,3.0,5.0,7.399999999999999,1.3586102082272737,2,0.25,0.3333333333333333,0.0,0.0,0.0,0.0,0.0,0.0,0.0,0.0,0.0,,
all_t20_2018_2026,79b35258,Sairaj Patil,False,2022,False,2,1,1,31.0,28,31.0,15.5,15.5,False,3.1,7.75,15.5,23.25,27.900000000000002,,0,0.0,0.0,0.5,1.0,1.0,0.5,1.0,1.0,0.0,0.0,0.0,1.0,0.0
all_t20_2018_2026,899bc881,Neelambuj Vats,False,2019,False,3,1,2,31.0,51,31.0,10.333333333333334,2.0,True,1.2,1.5,2.0,15.0,22.8,0.7037135745385795,0,0.0,0.0,0.3333333333333333,0.5,0.5,0.0,0.0,0.5,0.0,0.0,0.5,,
all_t20_2018_2026,e2ee90d9,MA Aponso,False,2026,True,2,1,1,31.0,14,31.0,15.5,15.5,False,3.1,7.75,15.5,23.25,27.900000000000002,,1,0.5,1.0,0.5,0.5,0.5,0.5,0.5,0.5,0.0,0.0,0.5,1.0,
all_t20_2018_2026,e5f99922,Anand Bais,False,2019,False,1,0,1,31.0,29,,31.0,31.0,False,31.0,31.0,31.0,31.0,31.0,,0,0.0,,1.0,1.0,1.0,1.0,1.0,1.0,0.0,,1.0,1.0,
all_t20_2018_2026,fb24e76c,Monu Kumar,False,2021,False,4,2,2,31.0,19,15.5,7.75,5.5,True,4.0,4.0,5.5,9.25,13.3,0.9575491625535644,0,0.0,0.0,0.0,0.0,0.0,0.0,0.0,0.0,0.0,0.0,0.0,,
all_t20_2018_2026,18e6906e,A Choudhary,False,2020,False,5,2,3,30.0,28,15.0,6.0,6.0,False,1.6,4.0,6.0,9.0,10.2,-0.2529122813075852,1,0.2,0.5,0.0,0.0,0.0,0.0,0.0,0.0,0.0,0.0,0.0,,
all_t20_2018_2026,2795b0f6,Tanveer Ul-Haq,False,2021,False,6,2,4,30.0,37,15.0,5.0,3.5,True,1.5,2.0,3.5,8.0,10.0,0.4975571400863409,0,0.0,0.0,0.0,0.0,0.6666666666666667,0.0,0.0,0.6666666666666667,0.0,0.0,0.6666666666666667,,
all_t20_2018_2026,2dac322b,D Nedd,False,2026,True,3,3,0,30.0,34,10.0,10.0,13.0,False,2.6,6.5,13.0,15.0,16.2,-0.5494340196266088,1,0.3333333333333333,0.3333333333333333,0.0,0.0,0.0,0.0,0.0,0.0,0.0,0.0,0.0,,
all_t20_2018_2026,327c7253,Manish Golamaru,False,2022,False,5,5,0,30.0,37,6.0,6.0,5.0,True,0.4,1.0,5.0,10.0,12.4,0.30922054623159784,1,0.2,0.2,0.0,0.0,0.0,0.0,0.0,0.0,0.0,0.0,0.0,,
all_t20_2018_2026,39dd4d6d,Unnikrishnan Manukrishnan,False,2023,False,2,0,2,30.0,14,,15.0,15.0,False,10.2,12.0,15.0,18.0,19.8,,0,0.0,,0.5,1.0,1.0,0.0,,1.0,0.0,,1.0,,
all_t20_2018_2026,92b7602a,AR Nedd,False,2026,True,8,6,2,30.0,36,5.0,3.75,1.5,True,0.7000000000000001,1.0,1.5,2.75,8.899999999999999,2.0119758319812147,1,0.125,0.16666666666666666,0.0,0.0,0.0,0.0,0.0,0.0,0.0,0.0,0.0,,
all_t20_2018_2026,ac2e7ec0,T Murphy,False,2024,False,4,0,4,30.0,35,,7.5,7.5,False,2.8000000000000003,5.5,7.5,9.5,12.200000000000001,0.0,0,0.0,,0.0,,1.0,0.0,,1.0,0.0,,1.0,,
all_t20_2018_2026,bc0c1f0d,Sarbeswar Mohanty,False,2021,False,6,4,2,30.0,39,7.5,5.0,2.0,True,0.0,0.25,2.0,8.25,13.0,0.875,2,0.3333333333333333,0.5,0.0,0.0,0.0,0.0,0.0,0.0,0.0,0.0,0.0,,
all_t20_2018_2026,c9366237,A Stonehouse,False,2026,True,8,1,7,30.0,27,30.0,3.75,1.0,True,0.0,0.75,1.0,3.75,11.099999999999998,1.4532391386308912,1,0.125,1.0,0.0,0.0,0.875,0.0,0.0,0.875,0.0,0.0,0.875,,
all_t20_2018_2026,e012ad13,KOA Powell,False,2020,False,3,3,0,30.0,38,10.0,10.0,7.0,True,3.0,4.5,7.0,14.0,18.2,0.5076720034433699,0,0.0,0.0,0.3333333333333333,0.3333333333333333,0.33333333333333337,0.0,0.0,0.0,0.0,0.0,0.0,0.0,
all_t20_2018_2026,f8c7484e,Sachidanand Pandey,False,2021,False,3,3,0,30.0,22,10.0,10.0,8.0,True,1.6,4.0,8.0,15.0,19.2,0.3193122665787532,1,0.3333333333333333,0.3333333333333333,0.3333333333333333,0.3333333333333333,0.33333333333333337,0.0,0.0,0.0,0.0,0.0,0.0,0.0,
all_t20_2018_2026,fcf6b0f6,RR Simmonds,False,2026,True,5,1,4,30.0,14,30.0,6.0,4.0,True,1.2000000000000002,3.0,4.0,10.0,11.8,0.2865842530416864,1,0.2,1.0,0.0,0.0,0.8,0.0,0.0,0.8,0.0,0.0,0.8,,
all_t20_2018_2026,0f60513c,Akash Choudhary,False,2023,False,7,3,4,29.0,55,9.666666666666666,4.142857142857143,1.0,True,0.0,0.5,1.0,7.5,11.4,0.7678712031161283,1,0.14285714285714285,0.3333333333333333,0.0,0.0,0.0,0.0,0.0,0.0,0.0,0.0,0.0,,
all_t20_2018_2026,2ca0f319,Lalchhuanliana,False,2020,False,3,3,0,29.0,36,9.666666666666666,9.666666666666666,12.0,False,2.4000000000000004,6.0,12.0,14.5,16.0,-0.4556385926118873,1,0.3333333333333333,0.3333333333333333,0.0,0.0,0.0,0.0,0.0,0.0,0.0,0.0,0.0,,
all_t20_2018_2026,38b4583c,LK Bell,False,2024,False,7,5,2,29.0,29,5.8,4.142857142857143,4.0,True,1.0,2.0,4.0,5.0,7.000000000000002,0.8554075303364935,0,0.0,0.0,0.0,0.0,0.17142857142857146,0.0,0.0,0.17142857142857146,0.0,0.0,0.17142857142857146,,
all_t20_2018_2026,6827210b,Suraj Tayam,False,2021,False,3,2,1,29.0,54,14.5,9.666666666666666,9.0,True,4.2,6.0,9.0,13.0,15.4,0.17280054407865056,0,0.0,0.0,0.0,0.0,0.33333333333333337,0.0,0.0,0.33333333333333337,0.0,0.0,0.33333333333333337,,
all_t20_2018_2026,8360c9b9,AM Reddy,False,2022,False,3,3,0,29.0,31,9.666666666666666,9.666666666666666,12.0,False,3.2,6.5,12.0,14.0,15.2,-0.5020675274544659,0,0.0,0.0,0.0,0.0,0.0,0.0,0.0,0.0,0.0,0.0,0.0,,
all_t20_2018_2026,907c51ab,JL Gunn,False,2022,False,3,0,3,29.0,15,,9.666666666666666,12.0,False,4.0,7.0,12.0,13.5,14.4,-0.5557489678765741,0,0.0,,0.0,,1.0,0.0,,1.0,0.0,,1.0,,
all_t20_2018_2026,cb6793af,CP Sahani,False,2023,False,2,2,0,29.0,29,14.5,14.5,14.5,False,6.1,9.25,14.5,19.75,22.9,,0,0.0,0.0,0.5,0.5,0.5,0.0,0.0,0.0,0.0,0.0,0.0,0.0,
all_t20_2018_2026,cee8a83d,Arnab Nandi,False,2020,False,3,2,1,29.0,25,14.5,9.666666666666666,7.0,True,2.2,4.0,7.0,14.0,18.2,0.44510926532363637,0,0.0,0.0,0.3333333333333333,0.3333333333333333,0.33333333333333337,0.0,0.0,0.33333333333333337,0.0,0.0,0.33333333333333337,,
all_t20_2018_2026,e5b78474,Mohit Mongia,False,2018,False,3,3,0,29.0,25,9.666666666666666,9.666666666666666,9.0,True,7.4,8.0,9.0,11.0,12.2,0.3818017741606071,0,0.0,0.0,0.0,0.0,0.0,0.0,0.0,0.0,0.0,0.0,0.0,,
all_t20_2018_2026,f9979b69,Abid Mushtaq,False,2023,False,5,4,1,29.0,32,7.25,5.8,3.0,True,0.8,2.0,3.0,5.0,13.400000000000002,1.2929937997983922,1,0.2,0.25,0.0,0.0,0.0,0.0,0.0,0.0,0.0,0.0,0.0,,
all_t20_2018_2026,108c4c09,S Ismail,False,2025,True,7,3,4,28.0,41,9.333333333333334,4.0,4.0,False,0.6000000000000001,1.0,4.0,6.5,8.4,0.2875154109474714,1,0.14285714285714285,0.3333333333333333,0.0,0.0,0.47619047619047633,0.0,0.0,0.47619047619047633,0.0,0.0,0.47619047619047633,,
all_t20_2018_2026,163b7ef5,BS Sharma,False,2020,False,3,3,0,28.0,16,9.333333333333334,9.333333333333334,14.0,False,2.8000000000000003,7.0,14.0,14.0,14.0,-0.7071067811865476,1,0.3333333333333333,0.3333333333333333,0.0,0.0,0.0,0.0,0.0,0.0,0.0,0.0,0.0,,
all_t20_2018_2026,4531f249,RK Patel,False,2024,False,2,2,0,28.0,30,14.0,14.0,14.0,False,5.2,8.5,14.0,19.5,22.8,,0,0.0,0.0,0.5,0.5,0.5,0.0,0.0,0.0,0.0,0.0,0.0,0.0,
all_t20_2018_2026,522bb42d,Vijay Bharti,False,2019,False,4,4,0,28.0,36,7.0,7.0,2.0,True,0.0,0.0,2.0,9.0,18.000000000000004,1.0659491980021947,2,0.5,0.5,0.25,0.25,0.25,0.0,0.0,0.0,0.0,0.0,0.0,0.0,
all_t20_2018_2026,66b30f71,AB Dinda,False,2020,False,4,2,2,28.0,22,14.0,7.0,3.5,True,1.0,1.0,3.5,9.5,15.800000000000002,0.937142270483148,0,0.0,0.0,0.25,0.3333333333333333,0.5,0.0,0.0,0.5,0.0,0.0,0.5,,
all_t20_2018_2026,695173af,JJ Lamare,False,2018,False,5,5,0,28.0,49,5.6,5.6,5.0,True,0.4,1.0,5.0,7.0,11.8,0.7309414133308738,1,0.2,0.2,0.0,0.0,0.0,0.0,0.0,0.0,0.0,0.0,0.0,,
all_t20_2018_2026,6c0f82e6,Y Avinash Jadhav,False,2022,False,2,2,0,28.0,21,14.0,14.0,14.0,False,7.6,10.0,14.0,18.0,20.4,,0,0.0,0.0,0.5,0.5,0.5,0.0,0.0,0.0,0.0,0.0,0.0,0.0,
all_t20_2018_2026,791c088d,Harishankar Reddy,False,2023,False,7,3,4,28.0,24,9.333333333333334,4.0,1.0,True,0.0,0.5,1.0,5.0,11.200000000000003,1.3539133537227064,2,0.2857142857142857,0.6666666666666666,0.0,0.0,0.4761904761904763,0.0,0.0,0.4761904761904763,0.0,0.0,0.4761904761904763,,
all_t20_2018_2026,d48c0f40,LA Patterson-White,False,2026,True,3,2,1,28.0,16,14.0,9.333333333333334,10.0,False,2.8,5.5,10.0,13.5,15.6,-0.15164108506300045,0,0.0,0.0,0.0,0.0,0.0,0.0,0.0,0.0,0.0,0.0,0.0,,
all_t20_2018_2026,d57936b4,KK Acharjee,False,2019,False,4,4,0,28.0,43,7.0,7.0,6.0,True,2.2,4.0,6.0,9.0,12.600000000000001,0.543090835767279,0,0.0,0.0,0.0,0.0,0.0,0.0,0.0,0.0,0.0,0.0,0.0,,
all_t20_2018_2026,05f96194,MA Jones,False,2024,False,3,3,0,27.0,30,9.0,9.0,7.0,True,1.4000000000000001,3.5,7.0,13.5,17.4,0.3479735563872983,1,0.3333333333333333,0.3333333333333333,0.3333333333333333,0.3333333333333333,0.33333333333333337,0.0,0.0,0.0,0.0,0.0,0.0,0.0,
all_t20_2018_2026,267468de,N Edward,False,2025,True,2,1,1,27.0,30,27.0,13.5,13.5,False,10.7,11.75,13.5,15.25,16.3,,0,0.0,0.0,0.0,0.0,0.0,0.0,0.0,0.0,0.0,0.0,0.0,,
all_t20_2018_2026,2eccc4bf,LJA Julien,False,2023,False,4,4,0,27.0,40,6.75,6.75,4.5,True,1.3,1.75,4.5,9.5,14.000000000000002,0.7650490502246411,0,0.0,0.0,0.0,0.0,0.0,0.0,0.0,0.0,0.0,0.0,0.0,,
all_t20_2018_2026,54e52590,Vijaykumar Vyshak,True,2026,True,11,5,6,27.0,29,5.4,2.4545454545454546,1.0,True,0.0,1.0,1.0,2.5,4.0,2.3473405669926266,2,0.18181818181818182,0.4,0.0,0.0,0.20454545454545453,0.0,0.0,0.20454545454545453,0.0,0.0,0.20454545454545453,,
all_t20_2018_2026,5935d694,Rishad Hossain,False,2025,True,4,2,2,27.0,20,13.5,6.75,7.5,False,2.2,4.0,7.5,10.25,10.7,-0.32387999386162936,0,0.0,0.0,0.0,0.0,0.0,0.0,0.0,0.0,0.0,0.0,0.0,,
all_t20_2018_2026,6fdff976,Suheh Hussain,False,2018,False,3,3,0,27.0,28,9.0,9.0,6.0,True,3.6,4.5,6.0,12.0,15.600000000000001,0.5951700641394974,0,0.0,0.0,0.0,0.0,0.0,0.0,0.0,0.0,0.0,0.0,0.0,,
all_t20_2018_2026,783e8d4d,Manjinder Singh,False,2018,False,2,2,0,27.0,42,13.5,13.5,13.5,False,13.1,13.25,13.5,13.75,13.9,,0,0.0,0.0,0.0,0.0,0.0,0.0,0.0,0.0,0.0,0.0,0.0,,
all_t20_2018_2026,791b8fac,Mohit Ahlawat,False,2021,False,6,5,1,27.0,26,5.4,4.5,1.5,True,0.0,0.0,1.5,4.5,12.0,1.5011802951560052,3,0.5,0.6,0.0,0.0,0.16666666666666669,0.0,0.0,0.16666666666666669,0.0,0.0,0.16666666666666669,,
all_t20_2018_2026,8f30d191,KA Levick,False,2026,True,9,6,3,27.0,37,4.5,3.0,2.0,True,0.0,0.0,2.0,2.0,8.600000000000001,1.259761882261882,3,0.3333333333333333,0.5,0.0,0.0,0.0,0.0,0.0,0.0,0.0,0.0,0.0,,
all_t20_2018_2026,9fc0ef64,PJ Sangwan,False,2023,False,4,2,2,27.0,31,13.5,6.75,1.0,True,0.0,0.0,1.0,7.75,18.100000000000005,1.1344460774910883,1,0.25,0.5,0.25,0.3333333333333333,0.375,0.0,0.0,0.375,0.0,0.0,0.375,,
all_t20_2018_2026,dbc76c59,Kishan Thokchom,False,2021,False,5,3,2,27.0,32,9.0,5.4,2.0,True,0.4,1.0,2.0,4.0,13.600000000000001,1.3848596305701755,1,0.2,0.3333333333333333,0.2,0.3333333333333333,0.4,0.0,0.0,0.0,0.0,0.0,0.0,0.0,
all_t20_2018_2026,eafd2271,Pardeep Yadav,False,2024,False,1,1,0,27.0,19,27.0,27.0,27.0,False,27.0,27.0,27.0,27.0,27.0,,0,0.0,0.0,1.0,1.0,1.0,0.0,0.0,0.0,0.0,0.0,0.0,0.0,
all_t20_2018_2026,01ada0ed,A Nagwaswalla,False,2021,False,7,3,4,26.0,25,8.666666666666666,3.7142857142857144,2.0,True,1.0,1.0,2.0,4.5,7.8000000000000025,1.435974968636701,0,0.0,0.0,0.0,0.0,0.0,0.0,0.0,0.0,0.0,0.0,0.0,,
all_t20_2018_2026,2911de16,Hasan Ali,False,2025,True,6,2,4,26.0,19,13.0,4.333333333333333,2.5,True,0.5,1.0,2.5,5.5,10.0,1.145212614753116,1,0.16666666666666666,0.5,0.0,0.0,0.6666666666666667,0.0,0.0,0.6666666666666667,0.0,0.0,0.6666666666666667,,
all_t20_2018_2026,2d140b79,AA Kulkarni,False,2026,True,4,4,0,26.0,33,6.5,6.5,4.5,True,0.0,0.0,4.5,11.0,14.600000000000001,0.437945934622652,2,0.5,0.5,0.0,0.0,0.0,0.0,0.0,0.0,0.0,0.0,0.0,,
all_t20_2018_2026,3b63b5cc,Shiva Singh,False,2023,False,5,2,3,26.0,18,13.0,5.2,2.0,True,0.0,0.0,2.0,6.0,13.200000000000001,1.1524389144206808,2,0.4,1.0,0.0,0.0,0.6,0.0,0.0,0.6,0.0,0.0,0.6,,
all_t20_2018_2026,44a18ad8,J Royal,False,2023,False,9,4,5,26.0,28,6.5,2.888888888888889,1.0,True,0.0,0.0,1.0,3.0,7.200000000000001,1.5060233461255566,2,0.2222222222222222,0.5,0.0,0.0,0.2916666666666667,0.0,0.0,0.2916666666666667,0.0,0.0,0.2916666666666667,,
all_t20_2018_2026,57ee1fde,YS Chahal,True,2022,False,11,6,5,26.0,67,4.333333333333333,2.3636363636363638,2.0,True,0.0,1.0,2.0,3.0,5.0,1.2409067576497639,0,0.0,0.0,0.0,0.0,0.17283950617283955,0.0,0.0,0.17283950617283955,0.0,0.0,0.17283950617283955,,
all_t20_2018_2026,6176f240,Chirag Suri,False,2022,False,3,3,0,26.0,30,8.666666666666666,8.666666666666666,6.0,True,4.4,5.0,6.0,11.0,14.0,0.6309038567106241,0,0.0,0.0,0.0,0.0,0.0,0.0,0.0,0.0,0.0,0.0,0.0,,
all_t20_2018_2026,6457fe1b,Erik Roy,False,2020,False,2,0,2,26.0,24,,13.0,13.0,False,8.2,10.0,13.0,16.0,17.8,,0,0.0,,0.0,,1.0,0.0,,1.0,0.0,,1.0,,
all_t20_2018_2026,6822e203,Lavin Coster,False,2022,False,3,2,1,26.0,13,13.0,8.666666666666666,2.0,True,2.0,2.0,2.0,12.0,18.0,0.7071067811865476,0,0.0,0.0,0.3333333333333333,0.3333333333333333,0.33333333333333337,0.0,0.0,0.33333333333333337,0.0,0.0,0.33333333333333337,,
all_t20_2018_2026,6b75c2b1,NR Kirton,False,2020,False,3,3,0,26.0,22,8.666666666666666,8.666666666666666,1.0,True,0.2,0.5,1.0,13.0,20.200000000000003,0.7031379889536389,1,0.3333333333333333,0.3333333333333333,0.3333333333333333,0.3333333333333333,0.33333333333333337,0.0,0.0,0.0,0.0,0.0,0.0,0.0,
all_t20_2018_2026,78359d28,NK Singh,False,2020,False,3,2,1,26.0,33,13.0,8.666666666666666,5.0,True,1.8,3.0,5.0,12.5,17.0,0.5823776522731887,0,0.0,0.0,0.3333333333333333,0.5,0.6666666666666667,0.0,0.0,0.0,0.0,0.0,0.0,0.0,
all_t20_2018_2026,ebb74564,A Simelane,False,2024,False,2,1,1,26.0,32,26.0,13.0,13.0,False,6.6,9.0,13.0,17.0,19.4,,0,0.0,0.0,0.5,1.0,1.0,0.0,0.0,0.0,0.0,0.0,0.0,0.0,
all_t20_2018_2026,ecbad6c6,HT Dixon,False,2025,True,4,3,1,26.0,24,8.666666666666666,6.5,6.0,True,1.0,1.0,6.0,11.5,12.4,0.048382273079715876,0,0.0,0.0,0.0,0.0,0.0,0.0,0.0,0.0,0.0,0.0,0.0,,
all_t20_2018_2026,1b9d1579,GH Lewis,False,2022,False,3,3,0,25.0,35,8.333333333333334,8.333333333333334,9.0,False,1.8,4.5,9.0,12.5,14.6,-0.15164108506300045,1,0.3333333333333333,0.3333333333333333,0.0,0.0,0.0,0.0,0.0,0.0,0.0,0.0,0.0,,
all_t20_2018_2026,641ac5ff,IS Sodhi,False,2025,True,8,4,4,25.0,42,6.25,3.125,2.5,True,0.7000000000000001,1.0,2.5,6.0,6.0,0.10476588422342215,0,0.0,0.0,0.0,0.0,0.23809523809523814,0.0,0.0,0.23809523809523814,0.0,0.0,0.23809523809523814,,
all_t20_2018_2026,6834d1f2,B Stanlake,True,2025,True,11,3,8,25.0,38,8.333333333333334,2.272727272727273,1.0,True,0.0,1.0,1.0,3.5,5.0,0.9303678713890449,1,0.09090909090909091,0.3333333333333333,0.0,0.0,0.5387205387205387,0.0,0.0,0.5387205387205387,0.0,0.0,0.5387205387205387,,
all_t20_2018_2026,765a4731,Mukesh Choudhary,False,2026,True,6,2,4,25.0,21,12.5,4.166666666666667,3.0,True,1.0,2.0,3.0,5.5,8.5,0.8458197691268355,0,0.0,0.0,0.0,0.0,0.33333333333333337,0.0,0.0,0.33333333333333337,0.0,0.0,0.33333333333333337,,
all_t20_2018_2026,7ae8e7a3,SM Patidar,False,2022,False,1,0,1,25.0,19,,25.0,25.0,False,25.0,25.0,25.0,25.0,25.0,,0,0.0,,1.0,1.0,1.0,0.0,,1.0,0.0,,1.0,,
all_t20_2018_2026,8799dc6d,Akash Luitel,False,2021,False,3,1,2,25.0,34,25.0,8.333333333333334,11.0,False,3.8,6.5,11.0,11.5,11.8,-0.6809718997018469,0,0.0,0.0,0.0,0.0,0.5,0.0,0.0,0.5,0.0,0.0,0.5,,
all_t20_2018_2026,8ae7bb3e,TG Norris,False,2026,True,6,3,3,25.0,36,8.333333333333334,4.166666666666667,1.5,True,0.0,0.25,1.5,8.75,11.0,0.6479514375319646,2,0.3333333333333333,0.6666666666666666,0.0,0.0,0.33333333333333337,0.0,0.0,0.33333333333333337,0.0,0.0,0.33333333333333337,,
all_t20_2018_2026,8eaa058c,Amlanjyoti Das,False,2021,False,5,2,3,25.0,42,12.5,5.0,1.0,True,0.0,0.0,1.0,2.0,14.000000000000002,1.4721062224250006,2,0.4,1.0,0.2,0.3333333333333333,0.6,0.0,0.0,0.6,0.0,0.0,0.6,,
all_t20_2018_2026,91f0792f,GJ Thompson,False,2026,True,3,3,0,25.0,22,8.333333333333334,8.333333333333334,7.0,True,3.0,4.5,7.0,11.5,14.200000000000001,0.3330665464269752,0,0.0,0.0,0.0,0.0,0.0,0.0,0.0,0.0,0.0,0.0,0.0,,
all_t20_2018_2026,a6c17509,TE Albert,False,2025,True,4,4,0,25.0,24,6.25,6.25,6.0,True,2.6,3.5,6.0,8.75,10.100000000000001,0.1432229748078866,0,0.0,0.0,0.0,0.0,0.0,0.0,0.0,0.0,0.0,0.0,0.0,,
all_t20_2018_2026,acb89506,K Vanlalruata,False,2020,False,6,6,0,25.0,42,4.166666666666667,4.166666666666667,1.5,True,0.5,1.0,1.5,3.5,10.5,1.6202119550960843,1,0.16666666666666666,0.16666666666666666,0.0,0.0,0.0,0.0,0.0,0.0,0.0,0.0,0.0,,
all_t20_2018_2026,b483905d,Akash Singh,False,2022,False,4,3,1,25.0,28,8.333333333333334,6.25,5.5,True,1.9000000000000001,3.25,5.5,8.5,11.200000000000001,0.4346507595746656,0,0.0,0.0,0.0,0.0,0.0,0.0,0.0,0.0,0.0,0.0,0.0,,
all_t20_2018_2026,cb4f31e2,Bandaru Ayyappa,False,2022,False,4,2,2,25.0,12,12.5,6.25,4.5,True,1.6,2.5,4.5,8.25,12.3,0.7986782701493094,0,0.0,0.0,0.0,0.0,0.0,0.0,0.0,0.0,0.0,0.0,0.0,,
all_t20_2018_2026,ee0c05c0,NA Sowter,True,2025,True,10,5,5,25.0,22,5.0,2.5,1.5,True,0.0,0.25,1.5,4.0,6.1,0.5846368566265416,2,0.2,0.4,0.0,0.0,0.24000000000000005,0.0,0.0,0.24000000000000005,0.0,0.0,0.24000000000000005,,
all_t20_2018_2026,f45e828c,Mughavi Wotsa,False,2019,False,3,2,1,25.0,48,12.5,8.333333333333334,6.0,True,2.8,4.0,6.0,11.5,14.8,0.5020675274544659,0,0.0,0.0,0.0,0.0,0.0,0.0,0.0,0.0,0.0,0.0,0.0,,
all_t20_2018_2026,f92c9151,TC Bruce,False,2025,True,4,1,3,25.0,19,25.0,6.25,6.0,True,1.3,1.75,6.0,10.5,11.4,0.04785917871285671,0,0.0,0.0,0.0,0.0,0.0,0.0,0.0,0.0,0.0,0.0,0.0,,
all_t20_2018_2026,13abdc50,Dhrushant Soni,False,2022,False,5,5,0,24.0,26,4.8,4.8,3.0,True,0.8,2.0,3.0,7.0,10.0,0.6345167700219418,1,0.2,0.2,0.0,0.0,0.0,0.0,0.0,0.0,0.0,0.0,0.0,,
all_t20_2018_2026,1b5c4924,A Pratyush Kumar,False,2018,False,1,1,0,24.0,28,24.0,24.0,24.0,False,24.0,24.0,24.0,24.0,24.0,,0,0.0,0.0,1.0,1.0,1.0,0.0,0.0,0.0,0.0,0.0,0.0,0.0,
all_t20_2018_2026,25284a3c,Bikash K Rout,False,2021,False,3,1,2,24.0,19,24.0,8.0,6.0,True,6.0,6.0,6.0,9.0,10.8,0.7071067811865474,0,0.0,0.0,0.0,0.0,0.6666666666666667,0.0,0.0,0.6666666666666667,0.0,0.0,0.6666666666666667,,
all_t20_2018_2026,2b801189,Mayank Rawat,False,2024,False,1,1,0,24.0,21,24.0,24.0,24.0,False,24.0,24.0,24.0,24.0,24.0,,0,0.0,0.0,1.0,1.0,1.0,0.0,0.0,0.0,0.0,0.0,0.0,0.0,
all_t20_2018_2026,2be0cc2f,Bikash Singh,False,2023,False,4,4,0,24.0,43,6.0,6.0,5.0,True,1.6,2.5,5.0,8.5,11.200000000000001,0.4987837491108398,0,0.0,0.0,0.0,0.0,0.0,0.0,0.0,0.0,0.0,0.0,0.0,,
all_t20_2018_2026,3082eac3,Hardik Tamore,False,2022,False,2,2,0,24.0,29,12.0,12.0,12.0,False,6.4,8.5,12.0,15.5,17.6,,0,0.0,0.0,0.0,0.0,0.0,0.0,0.0,0.0,0.0,0.0,0.0,,
all_t20_2018_2026,33742f04,Usman Qadir,False,2022,False,8,3,5,24.0,41,8.0,3.0,1.5,True,1.0,1.0,1.5,5.25,6.3,0.5983457099029104,0,0.0,0.0,0.0,0.0,0.0,0.0,0.0,0.0,0.0,0.0,0.0,,
all_t20_2018_2026,5d2eea49,Kartik Tyagi,False,2026,True,9,7,2,24.0,26,3.4285714285714284,2.6666666666666665,2.0,True,0.0,1.0,2.0,5.0,6.2,0.5965652721259478,2,0.2222222222222222,0.2857142857142857,0.0,0.0,0.0,0.0,0.0,0.0,0.0,0.0,0.0,,
all_t20_2018_2026,72b7ed1e,AE Satterthwaite,False,2022,False,3,3,0,24.0,34,8.0,8.0,9.0,False,3.4000000000000004,5.5,9.0,11.0,12.2,-0.3193122665787532,0,0.0,0.0,0.0,0.0,0.0,0.0,0.0,0.0,0.0,0.0,0.0,,
all_t20_2018_2026,8dd02a98,LD Chandimal,False,2023,False,1,0,1,24.0,21,,24.0,24.0,False,24.0,24.0,24.0,24.0,24.0,,0,0.0,,1.0,1.0,1.0,0.0,,1.0,0.0,,1.0,,
all_t20_2018_2026,9789e56e,LM Reece,False,2021,False,2,2,0,24.0,25,12.0,12.0,12.0,False,2.4000000000000004,6.0,12.0,18.0,21.6,,1,0.5,0.5,0.5,0.5,0.5,0.0,0.0,0.0,0.0,0.0,0.0,0.0,
all_t20_2018_2026,c296dba1,Sophia Smale,False,2026,True,7,4,3,24.0,27,6.0,3.4285714285714284,3.0,True,0.6000000000000001,1.0,3.0,6.0,7.0,0.1846818666634129,1,0.14285714285714285,0.25,0.0,0.0,0.0,0.0,0.0,0.0,0.0,0.0,0.0,,
all_t20_2018_2026,c8a3f688,SN Netravalkar,False,2026,True,7,4,3,24.0,22,6.0,3.4285714285714284,1.0,True,0.6000000000000001,1.0,1.0,6.0,7.800000000000001,0.5586190955986945,1,0.14285714285714285,0.25,0.0,0.0,0.0,0.0,0.0,0.0,0.0,0.0,0.0,,
all_t20_2018_2026,ded9ff1e,JNT Seales,False,2026,True,9,2,7,24.0,28,12.0,2.6666666666666665,1.0,True,0.0,1.0,1.0,1.0,5.600000000000002,2.3431875354428775,1,0.1111111111111111,0.5,0.0,0.0,0.761904761904762,0.0,0.0,0.761904761904762,0.0,0.0,0.761904761904762,,
all_t20_2018_2026,f0a0204e,MS Crane,False,2026,True,7,1,6,24.0,23,24.0,3.4285714285714284,2.0,True,0.6000000000000001,1.5,2.0,3.5,7.200000000000003,1.6087627402303382,1,0.14285714285714285,1.0,0.0,0.0,0.8571428571428572,0.0,0.0,0.8571428571428572,0.0,0.0,0.8571428571428572,,
all_t20_2018_2026,f7d267f7,NP Kenjige,False,2026,True,7,2,5,24.0,25,12.0,3.4285714285714284,3.0,True,1.0,1.5,3.0,4.0,6.600000000000001,1.1647960803054442,0,0.0,0.0,0.0,0.0,0.6857142857142858,0.0,0.0,0.6857142857142858,0.0,0.0,0.6857142857142858,,
all_t20_2018_2026,00cda8e4,SM Elliott,False,2025,True,5,4,1,23.0,32,5.75,4.6,3.0,True,1.4,2.0,3.0,4.0,9.4,1.302641798205299,0,0.0,0.0,0.0,0.0,0.0,0.0,0.0,0.0,0.0,0.0,0.0,,
all_t20_2018_2026,0bde8443,OFM Sykes,False,2026,True,1,0,1,23.0,14,,23.0,23.0,False,23.0,23.0,23.0,23.0,23.0,,0,0.0,,1.0,1.0,1.0,0.0,,1.0,0.0,,1.0,,
all_t20_2018_2026,1c2a64cd,A Ashish Reddy,False,2018,False,3,3,0,23.0,25,7.666666666666667,7.666666666666667,6.0,True,2.0,3.5,6.0,11.0,14.0,0.3818017741606059,0,0.0,0.0,0.0,0.0,0.0,0.0,0.0,0.0,0.0,0.0,0.0,,
all_t20_2018_2026,1cb14aa4,CJ Dala,False,2024,False,4,3,1,23.0,26,7.666666666666667,5.75,4.0,True,0.9000000000000001,2.25,4.0,7.5,12.000000000000002,0.8130731601605383,1,0.25,0.3333333333333333,0.0,0.0,0.0,0.0,0.0,0.0,0.0,0.0,0.0,,
all_t20_2018_2026,3122c016,KI Simmonds,False,2024,False,4,3,1,23.0,28,7.666666666666667,5.75,4.5,True,1.6,2.5,4.5,7.75,10.900000000000002,0.6725321224210623,0,0.0,0.0,0.0,0.0,0.0,0.0,0.0,0.0,0.0,0.0,0.0,,
all_t20_2018_2026,4b31f3a3,Yash Thakur,False,2020,False,8,2,6,23.0,36,11.5,2.875,1.0,True,0.0,0.75,1.0,3.0,9.3,1.1295311754977932,1,0.125,0.5,0.0,0.0,0.0,0.0,0.0,0.0,0.0,0.0,0.0,,
all_t20_2018_2026,51ec3919,T Vijay,False,2023,False,1,1,0,23.0,29,23.0,23.0,23.0,False,23.0,23.0,23.0,23.0,23.0,,0,0.0,0.0,1.0,1.0,1.0,0.0,0.0,0.0,0.0,0.0,0.0,0.0,
all_t20_2018_2026,531f0278,K Santokie,False,2019,False,4,2,2,23.0,18,11.5,5.75,4.0,True,0.0,0.0,4.0,9.75,12.900000000000002,0.4306989918360729,2,0.5,1.0,0.0,0.0,0.5,0.0,0.0,0.5,0.0,0.0,0.5,,
all_t20_2018_2026,81c08fa3,Umran Malik,False,2023,False,6,2,4,23.0,16,11.5,3.8333333333333335,0.5,True,0.0,0.0,0.5,2.5,11.0,1.6975614262934684,2,0.3333333333333333,1.0,0.0,0.0,0.6666666666666667,0.0,0.0,0.6666666666666667,0.0,0.0,0.6666666666666667,,
all_t20_2018_2026,99fdf8c9,RB Bishnoi Jr,False,2023,False,5,4,1,23.0,44,5.75,4.6,1.0,True,0.0,0.0,1.0,3.0,12.600000000000001,1.4189400181981144,2,0.4,0.5,0.0,0.0,0.0,0.0,0.0,0.0,0.0,0.0,0.0,,
all_t20_2018_2026,a0b76243,T Luus,False,2026,True,4,3,1,23.0,25,7.666666666666667,5.75,5.0,True,1.3,1.75,5.0,9.0,10.8,0.26356494508799555,0,0.0,0.0,0.0,0.0,0.0,0.0,0.0,0.0,0.0,0.0,0.0,,
all_t20_2018_2026,be271641,Amit Pachhara,False,2021,False,3,3,0,23.0,24,7.666666666666667,7.666666666666667,0.0,True,0.0,0.0,0.0,11.5,18.400000000000002,0.7071067811865475,2,0.6666666666666666,0.6666666666666666,0.3333333333333333,0.3333333333333333,0.33333333333333337,0.0,0.0,0.0,0.0,0.0,0.0,0.0,
all_t20_2018_2026,c2ce55cb,Akash Bhandari,False,2019,False,4,3,1,23.0,24,7.666666666666667,5.75,5.0,True,2.3,2.75,5.0,8.0,9.8,0.4045216824738955,0,0.0,0.0,0.0,0.0,0.0,0.0,0.0,0.0,0.0,0.0,0.0,,
all_t20_2018_2026,de33074a,Saransh Jain,False,2023,False,4,3,1,23.0,32,7.666666666666667,5.75,6.0,False,1.2000000000000002,3.0,6.0,8.75,10.100000000000001,-0.13814701606108437,1,0.25,0.3333333333333333,0.0,0.0,0.0,0.0,0.0,0.0,0.0,0.0,0.0,,
all_t20_2018_2026,f76d7466,JN Malan,False,2022,False,3,3,0,23.0,37,7.666666666666667,7.666666666666667,5.0,True,2.6,3.5,5.0,10.5,13.8,0.5776336923662017,0,0.0,0.0,0.0,0.0,0.0,0.0,0.0,0.0,0.0,0.0,0.0,,
all_t20_2018_2026,069fbf56,Ngangom Rajesh Singh,False,2018,False,2,1,1,22.0,23,22.0,11.0,11.0,False,2.2,5.5,11.0,16.5,19.8,,1,0.5,1.0,0.5,0.5,0.5,0.0,0.0,0.5,0.0,0.0,0.5,,
all_t20_2018_2026,1252f71a,MRJ Watt,False,2023,False,3,3,0,22.0,27,7.333333333333333,7.333333333333333,8.0,False,3.2,5.0,8.0,10.0,11.2,-0.2390631469295445,0,0.0,0.0,0.0,0.0,0.0,0.0,0.0,0.0,0.0,0.0,0.0,,
all_t20_2018_2026,17608a6f,ML Schutt,False,2025,True,4,4,0,22.0,25,5.5,5.5,5.0,True,3.0,3.0,5.0,7.5,8.4,0.21383343303319471,0,0.0,0.0,0.0,0.0,0.0,0.0,0.0,0.0,0.0,0.0,0.0,,
all_t20_2018_2026,1d7f8759,E Windsor,False,2025,True,6,3,3,22.0,29,7.333333333333333,3.6666666666666665,2.5,True,0.0,0.5,2.5,3.75,8.5,1.367508129597726,2,0.3333333333333333,0.6666666666666666,0.0,0.0,0.33333333333333337,0.0,0.0,0.33333333333333337,0.0,0.0,0.33333333333333337,,
all_t20_2018_2026,2b85c8e6,JL Jaggesar,False,2022,False,6,0,6,22.0,26,,3.6666666666666665,3.0,True,0.5,1.0,3.0,5.0,7.5,0.6974958593862173,0,0.0,,0.0,,1.0,0.0,,1.0,0.0,,1.0,,
all_t20_2018_2026,497b05f4,NN Sen,False,2018,False,2,1,1,22.0,21,22.0,11.0,11.0,False,9.4,10.0,11.0,12.0,12.6,,0,0.0,0.0,0.0,0.0,0.5,0.0,0.0,0.5,0.0,0.0,0.5,,
all_t20_2018_2026,5f119c74,Suraj Kashyap,False,2021,False,2,2,0,22.0,36,11.0,11.0,11.0,False,6.2,8.0,11.0,14.0,15.8,,0,0.0,0.0,0.0,0.0,0.0,0.0,0.0,0.0,0.0,0.0,0.0,,
all_t20_2018_2026,c16f70b4,L Jhon,False,2023,False,1,1,0,22.0,33,22.0,22.0,22.0,False,22.0,22.0,22.0,22.0,22.0,,0,0.0,0.0,1.0,1.0,1.0,0.0,0.0,0.0,0.0,0.0,0.0,0.0,
all_t20_2018_2026,cb749279,A Goodridge,False,2026,True,3,2,1,22.0,19,11.0,7.333333333333333,8.0,False,2.4000000000000004,4.5,8.0,10.5,12.0,-0.20070018720879487,0,0.0,0.0,0.0,0.0,0.0,0.0,0.0,0.0,0.0,0.0,0.0,,
all_t20_2018_2026,d2ac5c4c,Hem Chetri,False,2021,False,4,4,0,22.0,19,5.5,5.5,3.5,True,0.0,0.0,3.5,9.0,12.600000000000001,0.5579904575999296,2,0.5,0.5,0.0,0.0,0.0,0.0,0.0,0.0,0.0,0.0,0.0,,
all_t20_2018_2026,d4520718,Nitesh Lohchab,False,2018,False,3,3,0,22.0,24,7.333333333333333,7.333333333333333,8.0,False,2.4000000000000004,4.5,8.0,10.5,12.0,-0.20070018720879493,0,0.0,0.0,0.0,0.0,0.0,0.0,0.0,0.0,0.0,0.0,0.0,,
all_t20_2018_2026,e7024d78,NS Sharma,False,2024,False,1,1,0,22.0,17,22.0,22.0,22.0,False,22.0,22.0,22.0,22.0,22.0,,0,0.0,0.0,1.0,1.0,1.0,0.0,0.0,0.0,0.0,0.0,0.0,0.0,
all_t20_2018_2026,ea3a41e0,Aishwarya Mourya,False,2021,False,4,3,1,22.0,31,7.333333333333333,5.5,2.0,True,0.0,0.0,2.0,7.5,13.800000000000002,0.9978697176912956,1,0.25,0.3333333333333333,0.0,0.0,0.0,0.0,0.0,0.0,0.0,0.0,0.0,,
all_t20_2018_2026,ee96e425,S Habib Gandhi,False,2024,False,2,2,0,22.0,23,11.0,11.0,11.0,False,10.2,10.5,11.0,11.5,11.8,,0,0.0,0.0,0.0,0.0,0.0,0.0,0.0,0.0,0.0,0.0,0.0,,
all_t20_2018_2026,fe2ac1a8,TE Lawes,False,2026,True,6,4,2,22.0,31,5.5,3.6666666666666665,3.0,True,0.5,1.25,3.0,4.0,7.5,1.158194630785319,1,0.16666666666666666,0.25,0.0,0.0,0.22222222222222227,0.0,0.0,0.22222222222222227,0.0,0.0,0.22222222222222227,,
all_t20_2018_2026,069a5170,O Patterson,False,2025,True,2,1,1,21.0,27,21.0,10.5,10.5,False,3.7,6.25,10.5,14.75,17.3,,0,0.0,0.0,0.0,0.0,0.5,0.0,0.0,0.5,0.0,0.0,0.5,,
all_t20_2018_2026,177eb92d,Suresh Kumar,False,2019,False,3,2,1,21.0,27,10.5,7.0,4.0,True,1.6,2.5,4.0,10.0,13.600000000000001,0.5951700641394974,0,0.0,0.0,0.0,0.0,0.0,0.0,0.0,0.0,0.0,0.0,0.0,,
all_t20_2018_2026,332609c2,V Vishal,False,2020,False,1,1,0,21.0,24,21.0,21.0,21.0,False,21.0,21.0,21.0,21.0,21.0,,0,0.0,0.0,1.0,1.0,1.0,0.0,0.0,0.0,0.0,0.0,0.0,0.0,
all_t20_2018_2026,407563b0,S Stolk,False,2024,False,3,2,1,21.0,22,10.5,7.0,8.0,False,1.6,4.0,8.0,10.5,12.0,-0.2736424660533174,0,0.0,0.0,0.0,0.0,0.0,0.0,0.0,0.0,0.0,0.0,0.0,,
all_t20_2018_2026,44cb17b4,Bhagmender Lather,False,2024,False,3,2,1,21.0,15,10.5,7.0,6.0,True,2.0,3.5,6.0,10.0,12.4,0.2736424660533174,0,0.0,0.0,0.0,0.0,0.33333333333333337,0.0,0.0,0.33333333333333337,0.0,0.0,0.33333333333333337,,
all_t20_2018_2026,45f56920,JD Cook,False,2020,False,6,2,4,21.0,22,10.5,3.5,2.0,True,0.0,0.5,2.0,4.25,8.5,1.221305755942586,1,0.16666666666666666,0.5,0.0,0.0,0.625,0.0,0.0,0.625,0.0,0.0,0.625,,
all_t20_2018_2026,49bacd0f,Mihir Hirwani,False,2021,False,6,5,1,21.0,24,4.2,3.5,3.5,False,1.0,1.5,3.5,4.0,6.0,0.7579833483853596,0,0.0,0.0,0.0,0.0,0.0,0.0,0.0,0.0,0.0,0.0,0.0,,
all_t20_2018_2026,57ca01b3,Kumar Kushagra,False,2026,True,5,5,0,21.0,22,4.2,4.2,1.0,True,0.0,0.0,1.0,2.0,11.600000000000001,1.458018817408653,2,0.4,0.4,0.0,0.0,0.0,0.0,0.0,0.0,0.0,0.0,0.0,,
all_t20_2018_2026,5cb0a343,Kunal Saikia,False,2021,False,1,0,1,21.0,13,,21.0,21.0,False,21.0,21.0,21.0,21.0,21.0,,0,0.0,,1.0,1.0,1.0,0.0,,1.0,0.0,,1.0,,
all_t20_2018_2026,62e203d4,Junaid Siddique,False,2025,True,7,3,4,21.0,34,7.0,3.0,1.0,True,0.0,0.5,1.0,5.5,7.4,0.5661961305174247,1,0.14285714285714285,0.3333333333333333,0.0,0.0,0.0,0.0,0.0,0.0,0.0,0.0,0.0,,
all_t20_2018_2026,70b51feb,Hrishikesh Tamuli,False,2019,False,3,2,1,21.0,33,10.5,7.0,5.0,True,5.0,5.0,5.0,8.0,9.8,0.7071067811865474,0,0.0,0.0,0.0,0.0,0.33333333333333337,0.0,0.0,0.33333333333333337,0.0,0.0,0.33333333333333337,,
all_t20_2018_2026,78cb83f3,KOK Williams,True,2022,False,14,7,7,21.0,58,3.0,1.5,1.0,True,0.0,0.25,1.0,2.0,2.700000000000001,1.5630822312713963,3,0.21428571428571427,0.42857142857142855,0.0,0.0,0.0,0.0,0.0,0.0,0.0,0.0,0.0,,
all_t20_2018_2026,7a490dec,C le Roux,False,2026,True,5,3,2,21.0,24,7.0,4.2,0.0,True,0.0,0.0,0.0,1.0,12.400000000000002,1.491167752113375,3,0.6,1.0,0.2,0.25,0.4,0.0,0.0,0.4,0.0,0.0,0.4,,
all_t20_2018_2026,7be8a0ed,JW Dernbach,False,2019,False,3,2,1,21.0,20,10.5,7.0,9.0,False,1.8,4.5,9.0,10.5,11.4,-0.5280049792181879,1,0.3333333333333333,0.5,0.0,0.0,0.0,0.0,0.0,0.0,0.0,0.0,0.0,,
all_t20_2018_2026,93b430e8,Kaushik Maity,False,2023,False,1,0,1,21.0,20,,21.0,21.0,False,21.0,21.0,21.0,21.0,21.0,,0,0.0,,1.0,1.0,1.0,0.0,,1.0,0.0,,1.0,,
all_t20_2018_2026,97f437ed,NF Kelly,False,2020,False,3,3,0,21.0,28,7.0,7.0,5.0,True,1.0,2.5,5.0,10.5,13.8,0.4220804429649461,1,0.3333333333333333,0.3333333333333333,0.0,0.0,0.0,0.0,0.0,0.0,0.0,0.0,0.0,,
all_t20_2018_2026,ade90de7,S Midhun,False,2019,False,4,2,2,21.0,16,10.5,5.25,2.0,True,0.30000000000000004,0.75,2.0,6.5,12.800000000000002,1.0715662712739886,1,0.25,0.5,0.0,0.0,0.0,0.0,0.0,0.0,0.0,0.0,0.0,,
all_t20_2018_2026,b08252b8,RP Burl,False,2025,True,1,0,1,21.0,25,,21.0,21.0,False,21.0,21.0,21.0,21.0,21.0,,0,0.0,,1.0,1.0,1.0,0.0,,1.0,0.0,,1.0,,
all_t20_2018_2026,b3309131,Jonty Sidhu,False,2020,False,1,1,0,21.0,12,21.0,21.0,21.0,False,21.0,21.0,21.0,21.0,21.0,,0,0.0,0.0,1.0,1.0,1.0,0.0,0.0,0.0,0.0,0.0,0.0,0.0,
all_t20_2018_2026,b54d8acf,Amit Ali,False,2023,False,4,4,0,21.0,21,5.25,5.25,4.5,True,0.0,0.0,4.5,9.75,11.100000000000001,0.11531718339054199,2,0.5,0.5,0.0,0.0,0.0,0.0,0.0,0.0,0.0,0.0,0.0,,
all_t20_2018_2026,c56fc66d,J Clayton,False,2021,False,2,2,0,21.0,23,10.5,10.5,10.5,False,6.9,8.25,10.5,12.75,14.1,,0,0.0,0.0,0.0,0.0,0.0,0.0,0.0,0.0,0.0,0.0,0.0,,
all_t20_2018_2026,cefad9fd,HL Baker,True,2026,True,14,7,7,21.0,31,3.0,1.5,1.0,True,0.0,0.0,1.0,2.0,3.700000000000001,0.868379017372998,4,0.2857142857142857,0.5714285714285714,0.0,0.0,0.462962962962963,0.0,0.0,0.462962962962963,0.0,0.0,0.462962962962963,,
all_t20_2018_2026,f879ff6b,Avinash Yadav,False,2022,False,3,2,1,21.0,24,10.5,7.0,2.0,True,0.4,1.0,2.0,10.5,15.600000000000001,0.6780261313949151,1,0.3333333333333333,0.5,0.0,0.0,0.33333333333333337,0.0,0.0,0.33333333333333337,0.0,0.0,0.33333333333333337,,
all_t20_2018_2026,fb5f69e4,M Tiwari,False,2026,True,2,1,1,21.0,12,21.0,10.5,10.5,False,4.5,6.75,10.5,14.25,16.5,,0,0.0,0.0,0.0,0.0,0.5,0.0,0.0,0.5,0.0,0.0,0.5,,
all_t20_2018_2026,fd25e20c,Vikash Kumar,False,2023,False,5,5,0,21.0,18,4.2,4.2,1.0,True,0.4,1.0,1.0,4.0,10.600000000000001,1.3004019445489587,1,0.2,0.2,0.0,0.0,0.0,0.0,0.0,0.0,0.0,0.0,0.0,,
all_t20_2018_2026,0dde7f22,S McGiffin,False,2021,False,2,1,1,20.0,23,20.0,10.0,10.0,False,6.8,8.0,10.0,12.0,13.2,,0,0.0,0.0,0.0,0.0,0.5,0.0,0.0,0.5,0.0,0.0,0.5,,
all_t20_2018_2026,0f1d9054,S Brathwaite,False,2026,True,2,2,0,20.0,29,10.0,10.0,10.0,False,7.6,8.5,10.0,11.5,12.4,,0,0.0,0.0,0.0,0.0,0.0,0.0,0.0,0.0,0.0,0.0,0.0,,
all_t20_2018_2026,1b3baedd,Jiyaad Magrey,False,2020,False,1,1,0,20.0,19,20.0,20.0,20.0,False,20.0,20.0,20.0,20.0,20.0,,0,0.0,0.0,1.0,1.0,1.0,0.0,0.0,0.0,0.0,0.0,0.0,0.0,
all_t20_2018_2026,2cdce1be,C Sakariya,False,2023,False,7,6,1,20.0,31,3.3333333333333335,2.857142857142857,2.0,True,0.0,0.5,2.0,5.0,6.4,0.3870546188383103,1,0.14285714285714285,0.16666666666666666,0.0,0.0,0.0,0.0,0.0,0.0,0.0,0.0,0.0,,
all_t20_2018_2026,2d7f2ba0,WB Marshall,False,2022,False,2,2,0,20.0,21,10.0,10.0,10.0,False,5.2,7.0,10.0,13.0,14.8,,0,0.0,0.0,0.0,0.0,0.0,0.0,0.0,0.0,0.0,0.0,0.0,,
all_t20_2018_2026,44cc7766,Iqlas Naha,False,2021,False,3,3,0,20.0,19,6.666666666666667,6.666666666666667,5.0,True,1.0,2.5,5.0,10.0,13.0,0.3818017741606059,1,0.3333333333333333,0.3333333333333333,0.0,0.0,0.0,0.0,0.0,0.0,0.0,0.0,0.0,,
all_t20_2018_2026,5b16a806,A Dananjaya,False,2022,False,5,4,1,20.0,32,5.0,4.0,4.0,False,1.0,1.0,4.0,4.0,7.6000000000000005,0.9128709291752767,0,0.0,0.0,0.0,0.0,0.0,0.0,0.0,0.0,0.0,0.0,0.0,,
all_t20_2018_2026,6755cd5c,CB Cooke,False,2021,False,3,3,0,20.0,21,6.666666666666667,6.666666666666667,5.0,True,4.2,4.5,5.0,8.0,9.8,0.6520121170440459,0,0.0,0.0,0.0,0.0,0.0,0.0,0.0,0.0,0.0,0.0,0.0,,
all_t20_2018_2026,7cb2d9d2,DM Dupavillon,False,2023,False,7,2,5,20.0,26,10.0,2.857142857142857,2.0,True,0.6000000000000001,1.5,2.0,4.0,5.800000000000001,0.6422833649092811,0,0.0,0.0,0.0,0.0,0.33333333333333337,0.0,0.0,0.33333333333333337,0.0,0.0,0.33333333333333337,,
all_t20_2018_2026,a7c226e1,FH Edwards,False,2021,False,6,1,5,20.0,13,20.0,3.3333333333333335,2.0,True,1.0,1.25,2.0,2.75,7.0,1.6399556535024187,0,0.0,0.0,0.0,0.0,0.8333333333333334,0.0,0.0,0.8333333333333334,0.0,0.0,0.8333333333333334,,
all_t20_2018_2026,ab922bd0,Abhilash Gogoi,False,2019,False,4,3,1,20.0,22,6.666666666666667,5.0,6.0,False,1.8000000000000003,4.5,6.0,6.5,7.4,-0.8888888888888888,1,0.25,0.3333333333333333,0.0,0.0,0.25,0.0,0.0,0.25,0.0,0.0,0.25,,
all_t20_2018_2026,c3f7898b,TP Ludeman,False,2018,False,3,3,0,20.0,20,6.666666666666667,6.666666666666667,8.0,False,3.2,5.0,8.0,9.0,9.6,-0.528004979218188,0,0.0,0.0,0.0,0.0,0.0,0.0,0.0,0.0,0.0,0.0,0.0,,
all_t20_2018_2026,ca38de66,Bonny Chingangbam,False,2021,False,3,2,1,20.0,27,10.0,6.666666666666667,3.0,True,1.4,2.0,3.0,9.5,13.4,0.6594396096645878,0,0.0,0.0,0.0,0.0,0.0,0.0,0.0,0.0,0.0,0.0,0.0,,
all_t20_2018_2026,d74db32e,D Chauhan,False,2019,False,2,0,2,20.0,28,,10.0,10.0,False,3.6,6.0,10.0,14.0,16.4,,0,0.0,,0.0,,1.0,0.0,,1.0,0.0,,1.0,,
all_t20_2018_2026,efcd6d23,KS Melius,False,2023,False,3,3,0,20.0,22,6.666666666666667,6.666666666666667,8.0,False,1.6,4.0,8.0,10.0,11.2,-0.3818017741606066,1,0.3333333333333333,0.3333333333333333,0.0,0.0,0.0,0.0,0.0,0.0,0.0,0.0,0.0,,
all_t20_2018_2026,fc1deb2b,SK Das,False,2023,False,1,0,1,20.0,27,,20.0,20.0,False,20.0,20.0,20.0,20.0,20.0,,0,0.0,,1.0,1.0,1.0,0.0,,1.0,0.0,,1.0,,
all_t20_2018_2026,0f6db197,S Mahmood,False,2026,True,9,3,6,19.0,24,6.333333333333333,2.111111111111111,2.0,True,0.0,1.0,2.0,2.0,4.6000000000000005,1.2620839446653005,2,0.2222222222222222,0.6666666666666666,0.0,0.0,0.6666666666666667,0.0,0.0,0.6666666666666667,0.0,0.0,0.6666666666666667,,
all_t20_2018_2026,4b6f8814,Arslan Khan,False,2024,False,2,2,0,19.0,10,9.5,9.5,9.5,False,1.9000000000000001,4.75,9.5,14.25,17.1,,1,0.5,0.5,0.0,0.0,0.0,0.0,0.0,0.0,0.0,0.0,0.0,,
all_t20_2018_2026,9061a703,J Little,True,2024,False,11,2,9,19.0,32,9.5,1.7272727272727273,1.0,True,0.0,0.0,1.0,3.0,5.0,0.7825650826903802,2,0.18181818181818182,1.0,0.0,0.0,0.8181818181818181,0.0,0.0,0.8181818181818181,0.0,0.0,0.8181818181818181,,
all_t20_2018_2026,907cb4c1,Amit Yadav,False,2022,False,4,3,1,19.0,24,6.333333333333333,4.75,5.0,False,0.30000000000000004,0.75,5.0,9.0,9.0,-0.020547580391606885,1,0.25,0.3333333333333333,0.0,0.0,0.25,0.0,0.0,0.25,0.0,0.0,0.25,,
all_t20_2018_2026,9983bb4e,Ankit Manori,False,2021,False,1,1,0,19.0,9,19.0,19.0,19.0,False,19.0,19.0,19.0,19.0,19.0,,0,0.0,0.0,0.0,0.0,0.0,0.0,0.0,0.0,0.0,0.0,0.0,,
all_t20_2018_2026,9d6e1d80,TA Griffith,False,2019,False,2,2,0,19.0,17,9.5,9.5,9.5,False,8.3,8.75,9.5,10.25,10.7,,0,0.0,0.0,0.0,0.0,0.0,0.0,0.0,0.0,0.0,0.0,0.0,,
all_t20_2018_2026,9e707e02,KS Carlson,False,2026,True,1,1,0,19.0,19,19.0,19.0,19.0,False,19.0,19.0,19.0,19.0,19.0,,0,0.0,0.0,0.0,0.0,0.0,0.0,0.0,0.0,0.0,0.0,0.0,,
all_t20_2018_2026,c042b412,FJ Klaassen,False,2025,True,6,2,4,19.0,20,9.5,3.1666666666666665,3.0,True,1.0,2.25,3.0,4.5,5.5,-0.09977899652166529,1,0.16666666666666666,0.5,0.0,0.0,0.6666666666666667,0.0,0.0,0.6666666666666667,0.0,0.0,0.6666666666666667,,
all_t20_2018_2026,c1e53c3f,R Smaran,False,2026,True,4,3,1,19.0,25,6.333333333333333,4.75,4.5,True,1.9000000000000001,3.25,4.5,6.0,7.800000000000001,0.25210697207471167,0,0.0,0.0,0.0,0.0,0.0,0.0,0.0,0.0,0.0,0.0,0.0,,
all_t20_2018_2026,c3f4dc55,AD Carr,False,2021,False,3,1,2,19.0,22,19.0,6.333333333333333,4.0,True,4.0,4.0,4.0,7.5,9.6,0.7071067811865476,0,0.0,0.0,0.0,0.0,0.6666666666666667,0.0,0.0,0.6666666666666667,0.0,0.0,0.6666666666666667,,
all_t20_2018_2026,dbe38f35,Amshi de Silva,False,2026,True,6,5,1,19.0,12,3.8,3.1666666666666665,0.5,True,0.0,0.0,0.5,7.0,9.0,0.6848509712050302,3,0.5,0.6,0.0,0.0,0.16666666666666669,0.0,0.0,0.16666666666666669,0.0,0.0,0.16666666666666669,,
all_t20_2018_2026,ddc7a53d,DR Deshmukh,False,2019,False,2,2,0,19.0,14,9.5,9.5,9.5,False,9.1,9.25,9.5,9.75,9.9,,0,0.0,0.0,0.0,0.0,0.0,0.0,0.0,0.0,0.0,0.0,0.0,,
all_t20_2018_2026,ebaeab6b,NL Bertus,False,2021,False,2,2,0,19.0,22,9.5,9.5,9.5,False,5.1,6.75,9.5,12.25,13.9,,0,0.0,0.0,0.0,0.0,0.0,0.0,0.0,0.0,0.0,0.0,0.0,,
all_t20_2018_2026,f81005c4,Shivam Kumar,False,2019,False,4,2,2,19.0,23,9.5,4.75,3.0,True,1.3,1.75,3.0,6.0,9.600000000000001,0.9504480186227775,0,0.0,0.0,0.0,0.0,0.375,0.0,0.0,0.375,0.0,0.0,0.375,,
all_t20_2018_2026,00b195ae,TH Aspinwall,False,2024,False,1,0,1,18.0,12,,18.0,18.0,False,18.0,18.0,18.0,18.0,18.0,,0,0.0,,0.0,,1.0,0.0,,1.0,0.0,,1.0,,
all_t20_2018_2026,13903f13,Tahmeed Rahman,True,2023,False,10,5,5,18.0,40,3.6,1.8,1.5,True,0.0,0.25,1.5,2.0,3.3999999999999986,1.57151367476895,3,0.3,0.6,0.0,0.0,0.42,0.0,0.0,0.42,0.0,0.0,0.42,,
all_t20_2018_2026,15745dbe,Vivekanand Tiwari,False,2021,False,3,2,1,18.0,12,9.0,6.0,3.0,True,1.4,2.0,3.0,8.5,11.8,0.642723256123866,0,0.0,0.0,0.0,0.0,0.0,0.0,0.0,0.0,0.0,0.0,0.0,,
all_t20_2018_2026,347fb4e1,Debabrata Pradhan,False,2021,False,4,2,2,18.0,25,9.0,4.5,2.0,True,1.0,1.0,2.0,5.5,10.000000000000002,1.0659491980021947,0,0.0,0.0,0.0,0.0,0.0,0.0,0.0,0.0,0.0,0.0,0.0,,
all_t20_2018_2026,39180894,BC Cullen,False,2021,False,4,2,2,18.0,15,9.0,4.5,1.5,True,0.30000000000000004,0.75,1.5,5.25,11.100000000000001,1.1084372830646887,1,0.25,0.5,0.0,0.0,0.5,0.0,0.0,0.5,0.0,0.0,0.5,,
all_t20_2018_2026,3cc96a05,A Bharwad,False,2023,False,1,1,0,18.0,25,18.0,18.0,18.0,False,18.0,18.0,18.0,18.0,18.0,,0,0.0,0.0,0.0,0.0,0.0,0.0,0.0,0.0,0.0,0.0,0.0,,
all_t20_2018_2026,402f8494,RJ Gleeson,True,2025,True,14,7,7,18.0,37,2.5714285714285716,1.2857142857142858,1.0,True,0.0,0.0,1.0,1.0,2.700000000000001,2.446344607947218,3,0.21428571428571427,0.42857142857142855,0.0,0.0,0.0,0.0,0.0,0.0,0.0,0.0,0.0,,
all_t20_2018_2026,4a9a8c3d,Pukhraj Mann,False,2022,False,2,1,1,18.0,12,18.0,9.0,9.0,False,8.2,8.5,9.0,9.5,9.8,,0,0.0,0.0,0.0,0.0,0.0,0.0,0.0,0.0,0.0,0.0,0.0,,
all_t20_2018_2026,507acf2e,P Cleary,False,2021,False,6,5,1,18.0,22,3.6,3.0,3.0,False,0.0,0.75,3.0,3.75,6.0,0.6042673193530881,2,0.3333333333333333,0.4,0.0,0.0,0.0,0.0,0.0,0.0,0.0,0.0,0.0,,
all_t20_2018_2026,7cc093f4,Roshan Alam,False,2021,False,3,1,2,18.0,18,18.0,6.0,2.0,True,2.0,2.0,2.0,8.0,11.600000000000001,0.7071067811865474,0,0.0,0.0,0.0,0.0,0.6666666666666667,0.0,0.0,0.6666666666666667,0.0,0.0,0.6666666666666667,,
all_t20_2018_2026,9dc85417,Saidingliana Sailo,False,2019,False,5,3,2,18.0,39,6.0,3.6,3.0,True,2.0,2.0,3.0,5.0,5.6,0.3804646084815737,0,0.0,0.0,0.0,0.0,0.0,0.0,0.0,0.0,0.0,0.0,0.0,,
all_t20_2018_2026,a22fb7b5,PM Nevill,False,2021,False,1,1,0,18.0,14,18.0,18.0,18.0,False,18.0,18.0,18.0,18.0,18.0,,0,0.0,0.0,0.0,0.0,0.0,0.0,0.0,0.0,0.0,0.0,0.0,,
all_t20_2018_2026,a584021c,MD Ingale,False,2020,False,2,1,1,18.0,8,18.0,9.0,9.0,False,6.6,7.5,9.0,10.5,11.4,,0,0.0,0.0,0.0,0.0,0.0,0.0,0.0,0.0,0.0,0.0,0.0,,
all_t20_2018_2026,aa5d8c9e,A Tomar,False,2022,False,2,2,0,18.0,26,9.0,9.0,9.0,False,5.0,6.5,9.0,11.5,13.0,,0,0.0,0.0,0.0,0.0,0.0,0.0,0.0,0.0,0.0,0.0,0.0,,
all_t20_2018_2026,b507ce5d,Samit Gohel,False,2021,False,1,1,0,18.0,19,18.0,18.0,18.0,False,18.0,18.0,18.0,18.0,18.0,,0,0.0,0.0,0.0,0.0,0.0,0.0,0.0,0.0,0.0,0.0,0.0,,
all_t20_2018_2026,b9a52291,A Cranstone,False,2022,False,1,1,0,18.0,21,18.0,18.0,18.0,False,18.0,18.0,18.0,18.0,18.0,,0,0.0,0.0,0.0,0.0,0.0,0.0,0.0,0.0,0.0,0.0,0.0,,
all_t20_2018_2026,c8d45843,JC Carmichael,False,2023,False,5,0,5,18.0,26,,3.6,2.0,True,1.4,2.0,2.0,4.0,7.0,1.1140963830468875,0,0.0,,0.0,,1.0,0.0,,1.0,0.0,,1.0,,
all_t20_2018_2026,caabc8e4,Mohit Kumar,False,2020,False,5,3,2,18.0,10,6.0,3.6,1.0,True,0.4,1.0,1.0,4.0,8.8,1.192264211793641,1,0.2,0.3333333333333333,0.0,0.0,0.30000000000000004,0.0,0.0,0.30000000000000004,0.0,0.0,0.30000000000000004,,
all_t20_2018_2026,ce2fa609,S Solanki,False,2023,False,2,2,0,18.0,20,9.0,9.0,9.0,False,5.8,7.0,9.0,11.0,12.2,,0,0.0,0.0,0.0,0.0,0.0,0.0,0.0,0.0,0.0,0.0,0.0,,
all_t20_2018_2026,d8fee704,Prayas Singh,False,2021,False,3,3,0,18.0,25,6.0,6.0,4.0,True,2.4,3.0,4.0,8.0,10.4,0.5951700641394972,0,0.0,0.0,0.0,0.0,0.0,0.0,0.0,0.0,0.0,0.0,0.0,,
all_t20_2018_2026,f277f531,FD Adams,False,2022,False,4,2,2,18.0,14,9.0,4.5,4.0,True,0.6000000000000001,1.5,4.0,7.0,8.8,0.2780305556539629,1,0.25,0.5,0.0,0.0,0.5,0.0,0.0,0.5,0.0,0.0,0.5,,
all_t20_2018_2026,f4271f06,Akash Raj,False,2020,False,2,1,1,18.0,27,18.0,9.0,9.0,False,4.2,6.0,9.0,12.0,13.8,,0,0.0,0.0,0.0,0.0,0.0,0.0,0.0,0.0,0.0,0.0,0.0,,
all_t20_2018_2026,f45d6e23,Vijay Jethi,False,2021,False,2,2,0,18.0,16,9.0,9.0,9.0,False,1.8,4.5,9.0,13.5,16.2,,1,0.5,0.5,0.0,0.0,0.0,0.0,0.0,0.0,0.0,0.0,0.0,,
all_t20_2018_2026,f6d8a7ab,K Kartikeya,False,2025,True,8,5,3,18.0,25,3.6,2.25,1.5,True,0.7000000000000001,1.0,1.5,3.25,4.6,0.8090398349558905,1,0.125,0.2,0.0,0.0,0.0,0.0,0.0,0.0,0.0,0.0,0.0,,
all_t20_2018_2026,0420f51f,AG Rao,False,2020,False,2,2,0,17.0,26,8.5,8.5,8.5,False,7.3,7.75,8.5,9.25,9.7,,0,0.0,0.0,0.0,0.0,0.0,0.0,0.0,0.0,0.0,0.0,0.0,,
all_t20_2018_2026,0f21680d,GG White,False,2021,False,2,1,1,17.0,12,17.0,8.5,8.5,False,4.1,5.75,8.5,11.25,12.9,,0,0.0,0.0,0.0,0.0,0.0,0.0,0.0,0.0,0.0,0.0,0.0,,
all_t20_2018_2026,21527bc1,Lalhriatrenga,False,2023,False,3,1,2,17.0,36,17.0,5.666666666666667,8.0,False,1.6,4.0,8.0,8.5,8.8,-0.6745554845457661,0,0.0,0.0,0.0,0.0,0.5,0.0,0.0,0.5,0.0,0.0,0.5,,
all_t20_2018_2026,224fe44d,DB Bana,False,2022,False,1,1,0,17.0,16,17.0,17.0,17.0,False,17.0,17.0,17.0,17.0,17.0,,0,0.0,0.0,0.0,0.0,0.0,0.0,0.0,0.0,0.0,0.0,0.0,,
all_t20_2018_2026,24ea8cf8,Dippu Sangma,False,2021,False,4,4,0,17.0,28,4.25,4.25,2.0,True,0.30000000000000004,0.75,2.0,5.5,10.000000000000002,1.0098012210299345,1,0.25,0.25,0.0,0.0,0.0,0.0,0.0,0.0,0.0,0.0,0.0,,
all_t20_2018_2026,2d209101,Felix Alemao,False,2018,False,2,1,1,17.0,13,17.0,8.5,8.5,False,4.9,6.25,8.5,10.75,12.1,,0,0.0,0.0,0.0,0.0,0.5,0.0,0.0,0.5,0.0,0.0,0.5,,
all_t20_2018_2026,324a6ee1,OB Cox,False,2025,True,1,0,1,17.0,12,,17.0,17.0,False,17.0,17.0,17.0,17.0,17.0,,0,0.0,,0.0,,1.0,0.0,,1.0,0.0,,1.0,,
all_t20_2018_2026,3c703eee,Tashi Bhalla,False,2018,False,3,2,1,17.0,22,8.5,5.666666666666667,4.0,True,0.8,2.0,4.0,8.5,11.200000000000001,0.43104156572815266,0,0.0,0.0,0.0,0.0,0.0,0.0,0.0,0.0,0.0,0.0,0.0,,
all_t20_2018_2026,3fb19989,MA Starc,True,2026,True,13,5,8,17.0,26,3.4,1.3076923076923077,1.0,True,0.0,0.0,1.0,2.0,2.0,2.0115000000000003,4,0.3076923076923077,0.8,0.0,0.0,0.5192307692307692,0.0,0.0,0.5192307692307692,0.0,0.0,0.5192307692307692,,
all_t20_2018_2026,5222f5fa,H McKenzie,False,2024,False,3,2,1,17.0,12,8.5,5.666666666666667,6.0,False,4.4,5.0,6.0,6.5,6.8,-0.38180177416060707,0,0.0,0.0,0.0,0.0,0.33333333333333337,0.0,0.0,0.33333333333333337,0.0,0.0,0.33333333333333337,,
all_t20_2018_2026,7239b60d,CAH Stevenson,False,2024,False,1,1,0,17.0,11,17.0,17.0,17.0,False,17.0,17.0,17.0,17.0,17.0,,0,0.0,0.0,0.0,0.0,0.0,0.0,0.0,0.0,0.0,0.0,0.0,,
all_t20_2018_2026,748b7a38,AM Joshi,False,2019,False,1,1,0,17.0,9,17.0,17.0,17.0,False,17.0,17.0,17.0,17.0,17.0,,0,0.0,0.0,0.0,0.0,0.0,0.0,0.0,0.0,0.0,0.0,0.0,,
all_t20_2018_2026,759ac88f,MM Sharma,True,2025,True,12,6,6,17.0,43,2.8333333333333335,1.4166666666666667,1.0,True,0.0,0.0,1.0,2.25,3.9000000000000004,0.6074052263923344,3,0.25,0.5,0.0,0.0,0.20000000000000004,0.0,0.0,0.20000000000000004,0.0,0.0,0.20000000000000004,,
all_t20_2018_2026,8db0c0e1,Sagar Udeshi,False,2022,False,5,3,2,17.0,30,5.666666666666667,3.4,3.0,True,0.0,0.0,3.0,5.0,7.4,0.5222570322616862,1,0.2,0.3333333333333333,0.0,0.0,0.0,0.0,0.0,0.0,0.0,0.0,0.0,,
all_t20_2018_2026,b03303ca,L Guthrie,False,2021,False,3,2,1,17.0,12,8.5,5.666666666666667,6.0,False,1.2000000000000002,3.0,6.0,8.5,10.0,-0.11078011765484609,1,0.3333333333333333,0.5,0.0,0.0,0.33333333333333337,0.0,0.0,0.33333333333333337,0.0,0.0,0.33333333333333337,,
all_t20_2018_2026,b903f842,Manik Beri,False,2021,False,1,1,0,17.0,18,17.0,17.0,17.0,False,17.0,17.0,17.0,17.0,17.0,,0,0.0,0.0,0.0,0.0,0.0,0.0,0.0,0.0,0.0,0.0,0.0,,
all_t20_2018_2026,cf77f579,Rojith Ganesh,False,2021,False,3,2,1,17.0,22,8.5,5.666666666666667,7.0,False,2.2,4.0,7.0,8.0,8.6,-0.528004979218188,0,0.0,0.0,0.0,0.0,0.33333333333333337,0.0,0.0,0.33333333333333337,0.0,0.0,0.33333333333333337,,
all_t20_2018_2026,d221c0cf,Jagjit Singh,False,2024,False,2,1,1,17.0,10,17.0,8.5,8.5,False,5.7,6.75,8.5,10.25,11.3,,0,0.0,0.0,0.0,0.0,0.0,0.0,0.0,0.0,0.0,0.0,0.0,,
all_t20_2018_2026,d8f20ba5,O Prendergast,False,2026,True,4,4,0,17.0,24,4.25,4.25,2.5,True,0.0,0.0,2.5,6.75,9.900000000000002,0.6564925534214973,2,0.5,0.5,0.0,0.0,0.0,0.0,0.0,0.0,0.0,0.0,0.0,,
all_t20_2018_2026,e342d310,Pritam Das,False,2021,False,7,5,2,17.0,18,3.4,2.4285714285714284,1.0,True,0.0,0.0,1.0,4.5,6.4,0.6410721948156384,3,0.42857142857142855,0.6,0.0,0.0,0.0,0.0,0.0,0.0,0.0,0.0,0.0,,
all_t20_2018_2026,eb46e18d,TS Saha,False,2020,False,4,4,0,17.0,32,4.25,4.25,4.5,False,2.6,3.5,4.5,5.25,5.7,-0.4346507595746657,0,0.0,0.0,0.0,0.0,0.0,0.0,0.0,0.0,0.0,0.0,0.0,,
all_t20_2018_2026,f21b01e1,Kranthi Kumar,False,2021,False,3,3,0,17.0,27,5.666666666666667,5.666666666666667,3.0,True,0.6000000000000001,1.5,3.0,8.5,11.8,0.5776336923662018,1,0.3333333333333333,0.3333333333333333,0.0,0.0,0.0,0.0,0.0,0.0,0.0,0.0,0.0,,
all_t20_2018_2026,f59e9ac9,Anmol Malhotra,False,2019,False,3,2,1,17.0,23,8.5,5.666666666666667,6.0,False,2.0,3.5,6.0,8.0,9.2,-0.13506152278474093,0,0.0,0.0,0.0,0.0,0.0,0.0,0.0,0.0,0.0,0.0,0.0,,
all_t20_2018_2026,f9da1515,Vipin Dhaka,False,2021,False,2,2,0,17.0,28,8.5,8.5,8.5,False,8.1,8.25,8.5,8.75,8.9,,0,0.0,0.0,0.0,0.0,0.0,0.0,0.0,0.0,0.0,0.0,0.0,,
all_t20_2018_2026,03a83c50,V Viyaskanth,False,2024,False,3,0,3,16.0,20,,5.333333333333333,7.0,False,2.2,4.0,7.0,7.5,7.8,-0.6520121170440459,0,0.0,,0.0,,1.0,0.0,,1.0,0.0,,1.0,,
all_t20_2018_2026,1501688a,AK Chahal,False,2018,False,2,1,1,16.0,13,16.0,8.0,8.0,False,4.8,6.0,8.0,10.0,11.2,,0,0.0,0.0,0.0,0.0,0.0,0.0,0.0,0.0,0.0,0.0,0.0,,
all_t20_2018_2026,272fc5ad,HNA Conway,False,2022,False,5,3,2,16.0,19,5.333333333333333,3.2,3.0,True,1.0,1.0,3.0,5.0,5.6,0.15274429755954694,0,0.0,0.0,0.0,0.0,0.0,0.0,0.0,0.0,0.0,0.0,0.0,,
all_t20_2018_2026,28392e11,Zaman Khan,False,2024,False,4,0,4,16.0,11,,4.0,4.0,False,1.3,1.75,4.0,6.25,6.7,0.0,0,0.0,,0.0,,1.0,0.0,,1.0,0.0,,1.0,,
all_t20_2018_2026,66ea7420,G Lalbiakvela,True,2022,False,10,8,2,16.0,40,2.0,1.6,1.0,True,0.0,0.25,1.0,1.0,5.1,1.368422432872945,3,0.3,0.375,0.0,0.0,0.0,0.0,0.0,0.0,0.0,0.0,0.0,,
all_t20_2018_2026,68790da2,N Brand,False,2022,False,1,1,0,16.0,16,16.0,16.0,16.0,False,16.0,16.0,16.0,16.0,16.0,,0,0.0,0.0,0.0,0.0,0.0,0.0,0.0,0.0,0.0,0.0,0.0,,
all_t20_2018_2026,6ab96cc2,Sonu Yadav,False,2020,False,1,1,0,16.0,16,16.0,16.0,16.0,False,16.0,16.0,16.0,16.0,16.0,,0,0.0,0.0,0.0,0.0,0.0,0.0,0.0,0.0,0.0,0.0,0.0,,
all_t20_2018_2026,6b9eb501,OEG Baartman,True,2026,True,10,5,5,16.0,27,3.2,1.6,1.0,True,0.0,0.25,1.0,1.0,5.1,1.368422432872945,3,0.3,0.6,0.0,0.0,0.3,0.0,0.0,0.3,0.0,0.0,0.3,,
all_t20_2018_2026,85e0cf10,M Prasidh Krishna,False,2026,True,9,4,5,16.0,36,4.0,1.7777777777777777,1.0,True,0.0,0.0,1.0,2.0,4.4,1.0567431730457704,2,0.2222222222222222,0.5,0.0,0.0,0.4861111111111111,0.0,0.0,0.4861111111111111,0.0,0.0,0.4861111111111111,,
all_t20_2018_2026,9e67cfd0,Sameer Choudhary,False,2021,False,3,3,0,16.0,29,5.333333333333333,5.333333333333333,6.0,False,1.2000000000000002,3.0,6.0,8.0,9.2,-0.23906314692954442,1,0.3333333333333333,0.3333333333333333,0.0,0.0,0.0,0.0,0.0,0.0,0.0,0.0,0.0,,
all_t20_2018_2026,a1af722a,Tushar Gill,False,2019,False,1,1,0,16.0,18,16.0,16.0,16.0,False,16.0,16.0,16.0,16.0,16.0,,0,0.0,0.0,0.0,0.0,0.0,0.0,0.0,0.0,0.0,0.0,0.0,,
all_t20_2018_2026,ae9adf77,Padam Limboo,False,2019,False,2,0,2,16.0,21,,8.0,8.0,False,1.6,4.0,8.0,12.0,14.4,,0,0.0,,0.0,,1.0,0.0,,1.0,0.0,,1.0,,
all_t20_2018_2026,c4109286,Rinzing Bhutia,False,2018,False,1,0,1,16.0,14,,16.0,16.0,False,16.0,16.0,16.0,16.0,16.0,,0,0.0,,0.0,,1.0,0.0,,1.0,0.0,,1.0,,
all_t20_2018_2026,ddeaa5fa,Bappa Das,False,2019,False,1,1,0,16.0,17,16.0,16.0,16.0,False,16.0,16.0,16.0,16.0,16.0,,0,0.0,0.0,0.0,0.0,0.0,0.0,0.0,0.0,0.0,0.0,0.0,,
all_t20_2018_2026,eb7c5965,NR Narah,False,2022,False,3,2,1,16.0,14,8.0,5.333333333333333,4.0,True,0.8,2.0,4.0,8.0,10.4,0.3818017741606064,1,0.3333333333333333,0.5,0.0,0.0,0.0,0.0,0.0,0.0,0.0,0.0,0.0,,
all_t20_2018_2026,f5180fe6,MG Johnson,False,2018,False,2,0,2,16.0,11,,8.0,8.0,False,4.8,6.0,8.0,10.0,11.2,,0,0.0,,0.0,,1.0,0.0,,1.0,0.0,,1.0,,
all_t20_2018_2026,fc4375ef,BFW de Leede,False,2023,False,2,2,0,16.0,18,8.0,8.0,8.0,False,3.2,5.0,8.0,11.0,12.8,,0,0.0,0.0,0.0,0.0,0.0,0.0,0.0,0.0,0.0,0.0,0.0,,
all_t20_2018_2026,02b25ee4,SS Ghosh,False,2023,False,2,2,0,15.0,21,7.5,7.5,7.5,False,6.3,6.75,7.5,8.25,8.7,,0,0.0,0.0,0.0,0.0,0.0,0.0,0.0,0.0,0.0,0.0,0.0,,
all_t20_2018_2026,083c2d59,Sanidhya Hurkat,False,2023,False,2,2,0,15.0,21,7.5,7.5,7.5,False,2.3,4.25,7.5,10.75,12.7,,0,0.0,0.0,0.0,0.0,0.0,0.0,0.0,0.0,0.0,0.0,0.0,,
all_t20_2018_2026,537f5ab2,DL Piedt,False,2023,False,2,1,1,15.0,14,15.0,7.5,7.5,False,3.9,5.25,7.5,9.75,11.1,,0,0.0,0.0,0.0,0.0,0.0,0.0,0.0,0.0,0.0,0.0,0.0,,
all_t20_2018_2026,5750bcb4,E Malinga,False,2026,True,4,2,2,15.0,21,7.5,3.75,3.5,True,0.6000000000000001,1.5,3.5,5.75,7.1000000000000005,0.18515606300541934,0,0.0,0.0,0.0,0.0,0.0,0.0,0.0,0.0,0.0,0.0,0.0,,
all_t20_2018_2026,597d321a,Dinesh Rai,False,2019,False,3,3,0,15.0,29,5.0,5.0,2.0,True,2.0,2.0,2.0,6.5,9.200000000000001,0.7071067811865477,0,0.0,0.0,0.0,0.0,0.0,0.0,0.0,0.0,0.0,0.0,0.0,,
all_t20_2018_2026,72bf3f11,JH Saroha,False,2019,False,2,1,1,15.0,7,15.0,7.5,7.5,False,2.3,4.25,7.5,10.75,12.7,,0,0.0,0.0,0.0,0.0,0.0,0.0,0.0,0.0,0.0,0.0,0.0,,
all_t20_2018_2026,74b02e0c,DYA Davis,False,2024,False,2,0,2,15.0,17,,7.5,7.5,False,3.1,4.75,7.5,10.25,11.9,,0,0.0,,0.0,,1.0,0.0,,1.0,0.0,,1.0,,
all_t20_2018_2026,8596fe80,Mohammad Hasnain,False,2022,False,3,0,3,15.0,7,,5.0,4.0,True,0.8,2.0,4.0,7.5,9.6,0.3193122665787532,0,0.0,,0.0,,1.0,0.0,,1.0,0.0,,1.0,,
all_t20_2018_2026,8a336273,Nalin Mishra,False,2021,False,1,1,0,15.0,19,15.0,15.0,15.0,False,15.0,15.0,15.0,15.0,15.0,,0,0.0,0.0,0.0,0.0,0.0,0.0,0.0,0.0,0.0,0.0,0.0,,
all_t20_2018_2026,98f27d4b,Kanishk Seth,False,2024,False,5,4,1,15.0,24,3.75,3.0,2.0,True,1.0,1.0,2.0,5.0,5.6,0.39005287741865136,0,0.0,0.0,0.0,0.0,0.0,0.0,0.0,0.0,0.0,0.0,0.0,,
all_t20_2018_2026,9dc27cf0,Pulkit Narang,False,2019,False,1,0,1,15.0,16,,15.0,15.0,False,15.0,15.0,15.0,15.0,15.0,,0,0.0,,0.0,,1.0,0.0,,1.0,0.0,,1.0,,
all_t20_2018_2026,a9d595ee,R Herrmann,False,2023,False,2,2,0,15.0,17,7.5,7.5,7.5,False,6.3,6.75,7.5,8.25,8.7,,0,0.0,0.0,0.0,0.0,0.0,0.0,0.0,0.0,0.0,0.0,0.0,,
all_t20_2018_2026,b51f72a5,SS Agarwal,False,2023,False,5,2,3,15.0,14,7.5,3.0,2.0,True,1.4,2.0,2.0,2.0,5.6000000000000005,1.4082017705437313,0,0.0,0.0,0.0,0.0,0.0,0.0,0.0,0.0,0.0,0.0,0.0,,
all_t20_2018_2026,d12c8445,K Moore,False,2025,True,6,4,2,15.0,20,3.75,2.5,0.5,True,0.0,0.0,0.5,2.5,7.0,1.528049112123866,3,0.5,0.75,0.0,0.0,0.0,0.0,0.0,0.0,0.0,0.0,0.0,,
all_t20_2018_2026,dc4686e6,BA Bhatt,False,2020,False,3,1,2,15.0,12,15.0,5.0,3.0,True,0.6000000000000001,1.5,3.0,7.5,10.200000000000001,0.5280049792181879,0,0.0,0.0,0.0,0.0,0.5,0.0,0.0,0.5,0.0,0.0,0.5,,
all_t20_2018_2026,dfbd203a,Karkir Taye,False,2021,False,3,0,3,15.0,13,,5.0,7.0,False,2.2,4.0,7.0,7.0,7.0,-0.7071067811865474,0,0.0,,0.0,,1.0,0.0,,1.0,0.0,,1.0,,
all_t20_2018_2026,e1891e00,BV Sears,False,2025,True,1,0,1,15.0,10,,15.0,15.0,False,15.0,15.0,15.0,15.0,15.0,,0,0.0,,0.0,,1.0,0.0,,1.0,0.0,,1.0,,
all_t20_2018_2026,09a341f9,G Ajitesh,False,2023,False,3,3,0,14.0,13,4.666666666666667,4.666666666666667,4.0,True,2.4,3.0,4.0,6.0,7.2,0.3818017741606059,0,0.0,0.0,0.0,0.0,0.0,0.0,0.0,0.0,0.0,0.0,0.0,,
all_t20_2018_2026,0a8fce53,Mustafizur Rahman,False,2025,True,8,3,5,14.0,26,4.666666666666667,1.75,1.0,True,0.0,0.0,1.0,1.5,4.499999999999999,1.7506335718841328,1,0.125,0.3333333333333333,0.0,0.0,0.525,0.0,0.0,0.525,0.0,0.0,0.525,,
all_t20_2018_2026,0bf15e52,Harmeet Singh (2),False,2025,True,1,1,0,14.0,13,14.0,14.0,14.0,False,14.0,14.0,14.0,14.0,14.0,,0,0.0,0.0,0.0,0.0,0.0,0.0,0.0,0.0,0.0,0.0,0.0,,
all_t20_2018_2026,1bf2759b,Nongthombam Denin,False,2020,False,2,2,0,14.0,14,7.0,7.0,7.0,False,5.4,6.0,7.0,8.0,8.6,,0,0.0,0.0,0.0,0.0,0.0,0.0,0.0,0.0,0.0,0.0,0.0,,
all_t20_2018_2026,2656936a,Hiten Mehra,False,2018,False,3,3,0,14.0,18,4.666666666666667,4.666666666666667,2.0,True,2.0,2.0,2.0,6.0,8.4,0.7071067811865472,0,0.0,0.0,0.0,0.0,0.0,0.0,0.0,0.0,0.0,0.0,0.0,,
all_t20_2018_2026,27e71d47,K Upadhyay,False,2019,False,2,2,0,14.0,14,7.0,7.0,7.0,False,1.4000000000000001,3.5,7.0,10.5,12.6,,1,0.5,0.5,0.0,0.0,0.0,0.0,0.0,0.0,0.0,0.0,0.0,,
all_t20_2018_2026,29e676b0,R Moonsamy,False,2025,True,3,3,0,14.0,27,4.666666666666667,4.666666666666667,3.0,True,1.4,2.0,3.0,6.5,8.6,0.5673165779937288,0,0.0,0.0,0.0,0.0,0.0,0.0,0.0,0.0,0.0,0.0,0.0,,
all_t20_2018_2026,301762cd,Sumit Lama,False,2020,False,4,3,1,14.0,28,4.666666666666667,3.5,2.5,True,1.3,1.75,2.5,4.25,6.500000000000001,0.9220734033619128,0,0.0,0.0,0.0,0.0,0.0,0.0,0.0,0.0,0.0,0.0,0.0,,
all_t20_2018_2026,427e6670,BB Dey,False,2019,False,2,0,2,14.0,16,,7.0,7.0,False,3.8,5.0,7.0,9.0,10.2,,0,0.0,,0.0,,1.0,0.0,,1.0,0.0,,1.0,,
all_t20_2018_2026,4bd09374,Akash Madhwal,False,2025,True,5,1,4,14.0,28,14.0,2.8,4.0,False,0.4,1.0,4.0,4.0,4.6,-0.3752617725750074,1,0.2,1.0,0.0,0.0,0.8,0.0,0.0,0.8,0.0,0.0,0.8,,
all_t20_2018_2026,5a004050,Deepak Punia,False,2021,False,2,2,0,14.0,23,7.0,7.0,7.0,False,7.0,7.0,7.0,7.0,7.0,,0,0.0,0.0,0.0,0.0,0.0,0.0,0.0,0.0,0.0,0.0,0.0,,
all_t20_2018_2026,5ea51c25,Hazratullah,False,2023,False,4,4,0,14.0,26,3.5,3.5,3.5,False,0.30000000000000004,0.75,3.5,6.25,6.7,0.0,1,0.25,0.25,0.0,0.0,0.0,0.0,0.0,0.0,0.0,0.0,0.0,,
all_t20_2018_2026,616a8149,L Pope,True,2025,True,10,7,3,14.0,37,2.0,1.4,1.0,True,0.0,0.0,1.0,1.0,5.0,1.2864700617061378,3,0.3,0.42857142857142855,0.0,0.0,0.0,0.0,0.0,0.0,0.0,0.0,0.0,,
all_t20_2018_2026,7ec9711d,P Subrayen,False,2025,True,6,3,3,14.0,22,4.666666666666667,2.3333333333333335,1.5,True,0.5,1.0,1.5,3.5,5.0,0.7001135017222376,1,0.16666666666666666,0.3333333333333333,0.0,0.0,0.33333333333333337,0.0,0.0,0.33333333333333337,0.0,0.0,0.33333333333333337,,
all_t20_2018_2026,93fefdfa,Ram Dayal,False,2020,False,3,2,1,14.0,23,7.0,4.666666666666667,4.0,True,2.4,3.0,4.0,6.0,7.2,0.3818017741606059,0,0.0,0.0,0.0,0.0,0.0,0.0,0.0,0.0,0.0,0.0,0.0,,
all_t20_2018_2026,9e432a38,Khalid Shah,False,2024,False,3,3,0,14.0,16,4.666666666666667,4.666666666666667,4.0,True,0.8,2.0,4.0,7.0,8.8,0.23906314692954442,1,0.3333333333333333,0.3333333333333333,0.0,0.0,0.0,0.0,0.0,0.0,0.0,0.0,0.0,,
all_t20_2018_2026,a53292e3,Vikash Yadav,False,2020,False,1,1,0,14.0,14,14.0,14.0,14.0,False,14.0,14.0,14.0,14.0,14.0,,0,0.0,0.0,0.0,0.0,0.0,0.0,0.0,0.0,0.0,0.0,0.0,,
all_t20_2018_2026,abb7c76c,Abrar Ahmed,False,2026,True,3,1,2,14.0,11,14.0,4.666666666666667,6.0,False,2.0,3.5,6.0,6.5,6.8,-0.6309038567106242,0,0.0,0.0,0.0,0.0,0.5,0.0,0.0,0.5,0.0,0.0,0.5,,
all_t20_2018_2026,c562ac6d,Shantanu Mishra,False,2020,False,2,2,0,14.0,11,7.0,7.0,7.0,False,6.2,6.5,7.0,7.5,7.8,,0,0.0,0.0,0.0,0.0,0.0,0.0,0.0,0.0,0.0,0.0,0.0,,
all_t20_2018_2026,e90ab434,Amrit Lubana,False,2024,False,1,1,0,14.0,16,14.0,14.0,14.0,False,14.0,14.0,14.0,14.0,14.0,,0,0.0,0.0,0.0,0.0,0.0,0.0,0.0,0.0,0.0,0.0,0.0,,
all_t20_2018_2026,e9c7f0d0,Fazalhaq Farooqi,False,2025,True,9,4,5,14.0,33,3.5,1.5555555555555556,1.0,True,0.0,0.0,1.0,2.0,3.000000000000001,1.9011795624385284,3,0.3333333333333333,0.75,0.0,0.0,0.5555555555555557,0.0,0.0,0.5555555555555557,0.0,0.0,0.5555555555555557,,
all_t20_2018_2026,fb3e0d39,C Karunaratne,False,2022,False,2,2,0,14.0,14,7.0,7.0,7.0,False,4.6,5.5,7.0,8.5,9.4,,0,0.0,0.0,0.0,0.0,0.0,0.0,0.0,0.0,0.0,0.0,0.0,,
all_t20_2018_2026,0a3d54b9,VR Aaron,False,2022,False,5,2,3,13.0,24,6.5,2.6,1.0,True,0.0,0.0,1.0,3.0,6.6000000000000005,1.1524389144206808,1,0.2,0.5,0.0,0.0,0.5333333333333334,0.0,0.0,0.5333333333333334,0.0,0.0,0.5333333333333334,,
all_t20_2018_2026,134bead2,Varun Choudhary,False,2021,False,1,0,1,13.0,15,,13.0,13.0,False,13.0,13.0,13.0,13.0,13.0,,0,0.0,,0.0,,1.0,0.0,,1.0,0.0,,1.0,,
all_t20_2018_2026,225412c5,TR Dhillon,False,2020,False,2,2,0,13.0,11,6.5,6.5,6.5,False,2.9,4.25,6.5,8.75,10.1,,0,0.0,0.0,0.0,0.0,0.0,0.0,0.0,0.0,0.0,0.0,0.0,,
all_t20_2018_2026,2275cb50,Kiran Reddy,False,2018,False,1,1,0,13.0,8,13.0,13.0,13.0,False,13.0,13.0,13.0,13.0,13.0,,0,0.0,0.0,0.0,0.0,0.0,0.0,0.0,0.0,0.0,0.0,0.0,,
all_t20_2018_2026,25228673,Harsh Dubey,False,2026,True,4,2,2,13.0,9,6.5,3.25,2.0,True,0.30000000000000004,0.75,2.0,4.5,7.200000000000001,0.8483206969390207,1,0.25,0.5,0.0,0.0,0.375,0.0,0.0,0.375,0.0,0.0,0.375,,
all_t20_2018_2026,2b38fa6d,Somorjit Salam,False,2021,False,3,1,2,13.0,13,13.0,4.333333333333333,1.0,True,0.2,0.5,1.0,6.5,9.8,0.6892054981428751,1,0.3333333333333333,1.0,0.0,0.0,0.6666666666666667,0.0,0.0,0.6666666666666667,0.0,0.0,0.6666666666666667,,
all_t20_2018_2026,2f838fa4,M Boast,False,2024,False,1,1,0,13.0,9,13.0,13.0,13.0,False,13.0,13.0,13.0,13.0,13.0,,0,0.0,0.0,0.0,0.0,0.0,0.0,0.0,0.0,0.0,0.0,0.0,,
all_t20_2018_2026,3b892965,Shubham Kamal Sharma,False,2021,False,3,2,1,13.0,22,6.5,4.333333333333333,5.0,False,3.4,4.0,5.0,5.0,5.0,-0.7071067811865466,0,0.0,0.0,0.0,0.0,0.33333333333333337,0.0,0.0,0.33333333333333337,0.0,0.0,0.33333333333333337,,
all_t20_2018_2026,47ccd2bb,Amulya Pandrekar,False,2021,False,6,3,3,13.0,18,4.333333333333333,2.1666666666666665,1.0,True,0.5,1.0,1.0,3.25,5.0,0.8380403822865472,1,0.16666666666666666,0.3333333333333333,0.0,0.0,0.33333333333333337,0.0,0.0,0.33333333333333337,0.0,0.0,0.33333333333333337,,
all_t20_2018_2026,54719239,GK Davis,False,2025,True,6,3,3,13.0,21,4.333333333333333,2.1666666666666665,1.5,True,0.5,1.0,1.5,2.75,4.5,0.9778341659123223,0,0.0,0.0,0.0,0.0,0.0,0.0,0.0,0.0,0.0,0.0,0.0,,
all_t20_2018_2026,5b4d1d4e,Nagaho Chishi,False,2022,False,8,6,2,13.0,35,2.1666666666666665,1.625,1.0,True,0.0,0.75,1.0,2.25,3.5999999999999996,1.0145075002205692,2,0.25,0.3333333333333333,0.0,0.0,0.0,0.0,0.0,0.0,0.0,0.0,0.0,,
all_t20_2018_2026,6a48fcbd,D Khatri,False,2022,False,1,0,1,13.0,7,,13.0,13.0,False,13.0,13.0,13.0,13.0,13.0,,0,0.0,,0.0,,1.0,0.0,,1.0,0.0,,1.0,,
all_t20_2018_2026,71a110dd,JF Jeremiah,False,2026,True,3,2,1,13.0,17,6.5,4.333333333333333,1.0,True,1.0,1.0,1.0,6.0,9.0,0.7071067811865476,0,0.0,0.0,0.0,0.0,0.0,0.0,0.0,0.0,0.0,0.0,0.0,,
all_t20_2018_2026,77a5e823,VV More,False,2020,False,1,1,0,13.0,9,13.0,13.0,13.0,False,13.0,13.0,13.0,13.0,13.0,,0,0.0,0.0,0.0,0.0,0.0,0.0,0.0,0.0,0.0,0.0,0.0,,
all_t20_2018_2026,868e3639,SM Kazi,False,2020,False,3,2,1,13.0,17,6.5,4.333333333333333,4.0,True,3.2,3.5,4.0,5.0,5.6,0.3818017741606071,0,0.0,0.0,0.0,0.0,0.0,0.0,0.0,0.0,0.0,0.0,0.0,,
all_t20_2018_2026,890de8cb,Gagandeep Singh,False,2023,False,2,2,0,13.0,16,6.5,6.5,6.5,False,1.3,3.25,6.5,9.75,11.7,,1,0.5,0.5,0.0,0.0,0.0,0.0,0.0,0.0,0.0,0.0,0.0,,
all_t20_2018_2026,8b018008,Vikash Singh,False,2020,False,3,3,0,13.0,12,4.333333333333333,4.333333333333333,3.0,True,1.4,2.0,3.0,6.0,7.800000000000001,0.528004979218188,0,0.0,0.0,0.0,0.0,0.0,0.0,0.0,0.0,0.0,0.0,0.0,,
all_t20_2018_2026,96ab3402,LS Lugg,False,2022,False,1,1,0,13.0,21,13.0,13.0,13.0,False,13.0,13.0,13.0,13.0,13.0,,0,0.0,0.0,0.0,0.0,0.0,0.0,0.0,0.0,0.0,0.0,0.0,,
all_t20_2018_2026,97290faf,S Joseph,False,2026,True,6,2,4,13.0,16,6.5,2.1666666666666665,1.0,True,0.0,0.0,1.0,4.25,5.5,0.5320506985997984,1,0.16666666666666666,0.5,0.0,0.0,0.4166666666666667,0.0,0.0,0.4166666666666667,0.0,0.0,0.4166666666666667,,
all_t20_2018_2026,a81d6706,C Jonker,False,2022,False,2,2,0,13.0,18,6.5,6.5,6.5,False,2.1,3.75,6.5,9.25,10.9,,0,0.0,0.0,0.0,0.0,0.0,0.0,0.0,0.0,0.0,0.0,0.0,,
all_t20_2018_2026,cf38d7e2,MK Mahale,False,2024,False,1,1,0,13.0,5,13.0,13.0,13.0,False,13.0,13.0,13.0,13.0,13.0,,0,0.0,0.0,0.0,0.0,0.0,0.0,0.0,0.0,0.0,0.0,0.0,,
all_t20_2018_2026,e9fd2634,Pratik Salunke,False,2018,False,2,1,1,13.0,9,13.0,6.5,6.5,False,6.1,6.25,6.5,6.75,6.9,,0,0.0,0.0,0.0,0.0,0.0,0.0,0.0,0.0,0.0,0.0,0.0,,
all_t20_2018_2026,ef55b38c,D Warren,False,2024,False,3,2,1,13.0,15,6.5,4.333333333333333,3.0,True,3.0,3.0,3.0,5.0,6.2,0.707106781186548,0,0.0,0.0,0.0,0.0,0.0,0.0,0.0,0.0,0.0,0.0,0.0,,
all_t20_2018_2026,f047e7ff,Manjot Kalra,False,2018,False,2,2,0,13.0,14,6.5,6.5,6.5,False,1.3,3.25,6.5,9.75,11.7,,1,0.5,0.5,0.0,0.0,0.0,0.0,0.0,0.0,0.0,0.0,0.0,,
all_t20_2018_2026,f0a99c08,YY Singh,False,2022,False,1,1,0,13.0,12,13.0,13.0,13.0,False,13.0,13.0,13.0,13.0,13.0,,0,0.0,0.0,0.0,0.0,0.0,0.0,0.0,0.0,0.0,0.0,0.0,,
all_t20_2018_2026,1c29d51f,MV Pithiya,False,2024,False,2,0,2,12.0,4,,6.0,6.0,False,6.0,6.0,6.0,6.0,6.0,,0,0.0,,0.0,,1.0,0.0,,1.0,0.0,,1.0,,
all_t20_2018_2026,1f1b4c89,JC Tongue,False,2026,True,4,1,3,12.0,14,12.0,3.0,1.5,True,1.0,1.0,1.5,3.5,6.200000000000001,1.0895204232582913,0,0.0,0.0,0.0,0.0,0.75,0.0,0.0,0.75,0.0,0.0,0.75,,
all_t20_2018_2026,290af2b3,CE Rudd,False,2022,False,3,0,3,12.0,11,,4.0,4.0,False,1.6,2.5,4.0,5.5,6.4,0.0,0,0.0,,0.0,,1.0,0.0,,1.0,0.0,,1.0,,
all_t20_2018_2026,2cffab74,Mukesh Kumar,False,2024,False,6,1,5,12.0,19,12.0,2.0,1.5,True,0.0,0.25,1.5,2.75,4.5,0.8868636210743288,0,0.0,0.0,0.0,0.0,0.5,0.0,0.0,0.5,0.0,0.0,0.5,,
all_t20_2018_2026,30df8c66,Simarjeet Singh,False,2025,True,9,4,5,12.0,20,3.0,1.3333333333333333,1.0,True,0.0,0.0,1.0,2.0,3.0,0.1924500897298754,2,0.2222222222222222,0.5,0.0,0.0,0.4861111111111111,0.0,0.0,0.4861111111111111,0.0,0.0,0.4861111111111111,,
all_t20_2018_2026,3a922344,Shivank Vashisth,False,2022,False,3,2,1,12.0,22,6.0,4.0,5.0,False,1.8,3.0,5.0,5.5,5.8,-0.5951700641394972,0,0.0,0.0,0.0,0.0,0.0,0.0,0.0,0.0,0.0,0.0,0.0,,
all_t20_2018_2026,4765ad1e,Vishal Jayswal,False,2023,False,3,2,1,12.0,11,6.0,4.0,0.0,True,0.0,0.0,0.0,6.0,9.600000000000001,0.7071067811865474,2,0.6666666666666666,1.0,0.0,0.0,0.33333333333333337,0.0,0.0,0.33333333333333337,0.0,0.0,0.33333333333333337,,
all_t20_2018_2026,5bb1a1c4,I Sharma,False,2024,False,5,0,5,12.0,12,,2.4,1.0,True,0.0,0.0,1.0,1.0,6.4,1.44901616323022,0,0.0,,0.0,,1.0,0.0,,1.0,0.0,,1.0,,
all_t20_2018_2026,79194080,AS Karambelkar,False,2019,False,1,1,0,12.0,10,12.0,12.0,12.0,False,12.0,12.0,12.0,12.0,12.0,,0,0.0,0.0,0.0,0.0,0.0,0.0,0.0,0.0,0.0,0.0,0.0,,
all_t20_2018_2026,7c3b3b78,VG Arora,True,2026,True,12,4,8,12.0,29,3.0,1.0,1.0,False,0.0,0.0,1.0,2.0,2.0,0.0,3,0.25,0.75,0.0,0.0,0.5625,0.0,0.0,0.5625,0.0,0.0,0.5625,,
all_t20_2018_2026,821403b6,Amos Rai,False,2018,False,3,1,2,12.0,15,12.0,4.0,2.0,True,0.4,1.0,2.0,6.0,8.4,0.5951700641394972,0,0.0,0.0,0.0,0.0,0.5,0.0,0.0,0.5,0.0,0.0,0.5,,
all_t20_2018_2026,859d95bb,TL O'Connell,False,2021,False,4,2,2,12.0,17,6.0,3.0,1.5,True,0.0,0.0,1.5,4.5,7.200000000000001,0.8164965809277259,1,0.25,0.5,0.0,0.0,0.375,0.0,0.0,0.375,0.0,0.0,0.375,,
all_t20_2018_2026,8d6505d3,Yab Niya,False,2023,False,5,1,4,12.0,41,12.0,2.4,2.0,True,1.0,1.0,2.0,2.0,4.4,1.2864700617061378,0,0.0,0.0,0.0,0.0,0.6666666666666667,0.0,0.0,0.6666666666666667,0.0,0.0,0.6666666666666667,,
all_t20_2018_2026,8d92a2c3,MA Wood,False,2023,False,3,2,1,12.0,8,6.0,4.0,1.0,True,1.0,1.0,1.0,5.5,8.200000000000001,0.7071067811865477,0,0.0,0.0,0.0,0.0,0.33333333333333337,0.0,0.0,0.33333333333333337,0.0,0.0,0.33333333333333337,,
all_t20_2018_2026,92d07362,Rohan Prem,False,2018,False,3,3,0,12.0,13,4.0,4.0,4.0,False,0.8,2.0,4.0,6.0,7.2,0.0,1,0.3333333333333333,0.3333333333333333,0.0,0.0,0.0,0.0,0.0,0.0,0.0,0.0,0.0,,
all_t20_2018_2026,9786f2c3,PS Kumar,False,2019,False,1,1,0,12.0,12,12.0,12.0,12.0,False,12.0,12.0,12.0,12.0,12.0,,0,0.0,0.0,0.0,0.0,0.0,0.0,0.0,0.0,0.0,0.0,0.0,,
all_t20_2018_2026,b3ccffff,D Gregory,False,2026,True,4,2,2,12.0,19,6.0,3.0,2.0,True,0.30000000000000004,0.75,2.0,4.25,6.500000000000001,0.7684172579878227,1,0.25,0.5,0.0,0.0,0.375,0.0,0.0,0.375,0.0,0.0,0.375,,
all_t20_2018_2026,bafd0398,R Minz,False,2026,True,4,3,1,12.0,19,4.0,3.0,3.0,False,1.6,2.5,3.0,3.5,4.4,0.0,0,0.0,0.0,0.0,0.0,0.0,0.0,0.0,0.0,0.0,0.0,0.0,,
all_t20_2018_2026,c3604d71,Tana Davit,False,2018,False,3,3,0,12.0,18,4.0,4.0,6.0,False,1.2000000000000002,3.0,6.0,6.0,6.0,-0.7071067811865474,1,0.3333333333333333,0.3333333333333333,0.0,0.0,0.0,0.0,0.0,0.0,0.0,0.0,0.0,,
all_t20_2018_2026,c672e80e,J Clark,False,2025,True,4,4,0,12.0,14,3.0,3.0,2.5,True,0.0,0.0,2.5,5.5,6.4,0.15368345159756452,2,0.5,0.5,0.0,0.0,0.0,0.0,0.0,0.0,0.0,0.0,0.0,,
all_t20_2018_2026,cca2aa1a,Pankaj Kumar,False,2021,False,2,1,1,12.0,9,12.0,6.0,6.0,False,4.4,5.0,6.0,7.0,7.6,,0,0.0,0.0,0.0,0.0,0.5,0.0,0.0,0.5,0.0,0.0,0.5,,
all_t20_2018_2026,dabf96a5,Toni Chishi,False,2018,False,1,1,0,12.0,19,12.0,12.0,12.0,False,12.0,12.0,12.0,12.0,12.0,,0,0.0,0.0,0.0,0.0,0.0,0.0,0.0,0.0,0.0,0.0,0.0,,
all_t20_2018_2026,f12fe2a1,T Dahiya,False,2026,True,2,2,0,12.0,15,6.0,6.0,6.0,False,2.0,3.5,6.0,8.5,10.0,,0,0.0,0.0,0.0,0.0,0.0,0.0,0.0,0.0,0.0,0.0,0.0,,
all_t20_2018_2026,054fc648,F Lalmuanzuala,False,2023,False,4,3,1,11.0,37,3.6666666666666665,2.75,3.0,False,1.6,2.5,3.0,3.25,3.7,-0.6520236646847543,0,0.0,0.0,0.0,0.0,0.0,0.0,0.0,0.0,0.0,0.0,0.0,,
all_t20_2018_2026,19708692,MW Parkinson,False,2022,False,4,3,1,11.0,13,3.6666666666666665,2.75,2.0,True,1.3,1.75,2.0,3.0,4.800000000000001,0.9929662701927245,0,0.0,0.0,0.0,0.0,0.0,0.0,0.0,0.0,0.0,0.0,0.0,,
all_t20_2018_2026,1cfac535,CP Wood,False,2026,True,6,3,3,11.0,13,3.6666666666666665,1.8333333333333333,0.5,True,0.0,0.0,0.5,4.0,5.0,0.6358612947838335,1,0.16666666666666666,0.3333333333333333,0.0,0.0,0.27777777777777785,0.0,0.0,0.27777777777777785,0.0,0.0,0.27777777777777785,,
all_t20_2018_2026,2834ae2d,RO Cato,False,2019,False,2,2,0,11.0,15,5.5,5.5,5.5,False,1.9,3.25,5.5,7.75,9.1,,0,0.0,0.0,0.0,0.0,0.0,0.0,0.0,0.0,0.0,0.0,0.0,,
all_t20_2018_2026,3f1066d0,Waqar Salamkheil,True,2026,True,11,2,9,11.0,31,5.5,1.0,0.0,True,0.0,0.0,0.0,1.0,1.0,2.5588315785957945,0,0.0,0.0,0.0,0.0,0.0,0.0,0.0,0.0,0.0,0.0,0.0,,
all_t20_2018_2026,4c633585,Ponnan Rahul,False,2019,False,2,2,0,11.0,12,5.5,5.5,5.5,False,4.3,4.75,5.5,6.25,6.7,,0,0.0,0.0,0.0,0.0,0.0,0.0,0.0,0.0,0.0,0.0,0.0,,
all_t20_2018_2026,56182069,Aditya Rout,False,2020,False,1,1,0,11.0,9,11.0,11.0,11.0,False,11.0,11.0,11.0,11.0,11.0,,0,0.0,0.0,0.0,0.0,0.0,0.0,0.0,0.0,0.0,0.0,0.0,,
all_t20_2018_2026,730d2283,Saghir Khan,False,2024,False,2,2,0,11.0,6,5.5,5.5,5.5,False,1.1,2.75,5.5,8.25,9.9,,1,0.5,0.5,0.0,0.0,0.0,0.0,0.0,0.0,0.0,0.0,0.0,,
all_t20_2018_2026,85c80de3,Ram Gurung,False,2023,False,2,1,1,11.0,13,11.0,5.5,5.5,False,4.3,4.75,5.5,6.25,6.7,,0,0.0,0.0,0.0,0.0,0.0,0.0,0.0,0.0,0.0,0.0,0.0,,
all_t20_2018_2026,88a4a356,Nazim Siddiqui,False,2019,False,3,2,1,11.0,12,5.5,3.6666666666666665,0.0,True,0.0,0.0,0.0,5.5,8.8,0.7071067811865477,2,0.6666666666666666,1.0,0.0,0.0,0.33333333333333337,0.0,0.0,0.33333333333333337,0.0,0.0,0.33333333333333337,,
all_t20_2018_2026,8ae98a8e,JS Louis,False,2026,True,3,1,2,11.0,21,11.0,3.6666666666666665,0.0,True,0.0,0.0,0.0,5.5,8.8,0.7071067811865477,1,0.3333333333333333,1.0,0.0,0.0,0.6666666666666667,0.0,0.0,0.6666666666666667,0.0,0.0,0.6666666666666667,,
all_t20_2018_2026,8d4653f3,Adil Reshi,False,2018,False,2,2,0,11.0,15,5.5,5.5,5.5,False,3.5,4.25,5.5,6.75,7.5,,0,0.0,0.0,0.0,0.0,0.0,0.0,0.0,0.0,0.0,0.0,0.0,,
all_t20_2018_2026,9830f5a5,Navneet Virk,False,2020,False,1,1,0,11.0,18,11.0,11.0,11.0,False,11.0,11.0,11.0,11.0,11.0,,0,0.0,0.0,0.0,0.0,0.0,0.0,0.0,0.0,0.0,0.0,0.0,,
all_t20_2018_2026,9e031cfe,Premraj Rajavelu,False,2021,False,2,2,0,11.0,26,5.5,5.5,5.5,False,1.1,2.75,5.5,8.25,9.9,,1,0.5,0.5,0.0,0.0,0.0,0.0,0.0,0.0,0.0,0.0,0.0,,
all_t20_2018_2026,b2b23612,RG More,False,2020,False,2,0,2,11.0,7,,5.5,5.5,False,2.7,3.75,5.5,7.25,8.3,,0,0.0,,0.0,,1.0,0.0,,1.0,0.0,,1.0,,
all_t20_2018_2026,b4e026de,S Munro,False,2024,False,5,4,1,11.0,12,2.75,2.2,1.0,True,0.0,0.0,1.0,5.0,5.0,0.3365218792190073,2,0.4,0.5,0.0,0.0,0.2,0.0,0.0,0.2,0.0,0.0,0.2,,
all_t20_2018_2026,ba19f1be,Sammar Gajjar,False,2024,False,1,1,0,11.0,13,11.0,11.0,11.0,False,11.0,11.0,11.0,11.0,11.0,,0,0.0,0.0,0.0,0.0,0.0,0.0,0.0,0.0,0.0,0.0,0.0,,
all_t20_2018_2026,c08963b0,PS Sairam,False,2018,False,2,1,1,11.0,10,11.0,5.5,5.5,False,5.1,5.25,5.5,5.75,5.9,,0,0.0,0.0,0.0,0.0,0.5,0.0,0.0,0.5,0.0,0.0,0.5,,
all_t20_2018_2026,c23938fd,P Saravana Kumar,False,2021,False,1,1,0,11.0,5,11.0,11.0,11.0,False,11.0,11.0,11.0,11.0,11.0,,0,0.0,0.0,0.0,0.0,0.0,0.0,0.0,0.0,0.0,0.0,0.0,,
all_t20_2018_2026,ccdd8308,ST Finn,False,2021,False,1,0,1,11.0,7,,11.0,11.0,False,11.0,11.0,11.0,11.0,11.0,,0,0.0,,0.0,,1.0,0.0,,1.0,0.0,,1.0,,
all_t20_2018_2026,dcf81436,S Kaul,False,2021,False,6,4,2,11.0,23,2.75,1.8333333333333333,1.0,True,0.0,0.25,1.0,1.75,4.5,1.4827180852248876,2,0.3333333333333333,0.5,0.0,0.0,0.25,0.0,0.0,0.25,0.0,0.0,0.25,,
all_t20_2018_2026,e24cf4d5,J Moores,False,2026,True,1,1,0,11.0,8,11.0,11.0,11.0,False,11.0,11.0,11.0,11.0,11.0,,0,0.0,0.0,0.0,0.0,0.0,0.0,0.0,0.0,0.0,0.0,0.0,,
all_t20_2018_2026,f25cebec,C Fortuin,False,2022,False,1,1,0,11.0,14,11.0,11.0,11.0,False,11.0,11.0,11.0,11.0,11.0,,0,0.0,0.0,0.0,0.0,0.0,0.0,0.0,0.0,0.0,0.0,0.0,,
all_t20_2018_2026,0c0ef3fb,Baltej Singh,False,2018,False,2,2,0,10.0,8,5.0,5.0,5.0,False,5.0,5.0,5.0,5.0,5.0,,0,0.0,0.0,0.0,0.0,0.0,0.0,0.0,0.0,0.0,0.0,0.0,,
all_t20_2018_2026,2eca546a,Abhinav Srivastava,False,2021,False,2,2,0,10.0,15,5.0,5.0,5.0,False,1.8,3.0,5.0,7.0,8.2,,0,0.0,0.0,0.0,0.0,0.0,0.0,0.0,0.0,0.0,0.0,0.0,,
all_t20_2018_2026,35eda1e3,KE White,False,2022,False,2,1,1,10.0,7,10.0,5.0,5.0,False,1.8,3.0,5.0,7.0,8.2,,0,0.0,0.0,0.0,0.0,0.0,0.0,0.0,0.0,0.0,0.0,0.0,,
all_t20_2018_2026,531f7ccc,Himanshu Sangwan,False,2021,False,4,2,2,10.0,8,5.0,2.5,1.0,True,0.30000000000000004,0.75,1.0,2.75,5.900000000000001,1.097025449363867,1,0.25,0.5,0.0,0.0,0.5,0.0,0.0,0.5,0.0,0.0,0.5,,
all_t20_2018_2026,5748e866,TD Paine,False,2022,False,1,1,0,10.0,12,10.0,10.0,10.0,False,10.0,10.0,10.0,10.0,10.0,,0,0.0,0.0,0.0,0.0,0.0,0.0,0.0,0.0,0.0,0.0,0.0,,
all_t20_2018_2026,5e365152,TW Gray,False,2023,False,1,1,0,10.0,7,10.0,10.0,10.0,False,10.0,10.0,10.0,10.0,10.0,,0,0.0,0.0,0.0,0.0,0.0,0.0,0.0,0.0,0.0,0.0,0.0,,
all_t20_2018_2026,5f06c5a8,NN Bhute,False,2020,False,2,2,0,10.0,8,5.0,5.0,5.0,False,1.0,2.5,5.0,7.5,9.0,,1,0.5,0.5,0.0,0.0,0.0,0.0,0.0,0.0,0.0,0.0,0.0,,
all_t20_2018_2026,61c4f340,Thomas Balkin,False,2025,True,3,1,2,10.0,16,10.0,3.3333333333333335,1.0,True,0.2,0.5,1.0,5.0,7.4,0.6745554845457655,0,0.0,0.0,0.0,0.0,0.5,0.0,0.0,0.5,0.0,0.0,0.5,,
all_t20_2018_2026,63ab7aeb,Harsh Vikram Singh,False,2022,False,4,1,3,10.0,17,10.0,2.5,1.0,True,1.0,1.0,1.0,2.5,5.200000000000001,1.1547005383792515,0,0.0,0.0,0.0,0.0,0.75,0.0,0.0,0.75,0.0,0.0,0.75,,
all_t20_2018_2026,7210d461,Yash Dayal,False,2025,True,7,4,3,10.0,21,2.5,1.4285714285714286,1.0,True,0.0,0.0,1.0,2.5,3.4000000000000004,0.5200705032248685,2,0.2857142857142857,0.5,0.0,0.0,0.0,0.0,0.0,0.0,0.0,0.0,0.0,,
all_t20_2018_2026,782b4a8e,JM Carder,False,2021,False,1,1,0,10.0,13,10.0,10.0,10.0,False,10.0,10.0,10.0,10.0,10.0,,0,0.0,0.0,0.0,0.0,0.0,0.0,0.0,0.0,0.0,0.0,0.0,,
all_t20_2018_2026,865eae1f,ML Green,False,2022,False,1,1,0,10.0,13,10.0,10.0,10.0,False,10.0,10.0,10.0,10.0,10.0,,0,0.0,0.0,0.0,0.0,0.0,0.0,0.0,0.0,0.0,0.0,0.0,,
all_t20_2018_2026,895a0ead,Remruatdika Ralte,False,2023,False,4,2,2,10.0,18,5.0,2.5,2.5,False,0.6000000000000001,1.5,2.5,3.5,4.4,0.0,1,0.25,0.5,0.0,0.0,0.5,0.0,0.0,0.5,0.0,0.0,0.5,,
all_t20_2018_2026,9679838c,BL D'Oliveira,False,2022,False,2,2,0,10.0,22,5.0,5.0,5.0,False,2.6,3.5,5.0,6.5,7.4,,0,0.0,0.0,0.0,0.0,0.0,0.0,0.0,0.0,0.0,0.0,0.0,,
all_t20_2018_2026,9ca68676,AM Ghazanfar,False,2026,True,8,5,3,10.0,23,2.0,1.25,0.5,True,0.0,0.0,0.5,1.25,3.1999999999999993,1.7608601858084316,3,0.375,0.6,0.0,0.0,0.3125,0.0,0.0,0.3125,0.0,0.0,0.3125,,
all_t20_2018_2026,9fc73711,CJM Sabburg,False,2021,False,2,1,1,10.0,10,10.0,5.0,5.0,False,3.4,4.0,5.0,6.0,6.6,,0,0.0,0.0,0.0,0.0,0.5,0.0,0.0,0.5,0.0,0.0,0.5,,
all_t20_2018_2026,a24c3894,R Ahir,False,2024,False,1,1,0,10.0,9,10.0,10.0,10.0,False,10.0,10.0,10.0,10.0,10.0,,0,0.0,0.0,0.0,0.0,0.0,0.0,0.0,0.0,0.0,0.0,0.0,,
all_t20_2018_2026,b6d95d47,Manvan Patel,False,2021,False,4,4,0,10.0,7,2.5,2.5,1.0,True,0.0,0.0,1.0,3.5,6.200000000000001,0.9575491625535644,2,0.5,0.5,0.0,0.0,0.0,0.0,0.0,0.0,0.0,0.0,0.0,,
all_t20_2018_2026,c5eff91b,Chinta Gandhi,False,2022,False,2,0,2,10.0,11,,5.0,5.0,False,1.8,3.0,5.0,7.0,8.2,,0,0.0,,0.0,,1.0,0.0,,1.0,0.0,,1.0,,
all_t20_2018_2026,c6097d68,O Thomas,False,2023,False,9,4,5,10.0,27,2.5,1.1111111111111112,1.0,True,0.0,0.0,1.0,2.0,2.2,0.28036886950836853,3,0.3333333333333333,0.75,0.0,0.0,0.5333333333333334,0.0,0.0,0.5333333333333334,0.0,0.0,0.5333333333333334,,
all_t20_2018_2026,c68554a6,TJ Bishop,False,2024,False,2,2,0,10.0,13,5.0,5.0,5.0,False,1.8,3.0,5.0,7.0,8.2,,0,0.0,0.0,0.0,0.0,0.0,0.0,0.0,0.0,0.0,0.0,0.0,,
all_t20_2018_2026,cddafe26,V Aravind,False,2025,True,3,1,2,10.0,13,10.0,3.3333333333333335,3.0,True,3.0,3.0,3.0,3.5,3.8,0.7071067811865466,0,0.0,0.0,0.0,0.0,0.6666666666666667,0.0,0.0,0.6666666666666667,0.0,0.0,0.6666666666666667,,
all_t20_2018_2026,e1b04bfb,C Rathore,False,2022,False,2,2,0,10.0,10,5.0,5.0,5.0,False,1.0,2.5,5.0,7.5,9.0,,1,0.5,0.5,0.0,0.0,0.0,0.0,0.0,0.0,0.0,0.0,0.0,,
all_t20_2018_2026,e48a4814,Krish Bhagat,False,2026,True,2,1,1,10.0,21,10.0,5.0,5.0,False,3.4,4.0,5.0,6.0,6.6,,0,0.0,0.0,0.0,0.0,0.0,0.0,0.0,0.0,0.0,0.0,0.0,,
all_t20_2018_2026,eae999f9,KB Panchal,False,2018,False,2,2,0,10.0,11,5.0,5.0,5.0,False,1.0,2.5,5.0,7.5,9.0,,1,0.5,0.5,0.0,0.0,0.0,0.0,0.0,0.0,0.0,0.0,0.0,,
all_t20_2018_2026,f2665768,A Phillip,False,2022,False,5,1,4,10.0,16,10.0,2.0,1.0,True,0.4,1.0,1.0,2.0,4.4,1.170158632255954,1,0.2,1.0,0.0,0.0,0.8,0.0,0.0,0.8,0.0,0.0,0.8,,
all_t20_2018_2026,fdc1ac0f,Hazrat Luqman,False,2022,False,1,1,0,10.0,3,10.0,10.0,10.0,False,10.0,10.0,10.0,10.0,10.0,,0,0.0,0.0,0.0,0.0,0.0,0.0,0.0,0.0,0.0,0.0,0.0,,
all_t20_2018_2026,071cec83,D Smith,False,2025,True,1,1,0,9.0,12,9.0,9.0,9.0,False,9.0,9.0,9.0,9.0,9.0,,0,0.0,0.0,0.0,0.0,0.0,0.0,0.0,0.0,0.0,0.0,0.0,,
all_t20_2018_2026,083e01d9,Matiullah Khan,False,2022,False,5,3,2,9.0,18,3.0,1.8,2.0,False,0.4,1.0,2.0,2.0,3.2,0.3700366501636191,0,0.0,0.0,0.0,0.0,0.25,0.0,0.0,0.25,0.0,0.0,0.25,,
all_t20_2018_2026,0b69a844,KJ Garth,False,2026,True,4,2,2,9.0,12,4.5,2.25,2.0,True,1.0,1.0,2.0,3.25,3.7,0.21383343303319471,0,0.0,0.0,0.0,0.0,0.375,0.0,0.0,0.375,0.0,0.0,0.375,,
all_t20_2018_2026,0e567e38,Supriyo Chakraborty,False,2019,False,2,1,1,9.0,9,9.0,4.5,4.5,False,1.7000000000000002,2.75,4.5,6.25,7.3,,0,0.0,0.0,0.0,0.0,0.0,0.0,0.0,0.0,0.0,0.0,0.0,,
all_t20_2018_2026,10636efb,Ajay Sarkar,False,2021,False,4,1,3,9.0,8,9.0,2.25,2.0,True,0.6000000000000001,1.5,2.0,2.75,4.1000000000000005,0.41184708353764987,0,0.0,0.0,0.0,0.0,0.0,0.0,0.0,0.0,0.0,0.0,0.0,,
all_t20_2018_2026,11ff23e3,J Groves,False,2026,True,3,2,1,9.0,13,4.5,3.0,2.0,True,0.4,1.0,2.0,4.5,6.0,0.47033046033698594,1,0.3333333333333333,0.5,0.0,0.0,0.33333333333333337,0.0,0.0,0.33333333333333337,0.0,0.0,0.33333333333333337,,
all_t20_2018_2026,21b9e62b,Shakeeb Ahmed,False,2019,False,2,1,1,9.0,10,9.0,4.5,4.5,False,0.9,2.25,4.5,6.75,8.1,,1,0.5,1.0,0.0,0.0,0.5,0.0,0.0,0.5,0.0,0.0,0.5,,
all_t20_2018_2026,61e93009,Shivendra Singh,False,2019,False,3,1,2,9.0,10,9.0,3.0,2.0,True,1.2,1.5,2.0,4.0,5.2,0.5951700641394972,0,0.0,0.0,0.0,0.0,0.0,0.0,0.0,0.0,0.0,0.0,0.0,,
all_t20_2018_2026,6e0a2209,B Swanepoel,False,2024,False,4,4,0,9.0,15,2.25,2.25,0.5,True,0.0,0.0,0.5,2.75,5.900000000000001,1.104867740459007,2,0.5,0.5,0.0,0.0,0.0,0.0,0.0,0.0,0.0,0.0,0.0,,
all_t20_2018_2026,76cc7070,K D Patel,False,2022,False,1,0,1,9.0,5,,9.0,9.0,False,9.0,9.0,9.0,9.0,9.0,,0,0.0,,0.0,,1.0,0.0,,1.0,0.0,,1.0,,
all_t20_2018_2026,79dd743c,J Spence,False,2026,True,6,5,1,9.0,22,1.8,1.5,0.5,True,0.0,0.0,0.5,1.75,4.0,1.3758199522272734,3,0.5,0.6,0.0,0.0,0.16666666666666669,0.0,0.0,0.16666666666666669,0.0,0.0,0.16666666666666669,,
all_t20_2018_2026,96a6a7ad,NM Lyon,False,2021,False,4,3,1,9.0,12,3.0,2.25,2.5,False,0.6000000000000001,1.5,2.5,3.25,3.7,-0.4346507595746657,1,0.25,0.3333333333333333,0.0,0.0,0.25,0.0,0.0,0.25,0.0,0.0,0.25,,
all_t20_2018_2026,9b384e28,JP King,False,2024,False,1,1,0,9.0,10,9.0,9.0,9.0,False,9.0,9.0,9.0,9.0,9.0,,0,0.0,0.0,0.0,0.0,0.0,0.0,0.0,0.0,0.0,0.0,0.0,,
all_t20_2018_2026,bae68b09,Ayan Bhattacharjee,False,2019,False,2,1,1,9.0,9,9.0,4.5,4.5,False,1.7000000000000002,2.75,4.5,6.25,7.3,,0,0.0,0.0,0.0,0.0,0.0,0.0,0.0,0.0,0.0,0.0,0.0,,
all_t20_2018_2026,c133943b,MS Akhil,False,2021,False,1,0,1,9.0,4,,9.0,9.0,False,9.0,9.0,9.0,9.0,9.0,,0,0.0,,0.0,,1.0,0.0,,1.0,0.0,,1.0,,
all_t20_2018_2026,c86b2f09,V Panwar,False,2024,False,1,1,0,9.0,5,9.0,9.0,9.0,False,9.0,9.0,9.0,9.0,9.0,,0,0.0,0.0,0.0,0.0,0.0,0.0,0.0,0.0,0.0,0.0,0.0,,
all_t20_2018_2026,d3611425,LI Meriwala,False,2021,False,2,1,1,9.0,20,9.0,4.5,4.5,False,0.9,2.25,4.5,6.75,8.1,,1,0.5,1.0,0.0,0.0,0.5,0.0,0.0,0.5,0.0,0.0,0.5,,
all_t20_2018_2026,d4e39566,B Nikitaras,False,2024,False,2,2,0,9.0,14,4.5,4.5,4.5,False,1.7000000000000002,2.75,4.5,6.25,7.3,,0,0.0,0.0,0.0,0.0,0.0,0.0,0.0,0.0,0.0,0.0,0.0,,
all_t20_2018_2026,df9cdebf,M Gaur,False,2025,True,3,2,1,9.0,10,4.5,3.0,3.0,False,0.6000000000000001,1.5,3.0,4.5,5.4,0.0,0,0.0,0.0,0.0,0.0,0.0,0.0,0.0,0.0,0.0,0.0,0.0,,
all_t20_2018_2026,e78964b8,D Mullan,False,2022,False,1,1,0,9.0,10,9.0,9.0,9.0,False,9.0,9.0,9.0,9.0,9.0,,0,0.0,0.0,0.0,0.0,0.0,0.0,0.0,0.0,0.0,0.0,0.0,,
all_t20_2018_2026,f67fe815,D Rabha,False,2022,False,1,1,0,9.0,5,9.0,9.0,9.0,False,9.0,9.0,9.0,9.0,9.0,,0,0.0,0.0,0.0,0.0,0.0,0.0,0.0,0.0,0.0,0.0,0.0,,
all_t20_2018_2026,15f609ed,NE Farrant,False,2025,True,4,3,1,8.0,12,2.6666666666666665,2.0,2.0,False,0.30000000000000004,0.75,2.0,3.25,3.7,0.0,1,0.25,0.3333333333333333,0.0,0.0,0.0,0.0,0.0,0.0,0.0,0.0,0.0,,
all_t20_2018_2026,21e1e7bd,L Holt,False,2025,True,1,0,1,8.0,4,,8.0,8.0,False,8.0,8.0,8.0,8.0,8.0,,0,0.0,,0.0,,1.0,0.0,,1.0,0.0,,1.0,,
all_t20_2018_2026,22a16551,Pinninit Tapaswi,False,2021,False,2,2,0,8.0,6,4.0,4.0,4.0,False,0.8,2.0,4.0,6.0,7.2,,1,0.5,0.5,0.0,0.0,0.0,0.0,0.0,0.0,0.0,0.0,0.0,,
all_t20_2018_2026,24596e4d,KL Coppack,False,2025,True,1,0,1,8.0,7,,8.0,8.0,False,8.0,8.0,8.0,8.0,8.0,,0,0.0,,0.0,,1.0,0.0,,1.0,0.0,,1.0,,
all_t20_2018_2026,258fa633,Samar Quadri,False,2020,False,5,3,2,8.0,13,2.6666666666666665,1.6,1.0,True,0.0,0.0,1.0,2.0,3.8000000000000003,0.9704949588309456,2,0.4,0.6666666666666666,0.0,0.0,0.4,0.0,0.0,0.4,0.0,0.0,0.4,,
all_t20_2018_2026,3d894b46,Dhavanath,False,2018,False,1,1,0,8.0,12,8.0,8.0,8.0,False,8.0,8.0,8.0,8.0,8.0,,0,0.0,0.0,0.0,0.0,0.0,0.0,0.0,0.0,0.0,0.0,0.0,,
all_t20_2018_2026,44ba3b30,Benoy Upreti,False,2019,False,2,2,0,8.0,21,4.0,4.0,4.0,False,1.6,2.5,4.0,5.5,6.4,,0,0.0,0.0,0.0,0.0,0.0,0.0,0.0,0.0,0.0,0.0,0.0,,
all_t20_2018_2026,48cc6100,Swastik Samal,False,2018,False,2,2,0,8.0,10,4.0,4.0,4.0,False,0.8,2.0,4.0,6.0,7.2,,1,0.5,0.5,0.0,0.0,0.0,0.0,0.0,0.0,0.0,0.0,0.0,,
all_t20_2018_2026,4e57144f,Pritam Nirala,False,2019,False,4,4,0,8.0,22,2.0,2.0,2.0,False,0.30000000000000004,0.75,2.0,3.25,3.7,0.0,1,0.25,0.25,0.0,0.0,0.0,0.0,0.0,0.0,0.0,0.0,0.0,,
all_t20_2018_2026,6b4ce914,Bobby Zothansanga,False,2022,False,6,3,3,8.0,19,2.6666666666666665,1.3333333333333333,1.0,True,0.5,1.0,1.0,1.75,2.5,0.4861359120657515,1,0.16666666666666666,0.3333333333333333,0.0,0.0,0.0,0.0,0.0,0.0,0.0,0.0,0.0,,
all_t20_2018_2026,7050a1e7,DB Das,False,2019,False,1,0,1,8.0,17,,8.0,8.0,False,8.0,8.0,8.0,8.0,8.0,,0,0.0,,0.0,,1.0,0.0,,1.0,0.0,,1.0,,
all_t20_2018_2026,76b0c2ac,Sunil Yadav,False,2021,False,2,2,0,8.0,10,4.0,4.0,4.0,False,1.6,2.5,4.0,5.5,6.4,,0,0.0,0.0,0.0,0.0,0.0,0.0,0.0,0.0,0.0,0.0,0.0,,
all_t20_2018_2026,8528effb,Z Evans,False,2021,False,3,2,1,8.0,9,4.0,2.6666666666666665,2.0,True,0.4,1.0,2.0,4.0,5.2,0.3818017741606064,0,0.0,0.0,0.0,0.0,0.0,0.0,0.0,0.0,0.0,0.0,0.0,,
all_t20_2018_2026,92cadfe2,AK Sarkar,False,2023,False,3,2,1,8.0,7,4.0,2.6666666666666665,2.0,True,0.4,1.0,2.0,4.0,5.2,0.3818017741606064,1,0.3333333333333333,0.5,0.0,0.0,0.33333333333333337,0.0,0.0,0.33333333333333337,0.0,0.0,0.33333333333333337,,
all_t20_2018_2026,96824e68,CP Tremain,False,2019,False,4,1,3,8.0,9,8.0,2.0,2.0,False,0.30000000000000004,0.75,2.0,3.25,3.7,0.0,0,0.0,0.0,0.0,0.0,0.0,0.0,0.0,0.0,0.0,0.0,0.0,,
all_t20_2018_2026,989006c5,D Joshi,False,2022,False,1,1,0,8.0,5,8.0,8.0,8.0,False,8.0,8.0,8.0,8.0,8.0,,0,0.0,0.0,0.0,0.0,0.0,0.0,0.0,0.0,0.0,0.0,0.0,,
all_t20_2018_2026,af985576,Hrithik Kanojia,False,2018,False,3,3,0,8.0,18,2.6666666666666665,2.6666666666666665,2.0,True,1.2,1.5,2.0,3.5,4.4,0.528004979218188,0,0.0,0.0,0.0,0.0,0.0,0.0,0.0,0.0,0.0,0.0,0.0,,
all_t20_2018_2026,b83ef011,Kunal Mahajan,False,2021,False,1,1,0,8.0,9,8.0,8.0,8.0,False,8.0,8.0,8.0,8.0,8.0,,0,0.0,0.0,0.0,0.0,0.0,0.0,0.0,0.0,0.0,0.0,0.0,,
all_t20_2018_2026,c15706c8,VV Gite,False,2019,False,1,1,0,8.0,3,8.0,8.0,8.0,False,8.0,8.0,8.0,8.0,8.0,,0,0.0,0.0,0.0,0.0,0.0,0.0,0.0,0.0,0.0,0.0,0.0,,
all_t20_2018_2026,e1a867df,DJM Moody,False,2021,False,1,1,0,8.0,15,8.0,8.0,8.0,False,8.0,8.0,8.0,8.0,8.0,,0,0.0,0.0,0.0,0.0,0.0,0.0,0.0,0.0,0.0,0.0,0.0,,
all_t20_2018_2026,e6ce0f4a,S Kalyan,False,2023,False,3,3,0,8.0,17,2.6666666666666665,2.6666666666666665,1.0,True,0.2,0.5,1.0,4.0,5.800000000000001,0.6520121170440464,1,0.3333333333333333,0.3333333333333333,0.0,0.0,0.0,0.0,0.0,0.0,0.0,0.0,0.0,,
all_t20_2018_2026,e94d1dcd,Usman Tariq,False,2026,True,3,1,2,8.0,11,8.0,2.6666666666666665,2.0,True,2.0,2.0,2.0,3.0,3.6,0.7071067811865479,0,0.0,0.0,0.0,0.0,0.6666666666666667,0.0,0.0,0.6666666666666667,0.0,0.0,0.6666666666666667,,
all_t20_2018_2026,ea02d56d,Ajay Kumar,False,2025,True,2,1,1,8.0,7,8.0,4.0,4.0,False,0.8,2.0,4.0,6.0,7.2,,1,0.5,1.0,0.0,0.0,0.5,0.0,0.0,0.5,0.0,0.0,0.5,,
all_t20_2018_2026,f5349934,Tejosel Yiethun,False,2019,False,1,1,0,8.0,12,8.0,8.0,8.0,False,8.0,8.0,8.0,8.0,8.0,,0,0.0,0.0,0.0,0.0,0.0,0.0,0.0,0.0,0.0,0.0,0.0,,
all_t20_2018_2026,f6332130,Walter Toppo,False,2020,False,1,1,0,8.0,8,8.0,8.0,8.0,False,8.0,8.0,8.0,8.0,8.0,,0,0.0,0.0,0.0,0.0,0.0,0.0,0.0,0.0,0.0,0.0,0.0,,
all_t20_2018_2026,f892fcf9,L Sipamla,False,2024,False,2,1,1,8.0,9,8.0,4.0,4.0,False,0.8,2.0,4.0,6.0,7.2,,1,0.5,1.0,0.0,0.0,0.5,0.0,0.0,0.5,0.0,0.0,0.5,,
all_t20_2018_2026,037429dc,L Haskett,False,2025,True,2,1,1,7.0,10,7.0,3.5,3.5,False,2.3,2.75,3.5,4.25,4.7,,0,0.0,0.0,0.0,0.0,0.0,0.0,0.0,0.0,0.0,0.0,0.0,,
all_t20_2018_2026,101dcc31,Shiraz Ahmed,False,2022,False,1,0,1,7.0,4,,7.0,7.0,False,7.0,7.0,7.0,7.0,7.0,,0,0.0,,0.0,,1.0,0.0,,1.0,0.0,,1.0,,
all_t20_2018_2026,15deff66,Bishworjit Konthoujam,False,2023,False,6,2,4,7.0,18,3.5,1.1666666666666667,1.0,True,0.5,1.0,1.0,1.75,2.0,-0.22826882356360795,0,0.0,0.0,0.0,0.0,0.4,0.0,0.0,0.4,0.0,0.0,0.4,,
all_t20_2018_2026,2057b225,Kumar Rajnish,False,2021,False,2,2,0,7.0,17,3.5,3.5,3.5,False,3.1,3.25,3.5,3.75,3.9,,0,0.0,0.0,0.0,0.0,0.0,0.0,0.0,0.0,0.0,0.0,0.0,,
all_t20_2018_2026,28970e5a,Jahan Uddin,False,2019,False,3,2,1,7.0,19,3.5,2.3333333333333335,1.0,True,1.0,1.0,1.0,3.0,4.2,0.7071067811865474,0,0.0,0.0,0.0,0.0,0.0,0.0,0.0,0.0,0.0,0.0,0.0,,
all_t20_2018_2026,401e1673,Arya Sethi,False,2019,False,1,1,0,7.0,10,7.0,7.0,7.0,False,7.0,7.0,7.0,7.0,7.0,,0,0.0,0.0,0.0,0.0,0.0,0.0,0.0,0.0,0.0,0.0,0.0,,
all_t20_2018_2026,4b6cc6c2,Licha Tehi,False,2019,False,2,1,1,7.0,4,7.0,3.5,3.5,False,2.3,2.75,3.5,4.25,4.7,,0,0.0,0.0,0.0,0.0,0.5,0.0,0.0,0.5,0.0,0.0,0.5,,
all_t20_2018_2026,50455929,RT Arothe,False,2019,False,3,3,0,7.0,11,2.3333333333333335,2.3333333333333335,3.0,False,0.6000000000000001,1.5,3.0,3.5,3.8,-0.528004979218188,1,0.3333333333333333,0.3333333333333333,0.0,0.0,0.0,0.0,0.0,0.0,0.0,0.0,0.0,,
all_t20_2018_2026,51e68a46,AS Bedi,False,2021,False,1,0,1,7.0,3,,7.0,7.0,False,7.0,7.0,7.0,7.0,7.0,,0,0.0,,0.0,,1.0,0.0,,1.0,0.0,,1.0,,
all_t20_2018_2026,57c81c1f,ABB Sangma,False,2023,False,1,1,0,7.0,21,7.0,7.0,7.0,False,7.0,7.0,7.0,7.0,7.0,,0,0.0,0.0,0.0,0.0,0.0,0.0,0.0,0.0,0.0,0.0,0.0,,
all_t20_2018_2026,5876c626,Mehdi Hassan,False,2021,False,5,2,3,7.0,15,3.5,1.4,1.0,True,0.4,1.0,1.0,2.0,2.6,0.27154541788363973,1,0.2,0.5,0.0,0.0,0.0,0.0,0.0,0.0,0.0,0.0,0.0,,
all_t20_2018_2026,5b9705c4,Ankit Maini,False,2018,False,1,1,0,7.0,13,7.0,7.0,7.0,False,7.0,7.0,7.0,7.0,7.0,,0,0.0,0.0,0.0,0.0,0.0,0.0,0.0,0.0,0.0,0.0,0.0,,
all_t20_2018_2026,7c503806,J Botha,False,2020,False,4,0,4,7.0,6,,1.75,1.0,True,1.0,1.0,1.0,1.75,3.1000000000000005,1.1547005383792515,0,0.0,,0.0,,1.0,0.0,,1.0,0.0,,1.0,,
all_t20_2018_2026,8ddb1519,J Biakthanpuia,False,2023,False,1,1,0,7.0,21,7.0,7.0,7.0,False,7.0,7.0,7.0,7.0,7.0,,0,0.0,0.0,0.0,0.0,0.0,0.0,0.0,0.0,0.0,0.0,0.0,,
all_t20_2018_2026,9124aa4c,Zuhaib Zubair,False,2025,True,4,0,4,7.0,11,,1.75,2.0,False,1.3,1.75,2.0,2.0,2.0,-1.1547005383792517,0,0.0,,0.0,,1.0,0.0,,1.0,0.0,,1.0,,
all_t20_2018_2026,9f622b6c,D Yadav,False,2023,False,2,2,0,7.0,16,3.5,3.5,3.5,False,1.5,2.25,3.5,4.75,5.5,,0,0.0,0.0,0.0,0.0,0.0,0.0,0.0,0.0,0.0,0.0,0.0,,
all_t20_2018_2026,a968d8eb,Dilbar Hussain,False,2019,False,1,0,1,7.0,8,,7.0,7.0,False,7.0,7.0,7.0,7.0,7.0,,0,0.0,,0.0,,1.0,0.0,,1.0,0.0,,1.0,,
all_t20_2018_2026,ab6573dc,LE Scott,False,2023,False,1,0,1,7.0,11,,7.0,7.0,False,7.0,7.0,7.0,7.0,7.0,,0,0.0,,0.0,,1.0,0.0,,1.0,0.0,,1.0,,
all_t20_2018_2026,af9abd34,Rajesh Tati,False,2019,False,1,1,0,7.0,16,7.0,7.0,7.0,False,7.0,7.0,7.0,7.0,7.0,,0,0.0,0.0,0.0,0.0,0.0,0.0,0.0,0.0,0.0,0.0,0.0,,
all_t20_2018_2026,b7d8d5ce,Lalnunkima Varte,False,2020,False,4,1,3,7.0,17,7.0,1.75,0.5,True,0.0,0.0,0.5,2.25,4.500000000000001,1.0659491980021947,1,0.25,1.0,0.0,0.0,0.75,0.0,0.0,0.75,0.0,0.0,0.75,,
all_t20_2018_2026,c10c625d,PA Dahiya,False,2022,False,1,1,0,7.0,11,7.0,7.0,7.0,False,7.0,7.0,7.0,7.0,7.0,,0,0.0,0.0,0.0,0.0,0.0,0.0,0.0,0.0,0.0,0.0,0.0,,
all_t20_2018_2026,c3394c16,DEM Carter,False,2026,True,3,2,1,7.0,9,3.5,2.3333333333333335,1.0,True,0.2,0.5,1.0,3.5,5.0,0.6309038567106237,1,0.3333333333333333,0.5,0.0,0.0,0.0,0.0,0.0,0.0,0.0,0.0,0.0,,
all_t20_2018_2026,cb61ddd6,SSK Chaudhary,False,2024,False,1,1,0,7.0,10,7.0,7.0,7.0,False,7.0,7.0,7.0,7.0,7.0,,0,0.0,0.0,0.0,0.0,0.0,0.0,0.0,0.0,0.0,0.0,0.0,,
all_t20_2018_2026,e2290574,Tanush Gusain,False,2021,False,1,1,0,7.0,10,7.0,7.0,7.0,False,7.0,7.0,7.0,7.0,7.0,,0,0.0,0.0,0.0,0.0,0.0,0.0,0.0,0.0,0.0,0.0,0.0,,
all_t20_2018_2026,e941cd33,AR Lamba,False,2026,True,3,3,0,7.0,11,2.3333333333333335,2.3333333333333335,2.0,True,2.0,2.0,2.0,2.5,2.8,0.7071067811865466,0,0.0,0.0,0.0,0.0,0.0,0.0,0.0,0.0,0.0,0.0,0.0,,
all_t20_2018_2026,ea3652ba,V Nayanar,False,2023,False,1,1,0,7.0,7,7.0,7.0,7.0,False,7.0,7.0,7.0,7.0,7.0,,0,0.0,0.0,0.0,0.0,0.0,0.0,0.0,0.0,0.0,0.0,0.0,,
all_t20_2018_2026,f1eb3c73,DMW Rawlins,False,2021,False,1,1,0,7.0,7,7.0,7.0,7.0,False,7.0,7.0,7.0,7.0,7.0,,0,0.0,0.0,0.0,0.0,0.0,0.0,0.0,0.0,0.0,0.0,0.0,,
all_t20_2018_2026,f2dbbff5,Ravikumar Samarth,False,2019,False,1,1,0,7.0,8,7.0,7.0,7.0,False,7.0,7.0,7.0,7.0,7.0,,0,0.0,0.0,0.0,0.0,0.0,0.0,0.0,0.0,0.0,0.0,0.0,,
all_t20_2018_2026,f6c313ea,KS Gattepalli,False,2026,True,2,0,2,7.0,8,,3.5,3.5,False,2.3,2.75,3.5,4.25,4.7,,0,0.0,,0.0,,1.0,0.0,,1.0,0.0,,1.0,,
all_t20_2018_2026,f6cb1703,Vasuki Koushik,False,2020,False,4,1,3,7.0,11,7.0,1.75,2.0,False,0.6000000000000001,1.5,2.0,2.25,2.7,-0.6520236646847543,0,0.0,0.0,0.0,0.0,0.6666666666666667,0.0,0.0,0.6666666666666667,0.0,0.0,0.6666666666666667,,
all_t20_2018_2026,fcc9954f,Satish Jangir,False,2018,False,1,1,0,7.0,11,7.0,7.0,7.0,False,7.0,7.0,7.0,7.0,7.0,,0,0.0,0.0,0.0,0.0,0.0,0.0,0.0,0.0,0.0,0.0,0.0,,
all_t20_2018_2026,014cfac4,MLL Taylor,False,2025,True,2,2,0,6.0,5,3.0,3.0,3.0,False,2.2,2.5,3.0,3.5,3.8,,0,0.0,0.0,0.0,0.0,0.0,0.0,0.0,0.0,0.0,0.0,0.0,,
all_t20_2018_2026,0c7f11be,DL Lloyd,False,2021,False,2,2,0,6.0,7,3.0,3.0,3.0,False,0.6000000000000001,1.5,3.0,4.5,5.4,,1,0.5,0.5,0.0,0.0,0.0,0.0,0.0,0.0,0.0,0.0,0.0,,
all_t20_2018_2026,0d64d81c,Rahul Khajan Singh,False,2021,False,2,1,1,6.0,6,6.0,3.0,3.0,False,1.4,2.0,3.0,4.0,4.6,,0,0.0,0.0,0.0,0.0,0.5,0.0,0.0,0.5,0.0,0.0,0.5,,
all_t20_2018_2026,23f94c02,J Drysdale,False,2024,False,2,1,1,6.0,10,6.0,3.0,3.0,False,1.4,2.0,3.0,4.0,4.6,,0,0.0,0.0,0.0,0.0,0.0,0.0,0.0,0.0,0.0,0.0,0.0,,
all_t20_2018_2026,299984bc,Karma Bhutia,False,2019,False,3,3,0,6.0,33,2.0,2.0,1.0,True,1.0,1.0,1.0,2.5,3.4000000000000004,0.7071067811865474,0,0.0,0.0,0.0,0.0,0.0,0.0,0.0,0.0,0.0,0.0,0.0,,
all_t20_2018_2026,2c3643f8,Sahil Lotra,False,2023,False,1,1,0,6.0,6,6.0,6.0,6.0,False,6.0,6.0,6.0,6.0,6.0,,0,0.0,0.0,0.0,0.0,0.0,0.0,0.0,0.0,0.0,0.0,0.0,,
all_t20_2018_2026,2cbdd22f,Izharulhaq Naveed,False,2023,False,4,2,2,6.0,11,3.0,1.5,1.5,False,1.0,1.0,1.5,2.0,2.0,0.0,0,0.0,0.0,0.0,0.0,0.375,0.0,0.0,0.375,0.0,0.0,0.375,,
all_t20_2018_2026,43d9353a,Syed Faridoun,False,2021,False,1,0,1,6.0,5,,6.0,6.0,False,6.0,6.0,6.0,6.0,6.0,,0,0.0,,0.0,,1.0,0.0,,1.0,0.0,,1.0,,
all_t20_2018_2026,4557dc54,PA van Meekeren,False,2021,False,2,1,1,6.0,13,6.0,3.0,3.0,False,3.0,3.0,3.0,3.0,3.0,,0,0.0,0.0,0.0,0.0,0.5,0.0,0.0,0.5,0.0,0.0,0.5,,
all_t20_2018_2026,5c9d5093,R Tyson,False,2026,True,3,0,3,6.0,4,,2.0,1.0,True,1.0,1.0,1.0,2.5,3.4000000000000004,0.7071067811865474,0,0.0,,0.0,,1.0,0.0,,1.0,0.0,,1.0,,
all_t20_2018_2026,64839cb3,M Pathirana,False,2025,True,3,1,2,6.0,9,6.0,2.0,1.0,True,1.0,1.0,1.0,2.5,3.4000000000000004,0.7071067811865474,0,0.0,0.0,0.0,0.0,0.6666666666666667,0.0,0.0,0.6666666666666667,0.0,0.0,0.6666666666666667,,
all_t20_2018_2026,64959652,Mrinmoy Dutta,False,2023,False,2,1,1,6.0,10,6.0,3.0,3.0,False,0.6000000000000001,1.5,3.0,4.5,5.4,,0,0.0,0.0,0.0,0.0,0.0,0.0,0.0,0.0,0.0,0.0,0.0,,
all_t20_2018_2026,68ddabdb,Mohammad Sami,False,2018,False,1,1,0,6.0,9,6.0,6.0,6.0,False,6.0,6.0,6.0,6.0,6.0,,0,0.0,0.0,0.0,0.0,0.0,0.0,0.0,0.0,0.0,0.0,0.0,,
all_t20_2018_2026,6d96ee66,SS Dubhashi,False,2022,False,1,0,1,6.0,11,,6.0,6.0,False,6.0,6.0,6.0,6.0,6.0,,0,0.0,,0.0,,1.0,0.0,,1.0,0.0,,1.0,,
all_t20_2018_2026,76860ea3,Lamabam Singh,False,2020,False,4,0,4,6.0,10,,1.5,1.0,True,0.0,0.0,1.0,2.5,3.4000000000000004,0.49338220021815865,0,0.0,,0.0,,1.0,0.0,,1.0,0.0,,1.0,,
all_t20_2018_2026,7cba973f,Shiva Chauhan,False,2021,False,1,1,0,6.0,3,6.0,6.0,6.0,False,6.0,6.0,6.0,6.0,6.0,,0,0.0,0.0,0.0,0.0,0.0,0.0,0.0,0.0,0.0,0.0,0.0,,
all_t20_2018_2026,96513a65,MD Nidheesh,False,2019,False,2,1,1,6.0,3,6.0,3.0,3.0,False,0.6000000000000001,1.5,3.0,4.5,5.4,,0,0.0,0.0,0.0,0.0,0.0,0.0,0.0,0.0,0.0,0.0,0.0,,
all_t20_2018_2026,9b327948,Faisal Khan Ahmadzai,False,2026,True,2,1,1,6.0,8,6.0,3.0,3.0,False,0.6000000000000001,1.5,3.0,4.5,5.4,,0,0.0,0.0,0.0,0.0,0.0,0.0,0.0,0.0,0.0,0.0,0.0,,
all_t20_2018_2026,9d0344f3,Akif Raja,False,2023,False,4,3,1,6.0,14,2.0,1.5,1.5,False,0.30000000000000004,0.75,1.5,2.25,2.7,0.0,1,0.25,0.3333333333333333,0.0,0.0,0.0,0.0,0.0,0.0,0.0,0.0,0.0,,
all_t20_2018_2026,9e76cdb3,Ansh Patel,False,2021,False,1,1,0,6.0,4,6.0,6.0,6.0,False,6.0,6.0,6.0,6.0,6.0,,0,0.0,0.0,0.0,0.0,0.0,0.0,0.0,0.0,0.0,0.0,0.0,,
all_t20_2018_2026,9fa93dcd,MSS Hussain,False,2020,False,1,1,0,6.0,4,6.0,6.0,6.0,False,6.0,6.0,6.0,6.0,6.0,,0,0.0,0.0,0.0,0.0,0.0,0.0,0.0,0.0,0.0,0.0,0.0,,
all_t20_2018_2026,a08a3c52,LM Edward,False,2022,False,1,0,1,6.0,6,,6.0,6.0,False,6.0,6.0,6.0,6.0,6.0,,0,0.0,,0.0,,1.0,0.0,,1.0,0.0,,1.0,,
all_t20_2018_2026,a2f46292,KK Ahmed,False,2025,True,9,7,2,6.0,24,0.8571428571428571,0.6666666666666666,0.0,True,0.0,0.0,0.0,1.0,2.0,0.680413817439772,5,0.5555555555555556,0.7142857142857143,0.0,0.0,0.16666666666666666,0.0,0.0,0.16666666666666666,0.0,0.0,0.16666666666666666,,
all_t20_2018_2026,c3c92b42,RS Hangargekar,False,2020,False,2,1,1,6.0,7,6.0,3.0,3.0,False,0.6000000000000001,1.5,3.0,4.5,5.4,,1,0.5,1.0,0.0,0.0,0.5,0.0,0.0,0.5,0.0,0.0,0.5,,
all_t20_2018_2026,c8ded7bc,Abhishek Tanwar,False,2018,False,2,0,2,6.0,7,,3.0,3.0,False,1.4,2.0,3.0,4.0,4.6,,0,0.0,,0.0,,1.0,0.0,,1.0,0.0,,1.0,,
all_t20_2018_2026,cec44e08,SM Sharma,False,2022,False,2,1,1,6.0,9,6.0,3.0,3.0,False,0.6000000000000001,1.5,3.0,4.5,5.4,,1,0.5,1.0,0.0,0.0,0.5,0.0,0.0,0.5,0.0,0.0,0.5,,
all_t20_2018_2026,d2b99c2d,Myendung Singpho,False,2021,False,6,4,2,6.0,12,1.5,1.0,1.0,False,0.5,1.0,1.0,1.0,1.5,0.0,1,0.16666666666666666,0.25,0.0,0.0,0.33333333333333337,0.0,0.0,0.33333333333333337,0.0,0.0,0.33333333333333337,,
all_t20_2018_2026,e19c424c,Lalrempuia,False,2018,False,2,1,1,6.0,4,6.0,3.0,3.0,False,1.4,2.0,3.0,4.0,4.6,,0,0.0,0.0,0.0,0.0,0.0,0.0,0.0,0.0,0.0,0.0,0.0,,
all_t20_2018_2026,e32d22f6,Pankaj Singh,False,2018,False,2,1,1,6.0,12,6.0,3.0,3.0,False,1.4,2.0,3.0,4.0,4.6,,0,0.0,0.0,0.0,0.0,0.5,0.0,0.0,0.5,0.0,0.0,0.5,,
all_t20_2018_2026,e423d162,LJ Fletcher,False,2021,False,2,1,1,6.0,5,6.0,3.0,3.0,False,2.2,2.5,3.0,3.5,3.8,,0,0.0,0.0,0.0,0.0,0.0,0.0,0.0,0.0,0.0,0.0,0.0,,
all_t20_2018_2026,e7199177,S van Staden,False,2023,False,1,1,0,6.0,12,6.0,6.0,6.0,False,6.0,6.0,6.0,6.0,6.0,,0,0.0,0.0,0.0,0.0,0.0,0.0,0.0,0.0,0.0,0.0,0.0,,
all_t20_2018_2026,f048bb41,JM Mennie,False,2019,False,2,2,0,6.0,10,3.0,3.0,3.0,False,1.4,2.0,3.0,4.0,4.6,,0,0.0,0.0,0.0,0.0,0.0,0.0,0.0,0.0,0.0,0.0,0.0,,
all_t20_2018_2026,12314277,Arshad Khan (2),False,2024,False,1,1,0,5.0,4,5.0,5.0,5.0,False,5.0,5.0,5.0,5.0,5.0,,0,0.0,0.0,0.0,0.0,0.0,0.0,0.0,0.0,0.0,0.0,0.0,,
all_t20_2018_2026,12f75dbd,AP Sharma,False,2018,False,3,2,1,5.0,9,2.5,1.6666666666666667,1.0,True,0.2,0.5,1.0,2.5,3.4000000000000004,0.5280049792181873,1,0.3333333333333333,0.5,0.0,0.0,0.0,0.0,0.0,0.0,0.0,0.0,0.0,,
all_t20_2018_2026,1ffad65f,Nihal Surlaker,False,2021,False,1,1,0,5.0,8,5.0,5.0,5.0,False,5.0,5.0,5.0,5.0,5.0,,0,0.0,0.0,0.0,0.0,0.0,0.0,0.0,0.0,0.0,0.0,0.0,,
all_t20_2018_2026,2649de20,Kumar Suraj,False,2020,False,1,1,0,5.0,7,5.0,5.0,5.0,False,5.0,5.0,5.0,5.0,5.0,,0,0.0,0.0,0.0,0.0,0.0,0.0,0.0,0.0,0.0,0.0,0.0,,
all_t20_2018_2026,280fff14,Sakib Hussain,False,2026,True,1,0,1,5.0,7,,5.0,5.0,False,5.0,5.0,5.0,5.0,5.0,,0,0.0,,0.0,,1.0,0.0,,1.0,0.0,,1.0,,
all_t20_2018_2026,395179e8,D Parashar,False,2024,False,1,1,0,5.0,11,5.0,5.0,5.0,False,5.0,5.0,5.0,5.0,5.0,,0,0.0,0.0,0.0,0.0,0.0,0.0,0.0,0.0,0.0,0.0,0.0,,
all_t20_2018_2026,3b8679bf,Hunain Shah,False,2026,True,2,1,1,5.0,8,5.0,2.5,2.5,False,0.5,1.25,2.5,3.75,4.5,,0,0.0,0.0,0.0,0.0,0.0,0.0,0.0,0.0,0.0,0.0,0.0,,
all_t20_2018_2026,3d0ed2f9,JT Ball,False,2022,False,2,1,1,5.0,12,5.0,2.5,2.5,False,1.3,1.75,2.5,3.25,3.7,,0,0.0,0.0,0.0,0.0,0.0,0.0,0.0,0.0,0.0,0.0,0.0,,
all_t20_2018_2026,3d172a03,Prathamesh Gawas,False,2019,False,1,1,0,5.0,4,5.0,5.0,5.0,False,5.0,5.0,5.0,5.0,5.0,,0,0.0,0.0,0.0,0.0,0.0,0.0,0.0,0.0,0.0,0.0,0.0,,
all_t20_2018_2026,3dcd1e8d,ME Milnes,False,2022,False,4,3,1,5.0,6,1.6666666666666667,1.25,0.5,True,0.0,0.0,0.5,1.75,3.1000000000000005,0.9575491625535644,2,0.5,0.6666666666666666,0.0,0.0,0.0,0.0,0.0,0.0,0.0,0.0,0.0,,
all_t20_2018_2026,3e5dc16b,Gaurav Yadav,False,2019,False,1,0,1,5.0,3,,5.0,5.0,False,5.0,5.0,5.0,5.0,5.0,,0,0.0,,0.0,,1.0,0.0,,1.0,0.0,,1.0,,
all_t20_2018_2026,424a7994,Nilansh Keswani,False,2023,False,1,1,0,5.0,8,5.0,5.0,5.0,False,5.0,5.0,5.0,5.0,5.0,,0,0.0,0.0,0.0,0.0,0.0,0.0,0.0,0.0,0.0,0.0,0.0,,
all_t20_2018_2026,43666b9b,SM Rohilla,False,2023,False,1,1,0,5.0,6,5.0,5.0,5.0,False,5.0,5.0,5.0,5.0,5.0,,0,0.0,0.0,0.0,0.0,0.0,0.0,0.0,0.0,0.0,0.0,0.0,,
all_t20_2018_2026,43be3821,Nzanthung Mozhui,False,2022,False,2,2,0,5.0,19,2.5,2.5,2.5,False,0.5,1.25,2.5,3.75,4.5,,1,0.5,0.5,0.0,0.0,0.0,0.0,0.0,0.0,0.0,0.0,0.0,,
all_t20_2018_2026,4da2f572,Kilco R Marak,False,2023,False,4,2,2,5.0,9,2.5,1.25,1.0,True,0.30000000000000004,0.75,1.0,1.5,2.4000000000000004,0.6520236646847543,1,0.25,0.5,0.0,0.0,0.5,0.0,0.0,0.5,0.0,0.0,0.5,,
all_t20_2018_2026,5456bd0c,LN O'Connor,False,2020,False,4,3,1,5.0,17,1.6666666666666667,1.25,1.5,False,0.30000000000000004,0.75,1.5,2.0,2.0,-0.49338220021815865,1,0.25,0.3333333333333333,0.0,0.0,0.0,0.0,0.0,0.0,0.0,0.0,0.0,,
all_t20_2018_2026,58471746,Sufiyan Alam,False,2021,False,2,2,0,5.0,10,2.5,2.5,2.5,False,2.1,2.25,2.5,2.75,2.9,,0,0.0,0.0,0.0,0.0,0.0,0.0,0.0,0.0,0.0,0.0,0.0,,
all_t20_2018_2026,58be5e46,JA Chohan,False,2025,True,1,0,1,5.0,4,,5.0,5.0,False,5.0,5.0,5.0,5.0,5.0,,0,0.0,,0.0,,1.0,0.0,,1.0,0.0,,1.0,,
all_t20_2018_2026,59377a7f,NA Gordon,False,2023,False,3,2,1,5.0,9,2.5,1.6666666666666667,0.0,True,0.0,0.0,0.0,2.5,4.0,0.7071067811865475,2,0.6666666666666666,1.0,0.0,0.0,0.33333333333333337,0.0,0.0,0.33333333333333337,0.0,0.0,0.33333333333333337,,
all_t20_2018_2026,679cd31e,SJ Cook,False,2024,False,4,2,2,5.0,4,2.5,1.25,0.5,True,0.0,0.0,0.5,1.75,3.1000000000000005,0.9575491625535644,2,0.5,1.0,0.0,0.0,0.5,0.0,0.0,0.5,0.0,0.0,0.5,,
all_t20_2018_2026,70c4f525,JM Holland,False,2020,False,1,0,1,5.0,5,,5.0,5.0,False,5.0,5.0,5.0,5.0,5.0,,0,0.0,,0.0,,1.0,0.0,,1.0,0.0,,1.0,,
all_t20_2018_2026,75253312,Salman Baig,False,2018,False,2,2,0,5.0,6,2.5,2.5,2.5,False,0.5,1.25,2.5,3.75,4.5,,1,0.5,0.5,0.0,0.0,0.0,0.0,0.0,0.0,0.0,0.0,0.0,,
all_t20_2018_2026,7d8feff2,R Rohit,False,2018,False,1,1,0,5.0,3,5.0,5.0,5.0,False,5.0,5.0,5.0,5.0,5.0,,0,0.0,0.0,0.0,0.0,0.0,0.0,0.0,0.0,0.0,0.0,0.0,,
all_t20_2018_2026,80b2fb19,Prince Yadav,False,2026,True,3,0,3,5.0,11,,1.6666666666666667,1.0,True,0.2,0.5,1.0,2.5,3.4000000000000004,0.5280049792181873,0,0.0,,0.0,,1.0,0.0,,1.0,0.0,,1.0,,
all_t20_2018_2026,9531d48f,VS Halambage,False,2025,True,1,1,0,5.0,8,5.0,5.0,5.0,False,5.0,5.0,5.0,5.0,5.0,,0,0.0,0.0,0.0,0.0,0.0,0.0,0.0,0.0,0.0,0.0,0.0,,
all_t20_2018_2026,95a06106,GLS Scrimshaw,False,2022,False,1,0,1,5.0,3,,5.0,5.0,False,5.0,5.0,5.0,5.0,5.0,,0,0.0,,0.0,,1.0,0.0,,1.0,0.0,,1.0,,
all_t20_2018_2026,9616bea8,Nawazul Munier,False,2020,False,1,1,0,5.0,9,5.0,5.0,5.0,False,5.0,5.0,5.0,5.0,5.0,,0,0.0,0.0,0.0,0.0,0.0,0.0,0.0,0.0,0.0,0.0,0.0,,
all_t20_2018_2026,9c1b1f4b,A Desai,False,2024,False,1,0,1,5.0,5,,5.0,5.0,False,5.0,5.0,5.0,5.0,5.0,,0,0.0,,0.0,,1.0,0.0,,1.0,0.0,,1.0,,
all_t20_2018_2026,a671ad8b,Bobby Yadav,False,2018,False,1,1,0,5.0,7,5.0,5.0,5.0,False,5.0,5.0,5.0,5.0,5.0,,0,0.0,0.0,0.0,0.0,0.0,0.0,0.0,0.0,0.0,0.0,0.0,,
all_t20_2018_2026,a76d4082,T Suri,False,2024,False,2,1,1,5.0,4,5.0,2.5,2.5,False,0.5,1.25,2.5,3.75,4.5,,1,0.5,1.0,0.0,0.0,0.5,0.0,0.0,0.5,0.0,0.0,0.5,,
all_t20_2018_2026,aed2b202,Arab Gul,False,2025,True,1,0,1,5.0,2,,5.0,5.0,False,5.0,5.0,5.0,5.0,5.0,,0,0.0,,0.0,,1.0,0.0,,1.0,0.0,,1.0,,
all_t20_2018_2026,b1ad996b,MP Yadav,False,2026,True,1,1,0,5.0,5,5.0,5.0,5.0,False,5.0,5.0,5.0,5.0,5.0,,0,0.0,0.0,0.0,0.0,0.0,0.0,0.0,0.0,0.0,0.0,0.0,,
all_t20_2018_2026,bb3ccb17,Akash Sengupta,False,2023,False,2,2,0,5.0,7,2.5,2.5,2.5,False,1.3,1.75,2.5,3.25,3.7,,0,0.0,0.0,0.0,0.0,0.0,0.0,0.0,0.0,0.0,0.0,0.0,,
all_t20_2018_2026,c8f697bd,SM Fallah,False,2020,False,3,0,3,5.0,10,,1.6666666666666667,2.0,False,1.2,1.5,2.0,2.0,2.0,-0.7071067811865479,0,0.0,,0.0,,1.0,0.0,,1.0,0.0,,1.0,,
all_t20_2018_2026,ed9a84e9,Aryan Sahani,False,2023,False,2,2,0,5.0,12,2.5,2.5,2.5,False,0.5,1.25,2.5,3.75,4.5,,1,0.5,0.5,0.0,0.0,0.0,0.0,0.0,0.0,0.0,0.0,0.0,,
all_t20_2018_2026,efc40724,C Nicholas,False,2023,False,4,2,2,5.0,10,2.5,1.25,1.0,True,0.30000000000000004,0.75,1.0,1.5,2.4000000000000004,0.6520236646847543,1,0.25,0.5,0.0,0.0,0.5,0.0,0.0,0.5,0.0,0.0,0.5,,
all_t20_2018_2026,f0e722e0,Usman Shinwari,False,2018,False,2,0,2,5.0,6,,2.5,2.5,False,2.1,2.25,2.5,2.75,2.9,,0,0.0,,0.0,,1.0,0.0,,1.0,0.0,,1.0,,
all_t20_2018_2026,f61e2829,AH Maqsood,False,2022,False,5,1,4,5.0,9,5.0,1.0,1.0,False,0.4,1.0,1.0,1.0,1.6,0.0,1,0.2,1.0,0.0,0.0,0.8,0.0,0.0,0.8,0.0,0.0,0.8,,
all_t20_2018_2026,03df7a25,DA Douthwaite,False,2021,False,1,1,0,4.0,10,4.0,4.0,4.0,False,4.0,4.0,4.0,4.0,4.0,,0,0.0,0.0,0.0,0.0,0.0,0.0,0.0,0.0,0.0,0.0,0.0,,
all_t20_2018_2026,099135ad,Aryan Lakra,False,2023,False,1,0,1,4.0,5,,4.0,4.0,False,4.0,4.0,4.0,4.0,4.0,,0,0.0,,0.0,,1.0,0.0,,1.0,0.0,,1.0,,
all_t20_2018_2026,11061889,SR Dubey,False,2026,True,1,0,1,4.0,2,,4.0,4.0,False,4.0,4.0,4.0,4.0,4.0,,0,0.0,,0.0,,1.0,0.0,,1.0,0.0,,1.0,,
all_t20_2018_2026,1d8388eb,Amit Mishra,False,2018,False,2,2,0,4.0,6,2.0,2.0,2.0,False,0.4,1.0,2.0,3.0,3.6,,1,0.5,0.5,0.0,0.0,0.0,0.0,0.0,0.0,0.0,0.0,0.0,,
all_t20_2018_2026,2009e01b,Krishna Das,False,2018,False,2,1,1,4.0,11,4.0,2.0,2.0,False,1.2,1.5,2.0,2.5,2.8,,0,0.0,0.0,0.0,0.0,0.0,0.0,0.0,0.0,0.0,0.0,0.0,,
all_t20_2018_2026,201facae,N Mokoena,False,2025,True,2,2,0,4.0,6,2.0,2.0,2.0,False,0.4,1.0,2.0,3.0,3.6,,1,0.5,0.5,0.0,0.0,0.0,0.0,0.0,0.0,0.0,0.0,0.0,,
all_t20_2018_2026,2085e1fa,HJH Brookes,False,2022,False,3,1,2,4.0,6,4.0,1.3333333333333333,2.0,False,0.4,1.0,2.0,2.0,2.0,-0.7071067811865474,1,0.3333333333333333,1.0,0.0,0.0,0.6666666666666667,0.0,0.0,0.6666666666666667,0.0,0.0,0.6666666666666667,,
all_t20_2018_2026,275dff85,L Cheatle,False,2024,False,3,3,0,4.0,6,1.3333333333333333,1.3333333333333333,1.0,True,1.0,1.0,1.0,1.5,1.8,0.7071067811865479,0,0.0,0.0,0.0,0.0,0.0,0.0,0.0,0.0,0.0,0.0,0.0,,
all_t20_2018_2026,2cb7d600,S Pahal,False,2025,True,1,1,0,4.0,2,4.0,4.0,4.0,False,4.0,4.0,4.0,4.0,4.0,,0,0.0,0.0,0.0,0.0,0.0,0.0,0.0,0.0,0.0,0.0,0.0,,
all_t20_2018_2026,2f485713,G Ballinger,False,2026,True,6,3,3,4.0,13,1.3333333333333333,0.6666666666666666,1.0,False,0.0,0.25,1.0,1.0,1.0,-0.7071067811865474,2,0.3333333333333333,0.6666666666666666,0.0,0.0,0.5,0.0,0.0,0.5,0.0,0.0,0.5,,
all_t20_2018_2026,376025f1,Nishunk Birla,False,2024,False,1,0,1,4.0,1,,4.0,4.0,False,4.0,4.0,4.0,4.0,4.0,,0,0.0,,0.0,,1.0,0.0,,1.0,0.0,,1.0,,
all_t20_2018_2026,3f9a18ad,Shashidhar Reddy,False,2019,False,1,1,0,4.0,7,4.0,4.0,4.0,False,4.0,4.0,4.0,4.0,4.0,,0,0.0,0.0,0.0,0.0,0.0,0.0,0.0,0.0,0.0,0.0,0.0,,
all_t20_2018_2026,4494e8b7,Techi Sonam,False,2021,False,3,3,0,4.0,15,1.3333333333333333,1.3333333333333333,0.0,True,0.0,0.0,0.0,2.0,3.2,0.7071067811865479,2,0.6666666666666666,0.6666666666666666,0.0,0.0,0.0,0.0,0.0,0.0,0.0,0.0,0.0,,
all_t20_2018_2026,548516a6,Ravi Singh,False,2026,True,1,1,0,4.0,2,4.0,4.0,4.0,False,4.0,4.0,4.0,4.0,4.0,,0,0.0,0.0,0.0,0.0,0.0,0.0,0.0,0.0,0.0,0.0,0.0,,
all_t20_2018_2026,5bb5a915,M Morkel,False,2020,False,2,2,0,4.0,11,2.0,2.0,2.0,False,2.0,2.0,2.0,2.0,2.0,,0,0.0,0.0,0.0,0.0,0.0,0.0,0.0,0.0,0.0,0.0,0.0,,
all_t20_2018_2026,5ec126fa,I Manack,False,2022,False,1,0,1,4.0,3,,4.0,4.0,False,4.0,4.0,4.0,4.0,4.0,,0,0.0,,0.0,,1.0,0.0,,1.0,0.0,,1.0,,
all_t20_2018_2026,667f678b,Ghulam Mudassar,False,2026,True,1,1,0,4.0,3,4.0,4.0,4.0,False,4.0,4.0,4.0,4.0,4.0,,0,0.0,0.0,0.0,0.0,0.0,0.0,0.0,0.0,0.0,0.0,0.0,,
all_t20_2018_2026,68376632,Oren Ngullie,False,2019,False,2,2,0,4.0,22,2.0,2.0,2.0,False,0.4,1.0,2.0,3.0,3.6,,1,0.5,0.5,0.0,0.0,0.0,0.0,0.0,0.0,0.0,0.0,0.0,,
all_t20_2018_2026,7027d12f,HRA Rainey,False,2026,True,2,1,1,4.0,7,4.0,2.0,2.0,False,1.2,1.5,2.0,2.5,2.8,,0,0.0,0.0,0.0,0.0,0.0,0.0,0.0,0.0,0.0,0.0,0.0,,
all_t20_2018_2026,734062e6,Umar Nazir,False,2020,False,2,1,1,4.0,6,4.0,2.0,2.0,False,0.4,1.0,2.0,3.0,3.6,,1,0.5,1.0,0.0,0.0,0.5,0.0,0.0,0.5,0.0,0.0,0.5,,
all_t20_2018_2026,73d49fe6,Sunny Kashyap,False,2018,False,2,1,1,4.0,7,4.0,2.0,2.0,False,1.2,1.5,2.0,2.5,2.8,,0,0.0,0.0,0.0,0.0,0.0,0.0,0.0,0.0,0.0,0.0,0.0,,
all_t20_2018_2026,748591cb,Eshaan Ravi,False,2019,False,1,1,0,4.0,4,4.0,4.0,4.0,False,4.0,4.0,4.0,4.0,4.0,,0,0.0,0.0,0.0,0.0,0.0,0.0,0.0,0.0,0.0,0.0,0.0,,
all_t20_2018_2026,78c12883,S Baker,False,2026,True,4,4,0,4.0,11,1.0,1.0,1.0,False,0.30000000000000004,0.75,1.0,1.25,1.7000000000000002,0.0,1,0.25,0.25,0.0,0.0,0.0,0.0,0.0,0.0,0.0,0.0,0.0,,
all_t20_2018_2026,7f87204d,SP Terry,False,2018,False,1,1,0,4.0,5,4.0,4.0,4.0,False,4.0,4.0,4.0,4.0,4.0,,0,0.0,0.0,0.0,0.0,0.0,0.0,0.0,0.0,0.0,0.0,0.0,,
all_t20_2018_2026,857b9be7,Reuben Lalhruaizela,False,2019,False,1,1,0,4.0,9,4.0,4.0,4.0,False,4.0,4.0,4.0,4.0,4.0,,0,0.0,0.0,0.0,0.0,0.0,0.0,0.0,0.0,0.0,0.0,0.0,,
all_t20_2018_2026,95f2b15b,Achit Shigwan,False,2019,False,1,1,0,4.0,9,4.0,4.0,4.0,False,4.0,4.0,4.0,4.0,4.0,,0,0.0,0.0,0.0,0.0,0.0,0.0,0.0,0.0,0.0,0.0,0.0,,
all_t20_2018_2026,a0a65375,K Fraser,False,2025,True,1,1,0,4.0,7,4.0,4.0,4.0,False,4.0,4.0,4.0,4.0,4.0,,0,0.0,0.0,0.0,0.0,0.0,0.0,0.0,0.0,0.0,0.0,0.0,,
all_t20_2018_2026,a7f1ef98,K Lalhmingmawia,False,2020,False,2,1,1,4.0,3,4.0,2.0,2.0,False,1.2,1.5,2.0,2.5,2.8,,0,0.0,0.0,0.0,0.0,0.0,0.0,0.0,0.0,0.0,0.0,0.0,,
all_t20_2018_2026,aa1210d8,CF Parkinson,False,2023,False,4,1,3,4.0,7,4.0,1.0,1.0,False,0.30000000000000004,0.75,1.0,1.25,1.7000000000000002,0.0,0,0.0,0.0,0.0,0.0,0.6666666666666667,0.0,0.0,0.6666666666666667,0.0,0.0,0.6666666666666667,,
all_t20_2018_2026,af4f5c77,L Dobson,False,2023,False,2,2,0,4.0,13,2.0,2.0,2.0,False,1.2,1.5,2.0,2.5,2.8,,0,0.0,0.0,0.0,0.0,0.0,0.0,0.0,0.0,0.0,0.0,0.0,,
all_t20_2018_2026,b2570b38,RV Gomez,False,2018,False,2,2,0,4.0,9,2.0,2.0,2.0,False,2.0,2.0,2.0,2.0,2.0,,0,0.0,0.0,0.0,0.0,0.0,0.0,0.0,0.0,0.0,0.0,0.0,,
all_t20_2018_2026,b6e96180,Rajiv Darjee,False,2020,False,1,0,1,4.0,9,,4.0,4.0,False,4.0,4.0,4.0,4.0,4.0,,0,0.0,,0.0,,1.0,0.0,,1.0,0.0,,1.0,,
all_t20_2018_2026,b8d80b40,Sams Alam,False,2018,False,2,1,1,4.0,3,4.0,2.0,2.0,False,0.4,1.0,2.0,3.0,3.6,,0,0.0,0.0,0.0,0.0,0.0,0.0,0.0,0.0,0.0,0.0,0.0,,
all_t20_2018_2026,baec2e62,RS Khaira,False,2023,False,1,1,0,4.0,7,4.0,4.0,4.0,False,4.0,4.0,4.0,4.0,4.0,,0,0.0,0.0,0.0,0.0,0.0,0.0,0.0,0.0,0.0,0.0,0.0,,
all_t20_2018_2026,c9439c2e,A Norgrove,False,2026,True,1,0,1,4.0,2,,4.0,4.0,False,4.0,4.0,4.0,4.0,4.0,,0,0.0,,0.0,,1.0,0.0,,1.0,0.0,,1.0,,
all_t20_2018_2026,cc23e91e,JA Warrican,False,2025,True,1,1,0,4.0,5,4.0,4.0,4.0,False,4.0,4.0,4.0,4.0,4.0,,0,0.0,0.0,0.0,0.0,0.0,0.0,0.0,0.0,0.0,0.0,0.0,,
all_t20_2018_2026,ce794613,T Natarajan,False,2026,True,3,0,3,4.0,7,,1.3333333333333333,1.0,True,0.2,0.5,1.0,2.0,2.6,0.3818017741606064,0,0.0,,0.0,,1.0,0.0,,1.0,0.0,,1.0,,
all_t20_2018_2026,db15d0f8,Thomas Moirangthem,False,2019,False,3,1,2,4.0,11,4.0,1.3333333333333333,2.0,False,0.4,1.0,2.0,2.0,2.0,-0.7071067811865474,1,0.3333333333333333,1.0,0.0,0.0,0.6666666666666667,0.0,0.0,0.6666666666666667,0.0,0.0,0.6666666666666667,,
all_t20_2018_2026,e3a93585,G Potts,False,2022,False,1,0,1,4.0,4,,4.0,4.0,False,4.0,4.0,4.0,4.0,4.0,,0,0.0,,0.0,,1.0,0.0,,1.0,0.0,,1.0,,
all_t20_2018_2026,e893fef7,T Graves,False,2021,False,1,1,0,4.0,7,4.0,4.0,4.0,False,4.0,4.0,4.0,4.0,4.0,,0,0.0,0.0,0.0,0.0,0.0,0.0,0.0,0.0,0.0,0.0,0.0,,
all_t20_2018_2026,f38fcf70,L Thareja,False,2022,False,1,1,0,4.0,2,4.0,4.0,4.0,False,4.0,4.0,4.0,4.0,4.0,,0,0.0,0.0,0.0,0.0,0.0,0.0,0.0,0.0,0.0,0.0,0.0,,
all_t20_2018_2026,f7c3d426,CK Holder,False,2019,False,2,0,2,4.0,4,,2.0,2.0,False,0.4,1.0,2.0,3.0,3.6,,0,0.0,,0.0,,1.0,0.0,,1.0,0.0,,1.0,,
all_t20_2018_2026,fa778d1b,Santha Moorthy,False,2020,False,1,1,0,4.0,8,4.0,4.0,4.0,False,4.0,4.0,4.0,4.0,4.0,,0,0.0,0.0,0.0,0.0,0.0,0.0,0.0,0.0,0.0,0.0,0.0,,
all_t20_2018_2026,fc494054,Nabam Tatang,False,2020,False,1,1,0,4.0,6,4.0,4.0,4.0,False,4.0,4.0,4.0,4.0,4.0,,0,0.0,0.0,0.0,0.0,0.0,0.0,0.0,0.0,0.0,0.0,0.0,,
all_t20_2018_2026,febe4bfa,Md Saptula,False,2021,False,3,1,2,4.0,8,4.0,1.3333333333333333,1.0,True,0.2,0.5,1.0,2.0,2.6,0.3818017741606064,1,0.3333333333333333,1.0,0.0,0.0,0.6666666666666667,0.0,0.0,0.6666666666666667,0.0,0.0,0.6666666666666667,,
all_t20_2018_2026,098a757c,Muhammad Jawadullah,False,2025,True,4,2,2,3.0,10,1.5,0.75,0.5,True,0.0,0.0,0.5,1.25,1.7000000000000002,0.49338220021815865,2,0.5,1.0,0.0,0.0,0.5,0.0,0.0,0.5,0.0,0.0,0.5,,
all_t20_2018_2026,0f44384f,NS Rathour,False,2022,False,1,1,0,3.0,4,3.0,3.0,3.0,False,3.0,3.0,3.0,3.0,3.0,,0,0.0,0.0,0.0,0.0,0.0,0.0,0.0,0.0,0.0,0.0,0.0,,
all_t20_2018_2026,0ff9728b,Ravi Kiran,False,2022,False,3,0,3,3.0,13,,1.0,1.0,False,0.2,0.5,1.0,1.5,1.8,0.0,0,0.0,,0.0,,1.0,0.0,,1.0,0.0,,1.0,,
all_t20_2018_2026,10bbea13,Avijit Singh,False,2020,False,2,2,0,3.0,11,1.5,1.5,1.5,False,1.1,1.25,1.5,1.75,1.9,,0,0.0,0.0,0.0,0.0,0.0,0.0,0.0,0.0,0.0,0.0,0.0,,
all_t20_2018_2026,13fc5c6d,DS Rathi,False,2026,True,3,1,2,3.0,8,3.0,1.0,1.0,False,0.2,0.5,1.0,1.5,1.8,0.0,0,0.0,0.0,0.0,0.0,0.5,0.0,0.0,0.5,0.0,0.0,0.5,,
all_t20_2018_2026,1cc0a83d,J Hull,False,2025,True,1,0,1,3.0,3,,3.0,3.0,False,3.0,3.0,3.0,3.0,3.0,,0,0.0,,0.0,,1.0,0.0,,1.0,0.0,,1.0,,
all_t20_2018_2026,22850fa3,A Prateek Reddy,False,2022,False,2,2,0,3.0,12,1.5,1.5,1.5,False,0.30000000000000004,0.75,1.5,2.25,2.7,,1,0.5,0.5,0.0,0.0,0.0,0.0,0.0,0.0,0.0,0.0,0.0,,
all_t20_2018_2026,242a9261,Gaurav Gambhir,False,2019,False,1,1,0,3.0,4,3.0,3.0,3.0,False,3.0,3.0,3.0,3.0,3.0,,0,0.0,0.0,0.0,0.0,0.0,0.0,0.0,0.0,0.0,0.0,0.0,,
all_t20_2018_2026,29182be9,K Gaston,False,2026,True,3,0,3,3.0,5,,1.0,1.0,False,1.0,1.0,1.0,1.0,1.0,0.0,0,0.0,,0.0,,1.0,0.0,,1.0,0.0,,1.0,,
all_t20_2018_2026,30225730,Sourabh Majumdar,False,2023,False,3,2,1,3.0,8,1.5,1.0,0.0,True,0.0,0.0,0.0,1.5,2.4000000000000004,0.7071067811865474,2,0.6666666666666666,1.0,0.0,0.0,0.33333333333333337,0.0,0.0,0.33333333333333337,0.0,0.0,0.33333333333333337,,
all_t20_2018_2026,34ba03c3,P Rowe,False,2021,False,1,1,0,3.0,6,3.0,3.0,3.0,False,3.0,3.0,3.0,3.0,3.0,,0,0.0,0.0,0.0,0.0,0.0,0.0,0.0,0.0,0.0,0.0,0.0,,
all_t20_2018_2026,38b43687,Lone Nasir Muzaffar,False,2023,False,1,1,0,3.0,4,3.0,3.0,3.0,False,3.0,3.0,3.0,3.0,3.0,,0,0.0,0.0,0.0,0.0,0.0,0.0,0.0,0.0,0.0,0.0,0.0,,
all_t20_2018_2026,442461fa,M Perry,False,2025,True,1,0,1,3.0,3,,3.0,3.0,False,3.0,3.0,3.0,3.0,3.0,,0,0.0,,0.0,,1.0,0.0,,1.0,0.0,,1.0,,
all_t20_2018_2026,44d9d268,Prabesh Gurung,False,2019,False,2,2,0,3.0,11,1.5,1.5,1.5,False,0.30000000000000004,0.75,1.5,2.25,2.7,,1,0.5,0.5,0.0,0.0,0.0,0.0,0.0,0.0,0.0,0.0,0.0,,
all_t20_2018_2026,4703db1f,A Immanuel,False,2026,True,1,0,1,3.0,4,,3.0,3.0,False,3.0,3.0,3.0,3.0,3.0,,0,0.0,,0.0,,1.0,0.0,,1.0,0.0,,1.0,,
all_t20_2018_2026,518d090c,Sharafuddeen,False,2021,False,1,1,0,3.0,7,3.0,3.0,3.0,False,3.0,3.0,3.0,3.0,3.0,,0,0.0,0.0,0.0,0.0,0.0,0.0,0.0,0.0,0.0,0.0,0.0,,
all_t20_2018_2026,53d50717,A Hartley,False,2022,False,2,0,2,3.0,5,,1.5,1.5,False,1.1,1.25,1.5,1.75,1.9,,0,0.0,,0.0,,1.0,0.0,,1.0,0.0,,1.0,,
all_t20_2018_2026,605b7efa,MC Juneja,False,2020,False,1,1,0,3.0,7,3.0,3.0,3.0,False,3.0,3.0,3.0,3.0,3.0,,0,0.0,0.0,0.0,0.0,0.0,0.0,0.0,0.0,0.0,0.0,0.0,,
all_t20_2018_2026,642e8af0,JG Dill,False,2023,False,1,1,0,3.0,3,3.0,3.0,3.0,False,3.0,3.0,3.0,3.0,3.0,,0,0.0,0.0,0.0,0.0,0.0,0.0,0.0,0.0,0.0,0.0,0.0,,
all_t20_2018_2026,6971a468,Vijay Rao,False,2021,False,2,2,0,3.0,5,1.5,1.5,1.5,False,1.1,1.25,1.5,1.75,1.9,,0,0.0,0.0,0.0,0.0,0.0,0.0,0.0,0.0,0.0,0.0,0.0,,
all_t20_2018_2026,69a3140d,V Dhaka,False,2020,False,1,1,0,3.0,5,3.0,3.0,3.0,False,3.0,3.0,3.0,3.0,3.0,,0,0.0,0.0,0.0,0.0,0.0,0.0,0.0,0.0,0.0,0.0,0.0,,
all_t20_2018_2026,6d4d9944,W Nongkhlaw,False,2018,False,1,0,1,3.0,6,,3.0,3.0,False,3.0,3.0,3.0,3.0,3.0,,0,0.0,,0.0,,1.0,0.0,,1.0,0.0,,1.0,,
all_t20_2018_2026,6f49cc6e,Shivam Sharma,False,2021,False,1,1,0,3.0,4,3.0,3.0,3.0,False,3.0,3.0,3.0,3.0,3.0,,0,0.0,0.0,0.0,0.0,0.0,0.0,0.0,0.0,0.0,0.0,0.0,,
all_t20_2018_2026,7700398a,R Pratap Singh,False,2022,False,1,0,1,3.0,1,,3.0,3.0,False,3.0,3.0,3.0,3.0,3.0,,0,0.0,,0.0,,1.0,0.0,,1.0,0.0,,1.0,,
all_t20_2018_2026,79a18661,Takam Tallum,False,2020,False,1,1,0,3.0,7,3.0,3.0,3.0,False,3.0,3.0,3.0,3.0,3.0,,0,0.0,0.0,0.0,0.0,0.0,0.0,0.0,0.0,0.0,0.0,0.0,,
all_t20_2018_2026,7b5235a6,Pappu Roy,False,2020,False,5,1,4,3.0,14,3.0,0.6,0.0,True,0.0,0.0,0.0,1.0,1.6,0.8437499999999998,1,0.2,1.0,0.0,0.0,0.8,0.0,0.0,0.8,0.0,0.0,0.8,,
all_t20_2018_2026,7f2163a0,LD Hearne,False,2025,True,2,2,0,3.0,8,1.5,1.5,1.5,False,1.1,1.25,1.5,1.75,1.9,,0,0.0,0.0,0.0,0.0,0.0,0.0,0.0,0.0,0.0,0.0,0.0,,
all_t20_2018_2026,8254ea06,HP Patel,False,2021,False,4,2,2,3.0,5,1.5,0.75,0.5,True,0.0,0.0,0.5,1.25,1.7000000000000002,0.49338220021815865,2,0.5,1.0,0.0,0.0,0.5,0.0,0.0,0.5,0.0,0.0,0.5,,
all_t20_2018_2026,8a58f203,R Ugarkar,False,2026,True,6,3,3,3.0,15,1.0,0.5,0.0,True,0.0,0.0,0.0,0.75,1.5,1.1222634354993892,3,0.5,1.0,0.0,0.0,0.5,0.0,0.0,0.5,0.0,0.0,0.5,,
all_t20_2018_2026,9103ecdb,Muhammad Rohid,False,2025,True,1,1,0,3.0,4,3.0,3.0,3.0,False,3.0,3.0,3.0,3.0,3.0,,0,0.0,0.0,0.0,0.0,0.0,0.0,0.0,0.0,0.0,0.0,0.0,,
all_t20_2018_2026,956c813c,Lalhma Chhuana,False,2020,False,1,1,0,3.0,10,3.0,3.0,3.0,False,3.0,3.0,3.0,3.0,3.0,,0,0.0,0.0,0.0,0.0,0.0,0.0,0.0,0.0,0.0,0.0,0.0,,
all_t20_2018_2026,95a2ea61,S Anirudha,False,2018,False,1,0,1,3.0,2,,3.0,3.0,False,3.0,3.0,3.0,3.0,3.0,,0,0.0,,0.0,,1.0,0.0,,1.0,0.0,,1.0,,
all_t20_2018_2026,97b8d15e,Shahid Bhutta,False,2024,False,1,0,1,3.0,9,,3.0,3.0,False,3.0,3.0,3.0,3.0,3.0,,0,0.0,,0.0,,1.0,0.0,,1.0,0.0,,1.0,,
all_t20_2018_2026,a6aea235,N Harvey,False,2021,False,3,2,1,3.0,7,1.5,1.0,0.0,True,0.0,0.0,0.0,1.5,2.4000000000000004,0.7071067811865474,2,0.6666666666666666,1.0,0.0,0.0,0.33333333333333337,0.0,0.0,0.33333333333333337,0.0,0.0,0.33333333333333337,,
all_t20_2018_2026,b08e58e2,LR Morris,False,2024,False,4,3,1,3.0,11,1.0,0.75,0.5,True,0.0,0.0,0.5,1.25,1.7000000000000002,0.49338220021815865,1,0.25,0.3333333333333333,0.0,0.0,0.0,0.0,0.0,0.0,0.0,0.0,0.0,,
all_t20_2018_2026,b816c2a5,KR Smith,False,2018,False,1,1,0,3.0,5,3.0,3.0,3.0,False,3.0,3.0,3.0,3.0,3.0,,0,0.0,0.0,0.0,0.0,0.0,0.0,0.0,0.0,0.0,0.0,0.0,,
all_t20_2018_2026,cdc4604c,Abhishek Mohan,False,2018,False,1,0,1,3.0,6,,3.0,3.0,False,3.0,3.0,3.0,3.0,3.0,,0,0.0,,0.0,,1.0,0.0,,1.0,0.0,,1.0,,
all_t20_2018_2026,cf59f9b2,PS Kataria,False,2018,False,2,2,0,3.0,12,1.5,1.5,1.5,False,0.30000000000000004,0.75,1.5,2.25,2.7,,1,0.5,0.5,0.0,0.0,0.0,0.0,0.0,0.0,0.0,0.0,0.0,,
all_t20_2018_2026,cfa4bd2b,Y Prithvi Raj,False,2019,False,2,0,2,3.0,2,,1.5,1.5,False,0.30000000000000004,0.75,1.5,2.25,2.7,,0,0.0,,0.0,,1.0,0.0,,1.0,0.0,,1.0,,
all_t20_2018_2026,d53a4fee,Rahul Kumar,False,2020,False,1,1,0,3.0,4,3.0,3.0,3.0,False,3.0,3.0,3.0,3.0,3.0,,0,0.0,0.0,0.0,0.0,0.0,0.0,0.0,0.0,0.0,0.0,0.0,,
all_t20_2018_2026,d95b219a,Sabin Chettri,False,2019,False,1,1,0,3.0,5,3.0,3.0,3.0,False,3.0,3.0,3.0,3.0,3.0,,0,0.0,0.0,0.0,0.0,0.0,0.0,0.0,0.0,0.0,0.0,0.0,,
all_t20_2018_2026,e412cb64,HF Gurney,False,2019,False,5,2,3,3.0,10,1.5,0.6,1.0,False,0.0,0.0,1.0,1.0,1.0,-0.4082482904638628,1,0.2,0.5,0.0,0.0,0.5333333333333334,0.0,0.0,0.5333333333333334,0.0,0.0,0.5333333333333334,,
all_t20_2018_2026,e93b6c95,G Singh,False,2023,False,1,1,0,3.0,3,3.0,3.0,3.0,False,3.0,3.0,3.0,3.0,3.0,,0,0.0,0.0,0.0,0.0,0.0,0.0,0.0,0.0,0.0,0.0,0.0,,
all_t20_2018_2026,ece7b6b3,PP Hinge,False,2026,True,2,1,1,3.0,9,3.0,1.5,1.5,False,0.30000000000000004,0.75,1.5,2.25,2.7,,0,0.0,0.0,0.0,0.0,0.0,0.0,0.0,0.0,0.0,0.0,0.0,,
all_t20_2018_2026,edb80f24,Gaurav,False,2018,False,1,0,1,3.0,3,,3.0,3.0,False,3.0,3.0,3.0,3.0,3.0,,0,0.0,,0.0,,1.0,0.0,,1.0,0.0,,1.0,,
all_t20_2018_2026,f0e293b0,Zahoor Khan,False,2024,False,3,0,3,3.0,3,,1.0,1.0,False,0.2,0.5,1.0,1.5,1.8,0.0,0,0.0,,0.0,,1.0,0.0,,1.0,0.0,,1.0,,
all_t20_2018_2026,f39013c1,Chabungbam Ishworjit,False,2021,False,1,0,1,3.0,3,,3.0,3.0,False,3.0,3.0,3.0,3.0,3.0,,0,0.0,,0.0,,1.0,0.0,,1.0,0.0,,1.0,,
all_t20_2018_2026,f691e227,Akash Pandey,False,2023,False,3,2,1,3.0,10,1.5,1.0,1.0,False,0.2,0.5,1.0,1.5,1.8,0.0,1,0.3333333333333333,0.5,0.0,0.0,0.33333333333333337,0.0,0.0,0.33333333333333337,0.0,0.0,0.33333333333333337,,
all_t20_2018_2026,f7220198,SK Gharami,False,2024,False,3,3,0,3.0,10,1.0,1.0,1.0,False,0.2,0.5,1.0,1.5,1.8,0.0,1,0.3333333333333333,0.3333333333333333,0.0,0.0,0.0,0.0,0.0,0.0,0.0,0.0,0.0,,
all_t20_2018_2026,02f4b99c,Aakarshit Gomel,False,2020,False,1,1,0,2.0,5,2.0,2.0,2.0,False,2.0,2.0,2.0,2.0,2.0,,0,0.0,0.0,0.0,0.0,0.0,0.0,0.0,0.0,0.0,0.0,0.0,,
all_t20_2018_2026,133bbd61,Brijesh Sharma,False,2026,True,2,0,2,2.0,4,,1.0,1.0,False,1.0,1.0,1.0,1.0,1.0,,0,0.0,,0.0,,1.0,0.0,,1.0,0.0,,1.0,,
all_t20_2018_2026,1471c041,Md Nazim,False,2021,False,1,1,0,2.0,3,2.0,2.0,2.0,False,2.0,2.0,2.0,2.0,2.0,,0,0.0,0.0,0.0,0.0,0.0,0.0,0.0,0.0,0.0,0.0,0.0,,
all_t20_2018_2026,17c02b38,Pradeep Chamoli,False,2019,False,2,1,1,2.0,2,2.0,1.0,1.0,False,0.2,0.5,1.0,1.5,1.8,,1,0.5,1.0,0.0,0.0,0.5,0.0,0.0,0.5,0.0,0.0,0.5,,
all_t20_2018_2026,1bcdaf62,MW Archer,False,2025,True,1,1,0,2.0,9,2.0,2.0,2.0,False,2.0,2.0,2.0,2.0,2.0,,0,0.0,0.0,0.0,0.0,0.0,0.0,0.0,0.0,0.0,0.0,0.0,,
all_t20_2018_2026,210b05cb,Ehsan Adil,False,2025,True,3,1,2,2.0,4,2.0,0.6666666666666666,1.0,False,0.2,0.5,1.0,1.0,1.0,-0.7071067811865474,1,0.3333333333333333,1.0,0.0,0.0,0.6666666666666667,0.0,0.0,0.6666666666666667,0.0,0.0,0.6666666666666667,,
all_t20_2018_2026,2597e56b,Khrievitso Kense,False,2021,False,1,1,0,2.0,4,2.0,2.0,2.0,False,2.0,2.0,2.0,2.0,2.0,,0,0.0,0.0,0.0,0.0,0.0,0.0,0.0,0.0,0.0,0.0,0.0,,
all_t20_2018_2026,360f4e4b,GG Peters,False,2025,True,3,0,3,2.0,5,,0.6666666666666666,1.0,False,0.2,0.5,1.0,1.0,1.0,-0.7071067811865472,0,0.0,,0.0,,1.0,0.0,,1.0,0.0,,1.0,,
all_t20_2018_2026,41f56bbc,Henry Renthlei,False,2019,False,1,1,0,2.0,8,2.0,2.0,2.0,False,2.0,2.0,2.0,2.0,2.0,,0,0.0,0.0,0.0,0.0,0.0,0.0,0.0,0.0,0.0,0.0,0.0,,
all_t20_2018_2026,428308fb,D Marais,False,2024,False,1,1,0,2.0,3,2.0,2.0,2.0,False,2.0,2.0,2.0,2.0,2.0,,0,0.0,0.0,0.0,0.0,0.0,0.0,0.0,0.0,0.0,0.0,0.0,,
all_t20_2018_2026,455a7563,Nabam Tempol,False,2020,False,2,0,2,2.0,4,,1.0,1.0,False,1.0,1.0,1.0,1.0,1.0,,0,0.0,,0.0,,1.0,0.0,,1.0,0.0,,1.0,,
all_t20_2018_2026,469ccead,CB Sole,False,2023,False,1,0,1,2.0,3,,2.0,2.0,False,2.0,2.0,2.0,2.0,2.0,,0,0.0,,0.0,,1.0,0.0,,1.0,0.0,,1.0,,
all_t20_2018_2026,4751caa3,CBRLS Kumara,False,2022,False,2,0,2,2.0,4,,1.0,1.0,False,0.2,0.5,1.0,1.5,1.8,,0,0.0,,0.0,,1.0,0.0,,1.0,0.0,,1.0,,
all_t20_2018_2026,5da34add,MG Hogan,False,2022,False,2,1,1,2.0,4,2.0,1.0,1.0,False,0.2,0.5,1.0,1.5,1.8,,1,0.5,1.0,0.0,0.0,0.5,0.0,0.0,0.5,0.0,0.0,0.5,,
all_t20_2018_2026,617040e4,Farhan Khan,False,2024,False,1,0,1,2.0,2,,2.0,2.0,False,2.0,2.0,2.0,2.0,2.0,,0,0.0,,0.0,,1.0,0.0,,1.0,0.0,,1.0,,
all_t20_2018_2026,61d1a3d3,Shanu Saini,False,2020,False,1,1,0,2.0,4,2.0,2.0,2.0,False,2.0,2.0,2.0,2.0,2.0,,0,0.0,0.0,0.0,0.0,0.0,0.0,0.0,0.0,0.0,0.0,0.0,,
all_t20_2018_2026,66af8109,Kant Singh,False,2018,False,1,0,1,2.0,2,,2.0,2.0,False,2.0,2.0,2.0,2.0,2.0,,0,0.0,,0.0,,1.0,0.0,,1.0,0.0,,1.0,,
all_t20_2018_2026,68ac12a0,L Jackson,False,2021,False,1,0,1,2.0,2,,2.0,2.0,False,2.0,2.0,2.0,2.0,2.0,,0,0.0,,0.0,,1.0,0.0,,1.0,0.0,,1.0,,
all_t20_2018_2026,72949a3b,MA Sharma,False,2020,False,1,1,0,2.0,10,2.0,2.0,2.0,False,2.0,2.0,2.0,2.0,2.0,,0,0.0,0.0,0.0,0.0,0.0,0.0,0.0,0.0,0.0,0.0,0.0,,
all_t20_2018_2026,76388dc8,S Badree,False,2018,False,1,1,0,2.0,3,2.0,2.0,2.0,False,2.0,2.0,2.0,2.0,2.0,,0,0.0,0.0,0.0,0.0,0.0,0.0,0.0,0.0,0.0,0.0,0.0,,
all_t20_2018_2026,798c67e5,Sunny Rana,False,2019,False,4,4,0,2.0,10,0.5,0.5,0.0,True,0.0,0.0,0.0,0.5,1.4000000000000004,1.1547005383792517,3,0.75,0.75,0.0,0.0,0.0,0.0,0.0,0.0,0.0,0.0,0.0,,
all_t20_2018_2026,79f5bc26,BG Lister,False,2025,True,2,1,1,2.0,6,2.0,1.0,1.0,False,0.2,0.5,1.0,1.5,1.8,,1,0.5,1.0,0.0,0.0,0.5,0.0,0.0,0.5,0.0,0.0,0.5,,
all_t20_2018_2026,7ce7fb3c,CM McCarthy,False,2026,True,3,3,0,2.0,5,0.6666666666666666,0.6666666666666666,0.0,True,0.0,0.0,0.0,1.0,1.6,0.7071067811865479,2,0.6666666666666666,0.6666666666666666,0.0,0.0,0.0,0.0,0.0,0.0,0.0,0.0,0.0,,
all_t20_2018_2026,818aa622,Ankitkar Jaiswal,False,2020,False,1,0,1,2.0,1,,2.0,2.0,False,2.0,2.0,2.0,2.0,2.0,,0,0.0,,0.0,,1.0,0.0,,1.0,0.0,,1.0,,
all_t20_2018_2026,82684381,BB Debnath,False,2023,False,1,1,0,2.0,3,2.0,2.0,2.0,False,2.0,2.0,2.0,2.0,2.0,,0,0.0,0.0,0.0,0.0,0.0,0.0,0.0,0.0,0.0,0.0,0.0,,
all_t20_2018_2026,8361e524,SSB Magala,False,2022,False,3,0,3,2.0,5,,0.6666666666666666,1.0,False,0.2,0.5,1.0,1.0,1.0,-0.7071067811865474,0,0.0,,0.0,,1.0,0.0,,1.0,0.0,,1.0,,
all_t20_2018_2026,88d3fcc5,J Butte,False,2023,False,1,1,0,2.0,4,2.0,2.0,2.0,False,2.0,2.0,2.0,2.0,2.0,,0,0.0,0.0,0.0,0.0,0.0,0.0,0.0,0.0,0.0,0.0,0.0,,
all_t20_2018_2026,8a98675d,Sonu Singh,False,2019,False,1,1,0,2.0,3,2.0,2.0,2.0,False,2.0,2.0,2.0,2.0,2.0,,0,0.0,0.0,0.0,0.0,0.0,0.0,0.0,0.0,0.0,0.0,0.0,,
all_t20_2018_2026,9049ab63,MR Corteen-Coleman,False,2024,False,2,1,1,2.0,5,2.0,1.0,1.0,False,1.0,1.0,1.0,1.0,1.0,,0,0.0,0.0,0.0,0.0,0.5,0.0,0.0,0.5,0.0,0.0,0.5,,
all_t20_2018_2026,91f8e260,Zia Shahzad,False,2024,False,1,1,0,2.0,3,2.0,2.0,2.0,False,2.0,2.0,2.0,2.0,2.0,,0,0.0,0.0,0.0,0.0,0.0,0.0,0.0,0.0,0.0,0.0,0.0,,
all_t20_2018_2026,9e6032fa,DV Malewar,False,2026,True,2,2,0,2.0,5,1.0,1.0,1.0,False,0.2,0.5,1.0,1.5,1.8,,1,0.5,0.5,0.0,0.0,0.0,0.0,0.0,0.0,0.0,0.0,0.0,,
all_t20_2018_2026,9ff77e41,P Nitesh Reddy,False,2022,False,1,1,0,2.0,9,2.0,2.0,2.0,False,2.0,2.0,2.0,2.0,2.0,,0,0.0,0.0,0.0,0.0,0.0,0.0,0.0,0.0,0.0,0.0,0.0,,
all_t20_2018_2026,a3ae63f4,GJ Snyman,False,2025,True,1,1,0,2.0,5,2.0,2.0,2.0,False,2.0,2.0,2.0,2.0,2.0,,0,0.0,0.0,0.0,0.0,0.0,0.0,0.0,0.0,0.0,0.0,0.0,,
all_t20_2018_2026,a5b71472,L Bowe,False,2019,False,3,2,1,2.0,4,1.0,0.6666666666666666,0.0,True,0.0,0.0,0.0,1.0,1.6,0.7071067811865479,2,0.6666666666666666,1.0,0.0,0.0,0.33333333333333337,0.0,0.0,0.33333333333333337,0.0,0.0,0.33333333333333337,,
all_t20_2018_2026,aac9e6f1,Neetesh Sharma,False,2018,False,1,1,0,2.0,11,2.0,2.0,2.0,False,2.0,2.0,2.0,2.0,2.0,,0,0.0,0.0,0.0,0.0,0.0,0.0,0.0,0.0,0.0,0.0,0.0,,
all_t20_2018_2026,adee5bbd,Rakshan Readdi,False,2022,False,2,0,2,2.0,5,,1.0,1.0,False,0.2,0.5,1.0,1.5,1.8,,0,0.0,,0.0,,1.0,0.0,,1.0,0.0,,1.0,,
all_t20_2018_2026,b074cd46,RA Fackrell,False,2022,False,1,1,0,2.0,2,2.0,2.0,2.0,False,2.0,2.0,2.0,2.0,2.0,,0,0.0,0.0,0.0,0.0,0.0,0.0,0.0,0.0,0.0,0.0,0.0,,
all_t20_2018_2026,b5a12740,M Beardman,False,2024,False,1,1,0,2.0,6,2.0,2.0,2.0,False,2.0,2.0,2.0,2.0,2.0,,0,0.0,0.0,0.0,0.0,0.0,0.0,0.0,0.0,0.0,0.0,0.0,,
all_t20_2018_2026,c3a8bc99,C Archibald,False,2021,False,2,2,0,2.0,8,1.0,1.0,1.0,False,0.2,0.5,1.0,1.5,1.8,,1,0.5,0.5,0.0,0.0,0.0,0.0,0.0,0.0,0.0,0.0,0.0,,
all_t20_2018_2026,c4ab5dd8,A Palkar,False,2021,False,1,0,1,2.0,2,,2.0,2.0,False,2.0,2.0,2.0,2.0,2.0,,0,0.0,,0.0,,1.0,0.0,,1.0,0.0,,1.0,,
all_t20_2018_2026,cce2bcb2,V Tokas,False,2018,False,1,0,1,2.0,3,,2.0,2.0,False,2.0,2.0,2.0,2.0,2.0,,0,0.0,,0.0,,1.0,0.0,,1.0,0.0,,1.0,,
all_t20_2018_2026,d12143bf,JM Anderson,False,2025,True,1,0,1,2.0,4,,2.0,2.0,False,2.0,2.0,2.0,2.0,2.0,,0,0.0,,0.0,,1.0,0.0,,1.0,0.0,,1.0,,
all_t20_2018_2026,d13d1dd0,RP Kellepotha,False,2022,False,2,0,2,2.0,4,,1.0,1.0,False,1.0,1.0,1.0,1.0,1.0,,0,0.0,,0.0,,1.0,0.0,,1.0,0.0,,1.0,,
all_t20_2018_2026,d3da1c8e,RA Patil,False,2022,False,1,1,0,2.0,4,2.0,2.0,2.0,False,2.0,2.0,2.0,2.0,2.0,,0,0.0,0.0,0.0,0.0,0.0,0.0,0.0,0.0,0.0,0.0,0.0,,
all_t20_2018_2026,d60afd18,Temjentoshi Jamir,False,2019,False,1,1,0,2.0,6,2.0,2.0,2.0,False,2.0,2.0,2.0,2.0,2.0,,0,0.0,0.0,0.0,0.0,0.0,0.0,0.0,0.0,0.0,0.0,0.0,,
all_t20_2018_2026,d718440b,V Pratap Singh,False,2020,False,3,1,2,2.0,12,2.0,0.6666666666666666,1.0,False,0.2,0.5,1.0,1.0,1.0,-0.7071067811865474,0,0.0,0.0,0.0,0.0,0.5,0.0,0.0,0.5,0.0,0.0,0.5,,
all_t20_2018_2026,dbe4caf2,Madhav Avsh,False,2018,False,1,0,1,2.0,9,,2.0,2.0,False,2.0,2.0,2.0,2.0,2.0,,0,0.0,,0.0,,1.0,0.0,,1.0,0.0,,1.0,,
all_t20_2018_2026,dec8e038,J Theron,False,2023,False,2,1,1,2.0,2,2.0,1.0,1.0,False,1.0,1.0,1.0,1.0,1.0,,0,0.0,0.0,0.0,0.0,0.5,0.0,0.0,0.5,0.0,0.0,0.5,,
all_t20_2018_2026,e1d9ae9c,Shivam Singh,False,2024,False,1,0,1,2.0,3,,2.0,2.0,False,2.0,2.0,2.0,2.0,2.0,,0,0.0,,0.0,,1.0,0.0,,1.0,0.0,,1.0,,
all_t20_2018_2026,e1e6299a,Ambikeshwar Mishra,False,2018,False,1,0,1,2.0,6,,2.0,2.0,False,2.0,2.0,2.0,2.0,2.0,,0,0.0,,0.0,,1.0,0.0,,1.0,0.0,,1.0,,
all_t20_2018_2026,e5ee7c83,XA Crone,False,2024,False,2,2,0,2.0,6,1.0,1.0,1.0,False,1.0,1.0,1.0,1.0,1.0,,0,0.0,0.0,0.0,0.0,0.0,0.0,0.0,0.0,0.0,0.0,0.0,,
all_t20_2018_2026,e770616e,Darremsanga,False,2020,False,2,2,0,2.0,6,1.0,1.0,1.0,False,0.2,0.5,1.0,1.5,1.8,,1,0.5,0.5,0.0,0.0,0.0,0.0,0.0,0.0,0.0,0.0,0.0,,
all_t20_2018_2026,ec9fc54b,Akshay Wakhare,False,2020,False,5,3,2,2.0,6,0.6666666666666666,0.4,0.0,True,0.0,0.0,0.0,1.0,1.0,0.4082482904638628,3,0.6,1.0,0.0,0.0,0.4,0.0,0.0,0.4,0.0,0.0,0.4,,
all_t20_2018_2026,ef18b66e,Taskin Ahmed,False,2025,True,1,1,0,2.0,4,2.0,2.0,2.0,False,2.0,2.0,2.0,2.0,2.0,,0,0.0,0.0,0.0,0.0,0.0,0.0,0.0,0.0,0.0,0.0,0.0,,
all_t20_2018_2026,f090ba10,Gemson Singh,False,2020,False,1,1,0,2.0,6,2.0,2.0,2.0,False,2.0,2.0,2.0,2.0,2.0,,0,0.0,0.0,0.0,0.0,0.0,0.0,0.0,0.0,0.0,0.0,0.0,,
all_t20_2018_2026,f7b74efa,HE Jones,False,2022,False,1,1,0,2.0,4,2.0,2.0,2.0,False,2.0,2.0,2.0,2.0,2.0,,0,0.0,0.0,0.0,0.0,0.0,0.0,0.0,0.0,0.0,0.0,0.0,,
all_t20_2018_2026,f8cdc4d7,SA Jacobs,False,2019,False,2,1,1,2.0,7,2.0,1.0,1.0,False,1.0,1.0,1.0,1.0,1.0,,0,0.0,0.0,0.0,0.0,0.5,0.0,0.0,0.5,0.0,0.0,0.5,,
all_t20_2018_2026,f9346e2a,Jayveer Parmar,False,2019,False,2,0,2,2.0,4,,1.0,1.0,False,1.0,1.0,1.0,1.0,1.0,,0,0.0,,0.0,,1.0,0.0,,1.0,0.0,,1.0,,
all_t20_2018_2026,fb104762,Vaibhav Bhatt,False,2021,False,1,1,0,2.0,3,2.0,2.0,2.0,False,2.0,2.0,2.0,2.0,2.0,,0,0.0,0.0,0.0,0.0,0.0,0.0,0.0,0.0,0.0,0.0,0.0,,
all_t20_2018_2026,fdf7491e,IC Porel,False,2018,False,1,0,1,2.0,5,,2.0,2.0,False,2.0,2.0,2.0,2.0,2.0,,0,0.0,,0.0,,1.0,0.0,,1.0,0.0,,1.0,,
all_t20_2018_2026,fe4ebca0,JA Haynes,False,2022,False,1,1,0,2.0,2,2.0,2.0,2.0,False,2.0,2.0,2.0,2.0,2.0,,0,0.0,0.0,0.0,0.0,0.0,0.0,0.0,0.0,0.0,0.0,0.0,,
all_t20_2018_2026,00852db7,Rohit Dangwal,False,2018,False,2,1,1,1.0,10,1.0,0.5,0.5,False,0.1,0.25,0.5,0.75,0.9,,0,0.0,0.0,0.0,0.0,0.0,0.0,0.0,0.0,0.0,0.0,0.0,,
all_t20_2018_2026,025c4400,MJ Suthar,False,2024,False,1,1,0,1.0,2,1.0,1.0,1.0,False,1.0,1.0,1.0,1.0,1.0,,0,0.0,0.0,0.0,0.0,0.0,0.0,0.0,0.0,0.0,0.0,0.0,,
all_t20_2018_2026,0c13675e,Subham Nayak,False,2018,False,1,1,0,1.0,3,1.0,1.0,1.0,False,1.0,1.0,1.0,1.0,1.0,,0,0.0,0.0,0.0,0.0,0.0,0.0,0.0,0.0,0.0,0.0,0.0,,
all_t20_2018_2026,15b39832,R Hadley,False,2025,True,1,1,0,1.0,2,1.0,1.0,1.0,False,1.0,1.0,1.0,1.0,1.0,,0,0.0,0.0,0.0,0.0,0.0,0.0,0.0,0.0,0.0,0.0,0.0,,
all_t20_2018_2026,164d760f,Indiya Toku,False,2021,False,1,1,0,1.0,6,1.0,1.0,1.0,False,1.0,1.0,1.0,1.0,1.0,,0,0.0,0.0,0.0,0.0,0.0,0.0,0.0,0.0,0.0,0.0,0.0,,
all_t20_2018_2026,17196bf7,PR Rekhade,False,2024,False,1,1,0,1.0,2,1.0,1.0,1.0,False,1.0,1.0,1.0,1.0,1.0,,0,0.0,0.0,0.0,0.0,0.0,0.0,0.0,0.0,0.0,0.0,0.0,,
all_t20_2018_2026,17f03e69,Nikhil Kohli,False,2021,False,2,1,1,1.0,5,1.0,0.5,0.5,False,0.1,0.25,0.5,0.75,0.9,,1,0.5,1.0,0.0,0.0,0.5,0.0,0.0,0.5,0.0,0.0,0.5,,
all_t20_2018_2026,1aaebfe1,I Khaleel,False,2018,False,1,1,0,1.0,2,1.0,1.0,1.0,False,1.0,1.0,1.0,1.0,1.0,,0,0.0,0.0,0.0,0.0,0.0,0.0,0.0,0.0,0.0,0.0,0.0,,
all_t20_2018_2026,1d09dda7,Kamal Das,False,2018,False,1,1,0,1.0,4,1.0,1.0,1.0,False,1.0,1.0,1.0,1.0,1.0,,0,0.0,0.0,0.0,0.0,0.0,0.0,0.0,0.0,0.0,0.0,0.0,,
all_t20_2018_2026,2123d0af,Hardeep Singh,False,2019,False,1,1,0,1.0,7,1.0,1.0,1.0,False,1.0,1.0,1.0,1.0,1.0,,0,0.0,0.0,0.0,0.0,0.0,0.0,0.0,0.0,0.0,0.0,0.0,,
all_t20_2018_2026,2e78f685,KR Sen,False,2023,False,5,2,3,1.0,12,0.5,0.2,0.0,True,0.0,0.0,0.0,0.0,0.6000000000000001,1.5,1,0.2,0.5,0.0,0.0,0.0,0.0,0.0,0.0,0.0,0.0,0.0,,
all_t20_2018_2026,2f43ee81,J Layne,False,2023,False,1,1,0,1.0,3,1.0,1.0,1.0,False,1.0,1.0,1.0,1.0,1.0,,0,0.0,0.0,0.0,0.0,0.0,0.0,0.0,0.0,0.0,0.0,0.0,,
all_t20_2018_2026,30f4ac6f,SA Lewis,False,2022,False,1,1,0,1.0,3,1.0,1.0,1.0,False,1.0,1.0,1.0,1.0,1.0,,0,0.0,0.0,0.0,0.0,0.0,0.0,0.0,0.0,0.0,0.0,0.0,,
all_t20_2018_2026,30fc60b5,Vidyadhar Patil,False,2021,False,1,0,1,1.0,1,,1.0,1.0,False,1.0,1.0,1.0,1.0,1.0,,0,0.0,,0.0,,1.0,0.0,,1.0,0.0,,1.0,,
all_t20_2018_2026,34f27721,Yogesh Sharma,False,2022,False,1,0,1,1.0,1,,1.0,1.0,False,1.0,1.0,1.0,1.0,1.0,,0,0.0,,0.0,,1.0,0.0,,1.0,0.0,,1.0,,
all_t20_2018_2026,35dee2d1,Bal Krishna,False,2021,False,2,2,0,1.0,4,0.5,0.5,0.5,False,0.1,0.25,0.5,0.75,0.9,,1,0.5,0.5,0.0,0.0,0.0,0.0,0.0,0.0,0.0,0.0,0.0,,
all_t20_2018_2026,370a88ac,B Ellis,False,2025,True,1,0,1,1.0,1,,1.0,1.0,False,1.0,1.0,1.0,1.0,1.0,,0,0.0,,0.0,,1.0,0.0,,1.0,0.0,,1.0,,
all_t20_2018_2026,389ae08a,Puneet Datey,False,2022,False,2,1,1,1.0,2,1.0,0.5,0.5,False,0.1,0.25,0.5,0.75,0.9,,1,0.5,1.0,0.0,0.0,0.5,0.0,0.0,0.5,0.0,0.0,0.5,,
all_t20_2018_2026,3e47a8f8,Rishav,False,2021,False,1,1,0,1.0,5,1.0,1.0,1.0,False,1.0,1.0,1.0,1.0,1.0,,0,0.0,0.0,0.0,0.0,0.0,0.0,0.0,0.0,0.0,0.0,0.0,,
all_t20_2018_2026,3f9ec1d2,C Stow,False,2025,True,1,0,1,1.0,2,,1.0,1.0,False,1.0,1.0,1.0,1.0,1.0,,0,0.0,,0.0,,1.0,0.0,,1.0,0.0,,1.0,,
all_t20_2018_2026,449f4e3c,B Muzarabani,False,2023,False,1,1,0,1.0,6,1.0,1.0,1.0,False,1.0,1.0,1.0,1.0,1.0,,0,0.0,0.0,0.0,0.0,0.0,0.0,0.0,0.0,0.0,0.0,0.0,,
all_t20_2018_2026,44e58b5b,AA Chakraborty,False,2018,False,1,0,1,1.0,3,,1.0,1.0,False,1.0,1.0,1.0,1.0,1.0,,0,0.0,,0.0,,1.0,0.0,,1.0,0.0,,1.0,,
all_t20_2018_2026,4666d699,Harshit Rathod,False,2021,False,1,0,1,1.0,2,,1.0,1.0,False,1.0,1.0,1.0,1.0,1.0,,0,0.0,,0.0,,1.0,0.0,,1.0,0.0,,1.0,,
all_t20_2018_2026,4de4c0e9,Shivam Shukla,False,2024,False,1,1,0,1.0,3,1.0,1.0,1.0,False,1.0,1.0,1.0,1.0,1.0,,0,0.0,0.0,0.0,0.0,0.0,0.0,0.0,0.0,0.0,0.0,0.0,,
all_t20_2018_2026,4e747906,Deendyal Upadhyay,False,2018,False,1,1,0,1.0,4,1.0,1.0,1.0,False,1.0,1.0,1.0,1.0,1.0,,0,0.0,0.0,0.0,0.0,0.0,0.0,0.0,0.0,0.0,0.0,0.0,,
all_t20_2018_2026,4eb02f2e,KTH Ratnayake,False,2025,True,1,0,1,1.0,1,,1.0,1.0,False,1.0,1.0,1.0,1.0,1.0,,0,0.0,,0.0,,1.0,0.0,,1.0,0.0,,1.0,,
all_t20_2018_2026,50c09020,Ashok Sharma,False,2026,True,2,0,2,1.0,4,,0.5,0.5,False,0.1,0.25,0.5,0.75,0.9,,0,0.0,,0.0,,1.0,0.0,,1.0,0.0,,1.0,,
all_t20_2018_2026,5390f178,DMK Grant,False,2021,False,1,0,1,1.0,1,,1.0,1.0,False,1.0,1.0,1.0,1.0,1.0,,0,0.0,,0.0,,1.0,0.0,,1.0,0.0,,1.0,,
all_t20_2018_2026,5438ffba,K Bhagath Varma,False,2022,False,1,0,1,1.0,1,,1.0,1.0,False,1.0,1.0,1.0,1.0,1.0,,0,0.0,,0.0,,1.0,0.0,,1.0,0.0,,1.0,,
all_t20_2018_2026,5d68fe4f,Fahad Nawaz,False,2022,False,1,1,0,1.0,4,1.0,1.0,1.0,False,1.0,1.0,1.0,1.0,1.0,,0,0.0,0.0,0.0,0.0,0.0,0.0,0.0,0.0,0.0,0.0,0.0,,
all_t20_2018_2026,5fed6272,CN Miles,False,2022,False,1,0,1,1.0,2,,1.0,1.0,False,1.0,1.0,1.0,1.0,1.0,,0,0.0,,0.0,,1.0,0.0,,1.0,0.0,,1.0,,
all_t20_2018_2026,60471339,LMM Tahuhu,False,2022,False,1,1,0,1.0,1,1.0,1.0,1.0,False,1.0,1.0,1.0,1.0,1.0,,0,0.0,0.0,0.0,0.0,0.0,0.0,0.0,0.0,0.0,0.0,0.0,,
all_t20_2018_2026,63b9e4ad,R Ralte,False,2023,False,1,0,1,1.0,1,,1.0,1.0,False,1.0,1.0,1.0,1.0,1.0,,0,0.0,,0.0,,1.0,0.0,,1.0,0.0,,1.0,,
all_t20_2018_2026,65d905ea,Amod Yadav,False,2020,False,1,1,0,1.0,2,1.0,1.0,1.0,False,1.0,1.0,1.0,1.0,1.0,,0,0.0,0.0,0.0,0.0,0.0,0.0,0.0,0.0,0.0,0.0,0.0,,
all_t20_2018_2026,65ff7036,Anshul Tripathi,False,2018,False,1,1,0,1.0,2,1.0,1.0,1.0,False,1.0,1.0,1.0,1.0,1.0,,0,0.0,0.0,0.0,0.0,0.0,0.0,0.0,0.0,0.0,0.0,0.0,,
all_t20_2018_2026,69f45977,Sahban Khan,False,2022,False,1,1,0,1.0,7,1.0,1.0,1.0,False,1.0,1.0,1.0,1.0,1.0,,0,0.0,0.0,0.0,0.0,0.0,0.0,0.0,0.0,0.0,0.0,0.0,,
all_t20_2018_2026,6e1305eb,Jaideep Bhambhu,False,2021,False,1,0,1,1.0,1,,1.0,1.0,False,1.0,1.0,1.0,1.0,1.0,,0,0.0,,0.0,,1.0,0.0,,1.0,0.0,,1.0,,
all_t20_2018_2026,6ea2710f,D Moriarty,False,2022,False,1,1,0,1.0,3,1.0,1.0,1.0,False,1.0,1.0,1.0,1.0,1.0,,0,0.0,0.0,0.0,0.0,0.0,0.0,0.0,0.0,0.0,0.0,0.0,,
all_t20_2018_2026,708584cf,EA Russell,False,2021,False,1,0,1,1.0,1,,1.0,1.0,False,1.0,1.0,1.0,1.0,1.0,,0,0.0,,0.0,,1.0,0.0,,1.0,0.0,,1.0,,
all_t20_2018_2026,71bbaead,J Morgan,False,2019,False,1,1,0,1.0,3,1.0,1.0,1.0,False,1.0,1.0,1.0,1.0,1.0,,0,0.0,0.0,0.0,0.0,0.0,0.0,0.0,0.0,0.0,0.0,0.0,,
all_t20_2018_2026,7442f8dd,S Turner,False,2026,True,1,1,0,1.0,3,1.0,1.0,1.0,False,1.0,1.0,1.0,1.0,1.0,,0,0.0,0.0,0.0,0.0,0.0,0.0,0.0,0.0,0.0,0.0,0.0,,
all_t20_2018_2026,773bf733,Vijesh Prabhudessai,False,2018,False,1,1,0,1.0,1,1.0,1.0,1.0,False,1.0,1.0,1.0,1.0,1.0,,0,0.0,0.0,0.0,0.0,0.0,0.0,0.0,0.0,0.0,0.0,0.0,,
all_t20_2018_2026,778062fb,Abhay,False,2019,False,3,2,1,1.0,14,0.5,0.3333333333333333,0.0,True,0.0,0.0,0.0,0.5,0.8,0.7071067811865479,2,0.6666666666666666,1.0,0.0,0.0,0.33333333333333337,0.0,0.0,0.33333333333333337,0.0,0.0,0.33333333333333337,,
all_t20_2018_2026,798cc28e,KM Asif,False,2023,False,3,1,2,1.0,5,1.0,0.3333333333333333,0.0,True,0.0,0.0,0.0,0.5,0.8,0.7071067811865479,1,0.3333333333333333,1.0,0.0,0.0,0.6666666666666667,0.0,0.0,0.6666666666666667,0.0,0.0,0.6666666666666667,,
all_t20_2018_2026,7c2e7c17,Kanwar Abhinay,False,2019,False,2,1,1,1.0,2,1.0,0.5,0.5,False,0.1,0.25,0.5,0.75,0.9,,1,0.5,1.0,0.0,0.0,0.5,0.0,0.0,0.5,0.0,0.0,0.5,,
all_t20_2018_2026,8b891c1d,Prabin Luha,False,2019,False,1,1,0,1.0,7,1.0,1.0,1.0,False,1.0,1.0,1.0,1.0,1.0,,0,0.0,0.0,0.0,0.0,0.0,0.0,0.0,0.0,0.0,0.0,0.0,,
all_t20_2018_2026,8bf38500,Abhishek Pandey,False,2020,False,1,1,0,1.0,2,1.0,1.0,1.0,False,1.0,1.0,1.0,1.0,1.0,,0,0.0,0.0,0.0,0.0,0.0,0.0,0.0,0.0,0.0,0.0,0.0,,
all_t20_2018_2026,8fd1a8f5,DW Steyn,False,2020,False,1,0,1,1.0,2,,1.0,1.0,False,1.0,1.0,1.0,1.0,1.0,,0,0.0,,0.0,,1.0,0.0,,1.0,0.0,,1.0,,
all_t20_2018_2026,918928a7,MSL Taylor,False,2025,True,1,0,1,1.0,1,,1.0,1.0,False,1.0,1.0,1.0,1.0,1.0,,0,0.0,,0.0,,1.0,0.0,,1.0,0.0,,1.0,,
all_t20_2018_2026,91dedbbe,Y Sandeep,False,2023,False,1,1,0,1.0,2,1.0,1.0,1.0,False,1.0,1.0,1.0,1.0,1.0,,0,0.0,0.0,0.0,0.0,0.0,0.0,0.0,0.0,0.0,0.0,0.0,,
all_t20_2018_2026,92500ad5,SS Mishra,False,2026,True,1,0,1,1.0,3,,1.0,1.0,False,1.0,1.0,1.0,1.0,1.0,,0,0.0,,0.0,,1.0,0.0,,1.0,0.0,,1.0,,
all_t20_2018_2026,9656afbf,Ahmed Daniyal,False,2021,False,1,0,1,1.0,2,,1.0,1.0,False,1.0,1.0,1.0,1.0,1.0,,0,0.0,,0.0,,1.0,0.0,,1.0,0.0,,1.0,,
all_t20_2018_2026,977ddcd2,DJ Gibb,False,2025,True,1,1,0,1.0,3,1.0,1.0,1.0,False,1.0,1.0,1.0,1.0,1.0,,0,0.0,0.0,0.0,0.0,0.0,0.0,0.0,0.0,0.0,0.0,0.0,,
all_t20_2018_2026,99c81226,Zia-ul-Haq,False,2024,False,2,1,1,1.0,2,1.0,0.5,0.5,False,0.1,0.25,0.5,0.75,0.9,,1,0.5,1.0,0.0,0.0,0.5,0.0,0.0,0.5,0.0,0.0,0.5,,
all_t20_2018_2026,9a5f2863,Mohit Rathee,False,2023,False,1,0,1,1.0,2,,1.0,1.0,False,1.0,1.0,1.0,1.0,1.0,,0,0.0,,0.0,,1.0,0.0,,1.0,0.0,,1.0,,
all_t20_2018_2026,a082d97a,Dasari Swaroop Kumar,False,2019,False,1,0,1,1.0,1,,1.0,1.0,False,1.0,1.0,1.0,1.0,1.0,,0,0.0,,0.0,,1.0,0.0,,1.0,0.0,,1.0,,
all_t20_2018_2026,a4349861,JL Curtis,False,2025,True,1,1,0,1.0,2,1.0,1.0,1.0,False,1.0,1.0,1.0,1.0,1.0,,0,0.0,0.0,0.0,0.0,0.0,0.0,0.0,0.0,0.0,0.0,0.0,,
all_t20_2018_2026,a4a93b67,Raees Ahmed,False,2025,True,1,1,0,1.0,12,1.0,1.0,1.0,False,1.0,1.0,1.0,1.0,1.0,,0,0.0,0.0,0.0,0.0,0.0,0.0,0.0,0.0,0.0,0.0,0.0,,
all_t20_2018_2026,aa3c7a7a,CJ Rocchiccioli,False,2022,False,1,1,0,1.0,2,1.0,1.0,1.0,False,1.0,1.0,1.0,1.0,1.0,,0,0.0,0.0,0.0,0.0,0.0,0.0,0.0,0.0,0.0,0.0,0.0,,
all_t20_2018_2026,aa47439d,Ibrar Ahmad,False,2024,False,2,0,2,1.0,3,,0.5,0.5,False,0.1,0.25,0.5,0.75,0.9,,0,0.0,,0.0,,1.0,0.0,,1.0,0.0,,1.0,,
all_t20_2018_2026,aa7176ba,AS Thakare,False,2020,False,1,1,0,1.0,2,1.0,1.0,1.0,False,1.0,1.0,1.0,1.0,1.0,,0,0.0,0.0,0.0,0.0,0.0,0.0,0.0,0.0,0.0,0.0,0.0,,
all_t20_2018_2026,acf22214,Faruque Hussain,False,2020,False,1,1,0,1.0,1,1.0,1.0,1.0,False,1.0,1.0,1.0,1.0,1.0,,0,0.0,0.0,0.0,0.0,0.0,0.0,0.0,0.0,0.0,0.0,0.0,,
all_t20_2018_2026,af4a9a0a,J Blades,False,2026,True,1,0,1,1.0,5,,1.0,1.0,False,1.0,1.0,1.0,1.0,1.0,,0,0.0,,0.0,,1.0,0.0,,1.0,0.0,,1.0,,
all_t20_2018_2026,b19f1fe9,Karan Kaila,False,2019,False,2,1,1,1.0,3,1.0,0.5,0.5,False,0.1,0.25,0.5,0.75,0.9,,1,0.5,1.0,0.0,0.0,0.5,0.0,0.0,0.5,0.0,0.0,0.5,,
all_t20_2018_2026,b5c83d22,PC Graham,False,2021,False,1,0,1,1.0,1,,1.0,1.0,False,1.0,1.0,1.0,1.0,1.0,,0,0.0,,0.0,,1.0,0.0,,1.0,0.0,,1.0,,
all_t20_2018_2026,b8828a1b,KJ Dudgeon,False,2024,False,1,1,0,1.0,2,1.0,1.0,1.0,False,1.0,1.0,1.0,1.0,1.0,,0,0.0,0.0,0.0,0.0,0.0,0.0,0.0,0.0,0.0,0.0,0.0,,
all_t20_2018_2026,ba377b40,GL van Buuren,False,2022,False,1,0,1,1.0,2,,1.0,1.0,False,1.0,1.0,1.0,1.0,1.0,,0,0.0,,0.0,,1.0,0.0,,1.0,0.0,,1.0,,
all_t20_2018_2026,c166ca1c,Shashi Shekhar,False,2019,False,3,0,3,1.0,4,,0.3333333333333333,0.0,True,0.0,0.0,0.0,0.5,0.8,0.7071067811865479,0,0.0,,0.0,,1.0,0.0,,1.0,0.0,,1.0,,
all_t20_2018_2026,c27b5a0e,PVSN Raju,False,2025,True,1,0,1,1.0,1,,1.0,1.0,False,1.0,1.0,1.0,1.0,1.0,,0,0.0,,0.0,,1.0,0.0,,1.0,0.0,,1.0,,
all_t20_2018_2026,c55a5dff,Karthik Raman,False,2019,False,2,0,2,1.0,6,,0.5,0.5,False,0.1,0.25,0.5,0.75,0.9,,0,0.0,,0.0,,1.0,0.0,,1.0,0.0,,1.0,,
all_t20_2018_2026,c916b3c2,Chongtham Mehul,False,2021,False,1,1,0,1.0,3,1.0,1.0,1.0,False,1.0,1.0,1.0,1.0,1.0,,0,0.0,0.0,0.0,0.0,0.0,0.0,0.0,0.0,0.0,0.0,0.0,,
all_t20_2018_2026,cdd875d9,JA Turner,False,2024,False,1,1,0,1.0,2,1.0,1.0,1.0,False,1.0,1.0,1.0,1.0,1.0,,0,0.0,0.0,0.0,0.0,0.0,0.0,0.0,0.0,0.0,0.0,0.0,,
all_t20_2018_2026,cf0ccafa,M Siddharth,False,2019,False,1,0,1,1.0,2,,1.0,1.0,False,1.0,1.0,1.0,1.0,1.0,,0,0.0,,0.0,,1.0,0.0,,1.0,0.0,,1.0,,
all_t20_2018_2026,cf495041,Chengkam Sangma,False,2021,False,2,1,1,1.0,3,1.0,0.5,0.5,False,0.1,0.25,0.5,0.75,0.9,,1,0.5,1.0,0.0,0.0,0.5,0.0,0.0,0.5,0.0,0.0,0.5,,
all_t20_2018_2026,d0eb7868,M Bean,False,2024,False,1,0,1,1.0,1,,1.0,1.0,False,1.0,1.0,1.0,1.0,1.0,,0,0.0,,0.0,,1.0,0.0,,1.0,0.0,,1.0,,
all_t20_2018_2026,d14a9789,Ashish Rai,False,2021,False,1,1,0,1.0,2,1.0,1.0,1.0,False,1.0,1.0,1.0,1.0,1.0,,0,0.0,0.0,0.0,0.0,0.0,0.0,0.0,0.0,0.0,0.0,0.0,,
all_t20_2018_2026,d45c29b1,Ashwani Kumar,False,2026,True,1,0,1,1.0,6,,1.0,1.0,False,1.0,1.0,1.0,1.0,1.0,,0,0.0,,0.0,,1.0,0.0,,1.0,0.0,,1.0,,
all_t20_2018_2026,d4b8ea98,Sayan Ghosh,False,2024,False,2,1,1,1.0,5,1.0,0.5,0.5,False,0.1,0.25,0.5,0.75,0.9,,1,0.5,1.0,0.0,0.0,0.5,0.0,0.0,0.5,0.0,0.0,0.5,,
all_t20_2018_2026,d99cc23a,T van der Gugten,False,2021,False,1,0,1,1.0,1,,1.0,1.0,False,1.0,1.0,1.0,1.0,1.0,,0,0.0,,0.0,,1.0,0.0,,1.0,0.0,,1.0,,
all_t20_2018_2026,da6368c2,Vikas Mishra,False,2019,False,1,0,1,1.0,1,,1.0,1.0,False,1.0,1.0,1.0,1.0,1.0,,0,0.0,,0.0,,1.0,0.0,,1.0,0.0,,1.0,,
all_t20_2018_2026,dcb0fe34,Moakumzuk Tzudir,False,2023,False,3,2,1,1.0,3,0.5,0.3333333333333333,0.0,True,0.0,0.0,0.0,0.5,0.8,0.7071067811865479,2,0.6666666666666666,1.0,0.0,0.0,0.33333333333333337,0.0,0.0,0.33333333333333337,0.0,0.0,0.33333333333333337,,
all_t20_2018_2026,dd506910,Dhrumil Matkar,False,2019,False,1,0,1,1.0,1,,1.0,1.0,False,1.0,1.0,1.0,1.0,1.0,,0,0.0,,0.0,,1.0,0.0,,1.0,0.0,,1.0,,
all_t20_2018_2026,dd55932d,Kengo Bam,False,2019,False,1,1,0,1.0,3,1.0,1.0,1.0,False,1.0,1.0,1.0,1.0,1.0,,0,0.0,0.0,0.0,0.0,0.0,0.0,0.0,0.0,0.0,0.0,0.0,,
all_t20_2018_2026,de4b0555,R Shukla,False,2019,False,3,2,1,1.0,9,0.5,0.3333333333333333,0.0,True,0.0,0.0,0.0,0.5,0.8,0.7071067811865479,2,0.6666666666666666,1.0,0.0,0.0,0.33333333333333337,0.0,0.0,0.33333333333333337,0.0,0.0,0.33333333333333337,,
all_t20_2018_2026,e2f3201a,AR Mokhade,False,2022,False,1,1,0,1.0,2,1.0,1.0,1.0,False,1.0,1.0,1.0,1.0,1.0,,0,0.0,0.0,0.0,0.0,0.0,0.0,0.0,0.0,0.0,0.0,0.0,,
all_t20_2018_2026,e415a5ab,Rachit Bhatia,False,2018,False,1,1,0,1.0,5,1.0,1.0,1.0,False,1.0,1.0,1.0,1.0,1.0,,0,0.0,0.0,0.0,0.0,0.0,0.0,0.0,0.0,0.0,0.0,0.0,,
all_t20_2018_2026,e41832f1,Dev Lakra,False,2023,False,1,1,0,1.0,1,1.0,1.0,1.0,False,1.0,1.0,1.0,1.0,1.0,,0,0.0,0.0,0.0,0.0,0.0,0.0,0.0,0.0,0.0,0.0,0.0,,
all_t20_2018_2026,e5eb5edf,Vishal Das,False,2018,False,2,0,2,1.0,2,,0.5,0.5,False,0.1,0.25,0.5,0.75,0.9,,0,0.0,,0.0,,1.0,0.0,,1.0,0.0,,1.0,,
all_t20_2018_2026,e5fa9ca2,Hrishi Raj,False,2021,False,1,1,0,1.0,1,1.0,1.0,1.0,False,1.0,1.0,1.0,1.0,1.0,,0,0.0,0.0,0.0,0.0,0.0,0.0,0.0,0.0,0.0,0.0,0.0,,
all_t20_2018_2026,e7e1eeb2,Shreshth Nirmohi,False,2019,False,1,0,1,1.0,2,,1.0,1.0,False,1.0,1.0,1.0,1.0,1.0,,0,0.0,,0.0,,1.0,0.0,,1.0,0.0,,1.0,,
all_t20_2018_2026,f28a60e0,Saad Bin Zafar,False,2020,False,1,0,1,1.0,2,,1.0,1.0,False,1.0,1.0,1.0,1.0,1.0,,0,0.0,,0.0,,1.0,0.0,,1.0,0.0,,1.0,,
all_t20_2018_2026,f64c8577,MS Redkar,False,2023,False,1,0,1,1.0,1,,1.0,1.0,False,1.0,1.0,1.0,1.0,1.0,,0,0.0,,0.0,,1.0,0.0,,1.0,0.0,,1.0,,
all_t20_2018_2026,fb192f98,BA Langston,False,2024,False,2,1,1,1.0,3,1.0,0.5,0.5,False,0.1,0.25,0.5,0.75,0.9,,0,0.0,0.0,0.0,0.0,0.0,0.0,0.0,0.0,0.0,0.0,0.0,,
all_t20_2018_2026,030f3089,K Yadav,False,2021,False,1,0,1,0.0,4,,0.0,0.0,False,0.0,0.0,0.0,0.0,0.0,,0,0.0,,0.0,,1.0,0.0,,1.0,0.0,,1.0,,
all_t20_2018_2026,0d39a026,Asif Mehmood,False,2026,True,1,1,0,0.0,1,0.0,0.0,0.0,False,0.0,0.0,0.0,0.0,0.0,,1,1.0,1.0,0.0,0.0,0.0,0.0,0.0,0.0,0.0,0.0,0.0,,
all_t20_2018_2026,10735e1d,JS Buckingham,False,2024,False,1,0,1,0.0,2,,0.0,0.0,False,0.0,0.0,0.0,0.0,0.0,,0,0.0,,0.0,,1.0,0.0,,1.0,0.0,,1.0,,
all_t20_2018_2026,109d4ad1,Hmar Zothanchhunga,False,2020,False,1,1,0,0.0,5,0.0,0.0,0.0,False,0.0,0.0,0.0,0.0,0.0,,1,1.0,1.0,0.0,0.0,0.0,0.0,0.0,0.0,0.0,0.0,0.0,,
all_t20_2018_2026,126e56a1,Wasim Akram,False,2025,True,1,1,0,0.0,2,0.0,0.0,0.0,False,0.0,0.0,0.0,0.0,0.0,,1,1.0,1.0,0.0,0.0,0.0,0.0,0.0,0.0,0.0,0.0,0.0,,
all_t20_2018_2026,1d3782c8,Uzair Khan,False,2024,False,1,0,1,0.0,1,,0.0,0.0,False,0.0,0.0,0.0,0.0,0.0,,0,0.0,,0.0,,1.0,0.0,,1.0,0.0,,1.0,,
all_t20_2018_2026,1ece10dd,KP Kakad,False,2019,False,2,2,0,0.0,4,0.0,0.0,0.0,False,0.0,0.0,0.0,0.0,0.0,,2,1.0,1.0,0.0,0.0,0.0,0.0,0.0,0.0,0.0,0.0,0.0,,
all_t20_2018_2026,20081969,Pradeep Dadhe,False,2020,False,1,1,0,0.0,1,0.0,0.0,0.0,False,0.0,0.0,0.0,0.0,0.0,,1,1.0,1.0,0.0,0.0,0.0,0.0,0.0,0.0,0.0,0.0,0.0,,
all_t20_2018_2026,21d38d47,A Aravinddaraj,False,2020,False,1,0,1,0.0,3,,0.0,0.0,False,0.0,0.0,0.0,0.0,0.0,,0,0.0,,0.0,,1.0,0.0,,1.0,0.0,,1.0,,
all_t20_2018_2026,27e60d6e,AS Dale,False,2025,True,1,1,0,0.0,1,0.0,0.0,0.0,False,0.0,0.0,0.0,0.0,0.0,,1,1.0,1.0,0.0,0.0,0.0,0.0,0.0,0.0,0.0,0.0,0.0,,
all_t20_2018_2026,297b2240,AV Jaiswal,False,2023,False,1,1,0,0.0,2,0.0,0.0,0.0,False,0.0,0.0,0.0,0.0,0.0,,1,1.0,1.0,0.0,0.0,0.0,0.0,0.0,0.0,0.0,0.0,0.0,,
all_t20_2018_2026,2a04400b,Sabir Ali,False,2023,False,2,1,1,0.0,4,0.0,0.0,0.0,False,0.0,0.0,0.0,0.0,0.0,,1,0.5,1.0,0.0,0.0,0.5,0.0,0.0,0.5,0.0,0.0,0.5,,
all_t20_2018_2026,2c47dd7c,Rakesh Kumar,False,2020,False,2,2,0,0.0,5,0.0,0.0,0.0,False,0.0,0.0,0.0,0.0,0.0,,2,1.0,1.0,0.0,0.0,0.0,0.0,0.0,0.0,0.0,0.0,0.0,,
all_t20_2018_2026,32342d85,Kruthik Hanagavadi,False,2020,False,1,1,0,0.0,1,0.0,0.0,0.0,False,0.0,0.0,0.0,0.0,0.0,,1,1.0,1.0,0.0,0.0,0.0,0.0,0.0,0.0,0.0,0.0,0.0,,
all_t20_2018_2026,3759f3c7,Parivesh Dhar,False,2020,False,1,0,1,0.0,1,,0.0,0.0,False,0.0,0.0,0.0,0.0,0.0,,0,0.0,,0.0,,1.0,0.0,,1.0,0.0,,1.0,,
all_t20_2018_2026,3c29632a,Tripuresh Singh,False,2024,False,1,1,0,0.0,1,0.0,0.0,0.0,False,0.0,0.0,0.0,0.0,0.0,,1,1.0,1.0,0.0,0.0,0.0,0.0,0.0,0.0,0.0,0.0,0.0,,
all_t20_2018_2026,42d098a9,Shekhar Kumar Singh,False,2021,False,1,1,0,0.0,5,0.0,0.0,0.0,False,0.0,0.0,0.0,0.0,0.0,,1,1.0,1.0,0.0,0.0,0.0,0.0,0.0,0.0,0.0,0.0,0.0,,
all_t20_2018_2026,4a3503dd,Logesh Prabagaran,False,2021,False,1,1,0,0.0,4,0.0,0.0,0.0,False,0.0,0.0,0.0,0.0,0.0,,1,1.0,1.0,0.0,0.0,0.0,0.0,0.0,0.0,0.0,0.0,0.0,,
all_t20_2018_2026,4bd3f984,Manogaran Pooviarasan,False,2021,False,1,1,0,0.0,1,0.0,0.0,0.0,False,0.0,0.0,0.0,0.0,0.0,,1,1.0,1.0,0.0,0.0,0.0,0.0,0.0,0.0,0.0,0.0,0.0,,
all_t20_2018_2026,4c263f1c,Tarani Sa,False,2020,False,1,1,0,0.0,3,0.0,0.0,0.0,False,0.0,0.0,0.0,0.0,0.0,,1,1.0,1.0,0.0,0.0,0.0,0.0,0.0,0.0,0.0,0.0,0.0,,
all_t20_2018_2026,4fc7fc34,S Hegde,False,2023,False,1,1,0,0.0,1,0.0,0.0,0.0,False,0.0,0.0,0.0,0.0,0.0,,1,1.0,1.0,0.0,0.0,0.0,0.0,0.0,0.0,0.0,0.0,0.0,,
all_t20_2018_2026,519c8bdc,Shashi Anand,False,2021,False,1,1,0,0.0,4,0.0,0.0,0.0,False,0.0,0.0,0.0,0.0,0.0,,1,1.0,1.0,0.0,0.0,0.0,0.0,0.0,0.0,0.0,0.0,0.0,,
all_t20_2018_2026,543611fc,Rohan Suresh,False,2022,False,1,1,0,0.0,0,0.0,0.0,0.0,False,0.0,0.0,0.0,0.0,0.0,,1,1.0,1.0,0.0,0.0,0.0,0.0,0.0,0.0,0.0,0.0,0.0,,
all_t20_2018_2026,5b615e7c,Raghu Sharma,False,2021,False,1,1,0,0.0,2,0.0,0.0,0.0,False,0.0,0.0,0.0,0.0,0.0,,1,1.0,1.0,0.0,0.0,0.0,0.0,0.0,0.0,0.0,0.0,0.0,,
all_t20_2018_2026,5c9c0aa6,Amit Parashar,False,2019,False,1,1,0,0.0,1,0.0,0.0,0.0,False,0.0,0.0,0.0,0.0,0.0,,1,1.0,1.0,0.0,0.0,0.0,0.0,0.0,0.0,0.0,0.0,0.0,,
all_t20_2018_2026,5faa069a,Puneet Kumar,False,2020,False,1,1,0,0.0,1,0.0,0.0,0.0,False,0.0,0.0,0.0,0.0,0.0,,1,1.0,1.0,0.0,0.0,0.0,0.0,0.0,0.0,0.0,0.0,0.0,,
all_t20_2018_2026,5fd3f9db,Abhijeet Saket,False,2021,False,2,2,0,0.0,2,0.0,0.0,0.0,False,0.0,0.0,0.0,0.0,0.0,,2,1.0,1.0,0.0,0.0,0.0,0.0,0.0,0.0,0.0,0.0,0.0,,
all_t20_2018_2026,65654ac9,Shubham Kumar Singh,False,2021,False,1,1,0,0.0,1,0.0,0.0,0.0,False,0.0,0.0,0.0,0.0,0.0,,1,1.0,1.0,0.0,0.0,0.0,0.0,0.0,0.0,0.0,0.0,0.0,,
all_t20_2018_2026,695b4273,Haider Razzaq,False,2025,True,1,1,0,0.0,1,0.0,0.0,0.0,False,0.0,0.0,0.0,0.0,0.0,,1,1.0,1.0,0.0,0.0,0.0,0.0,0.0,0.0,0.0,0.0,0.0,,
all_t20_2018_2026,6a1fc8dd,Pratik Sargade,False,2018,False,2,2,0,0.0,1,0.0,0.0,0.0,False,0.0,0.0,0.0,0.0,0.0,,2,1.0,1.0,0.0,0.0,0.0,0.0,0.0,0.0,0.0,0.0,0.0,,
all_t20_2018_2026,6c87f1df,NP Winter,False,2020,False,2,1,1,0.0,3,0.0,0.0,0.0,False,0.0,0.0,0.0,0.0,0.0,,1,0.5,1.0,0.0,0.0,0.5,0.0,0.0,0.5,0.0,0.0,0.5,,
all_t20_2018_2026,700edf8d,Ajay Pradhan,False,2020,False,1,1,0,0.0,2,0.0,0.0,0.0,False,0.0,0.0,0.0,0.0,0.0,,1,1.0,1.0,0.0,0.0,0.0,0.0,0.0,0.0,0.0,0.0,0.0,,
all_t20_2018_2026,711eda94,SE Rowe,False,2021,False,2,2,0,0.0,3,0.0,0.0,0.0,False,0.0,0.0,0.0,0.0,0.0,,2,1.0,1.0,0.0,0.0,0.0,0.0,0.0,0.0,0.0,0.0,0.0,,
all_t20_2018_2026,713ff696,Somnath Soni,False,2018,False,1,1,0,0.0,3,0.0,0.0,0.0,False,0.0,0.0,0.0,0.0,0.0,,1,1.0,1.0,0.0,0.0,0.0,0.0,0.0,0.0,0.0,0.0,0.0,,
all_t20_2018_2026,7c30f4d0,Rahil Shah,False,2021,False,1,1,0,0.0,1,0.0,0.0,0.0,False,0.0,0.0,0.0,0.0,0.0,,1,1.0,1.0,0.0,0.0,0.0,0.0,0.0,0.0,0.0,0.0,0.0,,
all_t20_2018_2026,870e4cec,BA Pathan,False,2020,False,3,1,2,0.0,4,0.0,0.0,0.0,False,0.0,0.0,0.0,0.0,0.0,0.0,1,0.3333333333333333,1.0,0.0,0.0,0.6666666666666667,0.0,0.0,0.6666666666666667,0.0,0.0,0.6666666666666667,,
all_t20_2018_2026,87b9786b,N Kushwah,False,2023,False,2,2,0,0.0,5,0.0,0.0,0.0,False,0.0,0.0,0.0,0.0,0.0,,2,1.0,1.0,0.0,0.0,0.0,0.0,0.0,0.0,0.0,0.0,0.0,,
all_t20_2018_2026,89e8c5ff,R Pollard,False,2026,True,1,1,0,0.0,1,0.0,0.0,0.0,False,0.0,0.0,0.0,0.0,0.0,,1,1.0,1.0,0.0,0.0,0.0,0.0,0.0,0.0,0.0,0.0,0.0,,
all_t20_2018_2026,8a452195,R Slater,False,2024,False,1,1,0,0.0,2,0.0,0.0,0.0,False,0.0,0.0,0.0,0.0,0.0,,1,1.0,1.0,0.0,0.0,0.0,0.0,0.0,0.0,0.0,0.0,0.0,,
all_t20_2018_2026,8c5b0ce7,VK Saha,False,2023,False,1,0,1,0.0,1,,0.0,0.0,False,0.0,0.0,0.0,0.0,0.0,,0,0.0,,0.0,,1.0,0.0,,1.0,0.0,,1.0,,
all_t20_2018_2026,8f2dfebf,MD Fisher,False,2021,False,1,1,0,0.0,1,0.0,0.0,0.0,False,0.0,0.0,0.0,0.0,0.0,,1,1.0,1.0,0.0,0.0,0.0,0.0,0.0,0.0,0.0,0.0,0.0,,
all_t20_2018_2026,926cd9e5,MSR Charan,False,2022,False,1,1,0,0.0,2,0.0,0.0,0.0,False,0.0,0.0,0.0,0.0,0.0,,1,1.0,1.0,0.0,0.0,0.0,0.0,0.0,0.0,0.0,0.0,0.0,,
all_t20_2018_2026,941a4359,Anil Subba,False,2019,False,1,0,1,0.0,2,,0.0,0.0,False,0.0,0.0,0.0,0.0,0.0,,0,0.0,,0.0,,1.0,0.0,,1.0,0.0,,1.0,,
all_t20_2018_2026,99697092,YD Gardharia,False,2018,False,1,1,0,0.0,1,0.0,0.0,0.0,False,0.0,0.0,0.0,0.0,0.0,,1,1.0,1.0,0.0,0.0,0.0,0.0,0.0,0.0,0.0,0.0,0.0,,
all_t20_2018_2026,9bc4faa8,Sourav Dey,False,2023,False,1,1,0,0.0,1,0.0,0.0,0.0,False,0.0,0.0,0.0,0.0,0.0,,1,1.0,1.0,0.0,0.0,0.0,0.0,0.0,0.0,0.0,0.0,0.0,,
all_t20_2018_2026,9cb60c15,T Tatar,False,2021,False,1,1,0,0.0,1,0.0,0.0,0.0,False,0.0,0.0,0.0,0.0,0.0,,1,1.0,1.0,0.0,0.0,0.0,0.0,0.0,0.0,0.0,0.0,0.0,,
all_t20_2018_2026,9dfd54a5,GA West,False,2018,False,1,0,1,0.0,1,,0.0,0.0,False,0.0,0.0,0.0,0.0,0.0,,0,0.0,,0.0,,1.0,0.0,,1.0,0.0,,1.0,,
all_t20_2018_2026,9e5f4ad7,K Reyneke,False,2026,True,1,1,0,0.0,6,0.0,0.0,0.0,False,0.0,0.0,0.0,0.0,0.0,,1,1.0,1.0,0.0,0.0,0.0,0.0,0.0,0.0,0.0,0.0,0.0,,
all_t20_2018_2026,a19ab702,Inakato Zhimomi,False,2018,False,1,1,0,0.0,2,0.0,0.0,0.0,False,0.0,0.0,0.0,0.0,0.0,,1,1.0,1.0,0.0,0.0,0.0,0.0,0.0,0.0,0.0,0.0,0.0,,
all_t20_2018_2026,a207d093,Sanatombaroy Laiphangbam,False,2021,False,1,1,0,0.0,3,0.0,0.0,0.0,False,0.0,0.0,0.0,0.0,0.0,,1,1.0,1.0,0.0,0.0,0.0,0.0,0.0,0.0,0.0,0.0,0.0,,
all_t20_2018_2026,a4966c30,MR Shylla,False,2023,False,1,1,0,0.0,2,0.0,0.0,0.0,False,0.0,0.0,0.0,0.0,0.0,,1,1.0,1.0,0.0,0.0,0.0,0.0,0.0,0.0,0.0,0.0,0.0,,
all_t20_2018_2026,a7367f83,SK Ismail,False,2018,False,1,1,0,0.0,1,0.0,0.0,0.0,False,0.0,0.0,0.0,0.0,0.0,,1,1.0,1.0,0.0,0.0,0.0,0.0,0.0,0.0,0.0,0.0,0.0,,
all_t20_2018_2026,b00320c3,Sukesh Heera,False,2020,False,1,1,0,0.0,3,0.0,0.0,0.0,False,0.0,0.0,0.0,0.0,0.0,,1,1.0,1.0,0.0,0.0,0.0,0.0,0.0,0.0,0.0,0.0,0.0,,
all_t20_2018_2026,b66a5046,A Thapa,False,2023,False,1,1,0,0.0,3,0.0,0.0,0.0,False,0.0,0.0,0.0,0.0,0.0,,1,1.0,1.0,0.0,0.0,0.0,0.0,0.0,0.0,0.0,0.0,0.0,,
all_t20_2018_2026,bcaf7d33,RN Gurbani,False,2019,False,1,1,0,0.0,2,0.0,0.0,0.0,False,0.0,0.0,0.0,0.0,0.0,,1,1.0,1.0,0.0,0.0,0.0,0.0,0.0,0.0,0.0,0.0,0.0,,
all_t20_2018_2026,bfc60227,SG Budinger,False,2022,False,1,1,0,0.0,1,0.0,0.0,0.0,False,0.0,0.0,0.0,0.0,0.0,,1,1.0,1.0,0.0,0.0,0.0,0.0,0.0,0.0,0.0,0.0,0.0,,
all_t20_2018_2026,c2c97df0,Manjeet Singh,False,2018,False,1,1,0,0.0,1,0.0,0.0,0.0,False,0.0,0.0,0.0,0.0,0.0,,1,1.0,1.0,0.0,0.0,0.0,0.0,0.0,0.0,0.0,0.0,0.0,,
all_t20_2018_2026,cca4633d,DK Sharma,False,2019,False,1,1,0,0.0,2,0.0,0.0,0.0,False,0.0,0.0,0.0,0.0,0.0,,1,1.0,1.0,0.0,0.0,0.0,0.0,0.0,0.0,0.0,0.0,0.0,,
all_t20_2018_2026,cd626284,Akshay Jain,False,2022,False,1,1,0,0.0,2,0.0,0.0,0.0,False,0.0,0.0,0.0,0.0,0.0,,1,1.0,1.0,0.0,0.0,0.0,0.0,0.0,0.0,0.0,0.0,0.0,,
all_t20_2018_2026,cedc1d9a,P Suyal,False,2018,False,1,1,0,0.0,1,0.0,0.0,0.0,False,0.0,0.0,0.0,0.0,0.0,,1,1.0,1.0,0.0,0.0,0.0,0.0,0.0,0.0,0.0,0.0,0.0,,
all_t20_2018_2026,cfece11f,N Joshi,False,2023,False,1,1,0,0.0,4,0.0,0.0,0.0,False,0.0,0.0,0.0,0.0,0.0,,1,1.0,1.0,0.0,0.0,0.0,0.0,0.0,0.0,0.0,0.0,0.0,,
all_t20_2018_2026,d4d929b0,V Kaverappa,False,2023,False,1,1,0,0.0,2,0.0,0.0,0.0,False,0.0,0.0,0.0,0.0,0.0,,1,1.0,1.0,0.0,0.0,0.0,0.0,0.0,0.0,0.0,0.0,0.0,,
all_t20_2018_2026,d5719eec,VS Kahlon,False,2022,False,1,1,0,0.0,3,0.0,0.0,0.0,False,0.0,0.0,0.0,0.0,0.0,,1,1.0,1.0,0.0,0.0,0.0,0.0,0.0,0.0,0.0,0.0,0.0,,
all_t20_2018_2026,d621b427,Musheer Khan,False,2025,True,1,1,0,0.0,3,0.0,0.0,0.0,False,0.0,0.0,0.0,0.0,0.0,,1,1.0,1.0,0.0,0.0,0.0,0.0,0.0,0.0,0.0,0.0,0.0,,
all_t20_2018_2026,d6e2a10e,KN Luitel,False,2018,False,1,0,1,0.0,1,,0.0,0.0,False,0.0,0.0,0.0,0.0,0.0,,0,0.0,,0.0,,1.0,0.0,,1.0,0.0,,1.0,,
all_t20_2018_2026,dadbdb68,JA Duffy,False,2025,True,1,1,0,0.0,1,0.0,0.0,0.0,False,0.0,0.0,0.0,0.0,0.0,,1,1.0,1.0,0.0,0.0,0.0,0.0,0.0,0.0,0.0,0.0,0.0,,
all_t20_2018_2026,dd6f4040,Shubham Singh,False,2018,False,1,1,0,0.0,3,0.0,0.0,0.0,False,0.0,0.0,0.0,0.0,0.0,,1,1.0,1.0,0.0,0.0,0.0,0.0,0.0,0.0,0.0,0.0,0.0,,
all_t20_2018_2026,e4072aa1,AH Hooda,False,2018,False,1,0,1,0.0,1,,0.0,0.0,False,0.0,0.0,0.0,0.0,0.0,,0,0.0,,0.0,,1.0,0.0,,1.0,0.0,,1.0,,
all_t20_2018_2026,e796c63a,Z Motara,False,2025,True,1,1,0,0.0,1,0.0,0.0,0.0,False,0.0,0.0,0.0,0.0,0.0,,1,1.0,1.0,0.0,0.0,0.0,0.0,0.0,0.0,0.0,0.0,0.0,,
all_t20_2018_2026,ed79b839,Sunil Roul,False,2020,False,2,2,0,0.0,2,0.0,0.0,0.0,False,0.0,0.0,0.0,0.0,0.0,,2,1.0,1.0,0.0,0.0,0.0,0.0,0.0,0.0,0.0,0.0,0.0,,
all_t20_2018_2026,ee1b6c27,N Thushara,False,2023,False,2,1,1,0.0,3,0.0,0.0,0.0,False,0.0,0.0,0.0,0.0,0.0,,1,0.5,1.0,0.0,0.0,0.5,0.0,0.0,0.5,0.0,0.0,0.5,,
all_t20_2018_2026,f18e00c2,Chandan Ray,False,2020,False,1,1,0,0.0,1,0.0,0.0,0.0,False,0.0,0.0,0.0,0.0,0.0,,1,1.0,1.0,0.0,0.0,0.0,0.0,0.0,0.0,0.0,0.0,0.0,,
all_t20_2018_2026,f5c9b42c,Mujtaba Yousuf,False,2018,False,1,0,1,0.0,1,,0.0,0.0,False,0.0,0.0,0.0,0.0,0.0,,0,0.0,,0.0,,1.0,0.0,,1.0,0.0,,1.0,,
all_t20_2018_2026,fe5b4367,ZJ Chappell,False,2023,False,1,1,0,0.0,1,0.0,0.0,0.0,False,0.0,0.0,0.0,0.0,0.0,,1,1.0,1.0,0.0,0.0,0.0,0.0,0.0,0.0,0.0,0.0,0.0,,
all_t20_2018_2026,ff57eb02,Lalfakzuala Renthlei,False,2019,False,1,0,1,0.0,4,,0.0,0.0,False,0.0,0.0,0.0,0.0,0.0,,0,0.0,,0.0,,1.0,0.0,,1.0,0.0,,1.0,,
ipl_2018_2026,b17e2f24,KL Rahul,True,2026,True,120,102,18,5090.0,3602,49.90196078431372,42.416666666666664,36.0,True,5.0,15.0,36.0,68.0,91.0,0.7183918203233861,4,0.03333333333333333,0.0392156862745098,0.6833333333333333,0.6890756302521008,0.6892753623188405,0.5416666666666666,0.5462184873949579,0.5463768115942028,0.39166666666666666,0.3949579831932773,0.3950724637681158,0.7926829268292683,0.7230769230769231
ipl_2018_2026,ba607b88,V Kohli,True,2026,True,134,113,21,4918.0,3523,43.52212389380531,36.701492537313435,31.5,True,4.0,12.0,31.5,54.75,74.4,0.6072730123539661,6,0.04477611940298507,0.05309734513274336,0.664179104477612,0.6691729323308271,0.6715588723051411,0.5373134328358209,0.5454545454545454,0.5500746268656717,0.3208955223880597,0.3333333333333333,0.34758905471478296,0.8181818181818182,0.6231884057971014
ipl_2018_2026,b4b99816,Shubman Gill,True,2026,True,130,114,16,4598.0,3236,40.333333333333336,35.36923076923077,31.0,True,3.9000000000000004,9.0,31.0,56.0,84.0,0.8234555010770718,4,0.03076923076923077,0.03508771929824561,0.5769230769230769,0.6048387096774194,0.6153427221611403,0.5230769230769231,0.5483870967741935,0.5579107347594339,0.2846153846153846,0.3008130081300813,0.3109732000775322,0.9066666666666666,0.5522388059701493
ipl_2018_2026,99b75528,JC Buttler,True,2026,True,112,96,16,4119.0,2742,42.90625,36.776785714285715,26.5,True,5.0,11.0,26.5,54.0,89.0,0.9203903821340607,7,0.0625,0.07291666666666667,0.6517857142857143,0.6576576576576577,0.6593646179401992,0.4732142857142857,0.48623853211009177,0.4939367842413019,0.30357142857142855,0.3177570093457944,0.3344951955247949,0.7464788732394366,0.6666666666666666
ipl_2018_2026,271f83cd,SA Yadav,True,2026,True,122,108,14,3973.0,2618,36.78703703703704,32.5655737704918,29.0,True,3.0,12.0,29.0,51.0,66.9,0.6072068377438735,10,0.08196721311475409,0.09259259259259259,0.639344262295082,0.6446280991735537,0.6465279056916559,0.4918032786885246,0.5042016806722689,0.512115203076073,0.26229508196721313,0.27586206896551724,0.2967770054899389,0.7894736842105263,0.5614035087719298
ipl_2018_2026,a4cc73aa,SV Samson,True,2026,True,124,107,17,3755.0,2525,35.09345794392523,30.282258064516128,22.5,True,2.0,8.75,22.5,46.25,69.7,1.1516485798321576,8,0.06451612903225806,0.07476635514018691,0.5645161290322581,0.5645161290322581,0.5645161290322582,0.4032258064516129,0.4032258064516129,0.403225806451613,0.1935483870967742,0.2033898305084746,0.23344892929514213,0.7142857142857143,0.5454545454545454
ipl_2018_2026,3355b542,F du Plessis,True,2025,True,101,93,8,3478.0,2503,37.39784946236559,34.43564356435643,28.0,True,3.0,10.0,28.0,54.0,73.0,0.5472066281137142,5,0.04950495049504951,0.053763440860215055,0.6435643564356436,0.6435643564356436,0.6435643564356436,0.4752475247524752,0.4752475247524752,0.4752475247524751,0.3069306930693069,0.31313131313131315,0.3225569571413457,0.7384615384615385,0.6739130434782609
ipl_2018_2026,85ec8e33,SS Iyer,True,2026,True,112,89,23,3422.0,2465,38.449438202247194,30.553571428571427,25.5,True,4.0,9.75,25.5,47.0,65.9,0.8543855745723938,2,0.017857142857142856,0.02247191011235955,0.5625,0.5675675675675675,0.5687499999999998,0.4375,0.45794392523364486,0.47511970766129014,0.24107142857142858,0.26732673267326734,0.30538939852362873,0.8305084745762712,0.627906976744186
ipl_2018_2026,919a3be2,RR Pant,True,2026,True,112,93,19,3301.0,2260,35.494623655913976,29.473214285714285,26.0,True,3.0,10.0,26.0,42.25,60.70000000000002,1.3141564721488295,4,0.03571428571428571,0.043010752688172046,0.5714285714285714,0.6037735849056604,0.6166641907653692,0.41964285714285715,0.44339622641509435,0.4528627650933179,0.16964285714285715,0.18627450980392157,0.20344893473516706,0.734375,0.4418604651162791
ipl_2018_2026,752f7486,Ishan Kishan,True,2026,True,112,103,9,3281.0,2261,31.854368932038835,29.294642857142858,25.0,True,1.0,9.0,25.0,42.25,69.9,0.9691498209866289,10,0.08928571428571429,0.0970873786407767,0.5625,0.5675675675675675,0.5694444444444445,0.4017857142857143,0.40540540540540543,0.4067460317460318,0.20535714285714285,0.20909090909090908,0.21351113017779683,0.7142857142857143,0.5227272727272727
ipl_2018_2026,0a476045,S Dhawan,True,2024,False,95,83,12,3208.0,2402,38.65060240963855,33.76842105263158,28.0,True,2.6000000000000014,8.5,28.0,50.0,78.60000000000001,0.8100111267817107,7,0.07368421052631578,0.08433734939759036,0.5684210526315789,0.574468085106383,0.5749546279491834,0.49473684210526314,0.5,0.5004234724742892,0.2631578947368421,0.26595744680851063,0.266182698124622,0.8703703703703703,0.5319148936170213
ipl_2018_2026,740742ef,RG Sharma,True,2026,True,122,116,6,3122.0,2300,26.913793103448278,25.59016393442623,18.0,True,2.0,7.0,18.0,37.75,64.80000000000001,1.121019687654985,10,0.08196721311475409,0.08620689655172414,0.4672131147540984,0.47107438016528924,0.47540983606557385,0.3442622950819672,0.35,0.35730802415875756,0.14754098360655737,0.15,0.15313201035375326,0.75,0.42857142857142855
ipl_2018_2026,45a43fe2,RD Gaikwad,True,2026,True,84,74,10,2839.0,2093,38.36486486486486,33.79761904761905,28.0,True,1.0,7.0,28.0,57.75,73.7,0.6952964190056983,7,0.08333333333333333,0.0945945945945946,0.5595238095238095,0.5595238095238095,0.5595238095238094,0.4880952380952381,0.4880952380952381,0.4880952380952381,0.2857142857142857,0.2926829268292683,0.3061728395061728,0.8723404255319149,0.6153846153846154
ipl_2018_2026,372455c4,Q de Kock,True,2026,True,92,85,7,2715.0,2001,31.941176470588236,29.51086956521739,23.0,True,2.0,7.0,23.0,45.25,68.80000000000001,1.3778150012200445,3,0.03260869565217391,0.03529411764705882,0.532608695652174,0.532608695652174,0.5326086956521738,0.34782608695652173,0.34782608695652173,0.3478260869565217,0.22826086956521738,0.23076923076923078,0.23913043478260865,0.6530612244897959,0.6774193548387096
ipl_2018_2026,fb2d1dda,N Rana,True,2026,True,106,97,9,2641.0,1896,27.22680412371134,24.91509433962264,19.5,True,1.0,8.0,19.5,35.75,57.5,1.0965290597979,8,0.07547169811320754,0.08247422680412371,0.5,0.5145631067961165,0.5211125125813809,0.32075471698113206,0.3300970873786408,0.334298592976735,0.16981132075471697,0.18181818181818182,0.20956689699239142,0.6415094339622641,0.6
ipl_2018_2026,6c19c6e5,YBK Jaiswal,True,2026,True,82,77,5,2593.0,1697,33.675324675324674,31.621951219512194,25.5,True,1.1999999999999993,10.0,25.5,49.0,67.9,0.9681414300983265,4,0.04878048780487805,0.05194805194805195,0.6097560975609756,0.6097560975609756,0.6097560975609755,0.4634146341463415,0.4634146341463415,0.46341463414634126,0.24390243902439024,0.24691358024691357,0.25203252032520324,0.76,0.5405405405405406
ipl_2018_2026,dcce6f09,DA Warner,True,2024,False,70,63,7,2551.0,1873,40.492063492063494,36.44285714285714,37.0,False,2.0,8.25,37.0,56.75,69.1,0.25823293267683967,4,0.05714285714285714,0.06349206349206349,0.6285714285714286,0.6285714285714286,0.6285714285714283,0.5571428571428572,0.5571428571428572,0.5571428571428568,0.38571428571428573,0.391304347826087,0.3990147783251229,0.8863636363636364,0.7105263157894737
ipl_2018_2026,dbe50b21,HH Pandya,True,2026,True,117,87,30,2549.0,1735,29.298850574712645,21.786324786324787,18.0,True,2.0,8.0,18.0,31.0,40.80000000000001,1.336837782113239,4,0.03418803418803419,0.04597701149425287,0.4700854700854701,0.49107142857142855,0.5046257923830298,0.27350427350427353,0.3137254901960784,0.37019595618516293,0.07692307692307693,0.09782608695652174,0.187418840583907,0.7111111111111111,0.4090909090909091
ipl_2018_2026,3241e3fd,N Pooran,True,2026,True,101,80,21,2527.0,1540,31.5875,25.019801980198018,19.0,True,1.0,6.0,19.0,40.0,61.0,0.7675835160681703,9,0.0891089108910891,0.1125,0.48514851485148514,0.5212765957446809,0.5360853692621723,0.39603960396039606,0.43478260869565216,0.4582229832680906,0.1485148514851485,0.17857142857142858,0.2312692335296776,0.851063829787234,0.46875
ipl_2018_2026,d5130a30,B Sai Sudharsan,True,2026,True,57,52,5,2515.0,1686,48.36538461538461,44.12280701754386,43.0,True,11.600000000000001,20.0,43.0,62.0,84.0,0.4161174038700492,1,0.017543859649122806,0.019230769230769232,0.7543859649122807,0.7543859649122807,0.7543859649122805,0.6666666666666666,0.6666666666666666,0.6666666666666664,0.40350877192982454,0.40350877192982454,0.4035087719298245,0.8837209302325582,0.6052631578947368
ipl_2018_2026,f29185a1,Abhishek Sharma,True,2026,True,89,81,8,2379.0,1389,29.37037037037037,26.730337078651687,15.0,True,1.8000000000000007,6.0,15.0,42.0,63.400000000000006,1.6613633294262622,6,0.06741573033707865,0.07407407407407407,0.4606741573033708,0.4823529411764706,0.49078546115324295,0.4157303370786517,0.44047619047619047,0.45397655156674976,0.16853932584269662,0.18072289156626506,0.19487069781084654,0.925,0.4166666666666667
ipl_2018_2026,29e95537,AM Rahane,True,2026,True,92,87,5,2310.0,1738,26.551724137931036,25.108695652173914,20.5,True,2.1999999999999993,9.0,20.5,36.25,55.400000000000034,1.1318008539522284,5,0.05434782608695652,0.05747126436781609,0.5108695652173914,0.5164835164835165,0.5179649758454107,0.34782608695652173,0.35555555555555557,0.360323461457677,0.11956521739130435,0.12222222222222222,0.12386118987607649,0.6956521739130435,0.34375
ipl_2018_2026,2c25d4f5,D Padikkal,True,2026,True,89,85,4,2270.0,1705,26.705882352941178,25.50561797752809,22.0,True,1.0,7.0,22.0,39.0,54.0,0.8097860126896819,6,0.06741573033707865,0.07058823529411765,0.5617977528089888,0.5617977528089888,0.561797752808989,0.39325842696629215,0.3977272727272727,0.4038870331005164,0.16853932584269662,0.1744186046511628,0.1887119864647956,0.7142857142857143,0.45454545454545453
ipl_2018_2026,a4e37e47,S Dube,True,2026,True,87,68,19,2129.0,1464,31.308823529411764,24.471264367816094,21.0,True,3.0,9.0,21.0,34.5,50.0,1.000284655712382,3,0.034482758620689655,0.04411764705882353,0.5172413793103449,0.5421686746987951,0.551994393801903,0.3103448275862069,0.34177215189873417,0.3704513362844475,0.11494252873563218,0.14084507042253522,0.2109244417209602,0.6585365853658537,0.5263157894736842
ipl_2018_2026,235c2bb6,H Klaasen,True,2026,True,60,50,10,2104.0,1262,42.08,35.06666666666667,32.0,True,7.0,17.75,32.0,47.75,65.2,0.8964819865099775,1,0.016666666666666666,0.02,0.7,0.7368421052631579,0.746604148905939,0.55,0.5892857142857143,0.6012829842081757,0.25,0.2777777777777778,0.3016077411604372,0.8048780487804879,0.4838709677419355
ipl_2018_2026,d9273ee7,MP Stoinis,True,2026,True,100,71,29,2079.0,1388,29.281690140845072,20.79,14.5,True,1.0,5.0,14.5,28.25,46.70000000000006,1.835468304723651,9,0.09,0.1267605633802817,0.42,0.4827586206896552,0.5197230751296718,0.23,0.2839506172839506,0.349847875715859,0.1,0.13333333333333333,0.2230280207688601,0.6388888888888888,0.5882352941176471
ipl_2018_2026,bbd41817,AD Russell,True,2025,True,89,72,17,2077.0,1191,28.84722222222222,23.337078651685392,15.0,True,1.8000000000000007,7.0,15.0,41.0,49.2,0.9409625545839413,6,0.06741573033707865,0.08333333333333333,0.4606741573033708,0.47126436781609193,0.4758070746173854,0.3258426966292135,0.3411764705882353,0.35731340006568735,0.10112359550561797,0.11538461538461539,0.1912457028837337,0.7435897435897436,0.4090909090909091
ipl_2018_2026,00ea847a,MA Agarwal,True,2025,True,77,74,3,1942.0,1404,26.243243243243242,25.22077922077922,19.0,True,2.0,7.0,19.0,32.0,56.400000000000006,1.44120687114325,4,0.05194805194805195,0.05405405405405406,0.4935064935064935,0.5,0.5009838646202281,0.2987012987012987,0.3026315789473684,0.3032270759543486,0.14285714285714285,0.14666666666666667,0.15468975468975465,0.6052631578947368,0.5
ipl_2018_2026,c03f1114,KD Karthik,True,2024,False,99,67,32,1939.0,1272,28.940298507462686,19.585858585858585,15.0,True,0.8000000000000007,5.5,15.0,28.5,43.2,1.4844717373556549,10,0.10101010101010101,0.14925373134328357,0.40404040404040403,0.45454545454545453,0.4857098964445872,0.23232323232323232,0.2875,0.36303375636872454,0.08080808080808081,0.11428571428571428,0.26508185663703415,0.71875,0.6153846153846154
ipl_2018_2026,70d205c9,AT Rayudu,True,2023,False,80,65,15,1932.0,1494,29.723076923076924,24.15,20.0,True,1.0,5.0,20.0,38.25,50.50000000000004,1.2106383164010617,5,0.0625,0.07692307692307693,0.5125,0.5394736842105263,0.553097447959736,0.3125,0.352112676056338,0.39038584691947187,0.1125,0.1323529411764706,0.17109084073688158,0.6944444444444444,0.4090909090909091
ipl_2018_2026,77255a9e,RA Tripathi,True,2025,True,84,73,11,1900.0,1395,26.027397260273972,22.61904761904762,16.0,True,2.3000000000000007,7.0,16.0,34.0,52.10000000000001,1.2497443656820841,3,0.03571428571428571,0.0410958904109589,0.44047619047619047,0.47435897435897434,0.4964589868814646,0.2976190476190476,0.32051282051282054,0.335445261406395,0.11904761904761904,0.13157894736842105,0.15095036763287778,0.6756756756756757,0.43478260869565216
ipl_2018_2026,8b3e9c7c,PP Shaw,True,2024,False,79,79,0,1892.0,1283,23.949367088607595,23.949367088607595,14.0,True,2.0,7.0,14.0,40.0,61.2,1.106069924753183,7,0.08860759493670886,0.08860759493670886,0.3924050632911392,0.3924050632911392,0.39240506329113933,0.31645569620253167,0.31645569620253167,0.3164556962025317,0.17721518987341772,0.17721518987341772,0.17721518987341775,0.8064516129032258,0.56
ipl_2018_2026,4a8a2e3b,MS Dhoni,True,2025,True,98,48,50,1878.0,1353,39.125,19.163265306122447,16.0,True,1.0,5.0,16.0,26.75,38.79999999999998,1.5248920777620123,3,0.030612244897959183,0.0625,0.3877551020408163,0.5,0.5509190213311664,0.20408163265306123,0.29850746268656714,0.4057678893216973,0.07142857142857142,0.12962962962962962,0.4057678893216973,0.6896551724137931,1.0
ipl_2018_2026,04a418e8,R Parag,True,2026,True,86,73,13,1875.0,1300,25.684931506849313,21.802325581395348,15.0,True,3.0,5.25,15.0,29.75,49.0,1.5179835864168505,3,0.03488372093023256,0.0410958904109589,0.4186046511627907,0.45,0.4708850007999186,0.2558139534883721,0.275,0.2877630560443948,0.10465116279069768,0.11842105263157894,0.15711862860023956,0.6111111111111112,0.5
ipl_2018_2026,9418198b,P Simran Singh,True,2026,True,65,63,2,1865.0,1189,29.603174603174605,28.692307692307693,21.0,True,2.4000000000000004,9.0,21.0,43.0,69.0,0.9751559194734883,5,0.07692307692307693,0.07936507936507936,0.5076923076923077,0.5076923076923077,0.5076923076923077,0.38461538461538464,0.38461538461538464,0.3846153846153846,0.23076923076923078,0.23076923076923078,0.23076923076923073,0.7575757575757576,0.6
ipl_2018_2026,b0482a1d,Tilak Varma,True,2026,True,65,52,13,1858.0,1284,35.73076923076923,28.584615384615386,26.0,True,3.0,8.0,26.0,38.0,60.2,0.9087432356776248,2,0.03076923076923077,0.038461538461538464,0.676923076923077,0.6984126984126984,0.7040417209908734,0.4461538461538462,0.48333333333333334,0.5082187022717787,0.16923076923076924,0.19642857142857142,0.23751235091971162,0.7073170731707317,0.44
ipl_2018_2026,93b4fc78,MK Pandey,True,2026,True,68,58,10,1797.0,1449,30.982758620689655,26.426470588235293,21.5,True,1.7000000000000002,7.5,21.5,38.0,61.0,0.7801016282174577,3,0.04411764705882353,0.05172413793103448,0.5441176470588235,0.5522388059701493,0.555222088835534,0.38235294117647056,0.3880597014925373,0.3901560624249699,0.19117647058823528,0.2,0.22001281715693796,0.7027027027027027,0.5416666666666666
ipl_2018_2026,fe93fd9d,RA Jadeja,True,2026,True,97,49,48,1794.0,1290,36.61224489795919,18.49484536082474,17.0,True,2.0,7.0,17.0,25.0,39.60000000000002,1.2250382482996829,3,0.030927835051546393,0.061224489795918366,0.44329896907216493,0.5512820512820513,0.5884955613106999,0.18556701030927836,0.2857142857142857,0.4286500323756957,0.05154639175257732,0.09433962264150944,0.2969004553251572,0.6428571428571429,0.625
ipl_2018_2026,d67d5f00,DA Miller,True,2026,True,80,48,32,1725.0,1252,35.9375,21.5625,19.0,True,2.9000000000000004,7.0,19.0,30.0,44.20000000000002,1.339551333296279,4,0.05,0.08333333333333333,0.475,0.5757575757575758,0.6203203930604088,0.2625,0.3620689655172414,0.4474287722293215,0.075,0.11764705882352941,0.21579833860598813,0.7,0.42857142857142855
ipl_2018_2026,d027ba9f,KS Williamson,True,2024,False,62,47,15,1717.0,1376,36.53191489361702,27.693548387096776,21.0,True,3.0,8.0,21.0,47.0,62.39999999999999,0.7585215531928663,2,0.03225806451612903,0.0425531914893617,0.532258064516129,0.5789473684210527,0.6020141620771047,0.3709677419354839,0.42592592592592593,0.4647717726805061,0.24193548387096775,0.28846153846153844,0.3359491617744963,0.7666666666666667,0.7142857142857143
ipl_2018_2026,c4487b84,AB de Villiers,True,2021,False,52,39,13,1689.0,1059,43.30769230769231,32.48076923076923,23.5,True,1.0,9.0,23.5,56.25,72.9,0.4478377214598019,2,0.038461538461538464,0.05128205128205128,0.5384615384615384,0.5714285714285714,0.5886065154357838,0.4230769230769231,0.4489795918367347,0.46247654784240155,0.34615384615384615,0.3673469387755102,0.3783899027801467,0.7857142857142857,0.8181818181818182
ipl_2018_2026,a24be938,VR Iyer,True,2026,True,62,53,9,1677.0,1181,31.641509433962263,27.048387096774192,18.0,True,3.200000000000001,7.0,18.0,43.75,56.8,0.9936592130392715,2,0.03225806451612903,0.03773584905660377,0.46774193548387094,0.48333333333333334,0.48447846424883056,0.3870967741935484,0.41379310344827586,0.43436000242998607,0.22580645161290322,0.24561403508771928,0.26745314964438965,0.8888888888888888,0.6086956521739131
ipl_2018_2026,abb83e27,JM Bairstow,True,2025,True,52,48,4,1674.0,1146,34.875,32.19230769230769,26.0,True,5.1000000000000005,9.75,26.0,46.25,62.8,1.1163190632197706,3,0.057692307692307696,0.0625,0.5769230769230769,0.5769230769230769,0.5769230769230768,0.46153846153846156,0.46153846153846156,0.4615384615384614,0.21153846153846154,0.21153846153846154,0.21153846153846154,0.8,0.4583333333333333
ipl_2018_2026,6a26221c,AK Markram,True,2026,True,66,55,11,1671.0,1233,30.381818181818183,25.318181818181817,21.0,True,1.5,11.25,21.0,41.0,52.5,0.49699123103001297,3,0.045454545454545456,0.05454545454545454,0.5454545454545454,0.5714285714285714,0.5805268178149533,0.3939393939393939,0.41935483870967744,0.43372693285025254,0.15151515151515152,0.17543859649122806,0.22206897535652648,0.7428571428571429,0.47619047619047616
ipl_2018_2026,3d8feaf8,MR Marsh,True,2026,True,48,48,0,1630.0,1053,33.958333333333336,33.958333333333336,25.0,True,0.0,4.75,25.0,56.25,83.40000000000003,0.8683404439300517,7,0.14583333333333334,0.14583333333333334,0.5625,0.5625,0.5625,0.4583333333333333,0.4583333333333333,0.4583333333333334,0.2916666666666667,0.2916666666666667,0.29166666666666674,0.8148148148148148,0.6363636363636364
ipl_2018_2026,c740ea83,RM Patidar,True,2026,True,52,48,4,1612.0,980,33.583333333333336,31.0,26.0,True,6.200000000000001,11.75,26.0,50.25,57.8,1.0136663750072206,1,0.019230769230769232,0.020833333333333332,0.5769230769230769,0.5882352941176471,0.5938914027149321,0.4423076923076923,0.45098039215686275,0.45531674208144796,0.28846153846153844,0.3,0.31674208144796384,0.7666666666666667,0.6818181818181818
ipl_2018_2026,b681e71e,GJ Maxwell,True,2025,True,79,69,10,1591.0,1070,23.057971014492754,20.139240506329113,11.0,True,0.0,4.5,11.0,31.0,55.2,1.1720664956939841,10,0.12658227848101267,0.14492753623188406,0.379746835443038,0.4166666666666667,0.4480924633698347,0.26582278481012656,0.2916666666666667,0.3136647243588843,0.1518987341772152,0.16901408450704225,0.19302444575931346,0.7,0.6
ipl_2018_2026,48a1d7b7,SO Hetmyer,True,2026,True,85,57,28,1560.0,1045,27.36842105263158,18.352941176470587,13.0,True,2.0,6.0,13.0,28.0,42.0,1.151308209511088,4,0.047058823529411764,0.07017543859649122,0.36470588235294116,0.44285714285714284,0.4926434006783525,0.21176470588235294,0.27692307692307694,0.351306872604666,0.058823529411764705,0.08333333333333333,0.15526509101724079,0.6923076923076923,0.38461538461538464
ipl_2018_2026,9d430b40,SP Narine,True,2026,True,93,84,9,1549.0,917,18.44047619047619,16.655913978494624,7.0,True,0.0,2.0,7.0,25.0,44.0,2.050392234923545,14,0.15053763440860216,0.16666666666666666,0.3333333333333333,0.36470588235294116,0.3773065720058549,0.16129032258064516,0.17857142857142858,0.1893294626552677,0.07526881720430108,0.08333333333333333,0.08835374923912494,0.5,0.4666666666666667
ipl_2018_2026,5b8c830e,KH Pandya,True,2026,True,104,72,32,1502.0,1178,20.86111111111111,14.442307692307692,9.0,True,1.0,3.0,9.0,22.25,36.10000000000001,1.5982883178537197,7,0.0673076923076923,0.09722222222222222,0.27884615384615385,0.3493975903614458,0.40550056198070683,0.16346153846153846,0.21518987341772153,0.28208734746483954,0.019230769230769232,0.0273972602739726,0.09973802642506828,0.68,0.18181818181818182
ipl_2018_2026,2e171977,AR Patel,True,2026,True,92,66,26,1483.0,1089,22.46969696969697,16.119565217391305,12.5,True,1.0,5.0,12.5,22.0,37.80000000000001,1.251313188149511,5,0.05434782608695652,0.07575757575757576,0.31521739130434784,0.38666666666666666,0.4572828921765294,0.16304347826086957,0.21428571428571427,0.3047669232124073,0.043478260869565216,0.06060606060606061,0.1280636768246075,0.625,0.36363636363636365
ipl_2018_2026,0a509d6b,RK Singh,True,2026,True,62,41,21,1394.0,955,34.0,22.483870967741936,18.0,True,4.0,6.75,18.0,34.5,48.9,1.0499773411180453,1,0.016129032258064516,0.024390243902439025,0.45161290322580644,0.5,0.5277732366512855,0.3064516129032258,0.36538461538461536,0.4220839532912704,0.0967741935483871,0.13043478260869565,0.23825528416046718,0.7916666666666666,0.46153846153846156
ipl_2018_2026,fe11caa6,WP Saha,True,2024,False,65,60,5,1377.0,1109,22.95,21.184615384615384,17.0,True,1.4000000000000004,5.0,17.0,30.0,51.20000000000001,1.3364876426452885,5,0.07692307692307693,0.08333333333333333,0.4307692307692308,0.4444444444444444,0.45182465607997546,0.26153846153846155,0.2698412698412698,0.27432211261998507,0.1076923076923077,0.11290322580645161,0.12550684891110428,0.6071428571428571,0.4375
ipl_2018_2026,12b610c2,TM Head,True,2026,True,42,41,1,1351.0,767,32.951219512195124,32.166666666666664,22.5,True,0.10000000000000053,8.75,22.5,47.75,75.1,0.7881822242529406,5,0.11904761904761904,0.12195121951219512,0.5714285714285714,0.5714285714285714,0.5714285714285714,0.42857142857142855,0.42857142857142855,0.4285714285714285,0.23809523809523808,0.23809523809523808,0.238095238095238,0.75,0.5555555555555556
ipl_2018_2026,db584dad,CH Gayle,True,2021,False,41,37,4,1339.0,935,36.189189189189186,32.65853658536585,23.0,True,4.0,13.0,23.0,50.0,69.0,1.036171172452022,2,0.04878048780487805,0.05405405405405406,0.5853658536585366,0.5853658536585366,0.5853658536585367,0.3902439024390244,0.3902439024390244,0.3902439024390244,0.2682926829268293,0.275,0.29065040650406504,0.6666666666666666,0.7333333333333333
ipl_2018_2026,39a2dfa8,R Tewatia,True,2026,True,89,53,36,1267.0,919,23.90566037735849,14.235955056179776,11.0,True,1.8000000000000007,4.0,11.0,20.0,36.400000000000006,1.4508603330137366,4,0.0449438202247191,0.07547169811320754,0.2696629213483146,0.375,0.47270817126423836,0.14606741573033707,0.22413793103448276,0.3689860235078462,0.02247191011235955,0.03773584905660377,0.16557065157403356,0.7222222222222222,0.25
ipl_2018_2026,3d284ca3,PD Salt,True,2026,True,40,37,3,1258.0,721,34.0,31.45,26.0,True,0.9000000000000004,5.75,26.0,56.0,68.70000000000002,0.5383154188334129,4,0.1,0.10810810810810811,0.55,0.55,0.5499999999999999,0.475,0.48717948717948717,0.4999999999999999,0.3,0.3076923076923077,0.3157894736842105,0.9047619047619048,0.631578947368421
ipl_2018_2026,4329fbb5,SR Watson,True,2020,False,43,41,2,1252.0,918,30.536585365853657,29.11627906976744,14.0,True,1.6000000000000005,7.5,14.0,42.0,79.60000000000001,1.323322732018166,4,0.09302325581395349,0.0975609756097561,0.4186046511627907,0.4186046511627907,0.4186046511627908,0.3953488372093023,0.3953488372093023,0.39534883720930236,0.20930232558139536,0.20930232558139536,0.20930232558139544,0.9444444444444444,0.5294117647058824
ipl_2018_2026,bcf325d2,Dhruv Jurel,True,2026,True,51,38,13,1195.0,775,31.44736842105263,23.431372549019606,18.0,True,1.0,4.5,18.0,36.5,53.0,0.8045680119619699,5,0.09803921568627451,0.13157894736842105,0.47058823529411764,0.5106382978723404,0.5364583400155412,0.37254901960784315,0.41304347826086957,0.4440005579295293,0.19607843137254902,0.23809523809523808,0.30135784474854926,0.8260869565217391,0.6666666666666666
ipl_2018_2026,872b03f7,A Badoni,True,2026,True,56,46,10,1178.0,836,25.608695652173914,21.035714285714285,18.0,True,1.0,5.75,18.0,31.25,52.0,0.8596501906114444,5,0.08928571428571429,0.10869565217391304,0.44642857142857145,0.49019607843137253,0.5249417774772744,0.2857142857142857,0.32653061224489793,0.372664549254455,0.125,0.14285714285714285,0.16304074029882407,0.6956521739130435,0.4375
ipl_2018_2026,1c17e270,RV Uthappa,True,2022,False,54,52,2,1174.0,929,22.576923076923077,21.74074074074074,17.5,True,1.3000000000000007,4.25,17.5,32.75,47.10000000000001,1.0953875311416659,2,0.037037037037037035,0.038461538461538464,0.4444444444444444,0.4444444444444444,0.4444444444444444,0.3333333333333333,0.33962264150943394,0.34920634920634924,0.09259259259259259,0.09433962264150944,0.09700176366843036,0.782608695652174,0.2777777777777778
ipl_2018_2026,bb351c23,MM Ali,True,2025,True,59,53,6,1167.0,835,22.0188679245283,19.779661016949152,15.0,True,0.0,4.5,15.0,28.0,48.400000000000006,1.403929682703293,6,0.1016949152542373,0.11320754716981132,0.3898305084745763,0.42592592592592593,0.4539727159983465,0.2542372881355932,0.2777777777777778,0.2960691626076173,0.1016949152542373,0.11320754716981132,0.13323112317342775,0.6521739130434783,0.42857142857142855
ipl_2018_2026,f1f99156,TH David,True,2026,True,59,35,24,1151.0,650,32.885714285714286,19.508474576271187,16.0,True,1.0,4.5,16.0,31.5,42.400000000000006,0.7512460832957556,4,0.06779661016949153,0.11428571428571428,0.423728813559322,0.5102040816326531,0.5731368466422906,0.2711864406779661,0.35555555555555557,0.44300432590708444,0.03389830508474576,0.05405405405405406,0.18785087281252336,0.7619047619047619,0.25
ipl_2018_2026,0994d0ae,V Shankar,True,2025,True,59,45,14,1132.0,875,25.155555555555555,19.1864406779661,13.0,True,2.8000000000000007,7.5,13.0,27.0,44.60000000000002,1.2004827207819586,2,0.03389830508474576,0.044444444444444446,0.3728813559322034,0.4,0.4115153535779654,0.1694915254237288,0.18867924528301888,0.2057576767889827,0.1016949152542373,0.12,0.18518190911008445,0.5,0.8571428571428571
ipl_2018_2026,73ad96ed,DJ Hooda,True,2025,True,71,59,12,1123.0,904,19.033898305084747,15.816901408450704,11.0,True,1.0,3.0,11.0,21.5,45.0,1.4083242734995651,5,0.07042253521126761,0.0847457627118644,0.28169014084507044,0.3125,0.3463897958621119,0.15492957746478872,0.18032786885245902,0.227911656425571,0.09859154929577464,0.11666666666666667,0.1595381594978997,0.6470588235294118,0.7
ipl_2018_2026,800d2d97,JM Sharma,True,2026,True,59,48,11,1107.0,726,23.0625,18.76271186440678,18.0,True,2.0,7.5,18.0,25.5,38.400000000000006,1.5115682447226648,3,0.05084745762711865,0.0625,0.4576271186440678,0.4909090909090909,0.5109965142617371,0.1864406779661017,0.2037037037037037,0.21619083295688873,0.01694915254237288,0.02040816326530612,0.06810011238141996,0.4230769230769231,0.16666666666666666
ipl_2018_2026,df5a6881,DP Conway,True,2025,True,28,25,3,1080.0,773,43.2,38.57142857142857,42.0,False,0.7000000000000002,9.5,42.0,59.25,85.6,0.26885603881233117,3,0.10714285714285714,0.12,0.5714285714285714,0.5714285714285714,0.5714285714285716,0.5714285714285714,0.5714285714285714,0.5714285714285716,0.39285714285714285,0.39285714285714285,0.39285714285714307,1.0,0.6875
ipl_2018_2026,a757b0d8,KA Pollard,True,2022,False,56,38,18,1069.0,717,28.13157894736842,19.089285714285715,13.5,True,4.0,7.0,13.5,22.0,43.5,1.9217982814925234,3,0.05357142857142857,0.07894736842105263,0.3392857142857143,0.3958333333333333,0.4553940973255191,0.17857142857142858,0.2222222222222222,0.3003556210553295,0.07142857142857142,0.1,0.2628111684234133,0.625,0.8
ipl_2018_2026,50c6bc2b,LS Livingstone,True,2026,True,49,42,7,1066.0,687,25.38095238095238,21.755102040816325,15.0,True,1.0,4.0,15.0,28.0,60.0,1.35945561880302,3,0.061224489795918366,0.07142857142857142,0.3673469387755102,0.3829787234042553,0.3975155279503106,0.24489795918367346,0.2608695652173913,0.2870945479641132,0.14285714285714285,0.16279069767441862,0.22967563837129057,0.7058823529411765,0.7777777777777778
ipl_2018_2026,eaa76d3c,C Green,True,2026,True,42,27,15,1029.0,681,38.111111111111114,24.5,20.5,True,2.0,4.0,20.5,33.75,51.39999999999999,1.175745826689995,1,0.023809523809523808,0.037037037037037035,0.5,0.6,0.6242844648641751,0.42857142857142855,0.5142857142857142,0.5351009698835786,0.11904761904761904,0.16666666666666666,0.23164544150804267,0.8571428571428571,0.38461538461538464
ipl_2018_2026,470f446b,V Suryavanshi,True,2026,True,23,23,0,1028.0,449,44.69565217391305,44.69565217391305,40.0,True,4.0,12.0,40.0,67.5,96.8,0.37311653967605113,2,0.08695652173913043,0.08695652173913043,0.6956521739130435,0.6956521739130435,0.6956521739130436,0.6956521739130435,0.6956521739130435,0.6956521739130436,0.34782608695652173,0.34782608695652173,0.3478260869565219,1.0,0.5
ipl_2018_2026,e94915e6,SM Curran,True,2025,True,53,40,13,997.0,731,24.925,18.81132075471698,13.0,True,1.0,5.0,13.0,23.0,51.40000000000001,1.5556145038134608,4,0.07547169811320754,0.1,0.41509433962264153,0.4888888888888889,0.5179362112272914,0.16981132075471697,0.20930232558139536,0.2504071765024508,0.11320754716981132,0.14285714285714285,0.19476113727968394,0.45,0.75
ipl_2018_2026,1dc12ab9,SK Raina,True,2021,False,43,37,6,988.0,778,26.7027027027027,22.976744186046513,17.0,True,2.0,6.5,17.0,34.0,54.0,0.8713702890805322,1,0.023255813953488372,0.02702702702702703,0.3953488372093023,0.4146341463414634,0.4369645042839659,0.32558139534883723,0.34146341463414637,0.35985312117503077,0.18604651162790697,0.1951219512195122,0.20563035495716045,0.8235294117647058,0.5714285714285714
ipl_2018_2026,85b3fab2,T Stubbs,True,2026,True,43,25,18,980.0,648,39.2,22.790697674418606,20.0,True,1.2000000000000002,4.0,20.0,38.0,52.800000000000026,0.5948868006645937,2,0.046511627906976744,0.08,0.5116279069767442,0.5789473684210527,0.6139887244538409,0.37209302325581395,0.47058823529411764,0.5516048433596004,0.11627906976744186,0.17857142857142858,0.3651828361130688,0.8888888888888888,0.5
ipl_2018_2026,45eda7c8,CA Lynn,True,2021,False,30,29,1,945.0,702,32.58620689655172,31.5,29.0,True,0.9000000000000004,10.5,29.0,49.0,55.70000000000001,0.25436411432886064,3,0.1,0.10344827586206896,0.6333333333333333,0.6333333333333333,0.6333333333333334,0.5,0.5,0.5000000000000001,0.23333333333333334,0.23333333333333334,0.23333333333333342,0.7894736842105263,0.4666666666666667
ipl_2018_2026,b5797845,Priyansh Arya,True,2026,True,31,31,0,909.0,471,29.322580645161292,29.322580645161292,22.0,True,1.0,7.0,22.0,45.0,69.0,1.0076994840754268,3,0.0967741935483871,0.0967741935483871,0.5806451612903226,0.5806451612903226,0.5806451612903225,0.3548387096774194,0.3548387096774194,0.3548387096774193,0.22580645161290322,0.22580645161290322,0.22580645161290316,0.6111111111111112,0.6363636363636364
ipl_2018_2026,26989d80,Shashank Singh,True,2026,True,42,25,17,905.0,560,36.2,21.547619047619047,15.5,True,2.0,5.0,15.5,32.5,55.599999999999994,0.871493891814595,3,0.07142857142857142,0.12,0.40476190476190477,0.4594594594594595,0.5073939393939395,0.2857142857142857,0.35294117647058826,0.43909090909090925,0.14285714285714285,0.2,0.3512727272727274,0.8571428571428571,0.75
ipl_2018_2026,d7017798,A Raghuvanshi,True,2026,True,30,26,4,885.0,608,34.03846153846154,29.5,27.0,True,4.800000000000001,9.25,27.0,44.75,54.50000000000001,0.5338617063498673,0,0.0,0.0,0.6333333333333333,0.6551724137931034,0.6597222222222223,0.4666666666666667,0.5185185185185185,0.5497685185185187,0.23333333333333334,0.25925925925925924,0.2748842592592594,0.8235294117647058,0.5
ipl_2018_2026,f19ccfad,Washington Sundar,True,2026,True,54,42,12,879.0,644,20.928571428571427,16.27777777777778,11.0,True,1.0,5.25,11.0,21.0,40.0,1.1172664170479794,2,0.037037037037037035,0.047619047619047616,0.2962962962962963,0.3404255319148936,0.37604799787875115,0.18518518518518517,0.2222222222222222,0.27420166511992267,0.05555555555555555,0.06976744186046512,0.11281439936362536,0.7142857142857143,0.375
ipl_2018_2026,8e514b4c,Abdul Samad,True,2026,True,58,44,14,857.0,576,19.477272727272727,14.775862068965518,12.5,True,1.0,4.0,12.5,22.75,32.300000000000004,0.5506649753413874,4,0.06896551724137931,0.09090909090909091,0.3448275862068966,0.39215686274509803,0.4323605744258286,0.13793103448275862,0.16326530612244897,0.19600346040637562,0.0,0.0,0.0,0.4444444444444444,0.0
ipl_2018_2026,e66732f8,RD Rickelton,True,2026,True,26,24,2,836.0,497,34.833333333333336,32.15384615384615,24.5,True,4.0,9.25,24.5,46.25,71.5,1.27062999304062,0,0.0,0.0,0.5384615384615384,0.5384615384615384,0.5384615384615384,0.4230769230769231,0.4230769230769231,0.4230769230769231,0.23076923076923078,0.23076923076923078,0.2307692307692308,0.7857142857142857,0.5454545454545454
ipl_2018_2026,aad0c365,Nithish Kumar Reddy,True,2026,True,35,27,8,787.0,541,29.14814814814815,22.485714285714284,19.0,True,2.0,10.0,19.0,31.5,38.6,1.032356408269437,1,0.02857142857142857,0.037037037037037035,0.4857142857142857,0.5483870967741935,0.5756613756613758,0.3142857142857143,0.39285714285714285,0.47165532879818606,0.08571428571428572,0.10714285714285714,0.12863327149041437,0.7857142857142857,0.2727272727272727
ipl_2018_2026,d1a60072,N Wadhera,True,2026,True,37,33,4,784.0,560,23.757575757575758,21.18918918918919,15.0,True,2.6,5.0,15.0,33.0,50.199999999999996,0.9749340403656271,2,0.05405405405405406,0.06060606060606061,0.3783783783783784,0.3888888888888889,0.38984438984438985,0.2702702702702703,0.2777777777777778,0.27846027846027843,0.10810810810810811,0.11764705882352941,0.14144014144014144,0.7142857142857143,0.5
ipl_2018_2026,30a45b23,SPD Smith,True,2021,False,31,26,5,782.0,647,30.076923076923077,25.225806451612904,22.0,True,4.0,7.5,22.0,36.0,57.0,0.7757151933472798,0,0.0,0.0,0.5483870967741935,0.5483870967741935,0.5483870967741937,0.3548387096774194,0.36666666666666664,0.3844086021505378,0.1935483870967742,0.21428571428571427,0.259475806451613,0.6875,0.6666666666666666
ipl_2018_2026,7dcb9bc9,M Shahrukh Khan,True,2026,True,53,38,15,775.0,524,20.394736842105264,14.622641509433961,11.0,True,2.2,6.0,11.0,19.0,34.00000000000004,1.640257117262119,3,0.05660377358490566,0.07894736842105263,0.24528301886792453,0.3023255813953488,0.33889230835894657,0.11320754716981132,0.15384615384615385,0.2420659345421047,0.03773584905660377,0.05263157894736842,0.10758485979649102,0.6666666666666666,0.4
ipl_2018_2026,ad3b6e95,Abishek Porel,True,2026,True,33,30,3,769.0,529,25.633333333333333,23.303030303030305,20.0,True,2.4000000000000004,7.0,20.0,34.0,50.6,0.5008168913777057,2,0.06060606060606061,0.06666666666666667,0.5151515151515151,0.53125,0.5409090909090911,0.42424242424242425,0.4375,0.4454545454545456,0.12121212121212122,0.13333333333333333,0.15619834710743807,0.8235294117647058,0.3333333333333333
ipl_2018_2026,fffa744b,Naman Dhir,True,2026,True,33,26,7,710.0,433,27.307692307692307,21.515151515151516,20.0,True,0.0,7.0,20.0,30.0,46.8,0.6188341357394118,5,0.15151515151515152,0.19230769230769232,0.5151515151515151,0.5483870967741935,0.5664335664335665,0.2727272727272727,0.32142857142857145,0.384841628959276,0.09090909090909091,0.1111111111111111,0.14966063348416286,0.6428571428571429,0.375
ipl_2018_2026,0ebfb1ad,E Lewis,True,2022,False,26,24,2,654.0,477,27.25,25.153846153846153,21.0,True,1.0,5.25,21.0,46.0,56.5,0.40011166316483754,2,0.07692307692307693,0.08333333333333333,0.5,0.52,0.5238095238095238,0.38461538461538464,0.4,0.40293040293040294,0.15384615384615385,0.16,0.1611721611721612,0.7692307692307693,0.4
ipl_2018_2026,5f547c8b,Rashid Khan,True,2026,True,69,44,25,624.0,397,14.181818181818182,9.043478260869565,4.0,True,0.0,0.0,4.0,14.0,24.0,2.730030338882778,16,0.2318840579710145,0.36363636363636365,0.14492753623188406,0.20408163265306123,0.3249602579782497,0.08695652173913043,0.1276595744680851,0.2527468673164164,0.014492753623188406,0.022222222222222223,0.08424895577213881,0.75,0.25
ipl_2018_2026,e087956b,BA Stokes,True,2023,False,32,28,4,619.0,477,22.107142857142858,19.34375,13.0,True,1.0,6.75,13.0,27.25,44.60000000000001,2.306255299804507,3,0.09375,0.10714285714285714,0.28125,0.3103448275862069,0.33264462809917367,0.21875,0.2413793103448276,0.2587235996326906,0.0625,0.06896551724137931,0.07392102846648305,0.7777777777777778,0.2857142857142857
ipl_2018_2026,844e79d1,D Brevis,True,2026,True,24,24,0,606.0,415,25.25,25.25,27.0,False,0.6000000000000005,7.0,27.0,42.0,48.099999999999994,0.0011102748117911402,3,0.125,0.125,0.625,0.625,0.6249999999999999,0.4583333333333333,0.4583333333333333,0.4583333333333333,0.08333333333333333,0.08333333333333333,0.08333333333333334,0.7333333333333333,0.18181818181818182
ipl_2018_2026,f9e6e7ef,Shahbaz Ahmed,True,2026,True,40,29,11,603.0,489,20.79310344827586,15.075,12.0,True,1.0,4.5,12.0,18.5,40.1,1.2996351798993437,1,0.025,0.034482758620689655,0.25,0.29411764705882354,0.3306046966529718,0.15,0.18181818181818182,0.22040313110198123,0.025,0.03333333333333333,0.08265117416324297,0.6666666666666666,0.3333333333333333
ipl_2018_2026,495d42a5,R Ashwin,True,2025,True,58,42,16,602.0,465,14.333333333333334,10.379310344827585,6.5,True,0.0,2.0,6.5,14.0,28.300000000000004,1.5733375983826818,8,0.13793103448275862,0.19047619047619047,0.1724137931034483,0.22727272727272727,0.2876622710580707,0.08620689655172414,0.11627906976744186,0.1598123728100393,0.017241379310344827,0.023809523809523808,0.04794371184301179,0.5555555555555556,0.25
ipl_2018_2026,9caf69a1,WG Jacks,True,2026,True,26,22,4,602.0,379,27.363636363636363,23.153846153846153,16.5,True,3.0,8.5,16.5,32.0,49.5,1.760864200148688,0,0.0,0.0,0.46153846153846156,0.5,0.5099350777100139,0.2692307692307692,0.30434782608695654,0.33464489474719655,0.11538461538461539,0.13043478260869565,0.1434192406059414,0.6363636363636364,0.42857142857142855
ipl_2018_2026,c3a96caf,Mandeep Singh,True,2023,False,39,27,12,594.0,468,22.0,15.23076923076923,14.0,True,0.0,3.5,14.0,21.5,32.2,1.3315523149760293,6,0.15384615384615385,0.2222222222222222,0.28205128205128205,0.34375,0.39663461538461536,0.15384615384615385,0.2,0.2776442307692307,0.02564102564102564,0.03571428571428571,0.12339743589743592,0.6666666666666666,0.25
ipl_2018_2026,f088b960,SN Khan,True,2026,True,32,27,5,569.0,441,21.074074074074073,17.78125,12.5,True,0.10000000000000009,6.75,12.5,26.25,38.7,1.1923881556844373,4,0.125,0.14814814814814814,0.34375,0.36666666666666664,0.3933293269230769,0.25,0.27586206896551724,0.31466346153846153,0.0625,0.07407407407407407,0.14749849759615385,0.8,0.3333333333333333
ipl_2018_2026,ded9240e,PJ Cummins,True,2026,True,42,27,15,565.0,366,20.925925925925927,13.452380952380953,7.0,True,0.10000000000000053,2.0,7.0,18.75,32.8,1.675993230183323,3,0.07142857142857142,0.1111111111111111,0.21428571428571427,0.28125,0.3634513658043072,0.16666666666666666,0.22580645161290322,0.3180199450787688,0.07142857142857142,0.1,0.18172568290215363,0.875,0.5
ipl_2018_2026,84d9c311,Ashutosh Sharma,True,2026,True,26,19,7,564.0,334,29.68421052631579,21.692307692307693,18.0,True,2.5,9.5,18.0,31.0,40.0,1.0009461865936753,0,0.0,0.0,0.38461538461538464,0.45454545454545453,0.5174512987012987,0.3076923076923077,0.38095238095238093,0.46570616883116883,0.07692307692307693,0.1,0.13971185064935068,0.8888888888888888,0.2857142857142857
ipl_2018_2026,650d5e49,R Powell,True,2026,True,30,25,5,555.0,390,22.2,18.5,14.5,True,1.0,3.25,14.5,30.5,39.1,0.8043850905924015,2,0.06666666666666667,0.08,0.4666666666666667,0.4827586206896552,0.5000000000000001,0.26666666666666666,0.27586206896551724,0.28571428571428575,0.03333333333333333,0.038461538461538464,0.06349206349206352,0.5714285714285714,0.2
ipl_2018_2026,d1c36f5c,JJ Roy,True,2023,False,18,17,1,555.0,403,32.64705882352941,30.833333333333332,27.0,True,4.1000000000000005,10.25,27.0,44.75,60.3,0.673673277442863,0,0.0,0.0,0.5555555555555556,0.5555555555555556,0.5555555555555557,0.5,0.5,0.5000000000000001,0.2222222222222222,0.2222222222222222,0.2222222222222223,0.9,0.4444444444444444
ipl_2018_2026,944533a5,KK Nair,True,2026,True,28,27,1,554.0,392,20.51851851851852,19.785714285714285,14.0,True,0.7000000000000002,3.0,14.0,31.0,45.800000000000004,1.477877899766043,3,0.10714285714285714,0.1111111111111111,0.39285714285714285,0.4074074074074074,0.4285714285714286,0.2857142857142857,0.2962962962962963,0.31168831168831174,0.10714285714285714,0.1111111111111111,0.11688311688311692,0.7272727272727273,0.375
ipl_2018_2026,d2a6c0e6,EJG Morgan,True,2021,False,30,22,8,551.0,441,25.045454545454547,18.366666666666667,10.5,True,0.0,4.25,10.5,33.0,42.2,0.9121744543261834,4,0.13333333333333333,0.18181818181818182,0.36666666666666664,0.4074074074074074,0.4294587400177463,0.3,0.3333333333333333,0.35137533274179245,0.03333333333333333,0.043478260869565216,0.14575569358178062,0.8181818181818182,0.2
ipl_2018_2026,989889ff,JP Inglis,True,2026,True,16,14,2,544.0,314,38.857142857142854,34.0,31.0,True,5.0,12.5,31.0,44.25,72.5,0.5772195799845142,0,0.0,0.0,0.625,0.7142857142857143,0.7291666666666666,0.5625,0.6428571428571429,0.65625,0.25,0.2857142857142857,0.2916666666666667,0.9,0.4444444444444444
ipl_2018_2026,da934ee8,MK Lomror,True,2024,False,35,29,6,527.0,373,18.17241379310345,15.057142857142857,9.0,True,0.40000000000000036,3.0,9.0,22.5,38.80000000000001,1.0245542271018226,3,0.08571428571428572,0.10344827586206896,0.2571428571428571,0.2903225806451613,0.3212020291987763,0.2,0.23333333333333334,0.28551291484335667,0.02857142857142857,0.03333333333333333,0.04078755926333668,0.875,0.14285714285714285
ipl_2018_2026,b5da6c24,PA Patel,True,2019,False,20,19,1,526.0,377,27.68421052631579,26.3,26.5,False,5.500000000000001,10.5,26.5,39.25,53.0,0.43217056185845204,1,0.05,0.05263157894736842,0.6,0.6,0.6,0.4,0.4,0.3999999999999999,0.15,0.15789473684210525,0.18749999999999994,0.6666666666666666,0.42857142857142855
ipl_2018_2026,d014d5ac,SE Rutherford,True,2026,True,27,21,6,520.0,364,24.761904761904763,19.25925925925926,18.0,True,1.0,5.0,18.0,28.0,40.000000000000014,1.0279074247005044,2,0.07407407407407407,0.09523809523809523,0.48148148148148145,0.52,0.5263400046008743,0.2222222222222222,0.25,0.28341384863124003,0.037037037037037035,0.045454545454545456,0.07085346215781001,0.5,0.25
ipl_2018_2026,fe366f34,C Connolly,True,2026,True,13,11,2,491.0,301,44.63636363636363,37.76923076923077,30.0,True,12.200000000000001,17.0,30.0,38.0,84.00000000000001,1.0453614067615522,1,0.07692307692307693,0.09090909090909091,0.6153846153846154,0.6153846153846154,0.6153846153846153,0.5384615384615384,0.5384615384615384,0.5384615384615384,0.23076923076923078,0.23076923076923078,0.23076923076923078,0.875,0.42857142857142855
ipl_2018_2026,b8d490fd,AJ Finch,True,2022,False,26,25,1,488.0,402,19.52,18.76923076923077,14.0,True,2.0,4.75,14.0,28.25,46.5,0.9134894890882814,2,0.07692307692307693,0.08,0.38461538461538464,0.4,0.41666666666666674,0.23076923076923078,0.24,0.25000000000000006,0.07692307692307693,0.08,0.08333333333333338,0.6,0.3333333333333333
ipl_2018_2026,b2b4f545,A Mhatre,True,2026,True,13,13,0,441.0,240,33.92307692307692,33.92307692307692,32.0,True,0.20000000000000018,7.0,32.0,43.0,70.20000000000002,0.5749746165402152,2,0.15384615384615385,0.15384615384615385,0.6923076923076923,0.6923076923076923,0.6923076923076923,0.6923076923076923,0.6923076923076923,0.6923076923076923,0.23076923076923078,0.23076923076923078,0.23076923076923078,1.0,0.3333333333333333
ipl_2018_2026,f89d3b11,Sameer Rizvi,True,2026,True,18,14,4,424.0,293,30.285714285714285,23.555555555555557,14.5,True,0.0,2.25,14.5,39.75,61.60000000000001,1.1041627151046192,3,0.16666666666666666,0.21428571428571427,0.4444444444444444,0.47058823529411764,0.5,0.3333333333333333,0.35294117647058826,0.375,0.16666666666666666,0.1875,0.234375,0.75,0.6
ipl_2018_2026,cad00a4d,RR Rossouw,True,2024,False,17,15,2,420.0,257,28.0,24.705882352941178,22.0,True,0.0,5.0,22.0,35.0,53.800000000000004,0.8541778401241823,3,0.17647058823529413,0.2,0.5294117647058824,0.5294117647058824,0.5294117647058824,0.4117647058823529,0.4117647058823529,0.4117647058823529,0.11764705882352941,0.125,0.14705882352941177,0.7777777777777778,0.3333333333333333
ipl_2018_2026,ba5e1069,R Ravindra,True,2025,True,18,17,1,413.0,287,24.294117647058822,22.944444444444443,18.0,True,0.7000000000000002,3.25,18.0,37.0,50.500000000000014,0.5397174862613205,2,0.1111111111111111,0.11764705882352941,0.5,0.5,0.5,0.3888888888888889,0.3888888888888889,0.38888888888888884,0.1111111111111111,0.1111111111111111,0.11111111111111113,0.7777777777777778,0.2857142857142857
ipl_2018_2026,9b6e1b3f,J Fraser-McGurk,True,2025,True,15,15,0,385.0,193,25.666666666666668,25.666666666666668,20.0,True,0.0,4.0,20.0,44.0,61.0,0.8547958023569323,3,0.2,0.2,0.5333333333333333,0.5333333333333333,0.5333333333333334,0.3333333333333333,0.3333333333333333,0.3333333333333335,0.26666666666666666,0.26666666666666666,0.2666666666666668,0.625,0.8
ipl_2018_2026,73c18486,KR Mayers,True,2023,False,13,13,0,379.0,263,29.153846153846153,29.153846153846153,24.0,True,0.40000000000000036,13.0,24.0,51.0,53.8,0.31579392569311915,2,0.15384615384615385,0.15384615384615385,0.5384615384615384,0.5384615384615384,0.5384615384615384,0.38461538461538464,0.38461538461538464,0.38461538461538464,0.3076923076923077,0.3076923076923077,0.3076923076923077,0.7142857142857143,0.8
ipl_2018_2026,0bacade8,Rahmanullah Gurbaz,True,2025,True,18,17,1,363.0,269,21.352941176470587,20.166666666666668,15.0,True,0.7000000000000002,2.75,15.0,25.25,44.40000000000001,1.4494230981663798,2,0.1111111111111111,0.11764705882352941,0.3888888888888889,0.4117647058823529,0.4188034188034188,0.2222222222222222,0.23529411764705882,0.23931623931623935,0.1111111111111111,0.11764705882352941,0.11965811965811969,0.5714285714285714,0.5
ipl_2018_2026,eade4650,DJ Mitchell,True,2024,False,15,13,2,351.0,267,27.0,23.4,22.0,True,6.800000000000001,14.5,22.0,27.5,44.8,1.0552191018330337,0,0.0,0.0,0.5333333333333333,0.5714285714285714,0.5714285714285715,0.26666666666666666,0.3076923076923077,0.3428571428571429,0.13333333333333333,0.15384615384615385,0.17142857142857146,0.5714285714285714,0.5
ipl_2018_2026,bf74b130,FH Allen,True,2026,True,11,10,1,349.0,163,34.9,31.727272727272727,20.0,True,6.0,8.5,20.0,33.0,93.0,1.2760497912627442,0,0.0,0.0,0.5454545454545454,0.5454545454545454,0.5454545454545454,0.2727272727272727,0.2727272727272727,0.2727272727272727,0.18181818181818182,0.18181818181818182,0.18181818181818182,0.5,0.6666666666666666
ipl_2018_2026,1abb78f8,SN Thakur,True,2026,True,40,27,13,342.0,254,12.666666666666666,8.55,4.5,True,0.0,1.0,4.5,11.25,17.500000000000007,3.283297536923834,5,0.125,0.18518518518518517,0.1,0.14285714285714285,0.2180627489982382,0.025,0.037037037037037035,0.10903137449911911,0.025,0.037037037037037035,0.10903137449911911,0.3333333333333333,1.0
ipl_2018_2026,5574750c,JC Archer,True,2026,True,40,25,15,326.0,225,13.04,8.15,4.0,True,0.0,1.0,4.0,13.0,24.300000000000004,1.219777944295963,5,0.125,0.2,0.15,0.21428571428571427,0.32925170068027215,0.05,0.08,0.27437641723356015,0.0,0.0,0.0,0.6666666666666666,0.0
ipl_2018_2026,f0af99a7,D Ferreira,True,2026,True,16,12,4,326.0,191,27.166666666666668,20.375,14.0,True,1.0,3.25,14.0,34.25,49.5,0.946262713401929,1,0.0625,0.08333333333333333,0.375,0.4,0.4285714285714286,0.3125,0.3333333333333333,0.3571428571428572,0.125,0.15384615384615385,0.28571428571428575,0.8333333333333334,0.6666666666666666
ipl_2018_2026,c8f5f961,Anuj Rawat,True,2024,False,21,16,5,318.0,267,19.875,15.142857142857142,11.0,True,0.0,3.0,11.0,23.0,29.0,1.5786867925830919,4,0.19047619047619047,0.25,0.3333333333333333,0.3684210526315789,0.4126984126984126,0.09523809523809523,0.125,0.26530612244897955,0.047619047619047616,0.0625,0.13265306122448978,0.5,0.5
ipl_2018_2026,99d63244,KM Jadhav,True,2023,False,24,16,8,315.0,319,19.6875,13.125,10.0,True,1.6000000000000005,5.5,10.0,19.25,25.4,2.005587754183314,1,0.041666666666666664,0.0625,0.25,0.35294117647058826,0.4681702226345084,0.041666666666666664,0.0625,0.104037827252113,0.041666666666666664,0.0625,0.104037827252113,0.2,1.0
ipl_2018_2026,a3b0600d,Aniket Verma,True,2026,True,20,15,5,315.0,196,21.0,15.75,9.5,True,1.9000000000000001,4.5,9.5,18.25,36.70000000000001,1.9328536968169037,0,0.0,0.0,0.2,0.26666666666666666,0.32444196428571426,0.15,0.2,0.2433314732142857,0.05,0.06666666666666667,0.08111049107142858,0.75,0.3333333333333333
ipl_2018_2026,ad427b5c,Lalit Yadav,True,2024,False,21,16,5,305.0,290,19.0625,14.523809523809524,12.0,True,1.0,3.0,12.0,22.0,37.0,0.9166097115800227,1,0.047619047619047616,0.0625,0.38095238095238093,0.4444444444444444,0.5128205128205128,0.14285714285714285,0.17647058823529413,0.23076923076923078,0.0,0.0,0.07692307692307694,0.42857142857142855,0.0
ipl_2018_2026,3c6ffae8,YK Pathan,True,2019,False,20,12,8,300.0,245,25.0,15.0,13.0,True,1.9000000000000001,3.0,13.0,21.75,30.600000000000023,0.9199702353066022,1,0.05,0.08333333333333333,0.3,0.4,0.49090909090909096,0.1,0.15384615384615385,0.2618181818181819,0.0,0.0,0.13090909090909095,0.5,0.0
ipl_2018_2026,be24ead0,Ramandeep Singh,True,2026,True,26,16,10,299.0,205,18.6875,11.5,10.0,True,1.0,4.0,10.0,16.25,24.5,0.9602816090181128,1,0.038461538461538464,0.0625,0.19230769230769232,0.2777777777777778,0.3938918224632511,0.07692307692307693,0.125,0.3151134579706009,0.0,0.0,0.0,0.6666666666666666,0.0
ipl_2018_2026,87e562a9,DJ Bravo,True,2022,False,29,14,15,298.0,205,21.285714285714285,10.275862068965518,7.0,True,0.0,1.0,7.0,14.0,23.2,2.643544224405924,3,0.10344827586206896,0.21428571428571427,0.20689655172413793,0.375,0.4979704433497539,0.034482758620689655,0.07142857142857142,0.1556157635467981,0.034482758620689655,0.07142857142857142,0.1556157635467981,0.25,1.0
ipl_2018_2026,7b679de5,Kartik Sharma,True,2026,True,11,9,2,295.0,216,32.77777777777778,26.818181818181817,19.0,True,6.0,16.5,19.0,36.5,54.0,0.8941902733336432,0,0.0,0.0,0.45454545454545453,0.45454545454545453,0.45454545454545453,0.36363636363636365,0.36363636363636365,0.36363636363636365,0.18181818181818182,0.2,0.2727272727272727,0.8,0.6666666666666666
ipl_2018_2026,7dc35884,Shakib Al Hasan,True,2021,False,20,17,3,295.0,255,17.352941176470587,14.75,11.0,True,1.8000000000000003,7.5,11.0,24.5,28.0,0.27065910718558134,2,0.1,0.11764705882352941,0.4,0.4444444444444444,0.4675324675324675,0.05,0.058823529411764705,0.07012987012987014,0.0,0.0,0.0,0.14285714285714285,0.0
ipl_2018_2026,0890552f,A Manohar,True,2025,True,20,19,1,292.0,235,15.368421052631579,14.6,10.0,True,0.9000000000000001,2.0,10.0,26.25,42.1,0.8194662031734984,2,0.1,0.10526315789473684,0.3,0.3157894736842105,0.35,0.2,0.21052631578947367,0.23333333333333336,0.0,0.0,0.0,0.6666666666666666,0.0
ipl_2018_2026,0f721006,JO Holder,True,2026,True,29,21,8,286.0,232,13.619047619047619,9.862068965517242,8.0,True,0.8000000000000003,2.0,8.0,12.0,23.2,1.8681670663031833,2,0.06896551724137931,0.09523809523809523,0.13793103448275862,0.16,0.18142401365213037,0.034482758620689655,0.045454545454545456,0.18142401365213037,0.0,0.0,0.18142401365213037,1.0,
ipl_2018_2026,8ee36b18,P Nissanka,True,2026,True,10,10,0,278.0,175,27.8,27.8,30.0,False,1.0,8.75,30.0,43.25,51.199999999999996,0.08606777897830782,0,0.0,0.0,0.5,0.5,0.5000000000000001,0.5,0.5,0.5000000000000001,0.2,0.2,0.20000000000000004,1.0,0.4
ipl_2018_2026,6c882e9a,PBB Rajapaksa,True,2023,False,13,12,1,277.0,191,23.083333333333332,21.307692307692307,20.0,True,1.0,4.0,20.0,40.0,42.8,0.2071182735957547,1,0.07692307692307693,0.08333333333333333,0.5384615384615384,0.5833333333333334,0.5923076923076923,0.38461538461538464,0.4166666666666667,0.4230769230769232,0.07692307692307693,0.08333333333333333,0.08461538461538466,0.7142857142857143,0.2
ipl_2018_2026,c16d4035,SW Billings,True,2022,False,17,16,1,277.0,220,17.3125,16.294117647058822,14.0,True,0.6000000000000001,3.0,14.0,25.0,34.8,0.98712917053282,2,0.11764705882352941,0.125,0.35294117647058826,0.35294117647058826,0.35294117647058826,0.17647058823529413,0.1875,0.21176470588235297,0.058823529411764705,0.0625,0.07058823529411766,0.6,0.3333333333333333
ipl_2018_2026,bb965e9a,PK Garg,True,2023,False,19,18,1,273.0,241,15.166666666666666,14.368421052631579,12.0,True,2.4000000000000004,5.5,12.0,16.5,31.59999999999999,1.4394507719856908,2,0.10526315789473684,0.1111111111111111,0.21052631578947367,0.21052631578947367,0.21052631578947364,0.10526315789473684,0.10526315789473684,0.10526315789473684,0.05263157894736842,0.05263157894736842,0.05263157894736842,0.5,0.5
ipl_2018_2026,c5aef772,R Shepherd,True,2026,True,19,11,8,268.0,153,24.363636363636363,14.105263157894736,14.0,True,0.8,1.0,14.0,22.5,28.59999999999999,1.082306016768856,2,0.10526315789473684,0.18181818181818182,0.3157894736842105,0.4,0.4605263157894737,0.10526315789473684,0.15384615384615385,0.2878289473684211,0.05263157894736842,0.08333333333333333,0.2878289473684211,0.5,1.0
ipl_2018_2026,1ac746c8,Atharva Taide,True,2025,True,10,10,0,260.0,177,26.0,26.0,17.0,True,3.6,13.0,17.0,41.75,56.099999999999994,0.6469043494967122,1,0.1,0.1,0.4,0.4,0.4,0.3,0.3,0.30000000000000004,0.2,0.2,0.20000000000000004,0.75,0.6666666666666666
ipl_2018_2026,c05edf8e,Harpreet Brar,True,2026,True,27,12,15,249.0,206,20.75,9.222222222222221,6.0,True,1.0,2.5,6.0,15.5,20.400000000000002,0.8175753458456938,1,0.037037037037037035,0.08333333333333333,0.14814814814814814,0.2857142857142857,0.5162180814354729,0.0,0.0,0.0,0.0,0.0,0.0,0.0,
ipl_2018_2026,90de905a,K Gowtham,True,2023,False,27,18,9,247.0,148,13.722222222222221,9.148148148148149,8.0,True,0.6000000000000001,2.0,8.0,13.5,20.800000000000004,0.9873773691118316,2,0.07407407407407407,0.1111111111111111,0.14814814814814814,0.2,0.3190847489093104,0.037037037037037035,0.05263157894736842,0.11965678084099139,0.0,0.0,0.11965678084099139,0.3333333333333333,
ipl_2018_2026,f986ca1a,HV Patel,True,2026,True,33,23,10,233.0,204,10.130434782608695,7.0606060606060606,4.0,True,0.0,1.0,4.0,10.0,15.200000000000003,1.842527076383154,7,0.21212121212121213,0.30434782608695654,0.09090909090909091,0.125,0.1973214285714286,0.06060606060606061,0.08333333333333333,0.13154761904761908,0.0,0.0,0.06577380952380954,0.6666666666666666,0.0
ipl_2018_2026,6b2ff18f,SB Dubey,True,2026,True,17,10,7,220.0,143,22.0,12.941176470588236,9.0,True,2.2,5.0,9.0,19.0,27.400000000000002,0.6892183731430974,1,0.058823529411764705,0.1,0.23529411764705882,0.3076923076923077,0.38515406162464993,0.11764705882352941,0.16666666666666666,0.2888655462184875,0.0,0.0,0.2888655462184875,0.6666666666666666,
ipl_2018_2026,709b0bac,SS Tiwary,False,2021,False,9,7,2,218.0,177,31.142857142857142,24.22222222222222,21.0,True,4.2,5.0,21.0,42.0,46.0,0.09904557288127458,0,0.0,0.0,0.5555555555555556,0.625,0.6481481481481481,0.4444444444444444,0.5,0.5185185185185185,0.1111111111111111,0.125,0.12962962962962962,0.8,0.25
ipl_2018_2026,62af8546,Mohammad Nabi,True,2024,False,18,15,3,213.0,147,14.2,11.833333333333334,11.5,True,2.4000000000000004,4.0,11.5,17.0,20.900000000000002,0.45548359900616436,1,0.05555555555555555,0.06666666666666667,0.2222222222222222,0.26666666666666666,0.3343621399176954,0.05555555555555555,0.06666666666666667,0.08359053497942386,0.0,0.0,0.0,0.25,0.0
ipl_2018_2026,e62dd25d,K Rabada,True,2026,True,32,17,15,207.0,175,12.176470588235293,6.46875,3.5,True,0.0,1.75,3.5,9.5,14.700000000000006,1.1617983523984816,3,0.09375,0.17647058823529413,0.0625,0.1111111111111111,0.3148661339925257,0.0,0.0,0.0,0.0,0.0,0.0,0.0,
ipl_2018_2026,44a89551,KS Bharat,False,2022,False,8,7,1,199.0,163,28.428571428571427,24.875,14.0,True,5.6000000000000005,8.75,14.0,35.0,54.199999999999996,1.1660908126049916,1,0.125,0.14285714285714285,0.375,0.375,0.375,0.375,0.375,0.375,0.125,0.125,0.125,1.0,0.3333333333333333
ipl_2018_2026,cf59b3f0,Urvil Patel,True,2026,True,10,10,0,197.0,96,19.7,19.7,15.0,True,0.0,4.5,15.0,29.25,39.79999999999999,1.0643974302730415,2,0.2,0.2,0.4,0.4,0.40000000000000013,0.3,0.3,0.3000000000000001,0.1,0.1,0.10000000000000005,0.75,0.3333333333333333
ipl_2018_2026,1e66c162,JD Unadkat,True,2026,True,23,15,8,196.0,156,13.066666666666666,8.521739130434783,6.0,True,1.0,2.5,6.0,12.5,18.400000000000002,0.8638913587526619,1,0.043478260869565216,0.06666666666666667,0.08695652173913043,0.13333333333333333,0.2598615794143745,0.0,0.0,0.0,0.0,0.0,0.0,0.0,
ipl_2018_2026,2e81a32d,B Kumar,True,2026,True,42,19,23,196.0,220,10.31578947368421,4.666666666666667,3.0,True,0.10000000000000053,1.0,3.0,6.75,8.899999999999999,2.2719225875703213,3,0.07142857142857142,0.15789473684210525,0.023809523809523808,0.05263157894736842,0.2874931614643391,0.0,0.0,0.0,0.0,0.0,0.0,0.0,
ipl_2018_2026,81c36ee9,M Jansen,True,2026,True,25,15,10,192.0,174,12.8,7.68,3.0,True,0.40000000000000036,1.0,3.0,13.0,19.6,1.3379160666310543,3,0.12,0.2,0.12,0.17647058823529413,0.2682352941176471,0.04,0.0625,0.17882352941176477,0.0,0.0,0.17882352941176477,0.5,
ipl_2018_2026,4ae1755b,HC Brook,True,2023,False,11,9,2,190.0,154,21.11111111111111,17.272727272727273,9.0,True,0.0,1.5,9.0,15.5,27.0,2.4214741815119094,3,0.2727272727272727,0.3333333333333333,0.18181818181818182,0.18181818181818182,0.18181818181818185,0.09090909090909091,0.1,0.18181818181818185,0.09090909090909091,0.1,0.18181818181818185,1.0,1.0
ipl_2018_2026,8d2c70ad,Kuldeep Yadav,True,2026,True,40,16,24,190.0,231,11.875,4.75,3.0,True,0.0,1.0,3.0,6.25,10.200000000000003,2.84422056655465,5,0.125,0.3125,0.025,0.058823529411764705,0.3584863115449915,0.025,0.058823529411764705,0.3584863115449915,0.0,0.0,0.3584863115449915,1.0,
ipl_2018_2026,c995d726,CA Ingram,True,2019,False,12,10,2,184.0,154,18.4,15.333333333333334,11.5,True,2.1,4.5,11.5,19.75,36.400000000000006,1.1218210060674656,0,0.0,0.0,0.25,0.3,0.3472222222222222,0.16666666666666666,0.2,0.2314814814814815,0.0,0.0,0.0,0.6666666666666666,0.0
ipl_2018_2026,1fc6ef83,SD Hope,False,2024,False,9,8,1,183.0,122,22.875,20.333333333333332,19.0,True,4.2,6.0,19.0,33.0,38.6,0.08967274765304997,0,0.0,0.0,0.4444444444444444,0.5,0.5333333333333333,0.3333333333333333,0.375,0.4,0.0,0.0,0.0,0.75,0.0
ipl_2018_2026,26d041c4,Sikandar Raza,False,2024,False,9,7,2,182.0,136,26.0,20.22222222222222,15.0,True,4.2,11.0,15.0,28.0,40.2,1.0452096843256073,0,0.0,0.0,0.3333333333333333,0.42857142857142855,0.4666666666666667,0.2222222222222222,0.2857142857142857,0.31111111111111117,0.1111111111111111,0.14285714285714285,0.15555555555555559,0.6666666666666666,0.5
ipl_2018_2026,fb66ce1f,CH Morris,True,2021,False,21,16,5,179.0,133,11.1875,8.523809523809524,4.0,True,0.0,0.0,4.0,14.0,25.0,1.2447951594570914,6,0.2857142857142857,0.375,0.14285714285714285,0.15789473684210525,0.20634920634920634,0.047619047619047616,0.058823529411764705,0.20634920634920634,0.0,0.0,0.20634920634920634,1.0,
ipl_2018_2026,94d7f855,C de Grandhomme,True,2019,False,12,8,4,177.0,133,22.125,14.75,9.5,True,2.1,3.0,9.5,25.5,36.6,0.7638543348851805,0,0.0,0.0,0.3333333333333333,0.4444444444444444,0.5208333333333335,0.25,0.375,0.5208333333333335,0.0,0.0,0.0,1.0,0.0
ipl_2018_2026,a90e53ec,MW Short,False,2026,True,9,9,0,177.0,143,19.666666666666668,19.666666666666668,24.0,False,1.8,8.0,24.0,34.0,34.4,-0.16232800238828227,0,0.0,0.0,0.5555555555555556,0.5555555555555556,0.5555555555555556,0.3333333333333333,0.3333333333333333,0.33333333333333337,0.0,0.0,0.0,0.6,0.0
ipl_2018_2026,1c84109e,MD Choudhary,True,2026,True,10,6,4,170.0,120,28.333333333333332,17.0,13.5,True,1.0,3.25,13.5,20.25,40.49999999999999,1.0786467887056261,0,0.0,0.0,0.3,0.375,0.41142857142857153,0.2,0.2857142857142857,0.41142857142857153,0.1,0.14285714285714285,0.20571428571428577,1.0,0.5
ipl_2018_2026,6eb146d2,Gurkeerat Singh,False,2020,False,8,3,5,169.0,150,56.333333333333336,21.125,17.0,True,4.800000000000001,12.0,17.0,22.5,38.39999999999999,1.5288344480812257,0,0.0,0.0,0.375,0.75,0.8571428571428572,0.125,0.3333333333333333,0.4285714285714286,0.125,0.3333333333333333,0.4285714285714286,0.5,1.0
ipl_2018_2026,7a8bd078,S Gopal,True,2022,False,19,12,7,166.0,142,13.833333333333334,8.736842105263158,7.0,True,0.0,1.0,7.0,15.5,19.799999999999997,0.5268066832178019,4,0.21052631578947367,0.3333333333333333,0.10526315789473684,0.15384615384615385,0.2914979757085021,0.0,0.0,0.0,0.0,0.0,0.0,0.0,
ipl_2018_2026,970ddd24,Suryansh Shedge,True,2026,True,10,7,3,165.0,101,23.571428571428573,16.5,8.5,True,1.9,3.25,8.5,24.0,37.19999999999999,1.1830944045336615,0,0.0,0.0,0.4,0.5,0.5714285714285715,0.2,0.2857142857142857,0.38095238095238104,0.1,0.14285714285714285,0.19047619047619052,0.6666666666666666,0.5
ipl_2018_2026,1c914163,Yuvraj Singh,True,2019,False,10,10,0,163.0,148,16.3,16.3,14.0,True,3.7,6.0,14.0,19.5,25.99999999999999,1.5279447110973559,0,0.0,0.0,0.3,0.3,0.30000000000000004,0.1,0.1,0.10000000000000002,0.1,0.1,0.10000000000000002,0.3333333333333333,1.0
ipl_2018_2026,3c55c703,JG Bethell,False,2026,True,9,9,0,163.0,116,18.11111111111111,18.11111111111111,14.0,True,4.8,11.0,14.0,20.0,32.60000000000001,1.599101900611791,0,0.0,0.0,0.3333333333333333,0.3333333333333333,0.33333333333333337,0.1111111111111111,0.1111111111111111,0.11111111111111113,0.1111111111111111,0.1111111111111111,0.11111111111111113,0.3333333333333333,1.0
ipl_2018_2026,bd54eef5,N Jagadeesan,True,2023,False,10,9,1,162.0,147,18.0,16.2,12.5,True,0.0,1.0,12.5,31.5,36.3,0.24195735343852134,2,0.2,0.2222222222222222,0.4,0.4,0.40000000000000013,0.3,0.3,0.3000000000000001,0.0,0.0,0.10000000000000005,0.75,0.0
ipl_2018_2026,afa7e784,MS Wade,True,2024,False,11,11,0,161.0,144,14.636363636363637,14.636363636363637,12.0,True,4.0,7.0,12.0,19.5,30.0,0.6422019853129509,0,0.0,0.0,0.2727272727272727,0.2727272727272727,0.2727272727272727,0.18181818181818182,0.18181818181818182,0.18181818181818182,0.0,0.0,0.0,0.6666666666666666,0.0
ipl_2018_2026,5ffc0565,V Nigam,True,2026,True,10,8,2,157.0,89,19.625,15.7,13.0,True,0.9,5.25,13.0,19.5,38.1,0.649618834063297,1,0.1,0.125,0.3,0.375,0.3857142857142858,0.2,0.25,0.25714285714285723,0.0,0.0,0.0,0.6666666666666666,0.0
ipl_2018_2026,59559bc2,J Overton,False,2026,True,8,5,3,151.0,93,30.2,18.875,15.5,True,6.1000000000000005,10.0,15.5,22.75,38.8,0.8163977247342034,0,0.0,0.0,0.25,0.4,0.4000000000000001,0.25,0.4,0.4000000000000001,0.0,0.0,0.0,1.0,0.0
ipl_2018_2026,8f6dd463,Azmatullah Omarzai,True,2026,True,11,10,1,151.0,101,15.1,13.727272727272727,14.0,False,1.0,6.0,14.0,17.5,21.0,0.7129338941650669,0,0.0,0.0,0.18181818181818182,0.18181818181818182,0.1818181818181819,0.09090909090909091,0.1,0.1818181818181819,0.0,0.0,0.0,1.0,0.0
ipl_2018_2026,92aeac25,AD Hales,False,2018,False,6,6,0,148.0,118,24.666666666666668,24.666666666666668,25.5,False,3.5,7.25,25.5,43.0,45.0,-0.048894201889129636,0,0.0,0.0,0.5,0.5,0.5,0.5,0.5,0.5,0.0,0.0,0.0,1.0,0.0
ipl_2018_2026,af2c687b,C Munro,False,2019,False,9,9,0,147.0,111,16.333333333333332,16.333333333333332,14.0,True,0.0,3.0,14.0,27.0,34.4,0.25181482931369614,2,0.2222222222222222,0.2222222222222222,0.4444444444444444,0.4444444444444444,0.4444444444444446,0.2222222222222222,0.2222222222222222,0.22222222222222232,0.0,0.0,0.0,0.5,0.0
ipl_2018_2026,0a4c6dfd,Arshad Khan,True,2026,True,12,6,6,142.0,95,23.666666666666668,11.833333333333334,5.0,True,1.0,1.0,5.0,16.25,20.0,1.9298621434347194,1,0.08333333333333333,0.16666666666666666,0.25,0.375,0.5142857142857142,0.08333333333333333,0.14285714285714285,0.34285714285714286,0.08333333333333333,0.14285714285714285,0.34285714285714286,0.5,1.0
ipl_2018_2026,1399b39c,Anmolpreet Singh,False,2024,False,9,9,0,139.0,115,15.444444444444445,15.444444444444445,8.0,True,4.0,5.0,8.0,31.0,33.6,0.487587788833101,1,0.1111111111111111,0.1111111111111111,0.3333333333333333,0.3333333333333333,0.33333333333333337,0.3333333333333333,0.3333333333333333,0.33333333333333337,0.0,0.0,0.0,1.0,0.0
ipl_2018_2026,e4a0deae,MJ Santner,True,2026,True,21,8,13,136.0,123,17.0,6.476190476190476,3.0,True,0.0,1.0,3.0,11.0,18.0,0.8104669767558988,1,0.047619047619047616,0.125,0.047619047619047616,0.125,0.3409090909090909,0.0,0.0,0.0,0.0,0.0,0.0,0.0,
ipl_2018_2026,9a46c4e5,GD Phillips,True,2026,True,13,11,2,132.0,109,12.0,10.153846153846153,8.0,True,1.4000000000000004,4.0,8.0,14.0,23.800000000000004,0.6529416565335437,1,0.07692307692307693,0.09090909090909091,0.15384615384615385,0.18181818181818182,0.25641025641025644,0.0,0.0,0.0,0.0,0.0,0.0,0.0,
ipl_2018_2026,23eeb873,DL Chahar,True,2026,True,19,9,10,128.0,97,14.222222222222221,6.7368421052631575,2.0,True,0.0,1.0,2.0,8.0,13.599999999999987,2.1751219187649706,4,0.21052631578947367,0.4444444444444444,0.10526315789473684,0.2,0.2819548872180452,0.05263157894736842,0.1111111111111111,0.2819548872180452,0.0,0.0,0.0,1.0,0.0
ipl_2018_2026,b8a55852,BB McCullum,False,2018,False,6,6,0,127.0,88,21.166666666666668,21.166666666666668,21.0,True,2.0,4.25,21.0,37.75,40.5,0.010279980408193851,1,0.16666666666666666,0.16666666666666666,0.5,0.5,0.5,0.5,0.5,0.5,0.0,0.0,0.0,1.0,0.0
ipl_2018_2026,e86754b2,TK Curran,True,2021,False,10,5,5,127.0,107,25.4,12.7,7.0,True,0.9,2.0,7.0,17.25,24.29999999999999,1.7126614191147032,0,0.0,0.0,0.2,0.3333333333333333,0.3888888888888889,0.1,0.16666666666666666,0.19444444444444445,0.1,0.16666666666666666,0.19444444444444445,0.5,1.0
ipl_2018_2026,2ed569a0,RD Chahar,True,2024,False,22,16,6,126.0,122,7.875,5.7272727272727275,2.0,True,0.0,0.0,2.0,9.5,15.600000000000009,1.3050218832550415,8,0.36363636363636365,0.5,0.09090909090909091,0.1111111111111111,0.13125,0.0,0.0,0.13125,0.0,0.0,0.13125,,
ipl_2018_2026,9385de2e,SS Prabhudessai,True,2024,False,10,10,0,126.0,106,12.6,12.6,10.0,True,1.8,6.0,10.0,18.0,24.999999999999996,0.7682450597392008,1,0.1,0.1,0.2,0.2,0.20000000000000004,0.1,0.1,0.10000000000000002,0.0,0.0,0.0,0.5,0.0
ipl_2018_2026,c03e2850,M Vohra,True,2023,False,10,10,0,126.0,108,12.6,12.6,9.5,True,1.8,7.25,9.5,13.5,21.59999999999999,1.7861103926971613,1,0.1,0.1,0.1,0.1,0.10000000000000002,0.1,0.1,0.10000000000000002,0.0,0.0,0.0,1.0,0.0
ipl_2018_2026,7aa74830,S Arora,True,2026,True,10,6,4,121.0,77,20.166666666666668,12.1,9.5,True,1.8,8.25,9.5,15.25,24.599999999999998,0.6761386218985845,1,0.1,0.16666666666666666,0.2,0.25,0.28571428571428575,0.1,0.14285714285714285,0.28571428571428575,0.0,0.0,0.28571428571428575,1.0,
ipl_2018_2026,2f49c897,Mohammed Siraj,True,2026,True,24,12,12,117.0,139,9.75,4.875,3.0,True,0.0,0.75,3.0,8.25,12.0,0.6533110291737056,3,0.125,0.25,0.0,0.0,0.17167524857954544,0.0,0.0,0.17167524857954544,0.0,0.0,0.17167524857954544,,
ipl_2018_2026,1a156c88,DJM Short,False,2018,False,7,7,0,115.0,99,16.428571428571427,16.428571428571427,6.0,True,3.2,4.0,6.0,27.5,44.0,0.880683862499814,0,0.0,0.0,0.2857142857142857,0.2857142857142857,0.28571428571428575,0.2857142857142857,0.2857142857142857,0.28571428571428575,0.0,0.0,0.0,1.0,0.0
ipl_2018_2026,378daa89,Aman Hakim Khan,True,2023,False,10,9,1,115.0,104,12.777777777777779,11.5,6.0,True,1.8,4.0,6.0,14.0,21.29999999999999,2.014218861498082,1,0.1,0.1111111111111111,0.1,0.1111111111111111,0.11250000000000004,0.1,0.1111111111111111,0.11250000000000004,0.1,0.1111111111111111,0.11250000000000004,1.0,1.0
ipl_2018_2026,2e11c706,BCJ Cutting,False,2019,False,9,6,3,114.0,75,19.0,12.666666666666666,10.0,True,2.8,4.0,10.0,13.0,26.6,1.1926879882812507,0,0.0,0.0,0.2222222222222222,0.3333333333333333,0.5555555555555556,0.1111111111111111,0.16666666666666666,0.2777777777777778,0.0,0.0,0.0,0.5,0.0
ipl_2018_2026,bd17b45f,STR Binny,True,2019,False,10,8,2,114.0,79,14.25,11.4,10.5,True,0.0,2.5,10.5,17.0,23.099999999999994,0.724297347476734,2,0.2,0.25,0.2,0.2222222222222222,0.2333333333333334,0.1,0.1111111111111111,0.1166666666666667,0.0,0.0,0.1166666666666667,0.5,
ipl_2018_2026,cc1e8c68,UT Yadav,True,2024,False,25,14,11,114.0,111,8.142857142857142,4.56,1.0,True,0.0,0.0,1.0,6.0,14.600000000000001,1.3962487556002765,5,0.2,0.35714285714285715,0.04,0.07142857142857142,0.18181818181818182,0.0,0.0,0.0,0.0,0.0,0.0,0.0,
ipl_2018_2026,98ae73b1,PP Chawla,True,2024,False,21,14,7,109.0,110,7.785714285714286,5.190476190476191,3.0,True,0.0,1.0,3.0,10.0,12.0,0.85407912671482,5,0.23809523809523808,0.35714285714285715,0.0,0.0,0.0,0.0,0.0,0.0,0.0,0.0,0.0,,
ipl_2018_2026,4b57e452,M Vijay,False,2020,False,6,6,0,108.0,114,18.0,18.0,16.5,True,5.5,10.5,16.5,24.75,32.0,0.2804872390882175,0,0.0,0.0,0.5,0.5,0.5,0.16666666666666666,0.16666666666666666,0.16666666666666669,0.0,0.0,0.0,0.3333333333333333,0.0
ipl_2018_2026,28c78fb3,Harpreet Singh,False,2024,False,5,5,0,103.0,93,20.6,20.6,14.0,True,13.0,13.0,14.0,22.0,33.400000000000006,1.1814608612247202,0,0.0,0.0,0.4,0.4,0.4,0.2,0.2,0.2,0.0,0.0,0.0,0.5,0.0
ipl_2018_2026,172dff15,C Bosch,False,2026,True,6,3,3,97.0,63,32.333333333333336,16.166666666666668,15.5,True,3.5,6.5,15.5,25.25,29.5,0.11356784309229914,0,0.0,0.0,0.5,0.75,0.8333333333333334,0.16666666666666666,0.25,0.27777777777777785,0.0,0.0,0.27777777777777785,0.3333333333333333,
ipl_2018_2026,663b5e34,PN Mankad,False,2023,False,5,3,2,97.0,73,32.333333333333336,19.4,4.0,True,1.2000000000000002,3.0,4.0,26.0,48.800000000000004,1.0461475599320695,1,0.2,0.3333333333333333,0.4,0.5,0.6000000000000001,0.2,0.25,0.30000000000000004,0.2,0.25,0.30000000000000004,0.5,1.0
ipl_2018_2026,08548b13,PHKD Mendis,False,2025,True,5,3,2,92.0,69,30.666666666666668,18.4,27.0,False,0.4,1.0,27.0,32.0,32.0,-0.36469565857411423,1,0.2,0.3333333333333333,0.6,0.6,0.6000000000000001,0.4,0.4,0.4000000000000001,0.0,0.0,0.4000000000000001,0.6666666666666666,
ipl_2018_2026,ebcfef83,Himmat Singh,False,2026,True,5,3,2,92.0,69,30.666666666666668,18.4,17.0,True,6.6000000000000005,15.0,17.0,19.0,31.6,0.4864045813540752,0,0.0,0.0,0.2,0.25,0.25,0.2,0.25,0.25,0.0,0.0,0.25,1.0,
ipl_2018_2026,e148e6bd,PR Veer,False,2026,True,5,2,3,90.0,67,45.0,18.0,13.0,True,8.0,11.0,13.0,17.0,32.6,1.2245673187537707,0,0.0,0.0,0.2,0.5,0.75,0.2,0.5,0.75,0.0,0.0,0.0,1.0,0.0
ipl_2018_2026,3ff033bb,MD Shanaka,False,2026,True,8,7,1,89.0,72,12.714285714285714,11.125,9.5,True,2.1,4.5,9.5,16.25,20.599999999999998,0.726088785807567,1,0.125,0.14285714285714285,0.125,0.14285714285714285,0.15625000000000003,0.0,0.0,0.0,0.0,0.0,0.0,0.0,
ipl_2018_2026,a818c1be,TA Boult,True,2026,True,25,10,15,88.0,77,8.8,3.52,1.0,True,0.0,0.0,1.0,5.0,11.600000000000001,1.5521679522107228,3,0.12,0.3,0.0,0.0,0.1396825396825397,0.0,0.0,0.1396825396825397,0.0,0.0,0.1396825396825397,,
ipl_2018_2026,e342e5fb,CR Brathwaite,False,2019,False,6,5,1,86.0,58,17.2,14.333333333333334,7.0,True,4.0,5.25,7.0,17.75,32.0,1.2362176642696763,0,0.0,0.0,0.3333333333333333,0.3333333333333333,0.33333333333333337,0.16666666666666666,0.16666666666666666,0.16666666666666669,0.0,0.0,0.16666666666666669,0.5,
ipl_2018_2026,bb345e0b,G Gambhir,False,2018,False,5,5,0,85.0,88,17.0,17.0,8.0,True,3.4,4.0,8.0,15.0,39.0,1.3345264227741394,0,0.0,0.0,0.2,0.2,0.20000000000000004,0.2,0.2,0.20000000000000004,0.2,0.2,0.20000000000000004,1.0,1.0
ipl_2018_2026,2be41edb,MJ Guptill,False,2019,False,3,3,0,81.0,53,27.0,27.0,30.0,False,18.0,22.5,30.0,33.0,34.8,-0.4703304603369858,0,0.0,0.0,0.6666666666666666,0.6666666666666666,0.6666666666666667,0.6666666666666666,0.6666666666666666,0.6666666666666667,0.0,0.0,0.0,1.0,0.0
ipl_2018_2026,a97c8ec2,PWH de Silva,True,2025,True,19,15,4,81.0,88,5.4,4.2631578947368425,4.0,True,0.0,0.5,4.0,6.5,8.799999999999997,1.3796480878183912,5,0.2631578947368421,0.3333333333333333,0.0,0.0,0.0,0.0,0.0,0.0,0.0,0.0,0.0,,
ipl_2018_2026,60500956,RV Patel,False,2023,False,7,5,2,80.0,73,16.0,11.428571428571429,10.0,True,5.6,6.5,10.0,14.5,20.0,0.7870474149791201,0,0.0,0.0,0.14285714285714285,0.2,0.2678571428571429,0.0,0.0,0.0,0.0,0.0,0.0,0.0,
ipl_2018_2026,39086549,JR Philippe,False,2020,False,5,4,1,78.0,77,19.5,15.6,12.0,True,0.4,1.0,12.0,32.0,32.6,0.18128113044745267,1,0.2,0.25,0.4,0.5,0.5333333333333334,0.4,0.5,0.5333333333333334,0.0,0.0,0.0,1.0,0.0
ipl_2018_2026,e4cdf230,AS Roy,True,2026,True,14,8,6,78.0,64,9.75,5.571428571428571,3.5,True,0.0,0.0,3.5,8.25,11.800000000000004,1.986996816800227,5,0.35714285714285715,0.625,0.07142857142857142,0.1111111111111111,0.2755102040816326,0.0,0.0,0.2755102040816326,0.0,0.0,0.2755102040816326,,
ipl_2018_2026,ffe699c0,CJ Jordan,True,2023,False,10,8,2,78.0,72,9.75,7.8,5.0,True,2.0,4.0,5.0,6.75,14.699999999999994,2.0783176460376485,0,0.0,0.0,0.1,0.125,0.1555555555555556,0.1,0.125,0.1555555555555556,0.0,0.0,0.0,1.0,0.0
ipl_2018_2026,68c56d09,KA Jamieson,True,2026,True,10,5,5,77.0,73,15.4,7.7,7.5,True,0.0,2.5,7.5,12.0,16.0,0.06324974618030225,0,0.0,0.0,0.0,0.0,0.17857142857142858,0.0,0.0,0.17857142857142858,0.0,0.0,0.17857142857142858,,
ipl_2018_2026,fcc21ace,A Kamboj,True,2026,True,10,3,7,74.0,52,24.666666666666668,7.4,4.5,True,1.8,2.25,4.5,11.5,19.0,0.8068501043798584,1,0.1,0.3333333333333333,0.0,0.0,0.39999999999999997,0.0,0.0,0.39999999999999997,0.0,0.0,0.39999999999999997,,
ipl_2018_2026,2f9d0389,LH Ferguson,False,2025,True,7,3,4,71.0,46,23.666666666666668,10.142857142857142,5.0,True,0.6000000000000001,2.5,5.0,18.5,21.0,0.3130891225906968,1,0.14285714285714285,0.3333333333333333,0.14285714285714285,0.25,0.5357142857142858,0.0,0.0,0.5357142857142858,0.0,0.0,0.5357142857142858,,
ipl_2018_2026,cbf58a86,SK Rasheed,False,2025,True,5,5,0,71.0,63,14.2,14.2,14.0,True,4.4,11.0,14.0,19.0,23.8,-0.19326030758819615,1,0.2,0.2,0.2,0.2,0.20000000000000004,0.0,0.0,0.0,0.0,0.0,0.0,0.0,
ipl_2018_2026,f10e94c4,AD Nath,False,2019,False,6,6,0,70.0,70,11.666666666666666,11.666666666666666,11.0,True,2.5,4.5,11.0,17.5,21.5,0.22831421754840764,0,0.0,0.0,0.16666666666666666,0.16666666666666666,0.16666666666666669,0.0,0.0,0.0,0.0,0.0,0.0,0.0,
ipl_2018_2026,1b7b0fa7,Vivrant Sharma,False,2023,False,1,1,0,69.0,47,69.0,69.0,69.0,False,69.0,69.0,69.0,69.0,69.0,,0,0.0,0.0,1.0,1.0,1.0,1.0,1.0,1.0,1.0,1.0,1.0,1.0,1.0
ipl_2018_2026,8cf9814c,Mohammed Shami,True,2026,True,21,12,9,69.0,66,5.75,3.2857142857142856,1.0,True,0.0,1.0,1.0,6.0,9.0,1.077027814815874,5,0.23809523809523808,0.4166666666666667,0.0,0.0,0.2901785714285715,0.0,0.0,0.2901785714285715,0.0,0.0,0.2901785714285715,,
ipl_2018_2026,eef2536f,Avesh Khan,True,2026,True,16,4,12,68.0,43,17.0,4.25,2.5,True,0.0,1.0,2.5,5.5,9.5,1.7375615909351272,1,0.0625,0.25,0.0,0.0,0.3461538461538462,0.0,0.0,0.3461538461538462,0.0,0.0,0.3461538461538462,,
ipl_2018_2026,0c9652b0,HR Shokeen,False,2023,False,5,3,2,66.0,65,22.0,13.2,18.0,False,2.0,5.0,18.0,18.0,22.2,-0.2503331344566069,0,0.0,0.0,0.2,0.3333333333333333,0.5,0.0,0.0,0.0,0.0,0.0,0.0,0.0,
ipl_2018_2026,13c35c9e,TG Southee,True,2022,False,11,7,4,66.0,72,9.428571428571429,6.0,1.0,True,0.0,0.5,1.0,6.0,14.0,2.1300372746703182,3,0.2727272727272727,0.42857142857142855,0.09090909090909091,0.125,0.20454545454545453,0.09090909090909091,0.125,0.20454545454545453,0.0,0.0,0.20454545454545453,1.0,
ipl_2018_2026,3cea23da,N Sindhu,False,2026,True,5,5,0,63.0,50,12.6,12.6,15.0,False,2.6,5.0,15.0,20.0,21.2,-0.2661777096522698,0,0.0,0.0,0.4,0.4,0.4000000000000001,0.0,0.0,0.0,0.0,0.0,0.0,0.0,
ipl_2018_2026,77b1aa15,Harshit Rana,True,2025,True,10,6,4,59.0,56,9.833333333333334,5.9,2.5,True,0.0,0.25,2.5,4.75,12.399999999999991,2.2682373050138356,1,0.1,0.16666666666666666,0.1,0.16666666666666666,0.3000000000000001,0.1,0.16666666666666666,0.3000000000000001,0.0,0.0,0.0,1.0,0.0
ipl_2018_2026,e38bce7a,MG Bracewell,False,2023,False,4,2,2,58.0,47,29.0,14.5,14.0,True,5.5,7.75,14.0,20.75,23.900000000000002,0.11484736962256106,0,0.0,0.0,0.25,0.5,0.5,0.0,0.0,0.0,0.0,0.0,0.0,0.0,
ipl_2018_2026,26a85969,R Dhawan,False,2023,False,6,4,2,57.0,52,14.25,9.5,6.0,True,2.5,4.25,6.0,16.0,20.0,0.5541984089250889,0,0.0,0.0,0.16666666666666666,0.2,0.22222222222222227,0.0,0.0,0.22222222222222227,0.0,0.0,0.22222222222222227,,
ipl_2018_2026,46a9bea1,TU Deshpande,True,2026,True,10,4,6,54.0,36,13.5,5.4,1.0,True,0.0,1.0,1.0,2.75,20.5,1.5280443193884465,0,0.0,0.0,0.2,0.4,0.5,0.0,0.0,0.0,0.0,0.0,0.0,0.0,
ipl_2018_2026,327b58d3,PVD Chameera,True,2026,True,11,4,7,53.0,45,13.25,4.818181818181818,1.0,True,0.0,0.0,1.0,9.5,13.0,0.8675099313183559,2,0.18181818181818182,0.5,0.0,0.0,0.0,0.0,0.0,0.0,0.0,0.0,0.0,,
ipl_2018_2026,7b44eb3e,Shivang Kumar,False,2026,True,6,6,0,53.0,46,8.833333333333334,8.833333333333334,4.5,True,2.5,4.0,4.5,10.25,19.5,1.2950639910546247,0,0.0,0.0,0.16666666666666666,0.16666666666666666,0.16666666666666669,0.0,0.0,0.0,0.0,0.0,0.0,0.0,
ipl_2018_2026,7f048519,DJ Willey,False,2023,False,5,2,3,53.0,62,26.5,10.6,11.0,False,1.6,4.0,11.0,18.0,19.2,-0.10483469009056758,1,0.2,0.5,0.2,0.3333333333333333,0.4,0.0,0.0,0.4,0.0,0.0,0.4,,
ipl_2018_2026,0494fa6e,Vishnu Vinod,False,2026,True,4,3,1,52.0,39,17.333333333333332,13.0,10.0,True,2.9000000000000004,4.25,10.0,18.75,25.500000000000004,0.589056247209732,0,0.0,0.0,0.25,0.3333333333333333,0.5,0.25,0.3333333333333333,0.5,0.0,0.0,0.0,1.0,0.0
ipl_2018_2026,541f85c9,SP Goswami,False,2020,False,5,5,0,52.0,44,10.4,10.4,5.0,True,0.0,0.0,5.0,12.0,25.800000000000004,1.120100331761618,2,0.4,0.4,0.2,0.2,0.2,0.2,0.2,0.2,0.0,0.0,0.0,1.0,0.0
ipl_2018_2026,23cca426,OF Smith,False,2022,False,6,3,3,51.0,44,17.0,8.5,6.0,True,0.5,1.5,6.0,12.0,19.0,0.8632451837244822,1,0.16666666666666666,0.3333333333333333,0.16666666666666666,0.25,0.3125,0.0,0.0,0.3125,0.0,0.0,0.3125,,
ipl_2018_2026,c38d3503,Shivam Mavi,True,2022,False,11,9,2,51.0,56,5.666666666666667,4.636363636363637,2.0,True,0.0,0.5,2.0,6.5,9.0,1.6044534691270116,3,0.2727272727272727,0.3333333333333333,0.09090909090909091,0.1111111111111111,0.12121212121212123,0.0,0.0,0.0,0.0,0.0,0.0,0.0,
ipl_2018_2026,462411b3,JJ Bumrah,True,2026,True,24,6,18,50.0,60,8.333333333333334,2.0833333333333335,1.0,True,0.0,0.0,1.0,4.25,5.0,0.9066212832474019,4,0.16666666666666666,0.6666666666666666,0.0,0.0,0.625,0.0,0.0,0.625,0.0,0.0,0.625,,
ipl_2018_2026,9219eff0,JDS Neesham,False,2022,False,7,6,1,50.0,47,8.333333333333334,7.142857142857143,7.0,True,0.0,1.0,7.0,12.0,15.200000000000001,0.24654804415127418,2,0.2857142857142857,0.3333333333333333,0.0,0.0,0.0,0.0,0.0,0.0,0.0,0.0,0.0,,
ipl_2018_2026,acdc62f5,A Nortje,True,2026,True,14,7,7,49.0,50,7.0,3.5,2.5,True,0.0,0.25,2.5,3.75,4.700000000000001,2.850559932589147,3,0.21428571428571427,0.42857142857142855,0.07142857142857142,0.125,0.23203125000000002,0.0,0.0,0.23203125000000002,0.0,0.0,0.23203125000000002,,
ipl_2018_2026,a9fd84fb,M Markande,True,2023,False,10,3,7,48.0,42,16.0,4.8,3.5,True,0.9,1.25,3.5,6.0,8.099999999999996,1.6969538822654262,0,0.0,0.0,0.0,0.0,0.5555555555555556,0.0,0.0,0.5555555555555556,0.0,0.0,0.5555555555555556,,
ipl_2018_2026,f836b33d,T Kohler-Cadmore,False,2024,False,3,3,0,48.0,54,16.0,16.0,18.0,False,11.6,14.0,18.0,19.0,19.6,-0.5951700641394972,0,0.0,0.0,0.3333333333333333,0.3333333333333333,0.33333333333333337,0.0,0.0,0.0,0.0,0.0,0.0,0.0,
ipl_2018_2026,26e5cabf,MK Tiwary,False,2018,False,4,3,1,47.0,44,15.666666666666666,11.75,5.5,True,1.9000000000000001,3.25,5.5,14.0,26.600000000000005,1.0710714648589168,0,0.0,0.0,0.25,0.3333333333333333,0.375,0.25,0.3333333333333333,0.375,0.0,0.0,0.0,1.0,0.0
ipl_2018_2026,926c7443,SU Parakh,False,2026,True,4,4,0,46.0,33,11.5,11.5,11.0,True,2.7,6.75,11.0,15.75,20.700000000000003,0.16411361504240873,1,0.25,0.25,0.25,0.25,0.25,0.0,0.0,0.0,0.0,0.0,0.0,0.0,
ipl_2018_2026,4663bd23,TL Seifert,False,2026,True,6,6,0,45.0,41,7.5,7.5,2.5,True,0.0,0.5,2.5,15.0,20.0,0.6760955058080942,2,0.3333333333333333,0.3333333333333333,0.16666666666666666,0.16666666666666666,0.16666666666666669,0.0,0.0,0.0,0.0,0.0,0.0,0.0,
ipl_2018_2026,df064e1a,Ravi Bishnoi,True,2026,True,18,12,6,45.0,69,3.75,2.5,2.0,True,0.0,0.0,2.0,3.0,5.300000000000001,2.0595540417877816,4,0.2222222222222222,0.3333333333333333,0.0,0.0,0.0,0.0,0.0,0.0,0.0,0.0,0.0,,
ipl_2018_2026,11614d87,D Pretorius,False,2022,False,5,4,1,44.0,28,11.0,8.8,8.0,True,0.4,1.0,8.0,13.0,18.400000000000002,0.45249403123017046,1,0.2,0.25,0.2,0.25,0.2666666666666667,0.0,0.0,0.0,0.0,0.0,0.0,0.0,
ipl_2018_2026,caf69bf7,DR Sams,True,2022,False,13,9,4,44.0,44,4.888888888888889,3.3846153846153846,3.0,True,0.0,0.0,3.0,5.0,6.800000000000001,1.6621631043969567,3,0.23076923076923078,0.3333333333333333,0.0,0.0,0.0,0.0,0.0,0.0,0.0,0.0,0.0,,
ipl_2018_2026,b8527c3d,Rasikh Salam,False,2026,True,7,5,2,43.0,42,8.6,6.142857142857143,7.0,False,2.2,4.0,7.0,8.5,9.4,-0.40936565807867253,0,0.0,0.0,0.0,0.0,0.0,0.0,0.0,0.0,0.0,0.0,0.0,,
ipl_2018_2026,6b19d823,A Mishra,False,2023,False,6,3,3,41.0,56,13.666666666666666,6.833333333333333,6.0,True,1.0,2.25,6.0,7.5,13.5,1.0626982762701518,0,0.0,0.0,0.0,0.0,0.0,0.0,0.0,0.0,0.0,0.0,0.0,,
ipl_2018_2026,2a2e6343,DT Christian,True,2021,False,10,8,2,40.0,57,5.0,4.0,1.0,True,0.9,1.0,1.0,6.75,9.399999999999999,0.9035253315161443,1,0.1,0.125,0.0,0.0,0.0,0.0,0.0,0.0,0.0,0.0,0.0,,
ipl_2018_2026,3b53243a,XC Bartlett,False,2026,True,4,2,2,40.0,28,20.0,10.0,11.0,False,3.3000000000000007,8.25,11.0,12.75,15.900000000000002,-0.45446886204009357,1,0.25,0.5,0.0,0.0,0.5,0.0,0.0,0.5,0.0,0.0,0.5,,
ipl_2018_2026,983f2f61,Swapnil Singh,False,2024,False,6,2,4,39.0,25,19.5,6.5,5.5,True,0.5,1.25,5.5,11.25,13.5,0.22608251531816187,1,0.16666666666666666,0.5,0.0,0.0,0.4166666666666667,0.0,0.0,0.4166666666666667,0.0,0.0,0.4166666666666667,,
ipl_2018_2026,7c7d63a2,AJ Tye,True,2020,False,10,7,3,38.0,46,5.428571428571429,3.8,3.0,True,0.0,0.25,3.0,5.5,7.6999999999999975,1.2900672615142008,2,0.2,0.2857142857142857,0.0,0.0,0.0,0.0,0.0,0.0,0.0,0.0,0.0,,
ipl_2018_2026,2e8994e7,JP Duminy,False,2018,False,2,1,1,36.0,40,36.0,18.0,18.0,False,14.0,15.5,18.0,20.5,22.0,,0,0.0,0.0,0.5,1.0,1.0,0.0,0.0,0.0,0.0,0.0,0.0,0.0,
ipl_2018_2026,119678fd,KV Sharma,False,2025,True,6,5,1,35.0,21,7.0,5.833333333333333,3.5,True,1.0,1.25,3.5,5.75,13.0,1.4718729295221957,0,0.0,0.0,0.16666666666666666,0.2,0.20833333333333337,0.0,0.0,0.0,0.0,0.0,0.0,0.0,
ipl_2018_2026,ba6b2f91,RA Bawa,False,2026,True,4,3,1,35.0,32,11.666666666666666,8.75,9.5,False,2.4000000000000004,6.0,9.5,12.25,14.5,-0.35529272143989843,1,0.25,0.3333333333333333,0.0,0.0,0.0,0.0,0.0,0.0,0.0,0.0,0.0,,
ipl_2018_2026,d7423da1,Salil Arora,False,2026,True,1,1,0,35.0,21,35.0,35.0,35.0,False,35.0,35.0,35.0,35.0,35.0,,0,0.0,0.0,1.0,1.0,1.0,1.0,1.0,1.0,0.0,0.0,0.0,1.0,0.0
ipl_2018_2026,e2db2409,M Ashwin,True,2022,False,11,8,3,35.0,49,4.375,3.1818181818181817,1.0,True,0.0,1.0,1.0,6.0,6.0,0.545500064980875,1,0.09090909090909091,0.125,0.0,0.0,0.0,0.0,0.0,0.0,0.0,0.0,0.0,,
ipl_2018_2026,81049310,J Yadav,False,2021,False,2,2,0,34.0,26,17.0,17.0,17.0,False,12.2,14.0,17.0,20.0,21.8,,0,0.0,0.0,0.5,0.5,0.5,0.0,0.0,0.0,0.0,0.0,0.0,0.0,
ipl_2018_2026,8b5b6769,Harbhajan Singh,False,2021,False,6,4,2,34.0,43,8.5,5.666666666666667,2.0,True,1.5,2.0,2.0,6.5,13.5,1.3600182672296017,0,0.0,0.0,0.0,0.0,0.0,0.0,0.0,0.0,0.0,0.0,0.0,,
ipl_2018_2026,ce820073,Sandeep Sharma,True,2025,True,15,5,10,34.0,40,6.8,2.2666666666666666,1.0,True,0.0,0.0,1.0,3.5,7.199999999999999,1.1365579867249098,4,0.26666666666666666,0.8,0.0,0.0,0.0,0.0,0.0,0.0,0.0,0.0,0.0,,
ipl_2018_2026,21d4e29b,NA Saini,False,2022,False,7,4,3,33.0,37,8.25,4.714285714285714,2.0,True,1.2000000000000002,2.0,2.0,7.5,10.200000000000001,0.629604234731635,0,0.0,0.0,0.0,0.0,0.33333333333333337,0.0,0.0,0.33333333333333337,0.0,0.0,0.33333333333333337,,
ipl_2018_2026,244048f6,Arshdeep Singh,True,2026,True,14,6,8,32.0,47,5.333333333333333,2.2857142857142856,1.0,True,0.0,0.25,1.0,2.0,7.500000000000005,1.655470125405193,3,0.21428571428571427,0.5,0.0,0.0,0.23571428571428577,0.0,0.0,0.23571428571428577,0.0,0.0,0.23571428571428577,,
ipl_2018_2026,4c5d73db,CR Woakes,False,2021,False,5,2,3,32.0,30,16.0,6.4,5.0,True,0.4,1.0,5.0,11.0,13.4,0.32169687027647087,0,0.0,0.0,0.0,0.0,0.33333333333333337,0.0,0.0,0.33333333333333337,0.0,0.0,0.33333333333333337,,
ipl_2018_2026,69d03465,AT Carey,False,2020,False,3,2,1,32.0,29,16.0,10.666666666666666,14.0,False,6.0,9.0,14.0,14.0,14.0,-0.7071067811865474,0,0.0,0.0,0.0,0.0,0.33333333333333337,0.0,0.0,0.33333333333333337,0.0,0.0,0.33333333333333337,,
ipl_2018_2026,3204c99f,G Coetzee,False,2025,True,7,6,1,31.0,33,5.166666666666667,4.428571428571429,4.0,True,0.6000000000000001,1.0,4.0,6.5,9.600000000000001,0.6812740224012276,1,0.14285714285714285,0.16666666666666666,0.0,0.0,0.0,0.0,0.0,0.0,0.0,0.0,0.0,,
ipl_2018_2026,32198ae0,MC Henriques,False,2021,False,4,2,2,31.0,32,15.5,7.75,7.5,True,2.3,2.75,7.5,12.5,13.4,0.03946635218038762,0,0.0,0.0,0.0,0.0,0.0,0.0,0.0,0.0,0.0,0.0,0.0,,
ipl_2018_2026,5b7ab5a9,CV Varun,True,2026,True,13,6,7,31.0,53,5.166666666666667,2.3846153846153846,1.0,True,0.0,1.0,1.0,2.0,6.600000000000001,1.5106283947518573,2,0.15384615384615385,0.3333333333333333,0.0,0.0,0.3610256410256411,0.0,0.0,0.3610256410256411,0.0,0.0,0.3610256410256411,,
ipl_2018_2026,e5437608,GF Linde,False,2026,True,3,3,0,31.0,21,10.333333333333334,10.333333333333334,8.0,True,7.2,7.5,8.0,12.0,14.4,0.6745554845457649,0,0.0,0.0,0.0,0.0,0.0,0.0,0.0,0.0,0.0,0.0,0.0,,
ipl_2018_2026,efc04be7,Noor Ahmad,True,2026,True,15,11,4,31.0,58,2.8181818181818183,2.066666666666667,1.0,True,0.0,1.0,1.0,2.0,5.799999999999999,1.5507668191098751,2,0.13333333333333333,0.18181818181818182,0.0,0.0,0.0,0.0,0.0,0.0,0.0,0.0,0.0,,
ipl_2018_2026,56ab442f,NM Coulter-Nile,False,2022,False,5,3,2,30.0,22,10.0,6.0,1.0,True,1.0,1.0,1.0,3.0,15.600000000000001,1.4733115283341662,0,0.0,0.0,0.2,0.25,0.3,0.0,0.0,0.3,0.0,0.0,0.3,,
ipl_2018_2026,d8d67045,Akshat Raghuwanshi,False,2026,True,2,2,0,29.0,25,14.5,14.5,14.5,False,11.7,12.75,14.5,16.25,17.3,,0,0.0,0.0,0.0,0.0,0.0,0.0,0.0,0.0,0.0,0.0,0.0,,
ipl_2018_2026,b0946605,AS Joseph,False,2023,False,5,1,4,27.0,32,27.0,5.4,4.0,True,0.4,1.0,4.0,7.0,11.8,0.8223243176060226,1,0.2,1.0,0.0,0.0,0.8,0.0,0.0,0.8,0.0,0.0,0.8,,
ipl_2018_2026,2d140b79,AA Kulkarni,False,2026,True,4,4,0,26.0,33,6.5,6.5,4.5,True,0.0,0.0,4.5,11.0,14.600000000000001,0.437945934622652,2,0.5,0.5,0.0,0.0,0.0,0.0,0.0,0.0,0.0,0.0,0.0,,
ipl_2018_2026,ad9c32a2,DJ Malan,False,2021,False,1,1,0,26.0,26,26.0,26.0,26.0,False,26.0,26.0,26.0,26.0,26.0,,0,0.0,0.0,1.0,1.0,1.0,0.0,0.0,0.0,0.0,0.0,0.0,0.0,
ipl_2018_2026,0a67aec0,Akash Deep,False,2025,True,5,3,2,25.0,14,8.333333333333334,5.0,2.0,True,0.0,0.0,2.0,6.0,12.600000000000001,1.1143108709015161,2,0.4,0.6666666666666666,0.0,0.0,0.0,0.0,0.0,0.0,0.0,0.0,0.0,,
ipl_2018_2026,2669d6b7,Mohsin Khan,False,2026,True,7,5,2,25.0,28,5.0,3.5714285714285716,1.0,True,0.0,0.0,1.0,5.5,10.600000000000001,1.0425690018021818,3,0.42857142857142855,0.6,0.0,0.0,0.28571428571428575,0.0,0.0,0.28571428571428575,0.0,0.0,0.28571428571428575,,
ipl_2018_2026,b0f2baf4,Sanvir Singh,False,2024,False,5,2,3,25.0,21,12.5,5.0,6.0,False,1.6,4.0,6.0,7.0,7.6,-0.7954951288348658,1,0.2,0.5,0.0,0.0,0.4,0.0,0.0,0.4,0.0,0.0,0.4,,
ipl_2018_2026,5724e517,Tanush Kotian,False,2024,False,1,1,0,24.0,31,24.0,24.0,24.0,False,24.0,24.0,24.0,24.0,24.0,,0,0.0,0.0,1.0,1.0,1.0,0.0,0.0,0.0,0.0,0.0,0.0,0.0,
ipl_2018_2026,5d2eea49,Kartik Tyagi,False,2026,True,9,7,2,24.0,26,3.4285714285714284,2.6666666666666665,2.0,True,0.0,1.0,2.0,5.0,6.2,0.5965652721259478,2,0.2222222222222222,0.2857142857142857,0.0,0.0,0.0,0.0,0.0,0.0,0.0,0.0,0.0,,
ipl_2018_2026,ff1e12a0,AJ Turner,False,2024,False,6,5,1,24.0,28,4.8,4.0,1.5,True,0.0,0.0,1.5,4.5,10.5,1.3924007418312427,3,0.5,0.6,0.0,0.0,0.0,0.0,0.0,0.0,0.0,0.0,0.0,,
ipl_2018_2026,81c08fa3,Umran Malik,False,2023,False,6,2,4,23.0,16,11.5,3.8333333333333335,0.5,True,0.0,0.0,0.5,2.5,11.0,1.6975614262934684,2,0.3333333333333333,1.0,0.0,0.0,0.6666666666666667,0.0,0.0,0.6666666666666667,0.0,0.0,0.6666666666666667,,
ipl_2018_2026,acc1aeda,SP Jackson,False,2022,False,5,4,1,23.0,26,5.75,4.6,5.0,False,1.2000000000000002,3.0,5.0,7.0,7.6,-0.4078932112794612,1,0.2,0.25,0.0,0.0,0.0,0.0,0.0,0.0,0.0,0.0,0.0,,
ipl_2018_2026,ed5a5510,P Dubey,False,2023,False,2,1,1,23.0,33,23.0,11.5,11.5,False,7.9,9.25,11.5,13.75,15.1,,0,0.0,0.0,0.0,0.0,0.0,0.0,0.0,0.0,0.0,0.0,0.0,,
ipl_2018_2026,249d60c9,AU Rashid,False,2023,False,2,2,0,22.0,16,11.0,11.0,11.0,False,5.4,7.5,11.0,14.5,16.6,,0,0.0,0.0,0.0,0.0,0.0,0.0,0.0,0.0,0.0,0.0,0.0,,
ipl_2018_2026,3c28853f,Sediqullah Atal,False,2025,True,1,1,0,22.0,16,22.0,22.0,22.0,False,22.0,22.0,22.0,22.0,22.0,,0,0.0,0.0,1.0,1.0,1.0,0.0,0.0,0.0,0.0,0.0,0.0,0.0,
ipl_2018_2026,4125d931,J Suchith,False,2022,False,4,3,1,22.0,29,7.333333333333333,5.5,4.0,True,0.6000000000000001,1.5,4.0,8.0,11.600000000000001,0.6568077344996993,1,0.25,0.3333333333333333,0.0,0.0,0.25,0.0,0.0,0.25,0.0,0.0,0.25,,
ipl_2018_2026,4885bbe6,Yudhvir Singh,False,2024,False,4,4,0,22.0,16,5.5,5.5,4.0,True,0.30000000000000004,0.75,4.0,8.75,11.900000000000002,0.5151900620159514,1,0.25,0.25,0.0,0.0,0.0,0.0,0.0,0.0,0.0,0.0,0.0,,
ipl_2018_2026,51a3c5ef,MJ McClenaghan,False,2019,False,8,5,3,22.0,26,4.4,2.75,0.0,True,0.0,0.0,0.0,3.25,10.3,1.1483162901676982,3,0.375,0.6,0.0,0.0,0.20833333333333337,0.0,0.0,0.20833333333333337,0.0,0.0,0.20833333333333337,,
ipl_2018_2026,57ee1fde,YS Chahal,False,2022,False,9,4,5,22.0,58,5.5,2.4444444444444446,1.0,True,0.0,1.0,1.0,4.0,5.6000000000000005,1.0371067237464993,0,0.0,0.0,0.0,0.0,0.23809523809523814,0.0,0.0,0.23809523809523814,0.0,0.0,0.23809523809523814,,
ipl_2018_2026,9948e262,HE van der Dussen,False,2022,False,3,2,1,22.0,24,11.0,7.333333333333333,6.0,True,4.4,5.0,6.0,9.0,10.8,0.528004979218188,0,0.0,0.0,0.0,0.0,0.33333333333333337,0.0,0.0,0.33333333333333337,0.0,0.0,0.33333333333333337,,
ipl_2018_2026,b4f5c2d9,KL Nagarkoti,False,2021,False,7,4,3,22.0,33,5.5,3.142857142857143,3.0,True,0.0,0.5,3.0,5.0,6.800000000000001,0.4110792371935094,2,0.2857142857142857,0.5,0.0,0.0,0.23809523809523814,0.0,0.0,0.23809523809523814,0.0,0.0,0.23809523809523814,,
ipl_2018_2026,4d7f517e,AJ Hosein,False,2026,True,3,0,3,21.0,13,,7.0,3.0,True,2.2,2.5,3.0,9.5,13.4,0.6940881680759781,0,0.0,,0.0,,1.0,0.0,,1.0,0.0,,1.0,,
ipl_2018_2026,57ca01b3,Kumar Kushagra,False,2026,True,4,4,0,21.0,21,5.25,5.25,1.5,True,0.30000000000000004,0.75,1.5,6.0,13.200000000000003,1.1231375627409361,1,0.25,0.25,0.0,0.0,0.0,0.0,0.0,0.0,0.0,0.0,0.0,,
ipl_2018_2026,aa8d28ae,D Wiese,False,2023,False,3,1,2,21.0,11,21.0,7.0,8.0,False,2.4000000000000004,4.5,8.0,10.0,11.2,-0.3193122665787532,0,0.0,0.0,0.0,0.0,0.6666666666666667,0.0,0.0,0.6666666666666667,0.0,0.0,0.6666666666666667,,
ipl_2018_2026,fb5f69e4,M Tiwari,False,2026,True,2,1,1,21.0,12,21.0,10.5,10.5,False,4.5,6.75,10.5,14.25,16.5,,0,0.0,0.0,0.0,0.0,0.5,0.0,0.0,0.5,0.0,0.0,0.5,,
ipl_2018_2026,ff1e68fa,B Indrajith,False,2022,False,3,3,0,21.0,30,7.0,7.0,6.0,True,1.2000000000000002,3.0,6.0,10.5,13.200000000000001,0.23906314692954483,1,0.3333333333333333,0.3333333333333333,0.0,0.0,0.0,0.0,0.0,0.0,0.0,0.0,0.0,,
ipl_2018_2026,2cdce1be,C Sakariya,False,2023,False,7,6,1,20.0,31,3.3333333333333335,2.857142857142857,2.0,True,0.0,0.5,2.0,5.0,6.4,0.3870546188383103,1,0.14285714285714285,0.16666666666666666,0.0,0.0,0.0,0.0,0.0,0.0,0.0,0.0,0.0,,
ipl_2018_2026,5d1e7582,BKG Mendis,False,2025,True,1,1,0,20.0,10,20.0,20.0,20.0,False,20.0,20.0,20.0,20.0,20.0,,0,0.0,0.0,1.0,1.0,1.0,0.0,0.0,0.0,0.0,0.0,0.0,0.0,
ipl_2018_2026,db31895a,AS Rajpoot,False,2020,False,5,4,1,20.0,28,5.0,4.0,2.0,True,1.4,2.0,2.0,7.0,7.6,0.39432317676705947,0,0.0,0.0,0.0,0.0,0.0,0.0,0.0,0.0,0.0,0.0,0.0,,
ipl_2018_2026,03806cf8,JR Hazlewood,False,2026,True,8,1,7,19.0,30,19.0,2.375,1.0,True,0.0,0.0,1.0,4.0,7.0,0.8461375808536259,1,0.125,1.0,0.0,0.0,0.875,0.0,0.0,0.875,0.0,0.0,0.875,,
ipl_2018_2026,441c72ae,P Ray Barman,False,2019,False,1,1,0,19.0,24,19.0,19.0,19.0,False,19.0,19.0,19.0,19.0,19.0,,0,0.0,0.0,0.0,0.0,0.0,0.0,0.0,0.0,0.0,0.0,0.0,,
ipl_2018_2026,9eb1455b,NT Ellis,False,2023,False,5,4,1,19.0,25,4.75,3.8,1.0,True,0.0,0.0,1.0,6.0,9.600000000000001,0.8478776557734881,2,0.4,0.5,0.0,0.0,0.0,0.0,0.0,0.0,0.0,0.0,0.0,,
ipl_2018_2026,9f77963a,Gulbadin Naib,False,2024,False,1,1,0,19.0,15,19.0,19.0,19.0,False,19.0,19.0,19.0,19.0,19.0,,0,0.0,0.0,0.0,0.0,0.0,0.0,0.0,0.0,0.0,0.0,0.0,,
ipl_2018_2026,c1e53c3f,R Smaran,False,2026,True,4,3,1,19.0,25,6.333333333333333,4.75,4.5,True,1.9000000000000001,3.25,4.5,6.0,7.800000000000001,0.25210697207471167,0,0.0,0.0,0.0,0.0,0.0,0.0,0.0,0.0,0.0,0.0,0.0,,
ipl_2018_2026,25f7b7d6,T Banton,False,2020,False,2,2,0,18.0,20,9.0,9.0,9.0,False,8.2,8.5,9.0,9.5,9.8,,0,0.0,0.0,0.0,0.0,0.0,0.0,0.0,0.0,0.0,0.0,0.0,,
ipl_2018_2026,350bb1b1,AF Milne,False,2026,True,4,2,2,18.0,19,9.0,4.5,1.5,True,0.30000000000000004,0.75,1.5,5.25,11.100000000000001,1.1084372830646887,1,0.25,0.5,0.0,0.0,0.0,0.0,0.0,0.0,0.0,0.0,0.0,,
ipl_2018_2026,44aac2f0,Arjun Tendulkar,False,2026,True,2,1,1,18.0,14,18.0,9.0,9.0,False,5.8,7.0,9.0,11.0,12.2,,0,0.0,0.0,0.0,0.0,0.0,0.0,0.0,0.0,0.0,0.0,0.0,,
ipl_2018_2026,75224f22,KMA Paul,False,2019,False,6,5,1,18.0,24,3.6,3.0,3.0,False,0.0,0.75,3.0,4.5,6.0,0.18822301916187467,2,0.3333333333333333,0.4,0.0,0.0,0.0,0.0,0.0,0.0,0.0,0.0,0.0,,
ipl_2018_2026,8998a68f,Sumit Kumar,False,2024,False,3,2,1,18.0,24,9.0,6.0,7.0,False,3.0,4.5,7.0,8.0,8.6,-0.47033046033698594,0,0.0,0.0,0.0,0.0,0.33333333333333337,0.0,0.0,0.33333333333333337,0.0,0.0,0.33333333333333337,,
ipl_2018_2026,9e7225b0,Saurav Chauhan,False,2024,False,3,3,0,18.0,15,6.0,6.0,9.0,False,1.8,4.5,9.0,9.0,9.0,-0.7071067811865477,1,0.3333333333333333,0.3333333333333333,0.0,0.0,0.0,0.0,0.0,0.0,0.0,0.0,0.0,,
ipl_2018_2026,c0c411cb,Naveen-ul-Haq,False,2024,False,4,1,3,18.0,25,18.0,4.5,2.0,True,1.3,1.75,2.0,4.75,9.700000000000003,1.1304885137570195,0,0.0,0.0,0.0,0.0,0.0,0.0,0.0,0.0,0.0,0.0,0.0,,
ipl_2018_2026,c7a995d3,R Sai Kishore,False,2025,True,4,4,0,18.0,16,4.5,4.5,2.0,True,1.0,1.0,2.0,5.5,10.000000000000002,1.0659491980021947,0,0.0,0.0,0.0,0.0,0.0,0.0,0.0,0.0,0.0,0.0,0.0,,
ipl_2018_2026,1ee08e9a,JA Richardson,False,2024,False,3,3,0,17.0,26,5.666666666666667,5.666666666666667,2.0,True,0.4,1.0,2.0,8.5,12.4,0.6594396096645875,1,0.3333333333333333,0.3333333333333333,0.0,0.0,0.0,0.0,0.0,0.0,0.0,0.0,0.0,,
ipl_2018_2026,8abdf100,CJ Anderson,False,2018,False,3,3,0,17.0,22,5.666666666666667,5.666666666666667,2.0,True,0.4,1.0,2.0,8.5,12.4,0.6594396096645875,1,0.3333333333333333,0.3333333333333333,0.0,0.0,0.0,0.0,0.0,0.0,0.0,0.0,0.0,,
ipl_2018_2026,f24c6701,M Theekshana,False,2025,True,6,3,3,17.0,34,5.666666666666667,2.8333333333333335,2.0,True,0.5,1.25,2.0,4.25,6.0,0.6248597644876307,1,0.16666666666666666,0.3333333333333333,0.0,0.0,0.3125,0.0,0.0,0.3125,0.0,0.0,0.3125,,
ipl_2018_2026,39ed0d2f,KS Sharma,False,2023,False,3,3,0,16.0,25,5.333333333333333,5.333333333333333,4.0,True,3.2,3.5,4.0,6.5,8.0,0.6309038567106242,0,0.0,0.0,0.0,0.0,0.0,0.0,0.0,0.0,0.0,0.0,0.0,,
ipl_2018_2026,54e52590,Vijaykumar Vyshak,False,2026,True,6,2,4,16.0,16,8.0,2.6666666666666665,1.0,True,0.0,0.25,1.0,1.0,7.0,1.7512257765871835,2,0.3333333333333333,1.0,0.0,0.0,0.6666666666666667,0.0,0.0,0.6666666666666667,0.0,0.0,0.6666666666666667,,
ipl_2018_2026,dd7e9b3b,YV Dhull,False,2023,False,3,3,0,16.0,23,5.333333333333333,5.333333333333333,2.0,True,1.2,1.5,2.0,7.5,10.8,0.689205498142875,0,0.0,0.0,0.0,0.0,0.0,0.0,0.0,0.0,0.0,0.0,0.0,,
ipl_2018_2026,f5180fe6,MG Johnson,False,2018,False,2,0,2,16.0,11,,8.0,8.0,False,4.8,6.0,8.0,10.0,11.2,,0,0.0,,0.0,,1.0,0.0,,1.0,0.0,,1.0,,
ipl_2018_2026,26d76ad9,Virat Singh,False,2021,False,2,2,0,15.0,26,7.5,7.5,7.5,False,4.7,5.75,7.5,9.25,10.3,,0,0.0,0.0,0.0,0.0,0.0,0.0,0.0,0.0,0.0,0.0,0.0,,
ipl_2018_2026,3fb19989,MA Starc,True,2026,True,11,5,6,15.0,23,3.0,1.3636363636363635,1.0,True,0.0,0.0,1.0,2.0,2.0,1.7710719841474754,4,0.36363636363636365,0.8,0.0,0.0,0.4772727272727273,0.0,0.0,0.4772727272727273,0.0,0.0,0.4772727272727273,,
ipl_2018_2026,85e0cf10,M Prasidh Krishna,False,2026,True,8,3,5,15.0,31,5.0,1.875,1.5,True,0.0,0.0,1.5,2.5,4.6,0.8904741931122552,2,0.25,0.6666666666666666,0.0,0.0,0.5625,0.0,0.0,0.5625,0.0,0.0,0.5625,,
ipl_2018_2026,9601c534,SD Lad,False,2019,False,1,1,0,15.0,13,15.0,15.0,15.0,False,15.0,15.0,15.0,15.0,15.0,,0,0.0,0.0,0.0,0.0,0.0,0.0,0.0,0.0,0.0,0.0,0.0,,
ipl_2018_2026,ac5ae4af,I Udana,False,2020,False,4,3,1,15.0,11,5.0,3.75,2.5,True,0.30000000000000004,0.75,2.5,5.5,8.200000000000001,0.7206978668896563,1,0.25,0.3333333333333333,0.0,0.0,0.25,0.0,0.0,0.25,0.0,0.0,0.25,,
ipl_2018_2026,acee4cc4,Imran Tahir,False,2020,False,2,0,2,15.0,12,,7.5,7.5,False,3.1,4.75,7.5,10.25,11.9,,0,0.0,,0.0,,1.0,0.0,,1.0,0.0,,1.0,,
ipl_2018_2026,f752db61,JL Pattinson,False,2020,False,2,1,1,15.0,13,15.0,7.5,7.5,False,4.7,5.75,7.5,9.25,10.3,,0,0.0,0.0,0.0,0.0,0.0,0.0,0.0,0.0,0.0,0.0,0.0,,
ipl_2018_2026,35f173a0,MP Breetzke,False,2025,True,1,1,0,14.0,12,14.0,14.0,14.0,False,14.0,14.0,14.0,14.0,14.0,,0,0.0,0.0,0.0,0.0,0.0,0.0,0.0,0.0,0.0,0.0,0.0,,
ipl_2018_2026,465aa633,N Burger,False,2026,True,3,1,2,14.0,9,14.0,4.666666666666667,3.0,True,1.4,2.0,3.0,6.5,8.6,0.5673165779937287,0,0.0,0.0,0.0,0.0,0.6666666666666667,0.0,0.0,0.6666666666666667,0.0,0.0,0.6666666666666667,,
ipl_2018_2026,7c3c0337,Auqib Nabi,False,2026,True,2,1,1,14.0,4,14.0,7.0,7.0,False,4.6,5.5,7.0,8.5,9.4,,0,0.0,0.0,0.0,0.0,0.5,0.0,0.0,0.5,0.0,0.0,0.5,,
ipl_2018_2026,b52ffbbd,FA Allen,False,2022,False,3,2,1,14.0,19,7.0,4.666666666666667,6.0,False,1.2000000000000002,3.0,6.0,7.0,7.6,-0.528004979218188,0,0.0,0.0,0.0,0.0,0.0,0.0,0.0,0.0,0.0,0.0,0.0,,
ipl_2018_2026,d2a989fc,DS Kulkarni,False,2020,False,4,1,3,14.0,12,14.0,3.5,3.0,True,3.0,3.0,3.0,3.5,4.4,1.1547005383792517,0,0.0,0.0,0.0,0.0,0.75,0.0,0.0,0.75,0.0,0.0,0.75,,
ipl_2018_2026,0a8fce53,Mustafizur Rahman,False,2025,True,7,2,5,13.0,24,6.5,1.8571428571428572,1.0,True,0.0,0.0,1.0,2.0,5.000000000000002,1.5524800411104382,1,0.14285714285714285,0.5,0.0,0.0,0.6428571428571429,0.0,0.0,0.6428571428571429,0.0,0.0,0.6428571428571429,,
ipl_2018_2026,25228673,Harsh Dubey,False,2026,True,4,2,2,13.0,9,6.5,3.25,2.0,True,0.30000000000000004,0.75,2.0,4.5,7.200000000000001,0.8483206969390207,1,0.25,0.5,0.0,0.0,0.375,0.0,0.0,0.375,0.0,0.0,0.375,,
ipl_2018_2026,759ac88f,MM Sharma,True,2025,True,10,4,6,13.0,34,3.25,1.3,1.0,True,0.0,0.0,1.0,2.0,3.0999999999999996,0.675124627862067,2,0.2,0.5,0.0,0.0,0.30000000000000004,0.0,0.0,0.30000000000000004,0.0,0.0,0.30000000000000004,,
ipl_2018_2026,9d80c5e1,S Nadeem,False,2021,False,4,2,2,13.0,17,6.5,3.25,3.5,False,0.6000000000000001,1.5,3.5,5.25,5.7,-0.18661774016368216,1,0.25,0.5,0.0,0.0,0.375,0.0,0.0,0.375,0.0,0.0,0.375,,
ipl_2018_2026,faa7365d,DR Shorey,False,2019,False,2,2,0,13.0,17,6.5,6.5,6.5,False,5.3,5.75,6.5,7.25,7.7,,0,0.0,0.0,0.0,0.0,0.0,0.0,0.0,0.0,0.0,0.0,0.0,,
ipl_2018_2026,5bb1a1c4,I Sharma,False,2024,False,4,0,4,12.0,11,,3.0,1.0,True,0.30000000000000004,0.75,1.0,3.25,7.300000000000002,1.11901355435757,0,0.0,,0.0,,1.0,0.0,,1.0,0.0,,1.0,,
ipl_2018_2026,7d92277a,Mujeeb Ur Rahman,False,2021,False,6,3,3,12.0,15,4.0,2.0,0.5,True,0.0,0.0,0.5,1.0,5.5,1.7281044574709064,2,0.3333333333333333,0.6666666666666666,0.0,0.0,0.44444444444444453,0.0,0.0,0.44444444444444453,0.0,0.0,0.44444444444444453,,
ipl_2018_2026,8d92a2c3,MA Wood,False,2023,False,3,2,1,12.0,8,6.0,4.0,1.0,True,1.0,1.0,1.0,5.5,8.200000000000001,0.7071067811865477,0,0.0,0.0,0.0,0.0,0.33333333333333337,0.0,0.0,0.33333333333333337,0.0,0.0,0.33333333333333337,,
ipl_2018_2026,bafd0398,R Minz,False,2026,True,4,3,1,12.0,19,4.0,3.0,3.0,False,1.6,2.5,3.0,3.5,4.4,0.0,0,0.0,0.0,0.0,0.0,0.0,0.0,0.0,0.0,0.0,0.0,0.0,,
ipl_2018_2026,cd8d2859,DG Nalkande,False,2024,False,2,2,0,12.0,12,6.0,6.0,6.0,False,1.2000000000000002,3.0,6.0,9.0,10.8,,1,0.5,0.5,0.0,0.0,0.0,0.0,0.0,0.0,0.0,0.0,0.0,,
ipl_2018_2026,f12fe2a1,T Dahiya,False,2026,True,2,2,0,12.0,15,6.0,6.0,6.0,False,2.0,3.5,6.0,8.5,10.0,,0,0.0,0.0,0.0,0.0,0.0,0.0,0.0,0.0,0.0,0.0,0.0,,
ipl_2018_2026,f62772e5,P Negi,False,2019,False,6,6,0,12.0,17,2.0,2.0,1.5,True,0.0,0.0,1.5,3.75,4.5,0.2217159052685822,3,0.5,0.5,0.0,0.0,0.0,0.0,0.0,0.0,0.0,0.0,0.0,,
ipl_2018_2026,f6d8a7ab,K Kartikeya,False,2025,True,4,4,0,12.0,17,3.0,3.0,2.5,True,1.3,1.75,2.5,3.75,5.1000000000000005,0.6872431934890912,0,0.0,0.0,0.0,0.0,0.0,0.0,0.0,0.0,0.0,0.0,0.0,,
ipl_2018_2026,dcf81436,S Kaul,False,2021,False,6,4,2,11.0,23,2.75,1.8333333333333333,1.0,True,0.0,0.25,1.0,1.75,4.5,1.4827180852248876,2,0.3333333333333333,0.5,0.0,0.0,0.25,0.0,0.0,0.25,0.0,0.0,0.25,,
ipl_2018_2026,14f96089,A Zampa,False,2023,False,3,3,0,10.0,16,3.3333333333333335,3.3333333333333335,2.0,True,1.2,1.5,2.0,4.5,6.0,0.6309038567106235,0,0.0,0.0,0.0,0.0,0.0,0.0,0.0,0.0,0.0,0.0,0.0,,
ipl_2018_2026,2cffab74,Mukesh Kumar,False,2024,False,5,1,4,10.0,18,10.0,2.0,1.0,True,0.0,0.0,1.0,3.0,4.800000000000001,0.809592017821873,0,0.0,0.0,0.0,0.0,0.5,0.0,0.0,0.5,0.0,0.0,0.5,,
ipl_2018_2026,30df8c66,Simarjeet Singh,False,2025,True,6,3,3,10.0,15,3.3333333333333335,1.6666666666666667,2.0,False,0.0,0.5,2.0,2.75,3.0,-0.3818017741606067,2,0.3333333333333333,0.6666666666666666,0.0,0.0,0.5,0.0,0.0,0.5,0.0,0.0,0.5,,
ipl_2018_2026,7c3b3b78,VG Arora,True,2026,True,11,4,7,10.0,27,2.5,0.9090909090909091,1.0,False,0.0,0.0,1.0,1.5,2.0,0.16300591617118848,3,0.2727272727272727,0.75,0.0,0.0,0.4848484848484849,0.0,0.0,0.4848484848484849,0.0,0.0,0.4848484848484849,,
ipl_2018_2026,a343262c,JE Root,False,2023,False,1,1,0,10.0,15,10.0,10.0,10.0,False,10.0,10.0,10.0,10.0,10.0,,0,0.0,0.0,0.0,0.0,0.0,0.0,0.0,0.0,0.0,0.0,0.0,,
ipl_2018_2026,b63e358a,RK Bhui,False,2024,False,4,4,0,10.0,26,2.5,2.5,1.5,True,0.0,0.0,1.5,4.0,5.800000000000001,0.6330096580207195,2,0.5,0.5,0.0,0.0,0.0,0.0,0.0,0.0,0.0,0.0,0.0,,
ipl_2018_2026,e48a4814,Krish Bhagat,False,2026,True,2,1,1,10.0,21,10.0,5.0,5.0,False,3.4,4.0,5.0,6.0,6.6,,0,0.0,0.0,0.0,0.0,0.0,0.0,0.0,0.0,0.0,0.0,0.0,,
ipl_2018_2026,65b6943c,L Wood,False,2024,False,1,0,1,9.0,3,,9.0,9.0,False,9.0,9.0,9.0,9.0,9.0,,0,0.0,,0.0,,1.0,0.0,,1.0,0.0,,1.0,,
ipl_2018_2026,c96f6ac5,PWA Mulder,False,2025,True,1,1,0,9.0,11,9.0,9.0,9.0,False,9.0,9.0,9.0,9.0,9.0,,0,0.0,0.0,0.0,0.0,0.0,0.0,0.0,0.0,0.0,0.0,0.0,,
ipl_2018_2026,edb3d4f8,KC Cariappa,False,2019,False,1,0,1,9.0,3,,9.0,9.0,False,9.0,9.0,9.0,9.0,9.0,,0,0.0,,0.0,,1.0,0.0,,1.0,0.0,,1.0,,
ipl_2018_2026,107c26fb,KT Maphaka,False,2025,True,1,0,1,8.0,2,,8.0,8.0,False,8.0,8.0,8.0,8.0,8.0,,0,0.0,,0.0,,1.0,0.0,,1.0,0.0,,1.0,,
ipl_2018_2026,4bd09374,Akash Madhwal,False,2025,True,2,0,2,8.0,14,,4.0,4.0,False,4.0,4.0,4.0,4.0,4.0,,0,0.0,,0.0,,1.0,0.0,,1.0,0.0,,1.0,,
ipl_2018_2026,529eb9e0,OC McCoy,False,2022,False,1,1,0,8.0,5,8.0,8.0,8.0,False,8.0,8.0,8.0,8.0,8.0,,0,0.0,0.0,0.0,0.0,0.0,0.0,0.0,0.0,0.0,0.0,0.0,,
ipl_2018_2026,765a4731,Mukesh Choudhary,False,2026,True,3,1,2,8.0,8,8.0,2.6666666666666665,2.0,True,2.0,2.0,2.0,3.0,3.6,0.7071067811865479,0,0.0,0.0,0.0,0.0,0.0,0.0,0.0,0.0,0.0,0.0,0.0,,
ipl_2018_2026,83c3e8e3,SH Johnson,False,2026,True,6,1,5,8.0,12,8.0,1.3333333333333333,1.0,True,0.0,0.25,1.0,1.0,3.0,1.5085856549091081,1,0.16666666666666666,1.0,0.0,0.0,0.8333333333333334,0.0,0.0,0.8333333333333334,0.0,0.0,0.8333333333333334,,
ipl_2018_2026,8ac93ca2,P Chopra,False,2018,False,1,1,0,8.0,6,8.0,8.0,8.0,False,8.0,8.0,8.0,8.0,8.0,,0,0.0,0.0,0.0,0.0,0.0,0.0,0.0,0.0,0.0,0.0,0.0,,
ipl_2018_2026,99ed60f8,JPR Scantlebury-Searles,False,2018,False,2,1,1,8.0,6,8.0,4.0,4.0,False,2.4,3.0,4.0,5.0,5.6,,0,0.0,0.0,0.0,0.0,0.5,0.0,0.0,0.5,0.0,0.0,0.5,,
ipl_2018_2026,aedc3b7c,NS Naik,False,2020,False,2,2,0,8.0,19,4.0,4.0,4.0,False,1.6,2.5,4.0,5.5,6.4,,0,0.0,0.0,0.0,0.0,0.0,0.0,0.0,0.0,0.0,0.0,0.0,,
ipl_2018_2026,03a83c50,V Viyaskanth,False,2024,False,1,0,1,7.0,5,,7.0,7.0,False,7.0,7.0,7.0,7.0,7.0,,0,0.0,,0.0,,1.0,0.0,,1.0,0.0,,1.0,,
ipl_2018_2026,1a2676c5,SA Abbott,False,2022,False,1,1,0,7.0,5,7.0,7.0,7.0,False,7.0,7.0,7.0,7.0,7.0,,0,0.0,0.0,0.0,0.0,0.0,0.0,0.0,0.0,0.0,0.0,0.0,,
ipl_2018_2026,5750bcb4,E Malinga,False,2026,True,3,1,2,7.0,17,7.0,2.3333333333333335,2.0,True,0.4,1.0,2.0,3.5,4.4,0.2390631469295445,0,0.0,0.0,0.0,0.0,0.0,0.0,0.0,0.0,0.0,0.0,0.0,,
ipl_2018_2026,60aa2db3,LG Pretorius,False,2026,True,2,2,0,7.0,8,3.5,3.5,3.5,False,0.7000000000000001,1.75,3.5,5.25,6.3,,1,0.5,0.5,0.0,0.0,0.0,0.0,0.0,0.0,0.0,0.0,0.0,,
ipl_2018_2026,641ac5ff,IS Sodhi,False,2019,False,2,2,0,7.0,17,3.5,3.5,3.5,False,1.5,2.25,3.5,4.75,5.5,,0,0.0,0.0,0.0,0.0,0.0,0.0,0.0,0.0,0.0,0.0,0.0,,
ipl_2018_2026,dc9dd038,Sachin Baby,False,2021,False,1,1,0,7.0,17,7.0,7.0,7.0,False,7.0,7.0,7.0,7.0,7.0,,0,0.0,0.0,0.0,0.0,0.0,0.0,0.0,0.0,0.0,0.0,0.0,,
ipl_2018_2026,e84ac20c,MJ Henry,False,2026,True,2,2,0,7.0,10,3.5,3.5,3.5,False,2.3,2.75,3.5,4.25,4.7,,0,0.0,0.0,0.0,0.0,0.0,0.0,0.0,0.0,0.0,0.0,0.0,,
ipl_2018_2026,41eb4a4f,R Vinay Kumar,False,2018,False,1,0,1,6.0,3,,6.0,6.0,False,6.0,6.0,6.0,6.0,6.0,,0,0.0,,0.0,,1.0,0.0,,1.0,0.0,,1.0,,
ipl_2018_2026,4933f499,JP Behrendorff,False,2023,False,2,0,2,6.0,9,,3.0,3.0,False,3.0,3.0,3.0,3.0,3.0,,0,0.0,,0.0,,1.0,0.0,,1.0,0.0,,1.0,,
ipl_2018_2026,6c79c098,DA Payne,False,2026,True,1,0,1,6.0,5,,6.0,6.0,False,6.0,6.0,6.0,6.0,6.0,,0,0.0,,0.0,,1.0,0.0,,1.0,0.0,,1.0,,
ipl_2018_2026,d8b2f218,BB Sran,False,2019,False,4,1,3,6.0,10,6.0,1.5,1.5,False,0.30000000000000004,0.75,1.5,2.25,2.7,0.0,0,0.0,0.0,0.0,0.0,0.5,0.0,0.0,0.5,0.0,0.0,0.5,,
ipl_2018_2026,12314277,Arshad Khan (2),False,2024,False,1,1,0,5.0,4,5.0,5.0,5.0,False,5.0,5.0,5.0,5.0,5.0,,0,0.0,0.0,0.0,0.0,0.0,0.0,0.0,0.0,0.0,0.0,0.0,,
ipl_2018_2026,280fff14,Sakib Hussain,False,2026,True,1,0,1,5.0,7,,5.0,5.0,False,5.0,5.0,5.0,5.0,5.0,,0,0.0,,0.0,,1.0,0.0,,1.0,0.0,,1.0,,
ipl_2018_2026,6834d1f2,B Stanlake,False,2018,False,1,0,1,5.0,2,,5.0,5.0,False,5.0,5.0,5.0,5.0,5.0,,0,0.0,,0.0,,1.0,0.0,,1.0,0.0,,1.0,,
ipl_2018_2026,80b2fb19,Prince Yadav,False,2026,True,3,0,3,5.0,11,,1.6666666666666667,1.0,True,0.2,0.5,1.0,2.5,3.4000000000000004,0.5280049792181873,0,0.0,,0.0,,1.0,0.0,,1.0,0.0,,1.0,,
ipl_2018_2026,b1ad996b,MP Yadav,False,2026,True,1,1,0,5.0,5,5.0,5.0,5.0,False,5.0,5.0,5.0,5.0,5.0,,0,0.0,0.0,0.0,0.0,0.0,0.0,0.0,0.0,0.0,0.0,0.0,,
ipl_2018_2026,e9c7f0d0,Fazalhaq Farooqi,False,2025,True,3,0,3,5.0,15,,1.6666666666666667,2.0,False,1.2,1.5,2.0,2.0,2.0,-0.7071067811865479,0,0.0,,0.0,,1.0,0.0,,1.0,0.0,,1.0,,
ipl_2018_2026,0404d43c,Liton Das,False,2023,False,1,1,0,4.0,4,4.0,4.0,4.0,False,4.0,4.0,4.0,4.0,4.0,,0,0.0,0.0,0.0,0.0,0.0,0.0,0.0,0.0,0.0,0.0,0.0,,
ipl_2018_2026,0a3d54b9,VR Aaron,False,2020,False,3,1,2,4.0,17,4.0,1.3333333333333333,1.0,True,0.2,0.5,1.0,2.0,2.6,0.3818017741606064,0,0.0,0.0,0.0,0.0,0.5,0.0,0.0,0.5,0.0,0.0,0.5,,
ipl_2018_2026,11061889,SR Dubey,False,2026,True,1,0,1,4.0,2,,4.0,4.0,False,4.0,4.0,4.0,4.0,4.0,,0,0.0,,0.0,,1.0,0.0,,1.0,0.0,,1.0,,
ipl_2018_2026,548516a6,Ravi Singh,False,2026,True,1,1,0,4.0,2,4.0,4.0,4.0,False,4.0,4.0,4.0,4.0,4.0,,0,0.0,0.0,0.0,0.0,0.0,0.0,0.0,0.0,0.0,0.0,0.0,,
ipl_2018_2026,5b16a806,A Dananjaya,False,2018,False,1,0,1,4.0,5,,4.0,4.0,False,4.0,4.0,4.0,4.0,4.0,,0,0.0,,0.0,,1.0,0.0,,1.0,0.0,,1.0,,
ipl_2018_2026,7210d461,Yash Dayal,False,2025,True,4,3,1,4.0,9,1.3333333333333333,1.0,0.5,True,0.0,0.0,0.5,1.5,2.4000000000000004,0.8164965809277263,2,0.5,0.6666666666666666,0.0,0.0,0.0,0.0,0.0,0.0,0.0,0.0,0.0,,
ipl_2018_2026,871e9faf,Basil Thampi,False,2019,False,2,1,1,4.0,7,4.0,2.0,2.0,False,1.2,1.5,2.0,2.5,2.8,,0,0.0,0.0,0.0,0.0,0.0,0.0,0.0,0.0,0.0,0.0,0.0,,
ipl_2018_2026,94253925,GH Vihari,False,2019,False,2,2,0,4.0,8,2.0,2.0,2.0,False,2.0,2.0,2.0,2.0,2.0,,0,0.0,0.0,0.0,0.0,0.0,0.0,0.0,0.0,0.0,0.0,0.0,,
ipl_2018_2026,aa5d8c9e,A Tomar,False,2022,False,1,1,0,4.0,8,4.0,4.0,4.0,False,4.0,4.0,4.0,4.0,4.0,,0,0.0,0.0,0.0,0.0,0.0,0.0,0.0,0.0,0.0,0.0,0.0,,
ipl_2018_2026,ce794613,T Natarajan,False,2026,True,3,0,3,4.0,7,,1.3333333333333333,1.0,True,0.2,0.5,1.0,2.0,2.6,0.3818017741606064,0,0.0,,0.0,,1.0,0.0,,1.0,0.0,,1.0,,
ipl_2018_2026,f834dcfc,L Ngidi,False,2026,True,4,2,2,4.0,9,2.0,1.0,0.5,True,0.0,0.0,0.5,1.5,2.4000000000000004,0.8164965809277263,1,0.25,0.5,0.0,0.0,0.0,0.0,0.0,0.0,0.0,0.0,0.0,,
ipl_2018_2026,13fc5c6d,DS Rathi,False,2026,True,3,1,2,3.0,8,3.0,1.0,1.0,False,0.2,0.5,1.0,1.5,1.8,0.0,0,0.0,0.0,0.0,0.0,0.5,0.0,0.0,0.5,0.0,0.0,0.5,,
ipl_2018_2026,69be866a,Anureet Singh,False,2018,False,1,0,1,3.0,4,,3.0,3.0,False,3.0,3.0,3.0,3.0,3.0,,0,0.0,,0.0,,1.0,0.0,,1.0,0.0,,1.0,,
ipl_2018_2026,8db7f47f,RJW Topley,False,2024,False,1,0,1,3.0,6,,3.0,3.0,False,3.0,3.0,3.0,3.0,3.0,,0,0.0,,0.0,,1.0,0.0,,1.0,0.0,,1.0,,
ipl_2018_2026,a316d663,GC Viljoen,False,2019,False,3,2,1,3.0,7,1.5,1.0,1.0,False,0.2,0.5,1.0,1.5,1.8,0.0,1,0.3333333333333333,0.5,0.0,0.0,0.33333333333333337,0.0,0.0,0.33333333333333337,0.0,0.0,0.33333333333333337,,
ipl_2018_2026,ece7b6b3,PP Hinge,False,2026,True,2,1,1,3.0,9,3.0,1.5,1.5,False,0.30000000000000004,0.75,1.5,2.25,2.7,,0,0.0,0.0,0.0,0.0,0.0,0.0,0.0,0.0,0.0,0.0,0.0,,
ipl_2018_2026,133bbd61,Brijesh Sharma,False,2026,True,2,0,2,2.0,4,,1.0,1.0,False,1.0,1.0,1.0,1.0,1.0,,0,0.0,,0.0,,1.0,0.0,,1.0,0.0,,1.0,,
ipl_2018_2026,3a60e0b5,WD Parnell,False,2023,False,1,1,0,2.0,5,2.0,2.0,2.0,False,2.0,2.0,2.0,2.0,2.0,,0,0.0,0.0,0.0,0.0,0.0,0.0,0.0,0.0,0.0,0.0,0.0,,
ipl_2018_2026,402f8494,RJ Gleeson,False,2024,False,1,0,1,2.0,2,,2.0,2.0,False,2.0,2.0,2.0,2.0,2.0,,0,0.0,,0.0,,1.0,0.0,,1.0,0.0,,1.0,,
ipl_2018_2026,9ca68676,AM Ghazanfar,False,2026,True,1,0,1,2.0,3,,2.0,2.0,False,2.0,2.0,2.0,2.0,2.0,,0,0.0,,0.0,,1.0,0.0,,1.0,0.0,,1.0,,
ipl_2018_2026,9e6032fa,DV Malewar,False,2026,True,2,2,0,2.0,5,1.0,1.0,1.0,False,0.2,0.5,1.0,1.5,1.8,,1,0.5,0.5,0.0,0.0,0.0,0.0,0.0,0.0,0.0,0.0,0.0,,
ipl_2018_2026,9fc0ef64,PJ Sangwan,False,2022,False,2,2,0,2.0,9,1.0,1.0,1.0,False,0.2,0.5,1.0,1.5,1.8,,1,0.5,0.5,0.0,0.0,0.0,0.0,0.0,0.0,0.0,0.0,0.0,,
ipl_2018_2026,a03bba42,T Shamsi,False,2021,False,1,0,1,2.0,4,,2.0,2.0,False,2.0,2.0,2.0,2.0,2.0,,0,0.0,,0.0,,1.0,0.0,,1.0,0.0,,1.0,,
ipl_2018_2026,a2f46292,KK Ahmed,False,2025,True,6,5,1,2.0,9,0.4,0.3333333333333333,0.0,True,0.0,0.0,0.0,0.75,1.0,0.7071067811865479,4,0.6666666666666666,0.8,0.0,0.0,0.16666666666666669,0.0,0.0,0.16666666666666669,0.0,0.0,0.16666666666666669,,
ipl_2018_2026,be869ccf,GHS Garton,False,2021,False,2,1,1,2.0,4,2.0,1.0,1.0,False,0.2,0.5,1.0,1.5,1.8,,1,0.5,1.0,0.0,0.0,0.5,0.0,0.0,0.5,0.0,0.0,0.5,,
ipl_2018_2026,c2dd89ea,BR Sharath,False,2024,False,1,1,0,2.0,5,2.0,2.0,2.0,False,2.0,2.0,2.0,2.0,2.0,,0,0.0,0.0,0.0,0.0,0.0,0.0,0.0,0.0,0.0,0.0,0.0,,
ipl_2018_2026,e1d9ae9c,Shivam Singh,False,2024,False,1,0,1,2.0,3,,2.0,2.0,False,2.0,2.0,2.0,2.0,2.0,,0,0.0,,0.0,,1.0,0.0,,1.0,0.0,,1.0,,
ipl_2018_2026,025c4400,MJ Suthar,False,2024,False,1,1,0,1.0,2,1.0,1.0,1.0,False,1.0,1.0,1.0,1.0,1.0,,0,0.0,0.0,0.0,0.0,0.0,0.0,0.0,0.0,0.0,0.0,0.0,,
ipl_2018_2026,0b60eb09,KA Maharaj,False,2024,False,1,1,0,1.0,2,1.0,1.0,1.0,False,1.0,1.0,1.0,1.0,1.0,,0,0.0,0.0,0.0,0.0,0.0,0.0,0.0,0.0,0.0,0.0,0.0,,
ipl_2018_2026,50c09020,Ashok Sharma,False,2026,True,2,0,2,1.0,4,,0.5,0.5,False,0.1,0.25,0.5,0.75,0.9,,0,0.0,,0.0,,1.0,0.0,,1.0,0.0,,1.0,,
ipl_2018_2026,890946a0,NV Ojha,False,2018,False,1,1,0,1.0,4,1.0,1.0,1.0,False,1.0,1.0,1.0,1.0,1.0,,0,0.0,0.0,0.0,0.0,0.0,0.0,0.0,0.0,0.0,0.0,0.0,,
ipl_2018_2026,8fd1a8f5,DW Steyn,False,2020,False,1,0,1,1.0,2,,1.0,1.0,False,1.0,1.0,1.0,1.0,1.0,,0,0.0,,0.0,,1.0,0.0,,1.0,0.0,,1.0,,
ipl_2018_2026,92500ad5,SS Mishra,False,2026,True,1,0,1,1.0,3,,1.0,1.0,False,1.0,1.0,1.0,1.0,1.0,,0,0.0,,0.0,,1.0,0.0,,1.0,0.0,,1.0,,
ipl_2018_2026,9a5f2863,Mohit Rathee,False,2023,False,1,0,1,1.0,2,,1.0,1.0,False,1.0,1.0,1.0,1.0,1.0,,0,0.0,,0.0,,1.0,0.0,,1.0,0.0,,1.0,,
ipl_2018_2026,9a963804,LE Plunkett,False,2018,False,2,1,1,1.0,3,1.0,0.5,0.5,False,0.1,0.25,0.5,0.75,0.9,,1,0.5,1.0,0.0,0.0,0.5,0.0,0.0,0.5,0.0,0.0,0.5,,
ipl_2018_2026,9d704f6f,SZ Mulani,False,2024,False,1,0,1,1.0,1,,1.0,1.0,False,1.0,1.0,1.0,1.0,1.0,,0,0.0,,0.0,,1.0,0.0,,1.0,0.0,,1.0,,
ipl_2018_2026,a1d95bd8,LB Williams,False,2024,False,1,0,1,1.0,2,,1.0,1.0,False,1.0,1.0,1.0,1.0,1.0,,0,0.0,,0.0,,1.0,0.0,,1.0,0.0,,1.0,,
ipl_2018_2026,b2a79f17,B Laughlin,False,2018,False,2,1,1,1.0,4,1.0,0.5,0.5,False,0.1,0.25,0.5,0.75,0.9,,1,0.5,1.0,0.0,0.0,0.5,0.0,0.0,0.5,0.0,0.0,0.5,,
ipl_2018_2026,c27b5a0e,PVSN Raju,False,2025,True,1,0,1,1.0,1,,1.0,1.0,False,1.0,1.0,1.0,1.0,1.0,,0,0.0,,0.0,,1.0,0.0,,1.0,0.0,,1.0,,
ipl_2018_2026,cc777ffa,Abdul Basith,False,2023,False,1,0,1,1.0,1,,1.0,1.0,False,1.0,1.0,1.0,1.0,1.0,,0,0.0,,0.0,,1.0,0.0,,1.0,0.0,,1.0,,
ipl_2018_2026,d45c29b1,Ashwani Kumar,False,2026,True,1,0,1,1.0,6,,1.0,1.0,False,1.0,1.0,1.0,1.0,1.0,,0,0.0,,0.0,,1.0,0.0,,1.0,0.0,,1.0,,
ipl_2018_2026,e412cb64,HF Gurney,False,2019,False,1,0,1,1.0,5,,1.0,1.0,False,1.0,1.0,1.0,1.0,1.0,,0,0.0,,0.0,,1.0,0.0,,1.0,0.0,,1.0,,
ipl_2018_2026,e96801ea,MS Bhandage,False,2025,True,1,1,0,1.0,4,1.0,1.0,1.0,False,1.0,1.0,1.0,1.0,1.0,,0,0.0,0.0,0.0,0.0,0.0,0.0,0.0,0.0,0.0,0.0,0.0,,
ipl_2018_2026,030f3089,K Yadav,False,2021,False,1,0,1,0.0,4,,0.0,0.0,False,0.0,0.0,0.0,0.0,0.0,,0,0.0,,0.0,,1.0,0.0,,1.0,0.0,,1.0,,
ipl_2018_2026,245c97cb,TS Mills,False,2022,False,2,1,1,0.0,3,0.0,0.0,0.0,False,0.0,0.0,0.0,0.0,0.0,,1,0.5,1.0,0.0,0.0,0.5,0.0,0.0,0.5,0.0,0.0,0.5,,
ipl_2018_2026,2e78f685,KR Sen,False,2022,False,1,0,1,0.0,3,,0.0,0.0,False,0.0,0.0,0.0,0.0,0.0,,0,0.0,,0.0,,1.0,0.0,,1.0,0.0,,1.0,,
ipl_2018_2026,33ffc3dd,R Sanjay Yadav,False,2022,False,1,1,0,0.0,2,0.0,0.0,0.0,False,0.0,0.0,0.0,0.0,0.0,,1,1.0,1.0,0.0,0.0,0.0,0.0,0.0,0.0,0.0,0.0,0.0,,
ipl_2018_2026,64775749,RP Meredith,False,2023,False,2,0,2,0.0,3,,0.0,0.0,False,0.0,0.0,0.0,0.0,0.0,,0,0.0,,0.0,,1.0,0.0,,1.0,0.0,,1.0,,
ipl_2018_2026,798cc28e,KM Asif,False,2023,False,1,1,0,0.0,2,0.0,0.0,0.0,False,0.0,0.0,0.0,0.0,0.0,,1,1.0,1.0,0.0,0.0,0.0,0.0,0.0,0.0,0.0,0.0,0.0,,
ipl_2018_2026,a1d053dd,SS Cottrell,False,2020,False,1,1,0,0.0,2,0.0,0.0,0.0,False,0.0,0.0,0.0,0.0,0.0,,1,1.0,1.0,0.0,0.0,0.0,0.0,0.0,0.0,0.0,0.0,0.0,,
ipl_2018_2026,a457cfb5,Mayank Dagar,False,2024,False,1,1,0,0.0,1,0.0,0.0,0.0,False,0.0,0.0,0.0,0.0,0.0,,1,1.0,1.0,0.0,0.0,0.0,0.0,0.0,0.0,0.0,0.0,0.0,,
ipl_2018_2026,b410bd3d,S Lamichhane,False,2019,False,1,1,0,0.0,1,0.0,0.0,0.0,False,0.0,0.0,0.0,0.0,0.0,,1,1.0,1.0,0.0,0.0,0.0,0.0,0.0,0.0,0.0,0.0,0.0,,
ipl_2018_2026,bdadf7da,JL Denly,False,2019,False,1,1,0,0.0,1,0.0,0.0,0.0,False,0.0,0.0,0.0,0.0,0.0,,1,1.0,1.0,0.0,0.0,0.0,0.0,0.0,0.0,0.0,0.0,0.0,,
ipl_2018_2026,cfa4bd2b,Y Prithvi Raj,False,2019,False,1,0,1,0.0,1,,0.0,0.0,False,0.0,0.0,0.0,0.0,0.0,,0,0.0,,0.0,,1.0,0.0,,1.0,0.0,,1.0,,
ipl_2018_2026,d621b427,Musheer Khan,False,2025,True,1,1,0,0.0,3,0.0,0.0,0.0,False,0.0,0.0,0.0,0.0,0.0,,1,1.0,1.0,0.0,0.0,0.0,0.0,0.0,0.0,0.0,0.0,0.0,,
ipl_2018_2026,e3851766,KS Rathore,False,2025,True,1,1,0,0.0,5,0.0,0.0,0.0,False,0.0,0.0,0.0,0.0,0.0,,1,1.0,1.0,0.0,0.0,0.0,0.0,0.0,0.0,0.0,0.0,0.0,,
ipl_2018_2026,f2c936d7,MJ Owen,False,2025,True,1,1,0,0.0,2,0.0,0.0,0.0,False,0.0,0.0,0.0,0.0,0.0,,1,1.0,1.0,0.0,0.0,0.0,0.0,0.0,0.0,0.0,0.0,0.0,,
