bowler_canonical_id,bowler_canonical_name,spells,overs_bowled,legal_balls,runs_conceded,wickets,economy_overall,strike_rate_balls_per_wicket,spell_economy_p10,spell_economy_p50,spell_economy_p90,two_plus_wicket_spell_rate,dot_ball_pct,qualified,expensive_over_rate,last_active_season,is_recently_active
9d430b40,SP Narine,1119,1112.5,6675,7122,286,6.402,23.34,2.0,5.0,12.0,0.0188,42.82,True,0.1155,2026,True
5f547c8b,Rashid Khan,1083,1077.5,6465,7702,353,7.148,18.31,2.0,6.0,13.9,0.0342,38.86,True,0.1486,2026,True
a818c1be,TA Boult,793,782.67,4696,6477,251,8.276,18.71,2.08,8.0,15.0,0.029,42.5,True,0.2306,2026,True
0f721006,JO Holder,699,693.0,4158,5821,232,8.4,17.92,3.0,8.0,15.12,0.0401,39.73,True,0.2389,2026,True
19b9f399,CJ Green,664,657.5,3945,4608,164,7.008,24.05,2.0,6.0,13.0,0.0196,39.9,True,0.1256,2026,True
bbd41817,AD Russell,643,628.5,3771,6105,233,9.714,16.18,4.0,9.0,16.8,0.0327,34.37,True,0.3152,2026,True
acee4cc4,Imran Tahir,610,601.17,3607,4176,211,6.946,17.09,2.0,6.0,13.0,0.0443,40.39,True,0.1252,2026,True
4d7f517e,AJ Hosein,562,561.0,3366,3970,163,7.077,20.65,2.0,6.0,13.0,0.0231,44.12,True,0.1456,2026,True
57ee1fde,YS Chahal,556,554.17,3325,4415,182,7.967,18.27,3.0,7.0,14.0,0.0288,34.71,True,0.2086,2026,True
caf69bf7,DR Sams,530,516.17,3097,4489,195,8.697,15.88,3.0,8.0,15.0,0.0491,35.97,True,0.2298,2026,True
ffe699c0,CJ Jordan,541,512.17,3073,4495,160,8.776,19.21,3.0,8.0,15.6,0.0259,34.01,True,0.207,2026,True
7d92277a,Mujeeb Ur Rahman,507,504.5,3027,3510,143,6.957,21.17,2.0,6.0,13.0,0.0217,43.31,True,0.1409,2026,True
14f96089,A Zampa,508,498.67,2992,3785,181,7.59,16.53,3.0,7.0,14.0,0.0295,33.72,True,0.1615,2026,True
e62dd25d,K Rabada,498,495.5,2973,4250,189,8.577,15.73,3.0,8.0,15.0,0.0341,42.15,True,0.245,2026,True
efc04be7,Noor Ahmad,501,493.5,2961,3841,166,7.783,17.84,3.0,7.0,14.0,0.0359,39.11,True,0.1779,2026,True
e94915e6,SM Curran,510,488.17,2929,4509,147,9.237,19.93,3.6,8.4,16.8,0.0275,34.04,True,0.2456,2026,True
87e562a9,DJ Bravo,484,478.67,2872,4214,156,8.804,18.41,4.0,8.0,15.0,0.0289,30.92,True,0.2254,2024,False
2f49c897,Mohammed Siraj,475,473.0,2838,4057,141,8.577,20.13,2.0,8.0,15.0,0.0337,44.93,True,0.2337,2026,True
2e81a32d,B Kumar,476,473.0,2838,3781,132,7.994,21.5,2.0,8.0,14.0,0.0273,43.27,True,0.2038,2026,True
5b8c830e,KH Pandya,464,461.0,2766,3449,108,7.482,25.61,3.0,7.0,14.0,0.0216,33.48,True,0.1746,2026,True
2e171977,AR Patel,454,454.0,2724,3248,96,7.154,28.38,3.0,6.0,13.0,0.0044,35.06,True,0.1388,2026,True
9eb1455b,NT Ellis,472,452.5,2715,3814,148,8.429,18.34,3.6,8.0,14.0,0.036,33.96,True,0.1954,2026,True
495d42a5,R Ashwin,434,433.33,2600,3379,96,7.798,27.08,3.0,7.0,14.0,0.0276,30.85,True,0.1797,2026,True
462411b3,JJ Bumrah,434,432.17,2593,3040,141,7.034,18.39,2.0,6.0,13.0,0.053,44.54,True,0.1406,2026,True
81c36ee9,M Jansen,441,430.5,2583,3658,135,8.497,19.13,2.0,8.0,15.0,0.0317,44.48,True,0.2313,2026,True
c5aef772,R Shepherd,430,426.33,2558,3865,144,9.066,17.76,3.0,8.0,16.0,0.0442,38.94,True,0.2698,2026,True
e1b9f3a9,BJ Dwarshuis,426,416.5,2499,3389,161,8.137,15.52,3.0,7.0,15.0,0.0469,41.34,True,0.2254,2026,True
d9273ee7,MP Stoinis,430,416.17,2497,3756,148,9.025,16.87,3.0,8.4,16.08,0.0419,34.96,True,0.2593,2026,True
5574750c,JC Archer,428,411.33,2468,3283,137,7.981,18.01,2.0,7.2,15.0,0.0304,44.77,True,0.2168,2026,True
7c7d63a2,AJ Tye,418,409.5,2457,3562,156,8.698,15.75,3.0,8.0,16.0,0.0383,37.61,True,0.222,2026,True
64775749,RP Meredith,411,402.5,2415,3415,147,8.484,16.43,3.0,8.0,15.0,0.0414,40.95,True,0.2403,2025,True
244048f6,Arshdeep Singh,406,402.17,2413,3568,131,8.872,18.42,3.0,9.0,15.0,0.0296,38.21,True,0.266,2026,True
e86754b2,TK Curran,430,399.67,2398,3585,146,8.97,16.42,3.0,8.0,16.0,0.0488,34.2,True,0.2251,2026,True
1abb78f8,SN Thakur,403,398.33,2390,3761,130,9.442,18.38,3.2,9.0,16.0,0.0471,35.9,True,0.3176,2026,True
b0946605,AS Joseph,402,396.83,2381,3392,130,8.548,18.32,3.0,8.0,15.0,0.0249,45.36,True,0.2537,2026,True
ce820073,Sandeep Sharma,398,395.33,2372,3182,101,8.049,23.49,3.0,7.0,15.0,0.0201,37.52,True,0.201,2026,True
8cf9814c,Mohammed Shami,390,389.17,2335,3342,130,8.588,17.96,2.0,8.0,16.0,0.0385,43.55,True,0.2564,2026,True
fe93fd9d,RA Jadeja,390,388.17,2329,2959,98,7.623,23.77,3.0,6.0,14.0,0.0256,32.12,True,0.1718,2026,True
4933f499,JP Behrendorff,385,383.33,2300,2909,131,7.589,17.56,2.0,7.0,14.0,0.0312,45.57,True,0.1718,2025,True
22ae3041,Fawad Ahmed,379,378.5,2271,2622,114,6.927,19.92,2.0,6.0,13.0,0.0264,37.3,True,0.1398,2022,False
eef2536f,Avesh Khan,376,373.5,2241,3349,123,8.967,18.22,3.0,8.0,16.0,0.0372,38.02,True,0.2739,2026,True
23eeb873,DL Chahar,377,373.17,2239,3013,111,8.074,20.17,3.0,7.0,14.0,0.0186,43.99,True,0.1989,2026,True
9cb8d7a6,Imad Wasim,381,372.33,2234,2536,112,6.811,19.95,2.0,6.0,13.0,0.0262,41.81,True,0.1332,2025,True
df064e1a,Ravi Bishnoi,372,371.17,2227,2914,112,7.851,19.88,3.0,7.0,15.0,0.0215,36.42,True,0.1909,2026,True
5b7ab5a9,CV Varun,368,367.67,2206,2824,116,7.681,19.02,3.0,7.0,15.0,0.0272,37.76,True,0.1848,2026,True
f986ca1a,HV Patel,372,365.83,2195,3248,143,8.878,15.35,3.0,8.0,15.0,0.043,34.4,True,0.2446,2026,True
2f9d0389,LH Ferguson,376,359.83,2159,3103,112,8.623,19.28,2.4,8.0,15.0,0.0266,40.9,True,0.2447,2026,True
98ae73b1,PP Chawla,357,354.17,2125,2766,116,7.81,18.32,3.0,7.0,14.0,0.0168,37.32,True,0.1821,2025,True
85e0cf10,M Prasidh Krishna,355,351.33,2108,3060,105,8.71,20.08,2.0,9.0,15.0,0.0254,42.84,True,0.2451,2026,True
1e66c162,JD Unadkat,350,346.83,2081,3005,110,8.664,18.92,3.0,8.0,15.0,0.0286,34.55,True,0.24,2026,True
8d2c70ad,Kuldeep Yadav,342,341.0,2046,2809,98,8.238,20.88,3.0,7.5,14.9,0.0351,30.94,True,0.193,2026,True
acdc62f5,A Nortje,340,335.5,2013,2803,114,8.355,17.66,3.0,8.0,15.0,0.0206,43.37,True,0.2353,2026,True
2ed569a0,RD Chahar,335,332.5,1995,2522,95,7.585,21.0,3.0,7.0,14.0,0.0328,35.94,True,0.1791,2026,True
a2f46292,KK Ahmed,334,331.83,1991,2905,111,8.754,17.94,3.0,8.0,15.0,0.021,42.99,True,0.2575,2026,True
b681e71e,GJ Maxwell,333,331.83,1991,2602,89,7.841,22.37,3.0,7.0,13.9,0.009,32.8,True,0.1677,2026,True
1a2676c5,SA Abbott,334,325.0,1950,2696,141,8.295,13.83,3.0,7.2,15.0,0.0359,39.54,True,0.2292,2025,True
3b53243a,XC Bartlett,323,319.17,1915,2852,111,8.936,17.25,3.0,8.0,15.0,0.0433,39.37,True,0.2755,2026,True
529eb9e0,OC McCoy,322,316.17,1897,2857,105,9.036,18.07,3.0,8.0,16.0,0.0186,40.06,True,0.2578,2026,True
bb351c23,MM Ali,317,314.0,1884,2328,84,7.414,22.43,2.0,6.0,14.0,0.0126,36.57,True,0.159,2026,True
dfc4d8b5,KW Richardson,322,310.0,1860,2474,113,7.981,16.46,2.0,7.0,15.0,0.0404,40.22,True,0.1889,2025,True
bd93fea4,PM Siddle,317,308.0,1848,2407,118,7.815,15.66,3.0,7.0,15.0,0.0505,39.88,True,0.183,2026,True
f24c6701,M Theekshana,309,306.5,1839,2368,81,7.726,22.7,3.0,7.0,13.2,0.0291,37.25,True,0.1748,2026,True
350bb1b1,AF Milne,324,302.17,1813,2349,105,7.774,17.27,2.0,7.2,14.28,0.0309,46.83,True,0.155,2026,True
ce794613,T Natarajan,305,301.67,1810,2692,87,8.924,20.8,3.0,9.0,15.0,0.0328,33.2,True,0.2852,2026,True
7f048519,DJ Willey,310,298.17,1789,2366,80,7.935,22.36,2.4,7.1,14.4,0.0323,44.1,True,0.1672,2026,True
c0c411cb,Naveen-ul-Haq,299,295.0,1770,2582,94,8.753,18.83,2.0,8.0,16.0,0.0201,38.47,True,0.2567,2025,True
11614d87,D Pretorius,289,285.33,1712,2507,102,8.786,16.78,3.0,8.4,15.0,0.0346,37.38,True,0.2699,2026,True
46a9bea1,TU Deshpande,286,283.17,1699,2606,103,9.203,16.5,3.5,8.0,16.5,0.0559,39.2,True,0.2657,2026,True
62af8546,Mohammad Nabi,281,282.83,1697,1985,85,7.018,19.96,2.0,6.0,12.0,0.0356,37.36,True,0.1424,2026,True
249d60c9,AU Rashid,284,281.5,1689,2066,98,7.339,17.23,3.0,6.8,13.0,0.0387,35.17,True,0.1218,2026,True
b0eaaac6,Ali Khan,281,276.17,1657,2539,83,9.194,19.96,4.0,8.0,16.0,0.032,36.93,True,0.2811,2026,True
e174dadd,Mohammad Amir,285,275.5,1653,2084,103,7.564,16.05,2.0,7.0,14.4,0.0351,47.43,True,0.1793,2026,True
3f1066d0,Waqar Salamkheil,278,273.83,1643,2205,99,8.052,16.6,2.0,7.0,15.0,0.0252,38.22,True,0.2194,2026,True
b410bd3d,S Lamichhane,273,271.67,1630,1924,88,7.082,18.52,2.0,7.0,13.0,0.0403,39.51,True,0.1319,2021,False
a97c8ec2,PWH de Silva,270,270.0,1620,2005,101,7.426,16.04,2.0,6.5,13.0,0.0407,39.51,True,0.1926,2026,True
ded9240e,PJ Cummins,269,268.33,1610,2420,76,9.019,21.18,3.0,8.0,16.0,0.0186,38.01,True,0.2825,2026,True
26d041c4,Sikandar Raza,268,268.0,1608,2011,75,7.504,21.44,3.0,7.0,13.3,0.0299,36.5,True,0.1691,2026,True
24bb1c2f,Haris Rauf,274,265.17,1591,2173,110,8.195,14.46,2.4,8.0,15.6,0.073,39.66,True,0.1855,2026,True
6c79c098,DA Payne,272,256.67,1540,2208,96,8.603,16.04,2.4,8.0,15.6,0.0478,41.56,True,0.2071,2026,True
208f22ea,DJ Worrall,255,256.33,1538,1876,78,7.319,19.72,1.88,7.0,13.68,0.0314,48.5,True,0.1741,2026,True
1ee08e9a,JA Richardson,259,255.17,1531,1995,98,7.818,15.62,2.0,7.0,13.0,0.0463,45.2,True,0.2008,2025,True
86b4bf88,MJ Swepson,252,250.33,1502,1929,59,7.706,25.46,3.0,7.0,14.0,0.0159,30.29,True,0.1746,2025,True
c05edf8e,Harpreet Brar,251,249.83,1499,1858,73,7.437,20.53,2.0,7.0,14.0,0.0398,37.63,True,0.1753,2026,True
dcf81436,S Kaul,251,248.67,1492,2083,87,8.377,17.15,2.0,8.0,15.0,0.0478,38.14,True,0.2191,2023,False
65b6943c,L Wood,268,247.33,1484,2251,74,9.101,20.05,3.6,8.4,15.6,0.0261,40.36,True,0.1912,2026,True
a90e53ec,MW Short,253,247.17,1483,1899,71,7.683,20.89,3.0,7.0,13.84,0.0277,35.0,True,0.1529,2026,True
e9c7f0d0,Fazalhaq Farooqi,247,244.33,1466,2016,87,8.251,16.85,3.0,7.0,15.0,0.0526,42.16,True,0.2183,2025,True
a2421394,AC Agar,243,243.0,1458,1818,54,7.481,27.0,3.0,7.0,13.0,0.0082,33.54,True,0.1481,2025,True
dbe50b21,HH Pandya,244,242.33,1454,2265,76,9.347,19.13,3.0,9.0,17.0,0.0246,37.0,True,0.291,2026,True
aa8d28ae,D Wiese,250,242.17,1453,2207,80,9.114,18.16,2.4,9.0,16.82,0.04,34.27,True,0.252,2025,True
3feda4fa,RL Chase,242,241.5,1449,1690,73,6.998,19.85,2.0,6.5,12.0,0.0207,43.0,True,0.1157,2026,True
56ab442f,NM Coulter-Nile,240,239.83,1439,1790,75,7.464,19.19,3.0,6.5,14.0,0.0167,39.61,True,0.1701,2023,False
a61bcb94,K Pierre,240,237.67,1426,1653,68,6.955,20.97,2.0,6.0,12.1,0.0292,46.28,True,0.1333,2026,True
a03bba42,T Shamsi,238,237.5,1425,1822,78,7.672,18.27,3.0,6.5,14.0,0.063,34.67,True,0.1714,2025,True
8d5d991e,Qais Ahmad,240,237.0,1422,1857,75,7.835,18.96,2.4,7.0,14.4,0.0292,34.46,True,0.1852,2025,True
f834dcfc,L Ngidi,236,233.5,1401,2008,77,8.6,18.19,2.0,8.0,15.0,0.0424,41.97,True,0.2585,2026,True
3540beff,SNJ O'Keefe,232,232.0,1392,1531,79,6.599,17.62,3.0,6.0,12.0,0.0474,36.35,True,0.1293,2023,False
75224f22,KMA Paul,236,230.83,1385,2193,73,9.5,18.97,3.0,9.0,17.0,0.0466,36.03,True,0.3008,2026,True
4a461c24,LA Dawson,241,230.33,1382,1802,73,7.823,18.93,2.4,7.2,15.0,0.0166,34.73,True,0.1274,2026,True
e342e5fb,CR Brathwaite,237,229.0,1374,1933,73,8.441,18.82,3.0,7.2,15.0,0.0253,37.05,True,0.2278,2023,False
a757b0d8,KA Pollard,234,227.67,1366,1982,68,8.706,20.09,4.0,8.0,15.0,0.0342,28.26,True,0.2009,2026,True
f19ccfad,Washington Sundar,228,226.67,1360,1683,41,7.425,33.17,2.0,6.5,14.0,0.0088,35.88,True,0.1754,2026,True
a9fd84fb,M Markande,228,226.33,1358,1894,67,8.368,20.27,3.0,7.0,15.0,0.0088,32.62,True,0.2456,2026,True
cc1e8c68,UT Yadav,228,226.33,1358,1898,61,8.386,22.26,2.0,8.0,15.0,0.0351,44.62,True,0.2588,2024,False
e4a0deae,MJ Santner,235,226.0,1356,1690,59,7.478,22.98,2.0,7.0,14.0,0.0213,38.05,True,0.1494,2026,True
38c276e1,N McAndrew,228,223.83,1343,2020,68,9.025,19.75,4.0,8.5,15.3,0.0351,37.83,True,0.25,2025,True
402f8494,RJ Gleeson,236,221.5,1329,1995,82,9.007,16.21,3.0,8.4,15.3,0.0297,39.05,True,0.2333,2026,True
51a60c16,CJ Boyce,222,220.0,1320,1552,65,7.055,20.31,3.0,6.0,12.0,0.0225,29.77,True,0.1216,2025,True
15de1f5d,WA Agar,219,217.83,1307,1965,87,9.021,15.02,3.0,8.0,15.68,0.0639,39.48,True,0.3151,2025,True
7a8bd078,S Gopal,218,217.33,1304,1661,78,7.643,16.72,2.0,7.0,14.0,0.0459,35.51,True,0.1835,2024,False
59559bc2,J Overton,226,216.5,1299,1908,80,8.813,16.24,3.0,8.2,16.8,0.0354,37.11,True,0.214,2026,True
e2db2409,M Ashwin,217,215.67,1294,1588,58,7.363,22.31,3.0,7.0,13.0,0.0184,36.86,True,0.1475,2023,False
03806cf8,JR Hazlewood,216,214.0,1284,1802,77,8.421,16.68,2.0,7.0,15.5,0.037,44.24,True,0.2639,2026,True
83c3e8e3,SH Johnson,216,211.83,1271,1721,66,8.124,19.26,2.0,8.0,15.0,0.0278,48.39,True,0.2227,2026,True
0164b064,MG Neser,211,208.5,1251,1734,73,8.317,17.14,3.0,8.0,13.0,0.0474,39.25,True,0.1848,2025,True
f9e6e7ef,Shahbaz Ahmed,210,208.17,1249,1720,54,8.263,23.13,3.0,7.0,15.0,0.019,32.51,True,0.2286,2026,True
245c97cb,TS Mills,232,207.33,1244,1778,83,8.576,14.99,2.46,8.0,14.94,0.0259,39.55,True,0.176,2026,True
1b04e02b,TS Rogers,209,206.67,1240,1727,74,8.356,16.76,3.0,8.0,15.0,0.0478,40.08,True,0.2536,2024,False
52c952d9,T Sangha,207,204.67,1228,1557,70,7.607,17.54,3.0,7.0,13.0,0.0483,32.0,True,0.1531,2026,True
7b953689,MP Kuhnemann,204,203.83,1223,1557,53,7.639,23.08,3.0,7.0,12.0,0.0098,28.05,True,0.1324,2025,True
7dc35884,Shakib Al Hasan,204,202.33,1214,1586,45,7.839,26.98,3.0,7.0,14.0,0.0147,33.69,True,0.1961,2026,True
c7a995d3,R Sai Kishore,204,202.0,1212,1342,74,6.644,16.38,2.0,6.0,13.0,0.0392,42.24,True,0.1471,2026,True
7210d461,Yash Dayal,203,201.17,1207,1789,57,8.893,21.18,3.0,8.0,16.0,0.0197,39.35,True,0.2808,2025,True
a1d053dd,SS Cottrell,203,200.83,1205,1632,60,8.126,20.08,2.0,7.0,15.0,0.0148,47.97,True,0.2512,2023,False
8db7f47f,RJW Topley,210,199.33,1196,1817,68,9.115,17.59,2.4,9.0,16.53,0.0429,41.56,True,0.2477,2026,True
7c3b3b78,VG Arora,200,199.0,1194,1786,66,8.975,18.09,2.0,8.5,16.0,0.035,41.54,True,0.3,2026,True
97bdec3d,G Motie,201,198.33,1190,1505,73,7.588,16.3,2.0,6.0,15.0,0.0448,40.0,True,0.1741,2026,True
786b7fe8,Zahir Khan,196,195.17,1171,1488,53,7.624,22.09,3.0,7.0,13.5,0.0255,36.98,True,0.1531,2024,False
6b19d823,A Mishra,194,194.0,1164,1457,56,7.51,20.79,3.0,7.0,13.7,0.0206,32.3,True,0.1598,2024,False
13c35c9e,TG Southee,203,193.83,1163,1735,57,8.951,20.4,3.0,8.4,15.6,0.0246,37.92,True,0.2585,2025,True
0a8fce53,Mustafizur Rahman,196,192.5,1155,1627,63,8.452,18.33,3.0,8.0,15.0,0.0459,38.27,True,0.2245,2025,True
5bb1a1c4,I Sharma,194,192.5,1155,1565,58,8.13,19.91,3.0,8.0,14.7,0.0052,43.64,True,0.2268,2025,True
759ac88f,MM Sharma,193,190.83,1145,1792,58,9.39,19.74,3.0,9.0,16.0,0.0363,31.88,True,0.3057,2025,True
64839cb3,M Pathirana,193,189.33,1136,1672,67,8.831,16.96,3.0,8.0,15.0,0.0363,36.09,True,0.2591,2026,True
6f95e5fa,P Hatzoglou,188,185.83,1115,1454,46,7.824,24.24,3.0,7.6,13.0,0.0106,34.35,True,0.1755,2024,False
bc2d4f2e,W Sutherland,188,185.5,1113,1643,43,8.857,25.88,3.0,8.0,16.0,0.0266,36.48,True,0.2872,2025,True
2a2e6343,DT Christian,187,184.83,1109,1532,55,8.289,20.16,3.0,7.0,14.4,0.0588,30.03,True,0.1979,2024,False
465aa633,N Burger,183,182.33,1094,1638,54,8.984,20.26,3.0,9.0,15.0,0.0219,41.96,True,0.3115,2026,True
21d4e29b,NA Saini,180,179.67,1078,1487,36,8.276,29.94,2.9,8.0,14.1,0.0167,43.78,True,0.2111,2026,True
2cffab74,Mukesh Kumar,181,179.33,1076,1775,55,9.898,19.56,4.0,9.0,16.0,0.0497,36.52,True,0.326,2026,True
2e11c706,BCJ Cutting,180,178.67,1072,1593,47,8.916,22.81,4.0,8.5,15.0,0.0056,26.12,True,0.2333,2022,False
4b31f3a3,Yash Thakur,182,178.17,1069,1485,75,8.335,14.25,2.0,8.0,15.9,0.0495,40.22,True,0.2253,2026,True
119678fd,KV Sharma,180,178.0,1068,1508,53,8.472,20.15,3.0,8.0,15.0,0.0333,31.55,True,0.2333,2025,True
39a2dfa8,R Tewatia,177,175.0,1050,1371,39,7.834,26.92,3.0,7.0,13.0,0.0339,31.62,True,0.1751,2023,False
9a2fc964,BC Fortuin,175,174.5,1047,1184,39,6.785,26.85,2.4,6.0,12.0,0.0286,38.97,True,0.12,2025,True
0b60eb09,KA Maharaj,174,174.0,1044,1273,49,7.316,21.31,2.3,6.0,13.0,0.0057,35.92,True,0.1667,2025,True
fb66ce1f,CH Morris,174,172.83,1037,1461,64,8.453,16.2,3.0,8.0,14.0,0.0517,39.25,True,0.2184,2021,False
90de905a,K Gowtham,171,171.0,1026,1321,43,7.725,23.86,3.0,7.0,14.0,0.0175,37.23,True,0.1696,2024,False
23cca426,OF Smith,174,170.67,1024,1738,61,10.184,16.79,3.0,9.0,18.7,0.0632,38.77,True,0.3391,2026,True
b52ffbbd,FA Allen,170,169.83,1019,1386,47,8.161,21.68,3.0,7.0,14.0,0.0353,37.68,True,0.2235,2026,True
50c6bc2b,LS Livingstone,172,169.17,1015,1528,50,9.033,20.3,3.6,9.0,15.0,0.0233,28.87,True,0.2174,2026,True
2669d6b7,Mohsin Khan,168,168.0,1008,1289,59,7.673,17.08,2.0,7.0,15.0,0.0298,44.74,True,0.2143,2026,True
616a8149,L Pope,168,168.0,1008,1397,63,8.315,16.0,3.0,8.0,14.0,0.0536,31.35,True,0.2024,2026,True
6834d1f2,B Stanlake,166,165.83,995,1445,44,8.714,22.61,4.0,8.0,14.7,0.0181,39.7,True,0.247,2025,True
2cdce1be,C Sakariya,165,163.67,982,1263,60,7.717,16.37,2.0,8.0,13.6,0.0364,40.63,True,0.1636,2025,True
f787e0eb,J Edwards,165,163.5,981,1382,58,8.453,16.91,2.4,8.0,15.0,0.0303,41.28,True,0.2788,2026,True
73c18486,KR Mayers,164,163.17,979,1347,39,8.255,25.1,2.0,8.0,15.7,0.0305,44.94,True,0.2439,2026,True
e5437608,GF Linde,163,160.33,962,1215,40,7.578,24.05,3.0,7.0,14.0,0.0307,38.67,True,0.1646,2026,True
f422728b,H Kerr,161,160.17,961,1352,58,8.441,16.57,4.0,8.0,15.0,0.0186,31.01,True,0.2174,2025,True
c8a3f688,SN Netravalkar,161,159.67,958,1344,61,8.418,15.7,2.0,7.0,17.0,0.0497,39.77,True,0.236,2026,True
1558d83b,GS Sandhu,161,159.67,958,1363,63,8.537,15.21,3.0,8.0,16.0,0.0435,38.83,True,0.2484,2025,True
bc773eeb,JM Bird,159,159.0,954,1142,52,7.182,18.35,2.8,7.0,13.0,0.0252,43.82,True,0.1824,2024,False
34b332d3,DC Drakes,162,158.83,953,1527,43,9.614,22.16,3.0,9.5,18.0,0.0247,36.83,True,0.3272,2026,True
903560ed,MT Steketee,162,158.83,953,1459,67,9.186,14.22,3.1,9.0,16.0,0.0556,40.4,True,0.3148,2024,False
b2a79f17,B Laughlin,161,158.5,951,1401,43,8.839,22.12,3.0,8.0,15.0,0.0186,31.65,True,0.2547,2020,False
9440ef41,Suyash Sharma,158,157.5,945,1347,41,8.552,23.05,3.0,8.0,14.3,0.0443,34.5,True,0.2532,2026,True
be69e09d,BL Couch,157,155.83,935,1409,46,9.042,20.33,3.0,9.0,15.0,0.0191,34.65,True,0.3057,2026,True
6b9eb501,OEG Baartman,155,152.0,912,1232,83,8.105,10.99,2.0,8.0,14.0,0.0903,42.87,True,0.2,2026,True
d405c0d5,AM Hardie,152,148.83,893,1294,45,8.694,19.84,4.0,8.0,15.0,0.0329,33.37,True,0.2566,2026,True
486065b3,Hassan Khan,150,146.17,877,1228,37,8.401,23.7,3.0,7.0,16.0,0.0333,33.98,True,0.22,2026,True
0bec3a6c,BAC Howell,151,144.33,866,1118,46,7.746,18.83,2.4,7.2,13.2,0.0331,29.45,True,0.1071,2026,True
04a418e8,R Parag,145,143.83,863,1114,32,7.745,26.97,3.0,7.0,14.0,0.0138,32.21,True,0.1586,2026,True
d2a989fc,DS Kulkarni,146,143.67,862,1212,29,8.436,29.72,2.0,8.0,14.0,0.0068,43.04,True,0.2397,2023,False
c6097d68,O Thomas,143,142.5,855,1335,53,9.368,16.13,2.0,8.0,17.0,0.0559,47.25,True,0.3077,2025,True
172dff15,C Bosch,144,142.0,852,1278,60,9.0,14.2,3.0,8.0,16.0,0.0347,39.55,True,0.3264,2026,True
ad427b5c,Lalit Yadav,142,141.17,847,1041,31,7.374,27.32,3.0,6.0,13.45,0.0282,33.77,True,0.1408,2024,False
4c5d73db,CR Woakes,148,139.83,839,1157,45,8.274,18.64,2.28,8.0,15.0,0.0135,43.74,True,0.2027,2026,True
1a156c88,DJM Short,140,139.67,838,1183,36,8.47,23.28,3.0,8.0,15.0,0.0214,28.28,True,0.2128,2024,False
5d2eea49,Kartik Tyagi,142,139.5,837,1362,36,9.763,23.25,3.0,10.0,16.0,0.0141,39.43,True,0.338,2026,True
06c2de82,L Gregory,156,136.17,817,1253,37,9.202,22.08,3.6,8.4,18.0,0.0128,28.76,True,0.2038,2026,True
c38d3503,Shivam Mavi,137,136.0,816,1185,38,8.713,21.47,2.0,8.0,15.0,0.0146,40.44,True,0.2701,2024,False
28d6c44d,E Bosch,137,136.0,816,1150,42,8.456,19.43,3.0,7.0,16.0,0.0438,44.24,True,0.2628,2025,True
4125d931,J Suchith,135,135.0,810,985,33,7.296,24.55,3.0,6.0,13.0,0.0296,34.32,True,0.1704,2022,False
0ecb4de6,Rehan Ahmed,139,134.83,809,1118,42,8.292,19.26,3.6,7.8,15.0,0.0288,30.16,True,0.1688,2026,True
57590dbb,PI Walter,144,134.67,808,1209,50,8.978,16.16,3.72,8.4,15.6,0.0278,28.71,True,0.22,2026,True
9219eff0,JDS Neesham,137,133.67,802,1237,52,9.254,15.42,3.0,8.0,17.4,0.0584,34.41,True,0.2609,2025,True
e9987a94,C Overton,147,133.5,801,986,48,7.386,16.69,2.24,6.0,14.4,0.034,47.57,True,0.1226,2026,True
898e628d,B Doggett,135,133.33,800,1118,37,8.385,21.62,3.0,8.0,15.0,0.037,39.5,True,0.1852,2025,True
88209c84,JK Lalor,133,133.0,798,1147,44,8.624,18.14,4.0,8.0,14.0,0.0226,39.97,True,0.203,2021,False
78cb83f3,KOK Williams,133,131.33,788,1131,51,8.612,15.45,3.0,8.0,16.0,0.0526,38.83,True,0.2632,2022,False
a316d663,GC Viljoen,133,130.5,783,1190,50,9.119,15.66,3.0,9.0,15.8,0.015,39.85,True,0.2857,2026,True
d167edd3,SM Boland,132,130.33,782,1097,42,8.417,18.62,2.1,8.0,15.0,0.0303,39.51,True,0.2424,2023,False
2a72fd4f,Harmeet Singh,132,130.33,782,992,38,7.611,20.58,2.1,7.0,13.9,0.0076,35.55,True,0.1667,2026,True
ee0c05c0,NA Sowter,143,129.17,775,1091,44,8.446,17.61,2.52,8.0,14.88,0.035,32.65,True,0.1554,2026,True
e4cdf230,AS Roy,128,126.67,760,981,28,7.745,27.14,3.0,7.0,14.0,0.0156,35.39,True,0.1719,2026,True
f1c61793,JD Wildermuth,127,126.33,758,1049,32,8.303,23.69,3.0,7.0,15.0,0.0157,36.54,True,0.2441,2025,True
3f659464,OP Stone,131,126.17,757,1151,43,9.123,17.6,2.0,8.0,17.0,0.0305,41.08,True,0.3008,2026,True
db31895a,AS Rajpoot,128,126.0,756,1026,46,8.143,16.43,3.0,7.25,14.3,0.0625,45.24,True,0.1953,2021,False
3204c99f,G Coetzee,127,125.33,752,1169,52,9.327,14.46,3.0,9.0,15.0,0.0472,42.42,True,0.3071,2025,True
327b58d3,PVD Chameera,125,124.67,748,1120,36,8.984,20.78,3.0,8.0,16.6,0.032,43.05,True,0.28,2026,True
7c8f533d,JS Paris,127,124.33,746,1073,41,8.63,18.2,3.0,7.0,15.0,0.0236,42.63,True,0.2362,2025,True
ded9ff1e,JNT Seales,126,124.17,745,1130,32,9.101,23.28,2.0,9.0,16.5,0.0238,42.68,True,0.3413,2026,True
9caf69a1,WG Jacks,127,124.0,744,957,39,7.718,19.08,2.4,7.0,14.64,0.0394,37.1,True,0.1667,2026,True
54e52590,Vijaykumar Vyshak,123,122.5,735,1217,37,9.935,19.86,4.0,9.0,17.8,0.0488,31.84,True,0.3415,2026,True
0a67aec0,Akash Deep,123,122.17,733,1047,35,8.57,20.94,2.2,8.0,15.0,0.0163,42.84,True,0.2358,2025,True
4bd09374,Akash Madhwal,124,122.0,732,1073,42,8.795,17.43,3.0,9.0,15.0,0.0403,40.03,True,0.2581,2025,True
3fb19989,MA Starc,123,121.83,731,1217,52,9.989,14.06,3.2,9.0,16.8,0.0894,41.31,True,0.3333,2026,True
679cd31e,SJ Cook,139,121.83,731,1126,49,9.242,14.92,3.6,7.2,18.24,0.0288,36.94,True,0.1986,2026,True
6dd8b88c,Usama Mir,125,121.33,728,974,37,8.027,19.68,3.0,7.0,15.36,0.032,34.75,True,0.2266,2026,True
d3611425,LI Meriwala,123,120.67,724,860,54,7.127,13.41,2.0,6.0,12.8,0.0894,41.44,True,0.1463,2024,False
765a4731,Mukesh Choudhary,122,120.67,724,1110,41,9.199,17.66,4.0,8.0,16.0,0.0574,43.51,True,0.2705,2026,True
4312e8f9,A Sheth,121,120.17,721,950,45,7.906,16.02,3.0,7.0,14.0,0.0661,41.05,True,0.2231,2024,False
68e26ec9,M Kelly,122,120.17,721,997,47,8.297,15.34,3.0,8.0,14.9,0.041,38.28,True,0.1967,2024,False
9061a703,J Little,126,119.67,718,1092,46,9.125,15.61,2.4,8.0,16.9,0.0476,40.25,True,0.2812,2024,False
3a60e0b5,WD Parnell,127,119.33,716,1100,54,9.218,13.26,2.0,8.4,16.0,0.0787,40.5,True,0.2992,2023,False
9d704f6f,SZ Mulani,117,117.17,703,783,35,6.683,20.09,2.0,6.0,12.0,0.0342,43.1,True,0.1538,2024,False
77b1aa15,Harshit Rana,118,117.17,703,1105,42,9.431,16.74,3.0,9.0,15.3,0.0339,39.83,True,0.3051,2025,True
c4d9634c,RRS Cornwall,117,116.5,699,911,34,7.82,20.56,3.0,7.0,14.0,0.0427,42.35,True,0.1795,2026,True
519c30cb,CJ Gannon,117,116.17,697,1052,37,9.056,18.84,3.0,9.0,16.0,0.0256,35.58,True,0.265,2026,True
09a71776,Satyajeet Bachhav,116,116.0,696,755,40,6.509,17.4,2.0,6.0,11.5,0.0517,39.22,True,0.1034,2021,False
81049310,J Yadav,116,115.83,695,797,24,6.881,28.96,2.5,6.0,12.0,0.0172,37.55,True,0.1207,2023,False
003d49e6,JJ Bazley,116,115.17,691,1008,33,8.753,20.94,3.0,8.0,15.8,0.0172,33.57,True,0.2414,2024,False
b8527c3d,Rasikh Salam,116,115.0,690,1076,38,9.357,18.16,4.0,9.0,16.0,0.0517,35.51,True,0.2586,2026,True
a457cfb5,Mayank Dagar,115,114.83,689,702,29,6.113,23.76,2.0,5.0,11.0,0.0348,41.65,True,0.087,2024,False
055be93a,HTRY Thornton,115,114.67,688,990,50,8.634,13.76,3.0,8.0,15.0,0.0696,40.41,True,0.2522,2025,True
f29185a1,Abhishek Sharma,114,113.83,683,896,25,7.871,27.32,3.0,7.0,13.0,0.0263,35.14,True,0.1842,2026,True
871e9faf,Basil Thampi,115,113.0,678,1000,32,8.85,21.19,2.64,8.0,16.0,0.0261,39.38,True,0.2696,2022,False
9de62878,Shadab Khan,113,112.83,677,881,34,7.808,19.91,3.0,7.2,13.84,0.0265,34.56,True,0.2105,2026,True
f2c936d7,MJ Owen,116,112.83,677,1158,41,10.263,16.51,4.0,9.0,21.0,0.0517,30.58,True,0.3017,2026,True
e1e7f950,Akshay Karnewar,113,112.83,677,612,35,5.424,19.34,1.2,4.0,11.0,0.0619,46.38,True,0.0885,2022,False
26a85969,R Dhawan,113,112.5,675,859,41,7.636,16.46,3.0,7.0,13.0,0.0531,40.15,True,0.1858,2024,False
cdc6bdba,S Sandeep Warrier,114,112.33,674,846,31,7.531,21.74,2.0,7.0,14.7,0.0263,49.11,True,0.193,2024,False
e7de4f6b,RR Emrit,112,111.0,666,926,31,8.342,21.48,2.1,8.0,14.0,0.0357,38.59,True,0.2232,2020,False
b08e58e2,LR Morris,112,110.83,665,918,40,8.283,16.62,3.0,8.0,14.0,0.0357,42.26,True,0.2589,2024,False
2e78f685,KR Sen,114,110.5,663,985,29,8.914,22.86,3.0,8.5,16.0,0.0175,39.06,True,0.2281,2024,False
05c2ca46,RE van der Merwe,111,110.5,663,913,46,8.262,14.41,4.0,7.0,15.0,0.0541,32.43,True,0.1765,2023,False
81c08fa3,Umran Malik,111,110.17,661,954,42,8.66,15.74,2.0,8.0,16.0,0.0721,45.54,True,0.2703,2024,False
be869ccf,GHS Garton,114,107.0,642,1012,34,9.458,18.88,3.18,9.0,16.8,0.0439,40.19,True,0.2712,2025,True
e412cb64,HF Gurney,106,106.0,636,814,33,7.679,19.27,3.0,6.5,13.0,0.0,36.64,True,0.1887,2019,False
a4e37e47,S Dube,106,105.67,634,905,28,8.565,22.64,2.0,7.0,16.5,0.0189,30.6,True,0.2642,2026,True
18fac429,SR Patel,112,105.67,634,897,33,8.489,19.21,3.0,7.2,16.62,0.0446,34.54,True,0.1795,2025,True
54c2b697,M Pretorius,105,105.0,630,1007,32,9.59,19.69,3.0,9.0,17.0,0.0286,34.6,True,0.2952,2024,False
d7725664,RA Reifer,108,104.67,628,969,45,9.258,13.96,3.0,8.0,17.0,0.0741,35.83,True,0.2685,2024,False
894b2d25,MJ Potts,122,104.17,625,998,27,9.581,23.15,3.6,8.7,16.41,0.0164,33.76,True,0.192,2026,True
f6d8a7ab,K Kartikeya,103,103.0,618,762,30,7.398,20.6,2.2,6.0,14.8,0.0388,38.67,True,0.1942,2025,True
83d17bbc,MW Forde,104,103.0,618,860,34,8.35,18.18,2.0,7.5,16.0,0.0481,46.44,True,0.2212,2026,True
9c9af282,Naseem Shah,104,103.0,618,801,34,7.777,18.18,2.0,7.0,14.0,0.0192,44.82,True,0.2115,2026,True
1ac2a995,HR Walsh,103,102.33,614,808,36,7.896,17.06,2.0,8.0,15.0,0.0291,43.0,True,0.2233,2024,False
1f84183a,Nikhil Chaudhary,102,102.0,612,825,25,8.088,24.48,3.06,8.0,12.0,0.0196,31.05,True,0.125,2026,True
97b0e4ff,SC van Schalkwyk,103,101.83,611,1005,35,9.869,17.46,4.0,9.0,17.8,0.0583,33.22,True,0.3398,2026,True
fb2d1dda,N Rana,104,101.17,607,740,33,7.315,18.39,2.3,6.0,13.7,0.0288,34.43,True,0.1346,2026,True
9d80c5e1,S Nadeem,101,100.83,605,779,22,7.726,27.5,3.0,7.0,14.0,0.0297,31.24,True,0.198,2021,False
9ca68676,AM Ghazanfar,102,100.67,604,838,33,8.325,18.3,3.0,8.0,15.0,0.049,35.1,True,0.2549,2026,True
1d2f290a,JA Thompson,113,99.67,598,937,35,9.401,17.09,3.6,8.4,15.6,0.0177,31.1,True,0.2368,2026,True
cd8d2859,DG Nalkande,101,99.67,598,807,51,8.097,11.73,2.0,7.0,15.0,0.1089,42.98,True,0.2178,2024,False
ab21795b,BAD Manenti,100,99.5,597,728,22,7.317,27.14,3.9,6.0,13.0,0.0,31.16,True,0.16,2025,True
6a26221c,AK Markram,101,99.0,594,797,24,8.051,24.75,4.0,7.0,14.0,0.0297,31.31,True,0.1485,2026,True
783e6111,Chirag Jani,101,98.83,593,771,23,7.801,25.78,3.0,7.0,14.0,0.0198,34.57,True,0.198,2024,False
e94d1dcd,Usman Tariq,99,98.67,592,687,40,6.963,14.8,2.0,6.0,13.2,0.0505,43.58,True,0.1058,2026,True
8f6dd463,Azmatullah Omarzai,98,98.0,588,917,29,9.357,20.28,2.7,9.0,16.0,0.0306,38.44,True,0.3061,2026,True
eaa76d3c,C Green,98,97.17,583,919,23,9.458,25.35,4.0,9.0,17.0,0.0102,36.19,True,0.2653,2026,True
30df8c66,Simarjeet Singh,97,97.0,582,837,33,8.629,17.64,2.0,9.0,15.0,0.0206,47.94,True,0.2474,2025,True
983f2f61,Swapnil Singh,97,96.67,580,659,29,6.817,20.0,2.0,6.0,13.2,0.0206,38.79,True,0.1546,2024,False
fef92afc,SC Kuggeleijn,97,95.33,572,864,39,9.063,14.67,3.0,9.0,16.0,0.0515,42.13,True,0.2887,2024,False
9a963804,LE Plunkett,97,95.17,571,850,31,8.932,18.42,4.0,8.0,15.4,0.0206,31.17,True,0.2371,2025,True
4175d211,SK Springer,95,94.83,569,912,35,9.617,16.26,3.0,8.0,17.0,0.0421,33.22,True,0.3368,2026,True
3d8feaf8,MR Marsh,96,94.33,566,836,32,8.862,17.69,3.5,8.5,15.0,0.0417,32.51,True,0.2577,2024,False
d330f9b9,Dharmendrasinh Jadeja,95,94.17,565,678,18,7.2,31.39,3.0,6.0,14.0,0.0,34.51,True,0.1158,2024,False
4a15018a,Harsh Tyagi,95,94.17,565,659,18,6.998,31.39,2.4,6.0,12.6,0.0,35.22,True,0.1263,2024,False
ec9fc54b,Akshay Wakhare,94,93.67,562,613,25,6.544,22.48,2.0,5.0,12.0,0.0,40.39,True,0.117,2022,False
f752db61,JL Pattinson,95,93.33,560,786,27,8.421,20.74,3.0,8.0,15.2,0.0211,37.86,True,0.2421,2021,False
7b5b6311,CV Milind,96,93.17,559,707,32,7.589,17.47,2.0,7.0,13.75,0.0625,40.25,True,0.2083,2023,False
5750bcb4,E Malinga,94,93.0,558,851,37,9.151,15.08,3.0,9.0,16.7,0.0319,34.77,True,0.234,2026,True
fcc21ace,A Kamboj,94,92.83,557,897,37,9.662,15.05,2.3,9.0,15.7,0.0319,41.47,True,0.3298,2026,True
56b93d46,BJ Webster,93,92.0,552,679,20,7.38,27.6,3.2,7.0,12.8,0.0215,28.44,True,0.1183,2025,True
70d57519,AAP Atkinson,103,91.83,551,786,31,8.559,17.77,2.52,8.4,14.32,0.0388,45.74,True,0.1553,2026,True
0f6db197,S Mahmood,102,91.67,550,873,35,9.524,15.71,3.6,9.6,16.68,0.049,40.73,True,0.2453,2026,True
4b685e2d,DW Lawrence,92,91.17,547,766,21,8.402,26.05,4.0,8.0,13.95,0.0326,31.26,True,0.1717,2026,True
13fc5c6d,DS Rathi,91,91.0,546,826,19,9.077,28.74,4.0,8.0,15.0,0.0,28.39,True,0.2088,2026,True
01ada0ed,A Nagwaswalla,92,90.5,543,641,36,7.083,15.08,1.0,6.0,13.9,0.0652,46.59,True,0.1848,2023,False
ccae927b,Azim Kazi,90,89.33,536,622,24,6.963,22.33,3.0,6.5,12.1,0.0111,38.25,True,0.1,2021,False
f3abd0c9,DR Briggs,96,87.67,526,693,27,7.905,19.48,3.0,7.2,15.0,0.0208,31.75,True,0.1429,2025,True
8998a68f,Sumit Kumar,89,87.67,526,661,36,7.54,14.61,2.0,7.0,14.2,0.0562,36.5,True,0.1348,2024,False
f6cb1703,Vasuki Koushik,88,87.17,523,693,29,7.95,18.03,2.0,7.5,14.3,0.0568,43.21,True,0.1932,2022,False
8b5b6769,Harbhajan Singh,87,86.83,521,694,23,7.992,22.65,2.0,7.0,15.0,0.023,40.88,True,0.2069,2021,False
c96f6ac5,PWA Mulder,88,86.17,517,864,22,10.027,23.5,4.0,10.0,16.0,0.0114,35.2,True,0.4091,2026,True
edb3d4f8,KC Cariappa,86,86.0,516,487,23,5.663,22.43,2.0,5.0,10.5,0.0465,43.41,True,0.093,2023,False
fcf6b0f6,RR Simmonds,87,85.83,515,772,27,8.994,19.07,4.0,9.0,16.0,0.023,33.01,True,0.25,2026,True
f0af99a7,D Ferreira,85,85.67,514,642,22,7.494,23.36,3.0,6.0,14.0,0.0353,32.68,True,0.1609,2026,True
808f425a,JP Faulkner,88,85.5,513,686,36,8.023,14.25,3.0,7.0,15.0,0.0682,39.77,True,0.1818,2020,False
8f3fde65,LC Hatcher,86,84.83,509,737,27,8.688,18.85,3.0,8.0,15.0,0.0581,39.69,True,0.2907,2025,True
641ac5ff,IS Sodhi,89,84.33,506,685,23,8.123,22.0,2.4,7.2,16.16,0.0337,35.77,True,0.1413,2025,True
52cb36a0,Manisankar Murasingh,84,84.0,504,611,18,7.274,28.0,2.0,6.5,14.0,0.0,46.03,True,0.1905,2023,False
51a3c5ef,MJ McClenaghan,84,84.0,504,708,25,8.429,20.16,3.0,8.0,13.0,0.0476,42.66,True,0.2024,2019,False
c8f697bd,SM Fallah,85,83.83,503,591,22,7.05,22.86,3.0,6.0,12.0,0.0,43.14,True,0.1412,2020,False
1cfac535,CP Wood,96,82.17,493,685,28,8.337,17.61,2.4,7.2,16.8,0.0312,37.93,True,0.1649,2026,True
80b2fb19,Prince Yadav,82,81.83,491,750,22,9.165,22.32,4.0,8.5,15.9,0.0366,36.46,True,0.2439,2026,True
f0e293b0,Zahoor Khan,81,81.0,486,696,22,8.593,22.09,4.0,7.0,16.0,0.037,34.57,True,0.2593,2025,True
e087956b,BA Stokes,81,80.33,482,757,19,9.423,25.37,5.0,9.0,15.0,0.0,33.4,True,0.2771,2024,False
272fc5ad,HNA Conway,82,80.17,481,682,20,8.507,24.05,3.0,8.0,14.0,0.0122,32.43,True,0.2439,2022,False
fdf7491e,IC Porel,80,80.0,480,534,27,6.675,17.78,2.0,6.0,11.1,0.075,47.29,True,0.1,2023,False
3d0ed2f9,JT Ball,88,79.33,476,737,31,9.29,15.35,3.6,8.4,15.72,0.0682,35.5,True,0.236,2024,False
ade90de7,S Midhun,80,79.33,476,533,23,6.718,20.7,2.0,6.0,12.1,0.025,37.61,True,0.125,2022,False
45f56920,JD Cook,79,79.0,474,600,24,7.595,19.75,2.8,7.0,13.2,0.0253,35.65,True,0.2152,2020,False
4948a916,Ashutosh Aman,79,79.0,474,477,27,6.038,17.56,2.0,5.0,11.0,0.0506,37.55,True,0.0886,2022,False
23638956,SR Harmer,79,79.0,474,598,13,7.57,36.46,3.0,6.0,13.0,0.0,32.49,True,0.1519,2025,True
c13e34f4,Haider Ali,79,79.0,474,493,19,6.241,24.95,2.0,6.0,11.0,0.0,39.66,True,0.0633,2025,True
7dfb8890,S Muthusamy,80,78.83,473,585,27,7.421,17.52,3.0,7.0,13.0,0.0375,30.02,True,0.1625,2025,True
15deff66,Bishworjit Konthoujam,79,77.83,467,540,20,6.938,23.35,2.0,6.0,14.0,0.038,44.33,True,0.1519,2023,False
ce2b42ae,Darshan Misal,78,77.5,465,564,15,7.277,31.0,2.0,7.0,14.0,0.0,34.41,True,0.1667,2022,False
1b7c4d69,M Mohammed,77,77.0,462,575,26,7.468,17.77,3.0,6.0,13.0,0.039,32.9,True,0.1429,2023,False
fa73f373,Vikas Yadav,77,77.0,462,501,20,6.506,23.1,3.0,6.0,11.0,0.013,33.77,True,0.0909,2021,False
a63563c0,Diwesh Pathania,76,76.0,456,579,20,7.618,22.8,2.0,7.0,13.0,0.0132,42.11,True,0.1579,2021,False
92b7602a,AR Nedd,76,75.83,455,547,19,7.213,23.95,2.0,6.0,15.0,0.0263,43.96,True,0.1579,2026,True
5e3054d0,PG Dooley,76,75.83,455,577,26,7.609,17.5,3.0,7.0,12.5,0.0526,35.16,True,0.1447,2025,True
449f4e3c,B Muzarabani,77,75.67,454,585,27,7.731,16.81,2.76,7.0,14.4,0.0519,43.83,True,0.1923,2026,True
5ec41cd7,Jasdeep Singh,76,75.33,452,688,27,9.133,16.74,3.0,8.5,17.0,0.0395,39.16,True,0.3158,2026,True
b3118300,Wahab Riaz,76,75.17,451,600,24,7.982,18.79,2.5,7.0,14.5,0.0263,44.79,True,0.1818,2022,False
97290faf,S Joseph,76,74.5,447,654,25,8.779,17.88,4.0,8.5,15.0,0.0395,42.73,True,0.25,2026,True
bf6e03ea,K V Sasikanth,75,74.5,447,641,19,8.604,23.53,4.0,8.0,15.0,0.0133,31.54,True,0.24,2023,False
cad40f5e,BA Carse,81,73.83,443,725,22,9.819,20.14,3.6,9.0,19.2,0.0123,38.83,True,0.2471,2026,True
4af886ed,Lakshay Garg,75,73.83,443,611,21,8.275,21.1,2.0,9.0,14.0,0.0133,37.25,True,0.32,2023,False
7517d134,CA Rose,74,73.83,443,624,13,8.451,34.08,3.3,7.0,15.7,0.0,33.18,True,0.2568,2019,False
94d7f855,C de Grandhomme,75,73.67,442,690,9,9.367,49.11,4.0,8.0,17.0,0.0,24.66,True,0.2933,2022,False
22b98d7c,TW Hartley,80,73.33,440,610,31,8.318,14.19,3.6,8.4,14.4,0.075,33.18,True,0.125,2025,True
8db0c0e1,Sagar Udeshi,73,73.0,438,434,15,5.945,29.2,1.2,6.0,11.0,0.0,43.38,True,0.0822,2022,False
fcd1dd35,Ayush Jamwal,73,72.33,434,436,13,6.028,33.38,2.0,5.0,10.8,0.0274,42.4,True,0.0685,2021,False
e84ac20c,MJ Henry,81,72.17,433,689,23,9.547,18.83,2.4,8.4,17.0,0.0123,40.18,True,0.3012,2026,True
fe366f34,C Connolly,73,72.0,432,493,27,6.847,16.0,3.0,6.0,12.0,0.0411,39.58,True,0.137,2025,True
31ee319e,Ajay Mandal,72,72.0,432,495,23,6.875,18.78,3.0,6.5,12.0,0.0278,35.19,True,0.1389,2023,False
8a58f203,R Ugarkar,74,71.5,429,641,23,8.965,18.65,4.0,8.0,15.7,0.0,30.54,True,0.2162,2026,True
f0a0204e,MS Crane,62,71.5,429,611,25,8.545,17.16,3.6,8.4,15.48,0.0323,33.33,True,0.1647,2026,True
e5218454,JB Lintott,69,71.5,429,579,22,8.098,19.5,3.0,7.2,14.4,0.0435,31.24,True,0.1585,2023,False
798cc28e,KM Asif,74,71.33,428,637,20,8.93,21.4,4.0,9.0,15.0,0.0135,38.79,True,0.2568,2023,False
bee290b6,Suboth Bhati,72,71.17,427,568,30,7.981,14.23,2.1,8.0,14.0,0.0417,40.52,True,0.1944,2021,False
a1d95bd8,LB Williams,71,71.0,426,657,31,9.254,13.74,4.0,8.0,15.0,0.0563,41.78,True,0.2917,2025,True
0a3d54b9,VR Aaron,71,70.83,425,668,22,9.431,19.32,3.0,9.0,17.0,0.0282,41.18,True,0.3662,2022,False
66162077,J Bishop,71,70.83,425,531,19,7.496,22.37,2.0,6.0,14.0,0.0,44.47,True,0.1831,2026,True
8f607eea,NA Rathva,70,70.0,420,473,27,6.757,15.56,2.0,5.5,13.0,0.0429,38.1,True,0.1714,2023,False
ac2e7ec0,T Murphy,69,69.0,414,465,21,6.739,19.71,2.8,6.0,12.0,0.0145,35.02,True,0.1159,2025,True
ac5ae4af,I Udana,69,69.0,414,649,22,9.406,18.82,4.0,9.0,15.0,0.0435,34.06,True,0.3333,2022,False
481dd6dc,Abhay Negi,68,68.0,408,503,17,7.397,24.0,2.0,6.0,15.0,0.0147,45.83,True,0.1912,2020,False
78dfe704,V Permaul,68,67.67,406,480,16,7.094,25.38,2.0,6.5,13.0,0.0441,43.84,True,0.1765,2024,False
d68e7f48,R Rampaul,69,67.67,406,581,34,8.586,11.94,2.0,7.0,16.2,0.087,45.32,True,0.2899,2022,False
911d04ad,Gurinder Singh,67,67.0,402,470,18,7.015,22.33,1.6,6.0,13.0,0.0299,40.8,True,0.1642,2021,False
ee1b6c27,N Thushara,67,66.5,399,629,21,9.459,19.0,4.0,9.0,17.0,0.0746,33.08,True,0.3284,2025,True
f62772e5,P Negi,67,66.17,397,526,16,7.95,24.81,2.0,6.0,14.0,0.0149,36.52,True,0.2687,2020,False
3bc10d5b,Pankaj Jaswal,67,66.0,396,488,29,7.394,13.66,2.0,7.0,14.8,0.0448,42.68,True,0.1791,2022,False
f7d267f7,NP Kenjige,67,66.0,396,508,22,7.697,18.0,2.0,6.0,15.0,0.0149,40.66,True,0.209,2026,True
fc55ec67,MR Adair,67,65.83,395,505,18,7.671,21.94,2.0,8.0,13.8,0.0299,43.29,True,0.1791,2025,True
79f8472d,Mohammad Mohsin,66,65.83,395,582,18,8.841,21.94,3.0,7.5,15.0,0.0606,31.65,True,0.2576,2026,True
10636efb,Ajay Sarkar,66,65.5,393,456,13,6.962,30.23,2.0,6.5,13.0,0.0303,43.51,True,0.194,2023,False
d6ac52e8,Akhilesh Sahani,67,65.5,393,530,25,8.092,15.72,3.0,8.0,13.4,0.0597,37.4,True,0.1642,2021,False
33742f04,Usman Qadir,65,65.0,390,561,16,8.631,24.38,4.0,7.0,16.6,0.0,29.49,True,0.2308,2022,False
ba5e1069,R Ravindra,70,64.83,389,501,35,7.728,11.11,1.92,6.5,16.0,0.0857,42.42,True,0.1831,2026,True
18e6906e,A Choudhary,65,64.67,388,428,24,6.619,16.17,2.0,6.0,11.6,0.0308,48.71,True,0.0923,2022,False
6c7a68d0,Shubham Ranjane,65,64.5,387,493,16,7.643,24.19,3.0,7.0,13.2,0.0154,29.2,True,0.1385,2026,True
1f1b4c89,JC Tongue,78,64.33,386,538,35,8.363,11.03,2.4,8.4,13.92,0.0641,45.08,True,0.1026,2026,True
0a4c6dfd,Arshad Khan,68,64.0,384,700,18,10.938,21.33,3.7,10.5,21.0,0.0,38.02,True,0.3824,2026,True
97114e80,Mukhtar Hussain,64,64.0,384,512,22,8.0,17.45,3.0,7.0,13.0,0.0625,45.57,True,0.2188,2023,False
d4b8ea98,Sayan Ghosh,65,64.0,384,449,24,7.016,16.0,2.4,7.0,12.0,0.0462,40.36,True,0.1077,2024,False
c2ed5822,Lalhruai Ralte,64,64.0,384,618,13,9.656,29.54,3.0,10.0,15.0,0.0469,35.16,True,0.4062,2023,False
63bfb5fc,Chintan Gaja,65,63.83,383,458,24,7.175,15.96,2.0,6.0,14.0,0.0308,46.74,True,0.2,2023,False
a24be938,VR Iyer,64,63.5,381,529,18,8.331,21.17,3.0,8.5,14.0,0.0156,34.65,True,0.2188,2024,False
f1f99156,TH David,66,63.33,380,549,7,8.668,54.29,3.0,8.0,15.0,0.0152,28.16,True,0.194,2026,True
b483905d,Akash Singh,64,63.17,379,579,17,9.166,22.29,3.0,9.0,15.7,0.0,38.26,True,0.25,2026,True
0c0ef3fb,Baltej Singh,63,63.0,378,483,24,7.667,15.75,2.0,7.0,14.8,0.0794,44.97,True,0.2222,2023,False
5f39537c,Ravi Teja,63,62.83,377,446,27,7.098,13.96,3.0,7.0,12.8,0.0635,36.6,True,0.127,2023,False
7a490dec,C le Roux,63,62.5,375,567,15,9.072,25.0,4.0,9.0,14.8,0.0635,37.6,True,0.2857,2026,True
8254ea06,HP Patel,63,62.17,373,388,19,6.241,19.63,2.0,7.0,11.0,0.0159,40.75,True,0.0635,2022,False
73ad96ed,DJ Hooda,62,62.0,372,498,8,8.032,46.5,3.0,7.0,13.9,0.0,31.99,True,0.2258,2025,True
45a62071,T Hinds,64,62.0,372,642,20,10.355,18.6,4.0,10.0,19.7,0.0469,32.8,True,0.375,2026,True
66cf56a5,A Mithun,62,62.0,372,494,19,7.968,19.58,3.0,7.0,13.9,0.0161,37.9,True,0.2258,2020,False
9170ff49,Parvez Rasool,62,62.0,372,395,17,6.371,21.88,3.0,5.5,10.9,0.0161,33.06,True,0.0968,2021,False
76a33e00,Imliwati Lemtur,63,61.83,371,442,14,7.148,26.5,3.0,6.0,14.6,0.0159,39.35,True,0.127,2023,False
098a757c,Muhammad Jawadullah,62,61.5,369,524,19,8.52,19.42,3.0,8.0,15.0,0.0484,40.38,True,0.2581,2025,True
f705d984,Fabid Ahmed,62,61.33,368,396,13,6.457,28.31,2.0,6.0,11.9,0.0323,39.95,True,0.1129,2021,False
107c26fb,KT Maphaka,62,61.33,368,644,12,10.5,30.67,4.0,10.0,18.0,0.0161,38.32,True,0.3387,2025,True
4a745f65,AR Nurse,62,61.33,368,463,12,7.549,30.67,2.1,7.5,13.0,0.0,40.49,True,0.2258,2021,False
41eb4a4f,R Vinay Kumar,62,61.17,367,438,24,7.161,15.29,1.0,7.0,13.9,0.0968,46.59,True,0.2097,2019,False
e38bce7a,MG Bracewell,61,61.17,367,554,18,9.057,20.39,4.0,7.2,16.0,0.0492,30.79,True,0.2462,2026,True
33ffc3dd,R Sanjay Yadav,61,61.0,366,418,14,6.852,26.14,2.0,6.0,13.0,0.0164,42.08,True,0.1311,2023,False
a3690f55,Khuzaima Tanveer,63,61.0,366,477,24,7.82,15.25,3.0,7.0,13.0,0.0952,42.9,True,0.1746,2025,True
249abedf,Jalaj S Saxena,61,61.0,366,388,20,6.361,18.3,2.0,7.0,10.0,0.0328,42.9,True,0.082,2023,False
a0d66374,T Pradeep,61,61.0,366,553,15,9.066,24.4,2.0,8.0,16.0,0.0164,36.89,True,0.3115,2022,False
96824e68,CP Tremain,61,60.83,365,490,14,8.055,26.07,2.0,8.0,13.0,0.0,39.45,True,0.2131,2020,False
c5f40e35,SW Currie,71,60.83,365,566,21,9.304,17.38,3.6,8.4,13.2,0.0141,31.23,True,0.0933,2026,True
48bf9d5c,Cheepurapalli Stephen,61,60.67,364,385,28,6.346,13.0,1.0,6.0,12.0,0.082,49.73,True,0.1311,2023,False
2a6afc6f,Saurabh Kumar,61,60.33,362,443,16,7.343,22.62,3.0,7.0,13.0,0.0328,34.25,True,0.1639,2021,False
8891669e,CD Hinchliffe,60,60.0,360,483,19,8.05,18.95,4.0,7.5,14.0,0.0,26.94,True,0.1833,2022,False
650d5e49,R Powell,62,60.0,360,640,17,10.667,21.18,5.0,10.0,18.0,0.0161,27.22,True,0.3871,2026,True
66ea7420,G Lalbiakvela,60,60.0,360,580,11,9.667,32.73,4.0,8.0,14.2,0.0,30.83,True,0.3167,2023,False
791c088d,Harishankar Reddy,60,59.83,359,544,16,9.092,22.44,4.0,9.0,14.2,0.0333,36.49,True,0.25,2023,False
5f317fd4,JA Prestwidge,60,59.33,356,494,17,8.326,20.94,3.9,8.0,13.28,0.0333,37.08,True,0.2333,2022,False
dddca1d6,SB Wagh,60,59.17,355,402,23,6.794,15.43,2.0,6.0,12.0,0.0333,45.07,True,0.1,2021,False
e342d310,Pritam Das,60,59.0,354,459,16,7.78,22.12,2.0,7.0,13.1,0.0333,38.42,True,0.1833,2021,False
7cb2d9d2,DM Dupavillon,59,58.83,353,555,22,9.433,16.05,2.8,9.0,18.0,0.0508,44.76,True,0.2712,2024,False
0f60513c,Akash Choudhary,59,58.17,349,412,19,7.083,18.37,3.0,6.0,14.0,0.0339,46.7,True,0.1356,2023,False
2b85c8e6,JL Jaggesar,58,58.0,348,442,16,7.621,21.75,2.0,7.0,13.3,0.0345,42.24,True,0.2241,2022,False
64d43928,Sohail Tanvir,58,57.5,345,473,17,8.226,20.29,2.0,7.0,15.3,0.0345,46.38,True,0.2586,2020,False
44a18ad8,J Royal,58,57.33,344,446,19,7.779,18.11,2.0,8.0,14.3,0.0345,45.64,True,0.1897,2026,True
de4b0555,R Shukla,57,57.0,342,504,22,8.842,15.55,3.0,8.0,15.0,0.0877,37.43,True,0.2281,2021,False
4885bbe6,Yudhvir Singh,57,57.0,342,521,18,9.14,19.0,1.6,9.0,16.0,0.0526,44.74,True,0.3333,2025,True
74a274cc,TG Helm,68,56.67,340,573,25,10.112,13.6,2.82,9.6,18.0,0.0441,36.76,True,0.2319,2026,True
4167f30b,IG Holland,57,56.5,339,480,23,8.496,14.74,3.0,8.0,15.4,0.0526,33.63,True,0.193,2026,True
13903f13,Tahmeed Rahman,57,56.5,339,482,12,8.531,28.25,3.0,7.0,16.4,0.0175,30.97,True,0.2105,2023,False
218d4d78,MT Renshaw,57,56.17,337,425,14,7.567,24.07,3.6,6.0,13.0,0.0,29.97,True,0.1404,2025,True
f1809c03,Tanay Thyagarajan,56,56.0,336,348,9,6.214,37.33,3.0,6.0,9.5,0.0,37.8,True,0.0536,2023,False
210b05cb,Ehsan Adil,56,56.0,336,523,12,9.339,28.0,2.5,9.0,18.0,0.0179,38.99,True,0.2982,2026,True
0994d0ae,V Shankar,58,55.83,335,435,13,7.791,25.77,3.0,6.5,14.3,0.0172,37.91,True,0.2241,2022,False
c90346a0,D Jansen,56,55.83,335,496,16,8.884,20.94,3.5,8.0,15.0,0.0357,42.09,True,0.2679,2025,True
d2d15439,Aayan Afzal Khan,56,55.83,335,368,24,6.591,13.96,2.0,5.0,11.0,0.0357,38.81,True,0.0893,2025,True
aad0c365,Nithish Kumar Reddy,56,55.17,331,599,13,10.858,25.46,4.5,11.0,17.0,0.0,29.91,True,0.4464,2026,True
78c12883,S Baker,64,55.17,331,509,24,9.227,13.79,3.6,9.6,16.8,0.0469,40.48,True,0.1618,2026,True
9c643d7b,JM Coles,56,55.0,330,442,16,8.036,20.62,3.3,7.2,15.6,0.0,32.73,True,0.1587,2026,True
99c81226,Zia-ul-Haq,55,55.0,330,459,14,8.345,23.57,3.4,8.0,13.0,0.0364,46.36,True,0.2545,2025,True
28392e11,Zaman Khan,58,54.17,325,466,16,8.603,20.31,4.0,8.0,14.12,0.0345,29.85,True,0.1525,2025,True
3bc94fb9,Arun Chaprana,55,54.17,325,403,16,7.44,20.31,2.4,7.0,13.6,0.0182,41.85,True,0.2182,2020,False
caabc8e4,Mohit Kumar,54,53.17,319,395,22,7.429,14.5,3.0,6.0,13.0,0.0185,40.75,True,0.1852,2020,False
7c2e7c17,Kanwar Abhinay,53,53.0,318,373,12,7.038,26.5,2.0,6.0,13.8,0.0566,44.03,True,0.1509,2022,False
de00b96c,Mayank Mishra,53,52.83,317,368,18,6.965,17.61,2.0,5.0,15.0,0.0377,42.27,True,0.2075,2022,False
7b5235a6,Pappu Roy,53,52.67,316,302,19,5.734,16.63,2.0,5.0,11.0,0.0566,48.1,True,0.0755,2020,False
663b5e34,PN Mankad,53,52.5,315,460,16,8.762,19.69,4.0,8.0,15.0,0.0189,26.03,True,0.2642,2024,False
62e203d4,Junaid Siddique,53,52.17,313,448,16,8.588,19.56,3.0,8.0,14.8,0.0943,45.05,True,0.2453,2025,True
779b7f4d,Roosh Kalaria,53,52.17,313,398,19,7.629,16.47,2.2,6.0,15.0,0.0,41.85,True,0.1887,2022,False
e7dd5eca,SL Rainbird,53,52.17,313,475,11,9.105,28.45,3.2,9.0,16.8,0.0189,31.31,True,0.2264,2021,False
c042b412,FJ Klaassen,55,52.0,312,469,17,9.019,18.35,3.0,9.0,15.6,0.0364,37.82,True,0.1607,2025,True
8596fe80,Mohammad Hasnain,55,52.0,312,468,20,9.0,15.6,3.24,8.4,15.6,0.0727,49.36,True,0.2727,2024,False
c5cc48bc,MJJ Critchley,55,51.33,308,483,13,9.409,23.69,3.6,9.0,15.6,0.0,26.62,True,0.2,2024,False
3b63b5cc,Shiva Singh,52,51.17,307,344,7,6.723,43.86,2.0,7.0,12.0,0.0,37.79,True,0.1346,2023,False
dda5aae5,JK Fuller,58,51.0,306,465,10,9.118,30.6,2.4,8.4,14.88,0.0172,37.91,True,0.2241,2024,False
e4072aa1,AH Hooda,51,51.0,306,356,16,6.98,19.12,2.0,6.0,13.0,0.0392,49.02,True,0.1569,2019,False
c18496e1,Bipul Sharma,51,51.0,306,286,14,5.608,21.86,1.0,5.0,10.0,0.0196,49.35,True,0.0588,2020,False
69be866a,Anureet Singh,51,51.0,306,417,14,8.176,21.86,4.0,8.0,13.0,0.0392,38.56,True,0.2353,2020,False
e0407c01,IC Pandey,51,50.67,304,372,13,7.342,23.38,3.0,7.0,11.0,0.0,38.49,True,0.098,2020,False
9cab5daf,NRJ Young,53,50.33,302,453,14,9.0,21.57,3.0,8.0,14.0,0.0189,34.44,True,0.2453,2025,True
45a7e761,Shaheen Shah Afridi,53,50.33,302,452,14,8.98,21.57,3.0,8.0,14.88,0.0189,40.73,True,0.2222,2025,True
69cbffb8,Rajjakuddin Ahmed,50,50.0,300,407,16,8.14,18.75,3.0,8.0,13.1,0.02,32.67,True,0.16,2022,False
a0f612b6,TD Andrews,50,50.0,300,390,13,7.8,23.08,3.0,7.0,13.1,0.02,36.33,True,0.3,2025,True
27e71d47,K Upadhyay,50,50.0,300,375,12,7.5,25.0,2.0,7.0,15.1,0.06,41.67,True,0.2,2019,False
68c56d09,KA Jamieson,50,50.0,300,506,16,10.12,18.75,3.9,9.0,20.0,0.02,38.67,True,0.36,2026,True
5ffc0565,V Nigam,50,50.0,300,491,13,9.82,23.08,4.0,10.0,16.0,0.0,31.33,True,0.32,2026,True
6f4c73ce,RS Primus,51,49.83,299,472,20,9.472,14.95,3.0,8.0,20.0,0.0784,38.8,True,0.2745,2024,False
49bacd0f,Mihir Hirwani,50,49.83,299,362,14,7.264,21.36,3.9,6.0,12.1,0.04,32.78,True,0.14,2021,False
b4f5c2d9,KL Nagarkoti,50,49.17,295,436,13,8.868,22.69,2.9,9.0,15.1,0.02,34.58,True,0.22,2022,False
cf0ccafa,M Siddharth,49,49.0,294,370,24,7.551,12.25,2.0,7.0,15.2,0.0408,43.54,True,0.2041,2026,True
a81e957f,Suryakant Pradhan,50,49.0,294,358,11,7.306,26.73,2.9,6.5,13.0,0.04,44.56,True,0.16,2020,False
f9979b69,Abid Mushtaq,49,49.0,294,292,11,5.959,26.73,2.0,5.0,11.0,0.0204,42.86,True,0.0816,2023,False
971cb321,E Jones,49,48.33,290,455,19,9.414,15.26,2.0,9.0,14.2,0.0204,34.14,True,0.3673,2024,False
5724e517,Tanush Kotian,49,48.17,289,296,18,6.145,16.06,2.0,5.0,11.4,0.0408,43.94,True,0.0816,2024,False
b2a55ac1,Utkarsh Singh,49,48.17,289,302,20,6.27,14.45,2.0,5.0,11.2,0.0204,43.6,True,0.102,2021,False
66b30f71,AB Dinda,49,48.17,289,381,19,7.91,15.21,2.8,7.0,14.2,0.0612,42.56,True,0.2041,2020,False
7e83cef2,Mohit Avasthi,48,48.0,288,372,18,7.75,16.0,2.0,7.0,14.3,0.0417,43.4,True,0.125,2024,False
5456bd0c,LN O'Connor,48,48.0,288,375,11,7.812,26.18,4.0,7.5,12.0,0.0,27.78,True,0.125,2020,False
7c3c0337,Auqib Nabi,50,48.0,288,439,13,9.146,22.15,4.0,8.0,16.1,0.04,36.46,True,0.28,2026,True
9d0344f3,Akif Raja,49,47.83,287,418,14,8.739,20.5,4.0,8.0,15.0,0.0204,27.53,True,0.2449,2024,False
76cc7070,K D Patel,48,47.67,286,425,11,8.916,26.0,5.0,8.5,13.0,0.0208,29.72,True,0.1875,2023,False
5876c626,Mehdi Hassan,48,47.67,286,343,12,7.196,23.83,2.0,6.5,13.15,0.0625,39.86,True,0.1458,2021,False
26989d80,Shashank Singh,47,47.0,282,404,15,8.596,18.8,3.0,8.0,14.4,0.0426,28.72,True,0.2553,2026,True
85aae393,Iqbal Abdulla,47,47.0,282,296,6,6.298,47.0,2.6,5.0,11.0,0.0,43.97,True,0.0638,2021,False
f4ef0fd7,Sumit Ruikar,47,47.0,282,314,11,6.681,25.64,2.0,7.0,11.4,0.0213,40.78,True,0.1064,2023,False
d7b3a420,Jaskaran Singh,47,46.67,280,336,14,7.2,20.0,2.0,7.0,13.0,0.0213,45.36,True,0.1915,2021,False
3ff033bb,MD Shanaka,49,46.5,279,499,17,10.731,16.41,5.8,10.0,16.4,0.0408,26.88,True,0.3673,2026,True
d8b2f218,BB Sran,47,46.5,279,430,7,9.247,39.86,3.6,8.0,16.4,0.0213,38.71,True,0.3404,2019,False
2cbdd22f,Izharulhaq Naveed,46,46.0,276,364,10,7.913,27.6,3.0,7.0,13.0,0.0,30.8,True,0.1739,2023,False
280fff14,Sakib Hussain,46,46.0,276,444,19,9.652,14.53,4.0,8.0,18.0,0.0435,34.42,True,0.3043,2026,True
7ec9711d,P Subrayen,47,45.83,275,342,15,7.462,18.33,2.0,6.0,13.8,0.0426,36.0,True,0.1915,2025,True
133bbd61,Brijesh Sharma,47,45.5,273,450,14,9.89,19.5,4.0,9.0,18.4,0.0426,31.87,True,0.3404,2026,True
719c5146,I Khan,46,45.5,273,280,18,6.154,15.17,1.5,5.0,10.5,0.0435,45.42,True,0.0652,2021,False
cb461421,Divyang Hinganekar,47,45.17,271,303,18,6.708,15.06,2.6,6.0,11.4,0.0638,35.79,True,0.1064,2021,False
b1ad996b,MP Yadav,46,45.17,271,435,12,9.631,22.58,3.5,8.0,16.5,0.0217,42.44,True,0.3043,2026,True
cb4f31e2,Bandaru Ayyappa,46,45.0,270,353,16,7.844,16.88,3.0,7.1,15.0,0.0,38.15,True,0.1957,2022,False
ea02d56d,Ajay Kumar,45,45.0,270,354,18,7.867,15.0,2.4,7.0,14.0,0.0222,43.7,True,0.2667,2025,True
9103ecdb,Muhammad Rohid,45,45.0,270,347,22,7.711,12.27,4.0,7.0,12.6,0.0889,42.59,True,0.2,2025,True
9601c534,SD Lad,45,45.0,270,301,15,6.689,18.0,3.0,6.0,12.0,0.0444,40.37,True,0.1556,2022,False
5cdf8304,JA Davies,45,45.0,270,314,15,6.978,18.0,3.0,6.0,12.0,0.0667,27.04,True,0.2,2025,True
a12e1d51,SL Malinga,46,44.83,269,438,16,9.77,16.81,4.0,10.0,16.0,0.1087,34.57,True,0.2609,2019,False
f3ba1bdc,Rex Rajkumar,46,44.83,269,351,8,7.829,33.62,2.0,7.0,15.0,0.0217,43.49,True,0.2174,2023,False
8361e524,SSB Magala,45,44.67,268,387,15,8.664,17.87,2.4,7.0,15.0,0.0222,34.7,True,0.3111,2023,False
47ccd2bb,Amulya Pandrekar,45,44.67,268,306,11,6.851,24.36,3.0,6.0,12.6,0.0,35.07,True,0.1333,2022,False
19708692,MW Parkinson,48,44.5,267,350,20,7.865,13.35,2.4,7.2,13.2,0.0625,33.71,True,0.0741,2022,False
a343262c,JE Root,44,44.5,267,323,11,7.258,24.27,3.18,6.0,11.64,0.0,29.21,True,0.102,2026,True
4ba2c04d,AJ Nair,44,44.0,264,349,13,7.932,20.31,3.3,7.5,13.4,0.0455,28.41,True,0.1591,2021,False
dadbdb68,JA Duffy,48,44.0,264,443,17,10.068,15.53,4.0,9.6,16.86,0.0208,42.42,True,0.2917,2026,True
1f3febed,Dikshanshu Negi,44,44.0,264,288,11,6.545,24.0,3.0,7.0,10.7,0.0227,39.39,True,0.0682,2022,False
502056e3,Ashith Rajiv,44,44.0,264,325,9,7.386,29.33,2.0,7.0,13.4,0.0455,39.77,True,0.1591,2021,False
870e4cec,BA Pathan,44,44.0,264,303,12,6.886,22.0,2.0,7.0,11.7,0.0455,45.08,True,0.1136,2021,False
30afc92b,Salman Irshad,44,44.0,264,343,14,7.795,18.86,2.3,7.5,14.0,0.0682,40.53,True,0.1818,2025,True
f892fcf9,L Sipamla,44,43.17,259,379,16,8.78,16.19,2.0,8.0,15.0,0.0227,40.15,True,0.2955,2026,True
76860ea3,Lamabam Singh,44,43.17,259,360,10,8.34,25.9,3.3,7.5,14.0,0.0227,28.57,True,0.2045,2023,False
ab6b1c45,AL Phehlukwayo,43,43.0,258,388,15,9.023,17.2,4.0,8.0,16.0,0.0233,28.29,True,0.2558,2024,False
25228673,Harsh Dubey,43,43.0,258,397,15,9.233,17.2,2.4,8.0,16.8,0.0465,31.01,True,0.3256,2026,True
ed5a5510,P Dubey,43,43.0,258,327,9,7.605,28.67,2.2,7.0,13.6,0.0233,30.62,True,0.1395,2025,True
134bead2,Varun Choudhary,43,42.83,257,367,19,8.568,13.53,3.0,8.0,13.8,0.0698,35.41,True,0.186,2021,False
a7c226e1,FH Edwards,43,42.67,256,375,12,8.789,21.33,4.0,8.0,14.8,0.0233,41.02,True,0.2326,2021,False
24d94623,Ankit Sharma,43,42.67,256,326,11,7.641,23.27,4.0,7.0,13.2,0.0,34.77,True,0.1163,2022,False
bd17b45f,STR Binny,42,42.0,252,306,11,7.286,22.91,2.1,6.0,12.9,0.0238,47.22,True,0.1429,2020,False
2af1b6d2,AN Ahmed,43,42.0,252,304,15,7.238,16.8,1.2,7.0,13.16,0.0465,47.62,True,0.186,2021,False
24d163d7,Himanshu Bisht,42,42.0,252,309,11,7.357,22.91,3.0,7.0,13.8,0.0238,34.92,True,0.1429,2022,False
f655d740,CG Harrison,48,41.67,250,364,17,8.736,14.71,3.6,7.2,14.76,0.0208,27.6,True,0.16,2026,True
ca82673d,L Kishan Singha,42,41.33,248,335,10,8.105,24.8,4.0,8.0,14.8,0.0,31.85,True,0.1667,2023,False
50455929,RT Arothe,42,41.33,248,336,15,8.129,16.53,4.0,7.0,13.9,0.0476,31.05,True,0.2143,2019,False
44aac2f0,Arjun Tendulkar,42,41.17,247,345,14,8.381,17.64,2.1,8.0,15.0,0.0238,45.34,True,0.3095,2026,True
b5a12740,M Beardman,41,41.0,246,327,16,7.976,15.38,4.0,8.0,15.0,0.0732,44.31,True,0.1707,2025,True
dc4686e6,BA Bhatt,41,41.0,246,242,4,5.902,61.5,3.0,6.0,10.0,0.0,43.9,True,0.0732,2020,False
59377a7f,NA Gordon,41,41.0,246,376,13,9.171,18.92,4.0,9.0,14.0,0.0488,28.86,True,0.2683,2023,False
9ab63e7b,Mohammad Hafeez,41,41.0,246,259,10,6.317,24.6,2.0,7.0,11.0,0.0244,46.34,True,0.0244,2021,False
7cc093f4,Roshan Alam,41,41.0,246,263,10,6.415,24.6,3.0,5.0,10.0,0.0,36.99,True,0.0732,2022,False
d6cd318e,Atharva Ankolekar,41,41.0,246,234,9,5.707,27.33,2.0,5.0,9.0,0.0,40.24,True,0.0732,2024,False
5935d694,Rishad Hossain,40,40.0,240,313,15,7.825,16.0,3.0,7.0,13.2,0.025,32.92,True,0.2,2025,True
7c503806,J Botha,40,40.0,240,302,11,7.55,21.82,3.9,7.0,12.1,0.0,31.67,True,0.125,2020,False
96a6a7ad,NM Lyon,40,40.0,240,321,8,8.025,30.0,3.0,7.0,14.0,0.025,30.0,True,0.2,2022,False
a8e3170f,Mohammad Irfan,40,39.67,238,283,12,7.134,19.83,0.9,7.5,12.0,0.025,48.74,True,0.15,2018,False
61a3c20c,Palzor Tamang,41,39.67,238,314,9,7.916,26.44,2.0,7.0,15.0,0.0,37.82,True,0.2927,2021,False
9fc0ef64,PJ Sangwan,39,39.0,234,330,14,8.462,16.71,2.0,8.0,14.2,0.0769,40.6,True,0.2051,2023,False
ff1e12a0,AJ Turner,41,39.0,234,313,11,8.026,21.27,3.0,8.0,14.0,0.0244,25.64,True,0.1395,2025,True
7b44eb3e,Shivang Kumar,39,39.0,234,375,9,9.615,26.0,4.0,9.0,15.2,0.0,26.92,True,0.3333,2026,True
1c914163,Yuvraj Singh,39,38.67,232,281,14,7.267,16.57,1.0,7.0,13.2,0.0256,44.83,True,0.2564,2023,False
40caa465,T Kohli,39,38.67,232,386,8,9.983,29.0,4.0,9.0,18.0,0.0,24.57,True,0.25,2022,False
258fa633,Samar Quadri,39,38.5,231,232,8,6.026,28.88,2.0,5.0,12.0,0.0,41.13,True,0.1026,2021,False
39d608d4,F O'Neill,39,38.5,231,303,10,7.87,23.1,3.0,8.0,12.2,0.0513,45.02,True,0.1538,2025,True
32198ae0,MC Henriques,39,38.5,231,269,14,6.987,16.5,2.8,6.0,12.2,0.0513,37.23,True,0.1538,2024,False
9d450c28,C Hemraj,39,38.17,229,269,11,7.048,20.82,2.8,7.0,12.2,0.0513,52.84,True,0.1538,2022,False
f5c9b42c,Mujtaba Yousuf,38,38.0,228,282,9,7.421,25.33,1.7,7.5,14.0,0.0,49.12,True,0.2105,2021,False
1cb14aa4,CJ Dala,39,38.0,228,361,20,9.5,11.4,3.0,8.0,18.4,0.1282,39.91,True,0.2821,2024,False
93fefdfa,Ram Dayal,38,38.0,228,279,9,7.342,25.33,1.7,7.0,12.0,0.0263,42.11,True,0.1579,2021,False
876dbe2d,DR Mousley,40,38.0,228,306,17,8.053,13.41,2.9,8.0,14.46,0.05,37.28,True,0.1667,2025,True
fb24e76c,Monu Kumar,38,38.0,228,290,15,7.632,15.2,3.0,7.0,13.3,0.0526,40.79,True,0.2105,2021,False
36619795,Zeeshan Ansari,39,37.83,227,365,6,9.648,37.83,4.0,10.0,15.0,0.0256,24.67,True,0.2821,2025,True
5b4d1d4e,Nagaho Chishi,39,37.83,227,281,8,7.427,28.38,3.0,7.0,13.2,0.0,41.41,True,0.1026,2023,False
59da1e8a,Kangabam Singh,38,37.67,226,320,8,8.496,28.25,3.0,8.0,13.0,0.0263,35.84,True,0.2632,2021,False
6b4ce914,Bobby Zothansanga,38,37.67,226,276,9,7.327,25.11,2.7,6.0,12.3,0.0,35.4,True,0.1316,2022,False
868e3639,SM Kazi,37,37.0,222,243,13,6.568,17.08,3.0,6.0,10.0,0.0,36.49,True,0.0811,2020,False
23639793,Varun Sood,37,37.0,222,264,7,7.135,31.71,3.0,6.0,11.4,0.0,40.09,True,0.1081,2020,False
0c9652b0,HR Shokeen,37,37.0,222,336,8,9.081,27.75,3.0,9.0,16.4,0.027,40.09,True,0.2432,2023,False
7c30f4d0,Rahil Shah,37,36.67,220,216,7,5.891,31.43,1.0,5.0,10.0,0.027,46.82,True,0.0811,2021,False
aa1210d8,CF Parkinson,35,36.67,220,329,12,8.973,18.33,3.6,9.6,14.16,0.0,34.55,True,0.1364,2025,True
fa2f1dde,K Khejroliya,37,36.17,217,362,8,10.009,27.12,4.0,9.0,17.0,0.0,32.72,True,0.3514,2026,True
da934ee8,MK Lomror,37,36.17,217,258,4,7.134,54.25,2.6,7.0,11.8,0.0,35.02,True,0.1081,2024,False
327c7253,Manish Golamaru,36,36.0,216,222,9,6.167,24.0,2.0,5.0,10.5,0.0,39.81,True,0.0833,2023,False
8b018008,Vikash Singh,36,36.0,216,321,8,8.917,27.0,3.5,8.5,16.0,0.0278,40.28,True,0.2222,2021,False
e941cd33,AR Lamba,36,36.0,216,274,9,7.611,24.0,2.5,7.0,12.0,0.0,42.13,True,0.1389,2026,True
42172c3c,JT Smuts,37,36.0,216,261,8,7.25,27.0,2.0,6.0,13.8,0.0,37.96,True,0.1622,2024,False
d45c29b1,Ashwani Kumar,36,35.5,213,384,18,10.817,11.83,3.0,9.0,21.5,0.0556,32.39,True,0.3611,2026,True
dbe38f35,Amshi de Silva,36,35.17,211,306,13,8.701,16.23,3.0,7.0,16.0,0.0278,41.23,True,0.3056,2026,True
5b16a806,A Dananjaya,35,35.0,210,294,7,8.4,30.0,4.0,8.0,13.6,0.0,39.05,True,0.2,2022,False
0af3426f,SS Mundhe,35,35.0,210,258,6,7.371,35.0,3.0,7.0,13.0,0.0,42.38,True,0.1429,2022,False
7bc29ffb,CA Dry,35,35.0,210,343,9,9.8,23.33,3.4,8.0,17.0,0.0,36.67,True,0.2857,2025,True
a00e1842,Writtick Chatterjee,35,35.0,210,201,12,5.743,17.5,2.0,4.0,10.6,0.0,42.38,True,0.0571,2024,False
1ca7c00f,M Carter,36,35.0,210,293,12,8.371,17.5,3.6,8.4,14.4,0.0278,30.48,True,0.1667,2023,False
1b480a44,Homendro Kabrambam,35,35.0,210,312,5,8.914,42.0,3.0,8.0,16.6,0.0,35.24,True,0.2857,2021,False
137e7065,C Valente,35,35.0,210,318,8,9.086,26.25,5.0,9.0,13.6,0.0286,22.86,True,0.2857,2020,False
b2b23612,RG More,36,35.0,210,308,14,8.8,15.0,2.5,8.5,13.5,0.0278,44.76,True,0.3611,2020,False
2df87089,RR Biswa,35,35.0,210,267,7,7.629,30.0,4.0,7.0,13.0,0.0,23.81,True,0.1429,2019,False
76ed445f,Tejas Patel,35,34.83,209,274,9,7.866,23.22,2.16,8.0,12.6,0.0,47.37,True,0.1714,2022,False
d4eef961,M de Lange,37,34.83,209,302,15,8.67,13.93,3.84,8.4,13.32,0.0811,40.19,True,0.1795,2023,False
de7d833e,D Madushanka,35,34.67,208,355,8,10.24,26.0,5.0,9.0,17.2,0.0,33.17,True,0.3429,2026,True
e32d22f6,Pankaj Singh,35,34.67,208,278,8,8.019,26.0,3.0,7.0,13.6,0.0,44.23,True,0.2286,2020,False
7183799b,M Deyal,35,34.5,207,279,9,8.087,23.0,3.0,7.0,15.0,0.0571,35.27,True,0.2286,2023,False
8abdf100,CJ Anderson,39,34.17,205,341,12,9.98,17.08,3.8,10.0,16.4,0.0,32.68,True,0.2564,2026,True
fe473dc2,Ishwar Chaudhary,35,34.17,205,321,7,9.395,29.29,3.0,9.0,16.6,0.0286,41.46,True,0.3143,2019,False
44afbf2d,NJ Maddinson,34,34.0,204,254,13,7.471,15.69,4.0,8.0,11.0,0.0,25.0,True,0.0882,2025,True
736123bb,DN Wellalage,34,34.0,204,214,10,6.294,20.4,3.0,6.0,10.7,0.0588,39.22,True,0.0882,2024,False
43057192,JA Sinclair,34,34.0,204,270,9,7.941,22.67,2.0,7.0,14.7,0.0294,45.1,True,0.2059,2024,False
d3885f28,Techi Neri,34,34.0,204,264,3,7.765,68.0,4.0,7.0,12.7,0.0,31.37,True,0.1765,2021,False
798c67e5,Sunny Rana,34,34.0,204,263,13,7.735,15.69,2.3,9.0,12.7,0.0294,37.25,True,0.1765,2019,False
791a65ce,A Singhania,34,33.83,203,242,9,7.153,22.56,3.0,6.0,13.1,0.0294,31.03,True,0.1176,2020,False
360f4e4b,GG Peters,34,33.17,199,284,13,8.563,15.31,2.3,9.0,14.0,0.0882,42.71,True,0.2941,2025,True
314642ed,K Sinclair,34,33.17,199,216,9,6.513,22.11,1.3,4.5,11.7,0.0,54.27,True,0.1176,2024,False
c0e59e39,Ankit Chaudhary,34,33.17,199,195,12,5.879,16.58,1.0,4.5,12.0,0.0,43.22,True,0.1471,2018,False
c69a7b5c,AS Raut,34,33.17,199,229,4,6.905,49.75,3.0,6.0,12.7,0.0,35.68,True,0.1471,2021,False
96513a65,MD Nidheesh,33,33.0,198,253,10,7.667,19.8,2.0,8.0,13.0,0.0303,43.94,True,0.2727,2020,False
b7d8d5ce,Lalnunkima Varte,33,33.0,198,303,6,9.182,33.0,3.0,9.0,15.6,0.0303,39.9,True,0.2727,2020,False
145c2a1f,Govinda Poddar,33,33.0,198,227,8,6.879,24.75,3.2,7.0,10.8,0.0,34.34,True,0.0909,2021,False
8dfc706f,Shoaib Mohammed Khan,33,33.0,198,216,5,6.545,39.6,3.0,6.0,11.0,0.0,35.86,True,0.0606,2022,False
531f0278,K Santokie,33,33.0,198,285,12,8.636,16.5,4.0,9.0,13.0,0.0,36.36,True,0.2424,2019,False
8fd1a8f5,DW Steyn,33,32.67,196,283,10,8.663,19.6,3.0,8.0,13.8,0.0606,42.35,True,0.2424,2020,False
a73f1f24,Rajesh Mohanty,34,32.5,195,240,8,7.385,24.38,2.3,8.5,11.0,0.0,46.67,True,0.0588,2021,False
5fd3f9db,Abhijeet Saket,34,32.5,195,273,13,8.4,15.0,3.3,8.5,13.4,0.0294,43.59,True,0.1471,2022,False
bd4ea627,Faheem Ashraf,33,32.5,195,264,7,8.123,27.86,3.2,6.0,15.6,0.0,33.85,True,0.2424,2022,False
13dd2a4b,Pankaj Rao,33,32.5,195,247,14,7.6,13.93,2.0,7.0,12.4,0.0606,42.56,True,0.1212,2022,False
47c449c5,Dayyaan Galiem,33,32.17,193,325,9,10.104,21.44,5.2,9.0,15.0,0.0,28.5,True,0.4242,2024,False
8da6dbf1,Sagar Trivedi,32,32.0,192,292,7,9.125,27.43,4.0,9.0,14.8,0.0312,32.81,True,0.1875,2021,False
db481029,Sunny Patel,32,32.0,192,310,5,9.688,38.4,4.1,9.0,14.9,0.0,28.12,True,0.3125,2026,True
201facae,N Mokoena,32,32.0,192,308,13,9.625,14.77,3.1,9.0,16.0,0.0312,38.54,True,0.3438,2025,True
d2550980,Anand Singh,32,32.0,192,266,7,8.312,27.43,4.0,7.5,13.9,0.0,26.04,True,0.2188,2021,False
34cbc9d2,Sankar Paul,32,32.0,192,218,9,6.812,21.33,3.0,6.0,11.0,0.0312,42.19,True,0.0938,2023,False
d014d5ac,SE Rutherford,32,31.83,191,334,9,10.492,21.22,5.0,9.0,18.8,0.0312,28.27,True,0.375,2026,True
a71b0bd3,MG Sirur,32,31.67,190,241,13,7.611,14.62,3.1,7.75,10.9,0.0625,33.68,True,0.0938,2020,False
30225730,Sourabh Majumdar,32,31.67,190,205,8,6.474,23.75,1.2,6.5,10.45,0.0312,46.84,True,0.0312,2023,False
0ff9728b,Ravi Kiran,32,31.5,189,247,9,7.841,21.0,3.1,8.0,12.9,0.0,39.68,True,0.125,2022,False
3b8679bf,Hunain Shah,32,31.33,188,248,12,7.915,15.67,4.0,7.5,12.0,0.0625,34.04,True,0.1562,2026,True
f0380005,Pranshu Vijayran,31,31.0,186,251,6,8.097,31.0,3.0,9.0,13.0,0.0323,38.17,True,0.1935,2022,False
cee8a83d,Arnab Nandi,31,31.0,186,193,8,6.226,23.25,3.0,5.0,10.0,0.0323,39.25,True,0.0968,2020,False
60fbf53a,D Potgieter,31,31.0,186,291,15,9.387,12.4,4.0,8.0,16.0,0.0645,32.8,True,0.3548,2025,True
d3c1f849,Deepraj Gaonkar,31,31.0,186,280,7,9.032,26.57,2.0,8.0,16.0,0.0,20.97,True,0.2258,2023,False
98f27d4b,Kanishk Seth,31,31.0,186,278,10,8.968,18.6,2.0,9.0,14.0,0.0323,38.71,True,0.3226,2024,False
4b6cc6c2,Licha Tehi,31,31.0,186,256,2,8.258,93.0,2.0,8.0,14.0,0.0,37.1,True,0.2258,2019,False
03a83c50,V Viyaskanth,31,31.0,186,233,10,7.516,18.6,3.0,5.0,13.0,0.0,36.56,True,0.1935,2024,False
f2665768,A Phillip,32,31.0,186,291,8,9.387,23.25,3.0,9.5,16.8,0.0,37.63,True,0.3125,2022,False
4557dc54,PA van Meekeren,31,31.0,186,256,8,8.258,23.25,4.0,7.0,14.0,0.0323,45.7,True,0.1613,2023,False
af5b6464,N Bidaisee,31,31.0,186,237,9,7.645,20.67,3.0,8.0,14.0,0.0,34.95,True,0.2258,2026,True
2597e56b,Khrievitso Kense,32,30.83,185,168,13,5.449,14.23,2.0,5.0,8.9,0.0312,47.03,True,0.0312,2023,False
9ed95736,Naushad Shaikh,31,30.83,185,181,8,5.87,23.12,3.0,5.0,11.0,0.0323,36.22,True,0.0968,2021,False
bc67cc22,Bavanaka Sandeep,31,30.5,183,192,4,6.295,45.75,3.0,6.0,10.0,0.0,34.43,True,0.0323,2021,False
adee5bbd,Rakshan Readdi,31,30.33,182,235,9,7.747,20.22,3.0,7.0,15.0,0.0323,41.21,True,0.1613,2023,False
d1988788,Rohan Mustafa,30,30.0,180,225,7,7.5,25.71,2.9,7.0,13.1,0.0,32.22,True,0.2333,2024,False
5b627626,B Aparajith,30,30.0,180,166,9,5.533,20.0,2.9,5.0,10.0,0.0,45.0,True,0.0333,2023,False
2795b0f6,Tanveer Ul-Haq,30,30.0,180,169,10,5.633,18.0,1.9,5.0,10.3,0.0667,51.11,True,0.1,2021,False
02dfebbe,Yash Raj Punja,30,30.0,180,279,9,9.3,20.0,4.0,9.0,15.2,0.0,27.22,True,0.3,2026,True
3a922344,Shivank Vashisth,29,29.0,174,163,16,5.621,10.88,1.8,6.0,8.0,0.1034,47.7,True,0.0345,2022,False
2911de16,Hasan Ali,29,29.0,174,232,9,8.0,19.33,2.0,8.0,13.2,0.0,43.68,True,0.1379,2025,True
6d981899,Rana Dutta,29,29.0,174,246,9,8.483,19.33,3.0,7.0,16.0,0.069,36.21,True,0.3103,2022,False
dd6f4040,Shubham Singh,29,29.0,174,240,5,8.276,34.8,3.0,9.0,14.2,0.0,40.23,True,0.2414,2019,False
de33074a,Saransh Jain,29,29.0,174,208,7,7.172,24.86,2.8,6.0,14.2,0.0345,37.36,True,0.1724,2023,False
347fb4e1,Debabrata Pradhan,29,28.67,172,203,9,7.081,19.11,2.0,7.0,12.6,0.0345,42.44,True,0.1379,2021,False
be24ead0,Ramandeep Singh,29,28.33,170,255,14,9.0,12.14,4.4,9.0,14.0,0.069,28.24,True,0.2759,2026,True
fa433be6,M Labuschagne,29,28.17,169,254,12,9.018,14.08,3.0,7.0,18.4,0.069,29.59,True,0.2759,2025,True
f8c7484e,Sachidanand Pandey,29,28.17,169,230,8,8.166,21.12,3.0,7.0,13.0,0.069,37.87,True,0.2759,2021,False
f0e722e0,Usman Shinwari,28,28.0,168,172,8,6.143,21.0,2.0,5.0,14.0,0.0357,45.24,True,0.1786,2018,False
21b9e62b,Shakeeb Ahmed,29,28.0,168,249,9,8.893,18.67,1.8,9.0,14.2,0.0345,41.07,True,0.3793,2019,False
4751caa3,CBRLS Kumara,28,28.0,168,288,12,10.286,14.0,3.7,9.5,16.3,0.0357,35.12,True,0.4286,2026,True
907cb4c1,Amit Yadav,28,28.0,168,150,11,5.357,15.27,0.7,4.0,11.6,0.0357,53.57,True,0.1071,2022,False
fe5f2e48,RL Jangid,28,28.0,168,167,6,5.964,28.0,2.4,6.0,10.3,0.0,39.29,True,0.0714,2018,False
f9d99806,Tajinder Singh,29,28.0,168,215,3,7.679,56.0,2.8,7.0,12.4,0.0,36.31,True,0.1379,2026,True
8528effb,Z Evans,28,28.0,168,281,13,10.036,12.92,4.7,10.0,14.3,0.1071,33.93,True,0.3571,2021,False
537f5ab2,DL Piedt,28,28.0,168,182,7,6.5,24.0,3.0,5.5,11.0,0.0,39.88,True,0.0714,2025,True
9124aa4c,Zuhaib Zubair,28,28.0,168,231,12,8.25,14.0,3.4,8.0,13.3,0.0714,34.52,True,0.1429,2025,True
4329fbb5,SR Watson,28,28.0,168,251,6,8.964,28.0,2.0,9.5,13.0,0.0,33.93,True,0.3571,2018,False
39dd4d6d,Unnikrishnan Manukrishnan,28,28.0,168,193,9,6.893,18.67,2.0,6.0,12.0,0.0357,44.05,True,0.1786,2023,False
abb7c76c,Abrar Ahmed,30,27.83,167,270,5,9.701,33.4,3.96,8.1,17.16,0.0333,27.54,True,0.2188,2026,True
13abdc50,Dhrushant Soni,28,27.67,166,236,11,8.53,15.09,3.7,8.5,14.0,0.0357,33.73,True,0.2857,2022,False
fe2ac1a8,TE Lawes,33,27.5,165,276,8,10.036,20.62,4.8,9.6,15.6,0.0303,31.52,True,0.1515,2026,True
59c8c5b5,Hemang Patel,28,27.33,164,197,10,7.207,16.4,3.0,7.0,13.0,0.0714,37.8,True,0.1071,2023,False
4da2f572,Kilco R Marak,28,27.33,164,220,13,8.049,12.62,2.7,7.0,14.9,0.0714,34.76,True,0.2143,2023,False
e1a867df,DJM Moody,28,27.17,163,239,9,8.798,18.11,2.7,8.0,17.3,0.0357,42.33,True,0.25,2022,False
9f77963a,Gulbadin Naib,28,27.17,163,243,12,8.945,13.58,2.0,8.5,16.6,0.0714,30.06,True,0.1786,2025,True
10f42013,WJ Lubbe,27,27.0,162,213,4,7.889,40.5,2.6,7.0,14.2,0.0,37.65,True,0.2222,2025,True
077da288,CP Singh,27,27.0,162,174,7,6.444,23.14,1.6,6.0,10.8,0.037,40.74,True,0.1111,2020,False
1d8388eb,Amit Mishra,28,27.0,162,220,8,8.148,20.25,1.7,7.5,14.12,0.0,44.44,True,0.3571,2018,False
61e93009,Shivendra Singh,27,27.0,162,224,6,8.296,27.0,3.0,8.0,13.4,0.037,27.78,True,0.1852,2020,False
64959652,Mrinmoy Dutta,27,27.0,162,251,5,9.296,32.4,2.0,7.0,17.8,0.037,38.27,True,0.2963,2023,False
a557333b,VO Lawes,27,27.0,162,277,8,10.259,20.25,3.8,10.0,15.4,0.0741,29.63,True,0.4074,2026,True
3e5dc16b,Gaurav Yadav,27,26.83,161,216,8,8.05,20.12,2.2,7.0,14.0,0.037,43.48,True,0.2963,2022,False
a97c96bf,Vivek Kumar,27,26.83,161,229,4,8.534,40.25,1.0,8.0,17.4,0.0,36.02,True,0.2593,2019,False
ba86aae4,KR Kakade,27,26.83,161,182,8,6.783,20.12,2.0,7.0,10.4,0.0,36.65,True,0.0741,2022,False
9a09c4b2,Sinan Khadir,27,26.67,160,263,7,9.862,22.86,4.6,9.0,16.6,0.0,30.63,True,0.2963,2018,False
3dcd1e8d,ME Milnes,32,26.5,159,277,8,10.453,19.88,3.72,10.2,16.77,0.0312,28.3,True,0.2812,2022,False
d221c0cf,Jagjit Singh,27,26.33,158,176,5,6.684,31.6,2.0,6.0,13.4,0.037,50.63,True,0.1852,2024,False
667f678b,Ghulam Mudassar,26,26.0,156,224,11,8.615,14.18,2.5,9.0,15.0,0.0,34.62,True,0.3077,2026,True
ece7b6b3,PP Hinge,26,26.0,156,305,14,11.731,11.14,4.5,10.5,22.5,0.0385,40.38,True,0.5,2026,True
21d38d47,A Aravinddaraj,26,26.0,156,206,6,7.923,26.0,3.0,7.5,13.5,0.0385,32.05,True,0.2308,2022,False
ddc7a53d,DR Deshmukh,26,26.0,156,258,9,9.923,17.33,5.0,8.0,16.0,0.0385,35.9,True,0.3462,2019,False
5d3d423a,Girinath Reddy,26,26.0,156,186,7,7.154,22.29,3.0,6.5,12.0,0.0385,35.9,True,0.1538,2022,False
a0b76243,T Luus,26,26.0,156,236,9,9.077,17.33,3.5,9.5,15.5,0.0,37.18,True,0.3077,2026,True
5b615e7c,Raghu Sharma,26,26.0,156,218,4,8.385,39.0,4.5,7.5,14.0,0.0,28.85,True,0.2308,2026,True
cc8531c2,Vishal Kushwah,26,26.0,156,255,9,9.808,17.33,5.0,9.5,15.0,0.0,29.49,True,0.3462,2020,False
324a6e1e,Swarajeet Das,26,25.67,154,262,3,10.208,51.33,5.5,10.0,14.0,0.0385,20.13,True,0.4615,2019,False
58be5e46,JA Chohan,27,25.67,154,219,5,8.532,30.8,2.76,9.0,15.24,0.0,25.97,True,0.2222,2025,True
38f548aa,Saurabh Das,26,25.5,153,191,3,7.49,51.0,3.5,7.0,11.5,0.0,33.99,True,0.1154,2021,False
1ac746c8,Atharva Taide,26,25.17,151,138,10,5.483,15.1,1.5,4.0,9.5,0.0385,43.71,True,0.0385,2024,False
cc61ee8f,Gurjapneet Singh,26,25.17,151,233,4,9.258,37.75,4.0,9.0,15.5,0.0,30.46,True,0.2308,2026,True
b19f1fe9,Karan Kaila,25,25.0,150,162,5,6.48,30.0,2.0,6.0,11.8,0.0,38.0,True,0.12,2019,False
cedc1d9a,P Suyal,25,25.0,150,183,5,7.32,30.0,1.4,4.0,16.2,0.0,50.67,True,0.24,2020,False
24e3f53e,Pradipta Pramanik,25,25.0,150,153,12,6.12,12.5,1.4,5.0,12.0,0.08,46.0,True,0.16,2024,False
49dc9cb4,KAR Hodge,25,25.0,150,218,4,8.72,37.5,3.0,9.0,14.8,0.0,35.33,True,0.24,2019,False
eade4650,DJ Mitchell,28,25.0,150,287,6,11.48,25.0,3.0,12.0,18.3,0.0,23.33,True,0.4643,2025,True
734062e6,Umar Nazir,25,25.0,150,194,4,7.76,37.5,3.0,8.0,11.6,0.0,41.33,True,0.12,2020,False
8eaa058c,Amlanjyoti Das,25,25.0,150,200,3,8.0,50.0,4.0,7.0,12.6,0.0,38.67,True,0.16,2021,False
cf495041,Chengkam Sangma,25,25.0,150,152,5,6.08,30.0,2.0,5.0,10.6,0.04,50.67,True,0.08,2023,False
c5eff91b,Chinta Gandhi,24,24.0,144,164,4,6.833,36.0,2.0,7.0,11.0,0.0,39.58,True,0.0833,2022,False
24f6e254,JM James,25,24.0,144,177,13,7.375,11.08,2.4,7.0,12.6,0.08,43.75,True,0.12,2026,True
cc23e91e,JA Warrican,24,24.0,144,214,4,8.917,36.0,4.0,8.5,16.0,0.0,31.25,True,0.375,2025,True
2314745e,Bharat Sharma,24,24.0,144,147,7,6.125,20.57,2.3,5.0,10.7,0.0417,45.83,True,0.0833,2022,False
dbc76c59,Kishan Thokchom,24,24.0,144,237,3,9.875,48.0,3.0,9.0,19.5,0.0,35.42,True,0.25,2021,False
254c7802,Ashish Yadav,24,24.0,144,173,9,7.208,16.0,1.3,8.0,11.4,0.0417,38.19,True,0.125,2018,False
7cc7fe19,Nitin Tanwar,24,23.83,143,166,6,6.965,23.83,2.3,8.0,11.0,0.0,37.76,True,0.0833,2021,False
f2397e48,Codi Yusuf,25,23.67,142,229,5,9.676,28.4,4.0,9.0,16.6,0.0,32.39,True,0.28,2025,True
7ef0c030,Sultan Karim,25,23.5,141,222,8,9.447,17.62,4.0,8.0,19.6,0.0,31.91,True,0.28,2023,False
531f7ccc,Himanshu Sangwan,24,23.33,140,225,5,9.643,28.0,4.0,10.0,14.4,0.0417,25.0,True,0.3333,2021,False
ef18b66e,Taskin Ahmed,24,23.17,139,203,9,8.763,15.44,4.3,8.0,13.4,0.0,48.2,True,0.25,2025,True
0ebb3444,L Scott,24,23.17,139,221,7,9.54,19.86,4.0,9.5,19.5,0.0,33.09,True,0.2917,2025,True
7f8ecc51,AM Phangiso,23,23.0,138,175,10,7.609,13.8,2.2,6.0,14.8,0.0435,36.96,True,0.1739,2023,False
c206d8dc,Lalith Mohan,23,23.0,138,174,4,7.565,34.5,2.0,6.0,13.6,0.0,36.96,True,0.2174,2023,False
cec44e08,SM Sharma,23,23.0,138,205,7,8.913,19.71,3.0,9.0,14.8,0.0435,39.86,True,0.2609,2022,False
dde809f3,Techi Doria,23,23.0,138,192,7,8.348,19.71,4.2,8.0,13.0,0.0435,28.26,True,0.1739,2021,False
7ca5e05d,RS Bopara,23,22.83,137,186,12,8.146,11.42,3.68,8.4,14.32,0.1304,27.74,True,0.1923,2024,False
b51f72a5,SS Agarwal,23,22.83,137,150,9,6.569,15.22,3.0,5.0,13.0,0.0435,37.23,True,0.1739,2023,False
3f61a062,BTJ Wheal,27,22.83,137,209,10,9.153,13.7,4.12,10.0,16.0,0.037,35.04,True,0.1429,2022,False
267468de,N Edward,24,22.67,136,257,10,11.338,13.6,4.95,9.0,21.7,0.0833,35.29,True,0.2917,2026,True
29182be9,K Gaston,23,22.67,136,304,5,13.412,27.2,7.2,13.5,17.0,0.0435,28.68,True,0.6087,2026,True
12b610c2,TM Head,23,22.67,136,194,6,8.559,22.67,5.0,8.0,10.8,0.0,26.47,True,0.087,2026,True
26e5cabf,MK Tiwary,23,22.17,133,179,1,8.075,133.0,3.4,8.0,14.0,0.0,24.81,True,0.1739,2020,False
5bb5a915,M Morkel,22,22.0,132,194,5,8.818,26.4,4.0,8.5,13.0,0.0,30.3,True,0.1818,2020,False
242a9261,Gaurav Gambhir,22,22.0,132,122,5,5.545,26.4,2.0,4.5,9.8,0.0455,44.7,True,0.0909,2020,False
239f7526,Parth Sahani,22,22.0,132,195,6,8.864,22.0,4.1,8.0,14.9,0.0,31.82,True,0.2273,2023,False
b6d95d47,Manvan Patel,22,22.0,132,196,6,8.909,22.0,3.1,8.5,15.8,0.0455,31.06,True,0.2727,2021,False
6a1fc8dd,Pratik Sargade,22,22.0,132,130,4,5.909,33.0,2.1,5.5,10.0,0.0,41.67,True,0.0455,2018,False
3b30b8c4,Amit Verma,22,22.0,132,226,2,10.273,66.0,4.0,8.5,19.8,0.0,24.24,True,0.3636,2020,False
30fc60b5,Vidyadhar Patil,22,22.0,132,175,5,7.955,26.4,3.1,7.5,11.8,0.0,25.76,True,0.1364,2021,False
37fec668,Damodaran Rohit,22,22.0,132,199,4,9.045,33.0,5.1,8.5,15.6,0.0,24.24,True,0.1818,2022,False
e9cb8d60,Nitesh Sedai,22,22.0,132,190,2,8.636,66.0,4.0,8.0,12.9,0.0,29.55,True,0.1818,2023,False
e7e1eeb2,Shreshth Nirmohi,22,22.0,132,206,5,9.364,26.4,2.2,9.0,13.8,0.0,37.88,True,0.2727,2021,False
b03303ca,L Guthrie,22,22.0,132,204,6,9.273,22.0,3.0,7.5,19.9,0.0455,37.88,True,0.2273,2021,False
6e0a2209,B Swanepoel,22,22.0,132,187,7,8.5,18.86,5.0,8.0,14.7,0.0,39.39,True,0.1818,2024,False
b76b2d25,Sachin Kumar,22,21.83,131,156,6,7.145,21.83,3.0,7.0,11.8,0.0455,32.82,True,0.1364,2022,False
4d528d92,Anuj Raj,22,21.67,130,141,10,6.508,13.0,1.0,6.5,11.0,0.0909,51.54,True,0.0909,2022,False
8d6505d3,Yab Niya,23,21.5,129,214,2,9.953,64.5,3.2,9.0,19.4,0.0,33.33,True,0.2609,2023,False
af4a9a0a,J Blades,23,21.5,129,229,7,10.651,18.43,5.0,10.0,20.2,0.0,39.53,True,0.3043,2026,True
2e099662,G Periyaswamy,22,21.33,128,161,9,7.547,14.22,3.0,8.0,11.9,0.0455,35.16,True,0.0909,2020,False
8ae98a8e,JS Louis,22,21.33,128,218,7,10.219,18.29,2.66,9.0,17.7,0.0909,34.38,True,0.4091,2026,True
50c09020,Ashok Sharma,21,21.0,126,228,6,10.857,21.0,4.0,11.0,19.0,0.0,42.86,True,0.4286,2026,True
95a5e066,MG Erasmus,21,21.0,126,146,3,6.952,42.0,3.0,6.0,12.0,0.0,38.1,True,0.1429,2025,True
92780e2f,JU Goolie,21,21.0,126,163,7,7.762,18.0,4.0,8.0,11.0,0.0,39.68,True,0.0476,2026,True
92cf79a8,SR Taylor,21,21.0,126,169,1,8.048,126.0,4.0,8.0,13.0,0.0,30.95,True,0.1429,2024,False
f5180fe6,MG Johnson,21,21.0,126,216,2,10.286,63.0,6.0,10.0,15.0,0.0,36.51,True,0.381,2018,False
f277f531,FD Adams,21,21.0,126,193,6,9.19,21.0,4.0,8.0,13.0,0.0,30.95,True,0.2381,2022,False
85b3fab2,T Stubbs,20,21.0,126,189,8,9.0,15.75,3.54,8.2,13.32,0.15,36.51,True,0.1667,2025,True
4052ab5c,Mohit Jangra,21,21.0,126,161,4,7.667,31.5,4.0,7.0,11.0,0.0,42.06,True,0.0952,2023,False
f7c3d426,CK Holder,21,21.0,126,217,6,10.333,21.0,4.0,9.0,17.0,0.0476,34.13,True,0.4286,2020,False
d718440b,V Pratap Singh,21,21.0,126,187,3,8.905,42.0,3.0,8.0,15.0,0.0,34.92,True,0.1905,2021,False
297b26da,Yashpal Singh,21,20.83,125,143,5,6.864,25.0,3.0,6.0,11.0,0.0,36.8,True,0.0952,2019,False
b54d8acf,Amit Ali,21,20.83,125,114,11,5.472,11.36,2.0,5.0,12.0,0.1429,47.2,True,0.1429,2023,False
9dc27cf0,Pulkit Narang,21,20.67,124,178,6,8.613,20.67,3.0,7.0,13.5,0.0,32.26,True,0.1905,2020,False
895a0ead,Remruatdika Ralte,22,20.67,124,164,3,7.935,41.33,3.0,7.0,14.9,0.0,37.9,True,0.2273,2023,False
e53af640,Shivam Chaudhary,21,20.67,124,141,1,6.823,124.0,3.0,6.0,12.0,0.0,37.9,True,0.0952,2023,False
62a48252,Anish Charak,21,20.67,124,125,2,6.048,62.0,2.0,5.0,11.0,0.0,43.55,True,0.0952,2023,False
9a46c4e5,GD Phillips,22,20.5,123,194,6,9.463,20.5,4.0,9.5,16.98,0.0455,33.33,True,0.3182,2026,True
4c0f3806,BA Raine,25,20.5,123,218,10,10.634,12.3,3.6,10.8,16.8,0.08,33.33,True,0.28,2023,False
c15706c8,VV Gite,21,20.17,121,178,6,8.826,20.17,4.0,7.0,16.0,0.0,38.02,True,0.1905,2019,False
a55e0360,CP Savage,20,20.0,120,168,4,8.4,30.0,4.0,7.5,13.1,0.0,35.0,True,0.25,2024,False
39180894,BC Cullen,21,20.0,120,204,10,10.2,12.0,2.4,9.6,15.6,0.0476,43.33,True,0.2917,2021,False
24ea8cf8,Dippu Sangma,20,20.0,120,119,6,5.95,20.0,2.8,6.0,11.0,0.0,52.5,True,0.05,2021,False
1efd12d1,PR Brown,22,20.0,120,230,7,11.5,17.14,3.84,11.4,17.88,0.0455,23.33,True,0.2917,2024,False
8d92a2c3,MA Wood,20,20.0,120,179,11,8.95,10.91,1.9,9.0,15.2,0.15,45.83,True,0.4,2023,False
0773c16a,TP Kaber,20,20.0,120,161,10,8.05,12.0,2.9,5.5,15.3,0.1,33.33,True,0.25,2024,False
44e58b5b,AA Chakraborty,20,20.0,120,143,2,7.15,60.0,2.9,6.5,13.2,0.0,34.17,True,0.15,2019,False
f78e7113,S Prasanna,20,20.0,120,153,2,7.65,60.0,2.0,6.5,14.0,0.0,35.83,True,0.15,2022,False
c3a96caf,Mandeep Singh,20,20.0,120,150,3,7.5,40.0,3.8,7.5,12.4,0.0,31.67,True,0.15,2020,False
65d905ea,Amod Yadav,20,20.0,120,118,8,5.9,15.0,2.0,5.5,9.0,0.1,51.67,True,0.05,2021,False
3122c016,KI Simmonds,20,20.0,120,149,7,7.45,17.14,3.9,6.5,13.1,0.1,32.5,True,0.2,2024,False
5b9705c4,Ankit Maini,20,20.0,120,121,12,6.05,10.0,2.9,5.0,10.1,0.1,40.83,True,0.05,2018,False
a5b71472,L Bowe,20,20.0,120,167,5,8.35,24.0,4.0,8.0,13.1,0.0,34.17,True,0.25,2019,False
beb2a972,Agrim Tiwari,20,20.0,120,165,9,8.25,13.33,2.9,7.0,15.3,0.1,33.33,True,0.2,2022,False
c8ded7bc,Abhishek Tanwar,20,19.83,119,113,7,5.697,17.0,1.0,5.0,11.58,0.0,53.78,True,0.1,2018,False
3f9ec1d2,C Stow,20,19.83,119,146,6,7.361,19.83,4.0,7.0,12.0,0.05,25.21,True,0.15,2025,True
64c34cd0,Shoaib Malik,21,19.83,119,134,6,6.756,19.83,2.0,7.0,11.0,0.0,39.5,True,0.0476,2021,False
35ccfdd4,Akash Vasisht,20,19.67,118,122,6,6.203,19.67,1.9,5.0,13.2,0.05,41.53,True,0.15,2022,False
773bf733,Vijesh Prabhudessai,20,19.5,117,216,7,11.077,16.71,4.9,10.5,18.0,0.0,34.19,True,0.35,2020,False
bdf7a718,W Prestwidge,21,19.5,117,195,8,10.0,14.62,6.0,9.0,20.0,0.0476,37.61,True,0.2381,2025,True
8e514b4c,Abdul Samad,21,19.5,117,202,3,10.359,39.0,6.0,9.0,20.0,0.0,24.79,True,0.1905,2026,True
61d1a3d3,Shanu Saini,19,19.0,114,105,6,5.526,19.0,2.0,5.0,10.2,0.0,40.35,True,0.0526,2020,False
301762cd,Sumit Lama,19,19.0,114,179,7,9.421,16.29,2.8,9.0,16.2,0.0526,37.72,True,0.3158,2020,False
891b9757,Rahul Batham,19,19.0,114,145,4,7.632,28.5,3.0,7.0,14.4,0.0,28.07,True,0.2105,2024,False
33a364a6,R Bhatia,19,19.0,114,137,6,7.211,19.0,3.8,6.0,12.0,0.0526,23.68,True,0.1579,2018,False
df72675b,P Thamaraikannan,19,19.0,114,157,7,8.263,16.29,4.0,8.0,13.4,0.0526,27.19,True,0.1579,2020,False
a0d832c0,Vinoop Manoharan,19,19.0,114,147,7,7.737,16.29,2.8,8.0,12.4,0.0526,31.58,True,0.1579,2018,False
c2ce55cb,Akash Bhandari,19,19.0,114,138,3,7.263,38.0,3.8,7.0,11.4,0.0,27.19,True,0.1053,2019,False
aed2b202,Arab Gul,19,19.0,114,121,6,6.368,19.0,2.8,5.0,11.0,0.0,37.72,True,0.0526,2025,True
99fdf8c9,RB Bishnoi Jr,19,19.0,114,128,6,6.737,19.0,2.8,7.0,9.6,0.0,33.33,True,0.1053,2023,False
d9079bf7,V M Jivrajani,19,19.0,114,134,6,7.053,19.0,3.8,6.0,10.2,0.0,36.84,True,0.0526,2019,False
99ed60f8,JPR Scantlebury-Searles,19,19.0,114,216,7,11.368,16.29,4.8,12.0,18.0,0.0526,28.07,True,0.5263,2019,False
6ab96cc2,Sonu Yadav,19,19.0,114,142,9,7.474,12.67,2.8,8.0,11.8,0.0,53.51,True,0.1053,2020,False
bae68b09,Ayan Bhattacharjee,19,19.0,114,122,4,6.421,28.5,2.0,7.0,10.2,0.0,37.72,True,0.0526,2019,False
76307fc7,SS Majumder,19,19.0,114,123,6,6.474,19.0,3.0,6.0,11.0,0.0,31.58,True,0.0526,2023,False
1957c6b7,LWP Wells,20,18.67,112,168,3,9.0,37.33,3.6,8.4,13.14,0.0,25.0,True,0.1364,2025,True
17f03e69,Nikhil Kohli,19,18.67,112,170,4,9.107,28.0,1.8,9.0,17.2,0.0,41.96,True,0.2105,2021,False
083e01d9,Matiullah Khan,20,18.67,112,194,5,10.393,22.4,4.0,9.0,18.0,0.0,33.04,True,0.3,2025,True
3c55c703,JG Bethell,19,18.5,111,152,7,8.216,15.86,2.8,8.0,15.6,0.0,29.73,True,0.1429,2025,True
5da34add,MG Hogan,22,18.33,110,185,7,10.091,15.71,3.6,8.4,19.68,0.0,32.73,True,0.1364,2022,False
a7367f83,SK Ismail,19,18.33,110,166,4,9.055,27.5,3.6,9.0,15.0,0.0,25.45,True,0.3684,2020,False
1cc0a83d,J Hull,21,18.33,110,201,3,10.964,36.67,6.0,10.8,16.8,0.0,31.82,True,0.2273,2025,True
ea3a41e0,Aishwarya Mourya,18,18.0,108,155,7,8.611,15.43,2.7,7.5,13.6,0.1111,35.19,True,0.3889,2018,False
5fa06777,IK Pathan,18,18.0,108,151,4,8.389,27.0,2.7,8.0,15.3,0.0,47.22,True,0.3333,2018,False
2009e01b,Krishna Das,18,18.0,108,129,3,7.167,36.0,2.7,6.5,12.0,0.0,44.44,True,0.1667,2018,False
e96801ea,MS Bhandage,18,18.0,108,168,7,9.333,15.43,5.4,9.0,14.2,0.1111,31.48,True,0.1667,2023,False
2d209101,Felix Alemao,18,18.0,108,193,6,10.722,18.0,5.1,9.0,19.5,0.0,37.04,True,0.3333,2023,False
b29f6148,Heramb Parab,18,18.0,108,146,8,8.111,13.5,3.7,8.5,12.3,0.0556,32.41,True,0.1667,2020,False
389ae08a,Puneet Datey,18,18.0,108,126,10,7.0,10.8,2.0,7.0,11.6,0.1111,49.07,True,0.1111,2022,False
35205dfc,DR Smith,18,18.0,108,126,5,7.0,21.6,1.7,7.5,12.0,0.0,44.44,True,0.1667,2019,False
aa3c7a7a,CJ Rocchiccioli,18,18.0,108,154,6,8.556,18.0,4.0,7.5,15.5,0.0556,28.7,True,0.2778,2023,False
4f36495c,Arup Das,18,18.0,108,153,3,8.5,36.0,2.0,8.5,13.3,0.0,49.07,True,0.3889,2020,False
a584021c,MD Ingale,18,18.0,108,158,6,8.778,18.0,4.7,7.5,17.0,0.0556,37.04,True,0.2778,2020,False
12f75dbd,AP Sharma,18,18.0,108,118,4,6.556,27.0,2.7,5.5,12.9,0.0,45.37,True,0.1667,2018,False
aa47439d,Ibrar Ahmad,18,18.0,108,203,4,11.278,27.0,4.7,8.5,19.9,0.0,28.7,True,0.4211,2025,True
54a0e487,Parvez Ahmed,18,18.0,108,180,1,10.0,108.0,6.4,9.0,14.0,0.0,28.7,True,0.2778,2022,False
5222f5fa,H McKenzie,18,18.0,108,138,3,7.667,36.0,2.7,7.5,12.3,0.0556,29.63,True,0.1667,2024,False
dec8e038,J Theron,18,18.0,108,128,5,7.111,21.6,3.7,6.0,12.0,0.0556,50.0,True,0.1667,2023,False
607c846c,W Parker,18,18.0,108,185,1,10.278,108.0,6.0,9.0,15.9,0.0,21.3,True,0.3889,2022,False
eb46e18d,TS Saha,18,17.83,107,151,6,8.467,17.83,3.88,8.0,13.2,0.0,31.78,True,0.2222,2020,False
c4ab5dd8,A Palkar,18,17.83,107,117,9,6.561,11.89,1.7,5.5,12.2,0.0556,47.66,True,0.1111,2021,False
dc9dd038,Sachin Baby,18,17.67,106,128,5,7.245,21.2,3.7,6.5,12.6,0.0,33.96,True,0.1111,2021,False
dd73b2ff,AR Pandey,18,17.5,105,160,2,9.143,52.5,3.7,10.0,14.0,0.0,34.29,True,0.3889,2023,False
d4d929b0,V Kaverappa,18,17.5,105,123,7,7.029,15.0,1.0,7.0,13.2,0.0,50.48,True,0.1667,2024,False
18956346,Susheel Kumar,18,17.33,104,154,3,8.885,34.67,2.7,8.5,18.2,0.0,34.62,True,0.1667,2023,False
393f2ae3,RD John,18,17.17,103,213,3,12.408,34.33,8.0,11.5,18.2,0.0,29.13,True,0.3889,2024,False
fdc1ac0f,Hazrat Luqman,17,17.0,102,152,5,8.941,20.4,3.8,9.0,14.6,0.0588,42.16,True,0.1765,2022,False
76388dc8,S Badree,17,17.0,102,135,4,7.941,25.5,3.2,7.0,12.6,0.0,39.22,True,0.1176,2018,False
ab922bd0,Abhilash Gogoi,17,17.0,102,114,4,6.706,25.5,1.0,7.0,11.6,0.0,41.18,True,0.1176,2019,False
ed90abe4,AP Devcich,17,17.0,102,145,3,8.529,34.0,3.6,9.0,14.8,0.0588,45.1,True,0.2353,2018,False
00852db7,Rohit Dangwal,17,17.0,102,124,4,7.294,25.5,3.6,6.0,11.0,0.0,32.35,True,0.0588,2018,False
ad72e8cc,Lakhan Singh,17,17.0,102,145,5,8.529,20.4,2.6,9.0,13.4,0.0,38.24,True,0.2941,2021,False
5a004050,Deepak Punia,17,17.0,102,153,3,9.0,34.0,4.6,8.0,15.0,0.0,37.25,True,0.2941,2021,False
94253925,GH Vihari,17,17.0,102,126,4,7.412,25.5,3.0,7.0,11.6,0.0588,26.47,True,0.1176,2021,False
378daa89,Aman Hakim Khan,17,17.0,102,138,4,8.118,25.5,3.0,8.0,13.0,0.0,42.16,True,0.2353,2022,False
b7b09ba5,S Descarte,17,17.0,102,149,4,8.765,25.5,4.0,8.0,15.2,0.0,33.33,True,0.2941,2026,True
339bda40,Krishan Alang,17,17.0,102,128,7,7.529,14.57,2.6,8.0,11.8,0.0588,33.33,True,0.1176,2021,False
9385de2e,SS Prabhudessai,17,17.0,102,129,2,7.588,51.0,3.2,7.0,12.2,0.0,25.49,True,0.1176,2022,False
fb3e0d39,C Karunaratne,17,16.67,100,176,3,10.56,33.33,5.6,9.0,19.2,0.0,29.0,True,0.2941,2022,False
bdadf7da,JL Denly,17,16.67,100,135,3,8.1,33.33,3.6,8.0,13.2,0.0588,31.0,True,0.1765,2023,False
c672e80e,J Clark,20,16.67,100,183,6,10.98,16.67,3.36,11.4,16.8,0.0,33.0,True,0.4,2026,True
23f94c02,J Drysdale,17,16.17,97,160,3,9.897,32.33,4.0,10.0,19.8,0.0,31.96,True,0.2353,2025,True
e871a7a1,BW Sanderson,17,16.17,97,153,4,9.464,24.25,4.56,9.6,14.88,0.0,34.02,True,0.2,2026,True
42046ec9,Amiangshu Sen,16,16.0,96,136,7,8.5,13.71,3.5,8.5,14.0,0.125,31.25,True,0.375,2019,False
be85b12d,RA Lewis,16,16.0,96,124,5,7.75,19.2,3.0,6.5,14.5,0.0,36.46,True,0.25,2020,False
8be36d3e,Sarfaraz Ashraf,16,16.0,96,137,5,8.562,19.2,4.5,7.5,13.0,0.0,29.17,True,0.1875,2019,False
037429dc,L Haskett,16,16.0,96,210,3,13.125,32.0,8.0,13.5,18.5,0.0,21.88,True,0.5625,2025,True
c478e8e7,Shasheem Rathour,16,16.0,96,84,4,5.25,24.0,2.5,4.0,8.5,0.0,44.79,True,0.0625,2020,False
73d49fe6,Sunny Kashyap,16,16.0,96,116,5,7.25,19.2,2.5,8.0,11.5,0.0,33.33,True,0.125,2018,False
441c72ae,P Ray Barman,16,16.0,96,147,4,9.188,24.0,3.0,8.5,17.5,0.125,29.17,True,0.3125,2020,False
15745dbe,Vivekanand Tiwari,16,16.0,96,141,6,8.812,16.0,1.5,9.0,13.5,0.0625,46.88,True,0.375,2021,False
cd626284,Akshay Jain,16,16.0,96,124,3,7.75,32.0,3.5,7.5,11.5,0.0,26.04,True,0.125,2018,False
478bbd5f,Girish Rauturi,16,16.0,96,160,5,10.0,19.2,3.5,10.5,14.0,0.0,31.25,True,0.3125,2020,False
adf454e9,Rahul Singh,16,16.0,96,125,1,7.812,96.0,5.0,7.5,11.0,0.0,26.04,True,0.0625,2020,False
2fcb040c,Rajat Paliwal,16,16.0,96,115,4,7.188,24.0,4.0,6.0,13.5,0.0,27.08,True,0.1875,2019,False
2085e1fa,HJH Brookes,18,15.83,95,159,6,10.042,15.83,4.08,9.6,17.16,0.0556,27.37,True,0.2632,2022,False
3c6ffae8,YK Pathan,17,15.83,95,117,5,7.389,19.0,2.0,5.0,10.0,0.0,31.58,True,0.0588,2022,False
00cda8e4,SM Elliott,16,15.83,95,126,5,7.958,19.0,3.0,7.5,12.5,0.0625,35.79,True,0.3125,2025,True
617040e4,Farhan Khan,16,15.67,94,150,4,9.574,23.5,4.5,10.25,13.5,0.0,43.62,True,0.3125,2024,False
dd967d0d,Lee Yong Lepcha,16,15.5,93,165,1,10.645,93.0,4.0,10.0,17.5,0.0,21.51,True,0.3125,2021,False
7be8a0ed,JW Dernbach,16,15.17,91,142,4,9.363,22.75,4.0,7.75,17.5,0.0,26.37,True,0.25,2021,False
febe4bfa,Md Saptula,15,15.0,90,96,1,6.4,90.0,2.4,6.0,11.2,0.0,34.44,True,0.1333,2021,False
8c6958d9,Codanda Ajit Karthik,15,15.0,90,92,5,6.133,18.0,2.0,5.0,11.8,0.0,45.56,True,0.1333,2021,False
cd474693,Rajan Kumar,15,15.0,90,78,6,5.2,15.0,1.0,5.0,9.0,0.0,57.78,True,0.0667,2022,False
35dee2d1,Bal Krishna,15,15.0,90,116,6,7.733,15.0,2.4,6.0,14.6,0.0667,43.33,True,0.2667,2021,False
e423d162,LJ Fletcher,18,15.0,90,141,4,9.4,22.5,4.44,8.4,15.84,0.0,28.89,True,0.1667,2022,False
c55a5dff,Karthik Raman,15,15.0,90,158,9,10.533,10.0,7.0,10.0,14.6,0.0667,27.78,True,0.4667,2019,False
8996a9a0,AA Sarwate,15,15.0,90,105,7,7.0,12.86,3.4,5.0,12.6,0.0,33.33,True,0.2,2022,False
bbbc7d28,Prashant Awasthi,15,15.0,90,99,3,6.6,30.0,3.4,6.0,11.0,0.0,27.78,True,0.0667,2018,False
bf1d7d3e,Mahmudullah,15,15.0,90,107,4,7.133,22.5,2.4,6.0,13.8,0.0,46.67,True,0.2,2018,False
44cb17b4,Bhagmender Lather,15,15.0,90,129,5,8.6,18.0,3.0,8.0,15.6,0.0667,38.89,True,0.2667,2024,False
3b892965,Shubham Kamal Sharma,15,15.0,90,84,4,5.6,22.5,2.0,5.0,8.6,0.0,43.33,True,0.0667,2021,False
d477678c,SI Sopariya,15,15.0,90,100,3,6.667,30.0,1.0,6.0,11.2,0.0,46.67,True,0.1333,2023,False
f21b01e1,Kranthi Kumar,15,15.0,90,137,3,9.133,30.0,2.0,9.0,17.2,0.0,38.89,True,0.2667,2021,False
fa4f5a0b,Ali Sheikh,15,15.0,90,125,3,8.333,30.0,2.4,9.0,14.0,0.0,33.33,True,0.2,2026,True
2c06dca9,Mandup Bhutia,15,15.0,90,133,1,8.867,90.0,3.8,7.0,18.2,0.0,36.67,True,0.2667,2021,False
63ab7aeb,Harsh Vikram Singh,15,15.0,90,140,3,9.333,30.0,3.0,11.0,13.6,0.0,30.0,True,0.4,2022,False
0d64d81c,Rahul Khajan Singh,15,15.0,90,127,2,8.467,45.0,4.4,8.0,12.6,0.0,28.89,True,0.2,2021,False
f8cdc4d7,SA Jacobs,15,15.0,90,131,3,8.733,30.0,3.0,9.0,17.8,0.0,37.78,True,0.2,2019,False
9ad3a550,Sumit Singh,15,15.0,90,111,5,7.4,18.0,4.0,6.0,11.6,0.0667,30.0,True,0.1333,2021,False
cdd875d9,JA Turner,16,14.83,89,105,6,7.079,14.83,1.8,7.6,11.4,0.125,43.82,True,0.0556,2024,False
8e3cb0e9,JJS Sangha,15,14.83,89,129,5,8.697,17.8,3.8,9.0,11.6,0.0,24.72,True,0.1333,2024,False
4eb02f2e,KTH Ratnayake,15,14.83,89,99,5,6.674,17.8,1.52,5.0,12.2,0.1333,37.08,True,0.1333,2025,True
f81005c4,Shivam Kumar,15,14.83,89,131,1,8.831,89.0,5.4,9.0,10.92,0.0,25.84,True,0.0667,2019,False
4180d897,JE Taylor,15,14.67,88,193,0,13.159,,7.0,11.0,23.4,0.0,34.09,True,0.4667,2019,False
2e8994e7,JP Duminy,15,14.67,88,129,4,8.795,22.0,3.4,9.0,14.2,0.0,36.36,True,0.2,2019,False
8be38ec4,Digvijay Rangi,15,14.5,87,103,3,7.103,29.0,4.0,6.0,13.2,0.0,37.93,True,0.2,2022,False
e734d090,CN Ackermann,14,14.33,86,104,4,7.256,21.5,4.38,7.2,12.34,0.0,34.88,True,0.1176,2023,False
d2b99c2d,Myendung Singpho,15,14.33,86,135,5,9.419,17.2,4.0,7.0,16.8,0.0667,26.74,True,0.4,2021,False
63798865,Rinsangzela Hmamte,15,14.17,85,100,3,7.059,28.33,4.4,7.0,10.8,0.0,22.35,True,0.0667,2022,False
c8d45843,JC Carmichael,15,14.17,85,141,2,9.953,42.5,2.4,9.0,18.2,0.0,44.71,True,0.3333,2023,False
3d51cc7e,Chirag Khurana,15,14.17,85,80,5,5.647,17.0,3.0,5.0,12.4,0.0,42.35,True,0.0667,2021,False
15bbe51b,Lalhmangaiha,15,14.17,85,133,3,9.388,28.33,3.8,9.0,17.2,0.0,23.53,True,0.2667,2021,False
08548b13,PHKD Mendis,14,14.0,84,112,6,8.0,14.0,2.3,6.0,14.4,0.0,29.76,True,0.3571,2025,True
09a3f653,Parth Bhut,14,14.0,84,106,3,7.571,28.0,2.3,7.0,12.0,0.0,39.29,True,0.2143,2023,False
6b8eb6e5,S Sreesanth,14,14.0,84,131,4,9.357,21.0,4.6,9.5,13.7,0.0,36.9,True,0.3571,2020,False
14f2ce7a,Ankit Yadav,14,14.0,84,123,4,8.786,21.0,4.3,7.5,16.0,0.0,27.38,True,0.2143,2020,False
859d95bb,TL O'Connell,14,14.0,84,112,5,8.0,16.8,4.3,8.0,10.0,0.0714,27.38,True,0.0714,2021,False
85cbf838,MB Darshan,14,14.0,84,125,6,8.929,14.0,4.0,7.0,15.4,0.0,34.52,True,0.2857,2021,False
00335246,Parvez Sultan,14,14.0,84,103,4,7.357,21.0,1.9,6.5,12.7,0.0,45.24,True,0.2143,2023,False
126e56a1,Wasim Akram,14,14.0,84,123,5,8.786,16.8,1.3,9.5,14.4,0.0,42.86,True,0.2857,2025,True
ae78bc32,MS Gony,14,14.0,84,102,3,7.286,28.0,2.6,7.0,12.7,0.0,50.0,True,0.2143,2018,False
92cadfe2,AK Sarkar,14,14.0,84,118,2,8.429,42.0,4.0,7.5,13.7,0.0,32.14,True,0.2857,2023,False
53f27a35,BB Samantray,14,14.0,84,85,6,6.071,14.0,2.0,5.0,10.7,0.0,53.57,True,0.0714,2018,False
a990c9c4,C Lamont,14,14.0,84,129,3,9.214,28.0,3.0,9.5,15.4,0.0,41.67,True,0.2857,2019,False
c08963b0,PS Sairam,14,14.0,84,98,3,7.0,28.0,4.3,6.0,11.1,0.0,28.57,True,0.1429,2018,False
17bcec2a,D Forrester,14,14.0,84,100,4,7.143,21.0,3.3,6.5,11.7,0.0,39.29,True,0.1429,2026,True
53f45cb5,Prateek Jain,14,14.0,84,132,1,9.429,84.0,4.6,9.0,14.0,0.0,26.19,True,0.3571,2021,False
61c4f340,Thomas Balkin,14,13.83,83,119,6,8.602,13.83,4.3,8.0,12.0,0.0714,38.55,True,0.2857,2025,True
2c47dd7c,Rakesh Kumar,14,13.83,83,85,2,6.145,41.5,4.0,5.0,10.0,0.0,28.92,True,0.0,2020,False
33609a8c,Saim Ayub,14,13.83,83,108,2,7.807,41.5,2.3,7.0,13.0,0.0,37.35,True,0.2143,2026,True
a7b20d59,Naren Reddy,14,13.83,83,84,4,6.072,20.75,2.3,6.0,9.7,0.0,36.14,True,0.0,2020,False
872b03f7,A Badoni,15,13.83,83,135,6,9.759,13.83,4.4,9.0,15.8,0.0667,22.89,True,0.2667,2026,True
e0c30d35,LM Yadav,14,13.83,83,111,4,8.024,20.75,3.0,7.5,15.12,0.0,40.96,True,0.2857,2022,False
d4753890,Rongsen Jonathan,14,13.83,83,103,2,7.446,41.5,3.0,6.0,12.0,0.0,31.33,True,0.1429,2023,False
b0482a1d,Tilak Varma,14,13.67,82,106,2,7.756,41.0,4.3,7.5,12.0,0.0,26.83,True,0.1429,2024,False
e3626fb1,Pratik Desai,14,13.67,82,118,3,8.634,27.33,4.0,6.0,17.9,0.0,30.49,True,0.3571,2020,False
cf494ffe,PR Stirling,15,13.5,81,106,2,7.852,40.5,3.6,7.2,12.72,0.0,37.04,True,0.125,2022,False
f10e94c4,AD Nath,14,13.5,81,95,4,7.037,20.25,5.0,6.0,12.1,0.0,20.99,True,0.0714,2019,False
c166ca1c,Shashi Shekhar,14,13.5,81,89,3,6.593,27.0,4.0,5.5,9.7,0.0,48.15,True,0.0,2019,False
5b2a1532,Prashant Singh,14,13.33,80,104,3,7.8,26.67,3.0,7.0,14.7,0.0,41.25,True,0.2143,2018,False
bb3ccb17,Akash Sengupta,14,13.17,79,114,8,8.658,9.88,3.0,8.5,15.1,0.0714,31.65,True,0.3571,2023,False
456af189,Pratyush Singh,15,13.17,79,99,1,7.519,79.0,3.8,6.0,13.8,0.0,24.05,True,0.2,2021,False
442461fa,M Perry,14,13.17,79,140,4,10.633,19.75,5.0,11.5,20.2,0.0,31.65,True,0.4286,2025,True
1bf2fd29,KHM James,13,13.0,78,120,2,9.231,39.0,4.0,10.0,14.6,0.0,30.77,True,0.3077,2025,True
c3c92b42,RS Hangargekar,13,13.0,78,122,3,9.385,26.0,5.2,9.0,12.8,0.0,38.46,True,0.4615,2023,False
20666746,Yuvraj Chudasama,13,13.0,78,106,3,8.154,26.0,3.2,8.0,12.4,0.0,32.05,True,0.1538,2022,False
1252f71a,MRJ Watt,13,13.0,78,124,1,9.538,78.0,2.2,8.0,16.4,0.0,44.87,True,0.3077,2023,False
537d02f3,Sijomon Joseph,13,13.0,78,90,2,6.923,39.0,3.0,7.0,11.6,0.0,38.46,True,0.1538,2023,False
c695b423,PH Solanki,13,13.0,78,107,4,8.231,19.5,3.2,7.0,14.8,0.0,34.62,True,0.2308,2022,False
e5eb5edf,Vishal Das,13,13.0,78,101,4,7.769,19.5,1.8,8.0,12.6,0.0,39.74,True,0.1538,2018,False
b0f2baf4,Sanvir Singh,13,13.0,78,127,4,9.769,19.5,5.4,10.0,15.8,0.0,24.36,True,0.1538,2023,False
2318ba22,TLW Cooper,13,13.0,78,120,2,9.231,39.0,2.4,9.0,15.6,0.0769,28.21,True,0.4615,2021,False
e06f7116,Sujit Nayak,13,13.0,78,70,2,5.385,39.0,2.0,3.0,10.4,0.0,42.31,True,0.0769,2020,False
20081969,Pradeep Dadhe,13,12.83,77,111,4,8.649,19.25,2.4,10.0,14.6,0.0769,41.56,True,0.3077,2021,False
11061889,SR Dubey,14,12.83,77,106,5,8.26,15.4,2.3,7.5,15.7,0.0,53.25,True,0.3571,2026,True
cfa4bd2b,Y Prithvi Raj,13,12.83,77,148,6,11.532,12.83,5.2,11.0,17.0,0.1538,33.77,True,0.4615,2023,False
76b0c2ac,Sunil Yadav,13,12.83,77,119,0,9.273,,3.6,9.0,11.8,0.0,19.48,True,0.1538,2021,False
b3354c63,Chopise Hopongkyu,14,12.33,74,102,4,8.27,18.5,2.0,7.5,17.1,0.0,47.3,True,0.2143,2022,False
5fed6272,CN Miles,16,12.33,74,135,4,10.946,18.5,3.6,11.4,15.6,0.0,35.14,True,0.25,2022,False
642e8af0,JG Dill,12,12.0,72,106,5,8.833,14.4,3.2,8.0,12.9,0.0,30.56,True,0.3333,2024,False
695b4273,Haider Razzaq,12,12.0,72,103,2,8.583,36.0,4.0,8.5,13.9,0.0,23.61,True,0.3333,2025,True
c2468df1,Jay Chauhan,12,12.0,72,63,6,5.25,12.0,2.0,5.0,9.8,0.0,48.61,True,0.0,2019,False
8a98675d,Sonu Singh,12,12.0,72,84,6,7.0,12.0,3.2,6.5,10.8,0.0833,36.11,True,0.0833,2019,False
4e57144f,Pritam Nirala,12,12.0,72,94,3,7.833,24.0,4.1,7.5,13.6,0.0833,47.22,True,0.1667,2019,False
f879ff6b,Avinash Yadav,12,12.0,72,76,1,6.333,72.0,2.1,5.0,12.9,0.0,45.83,True,0.25,2022,False
14d6a8d5,G Anikethreddy,12,12.0,72,66,3,5.5,24.0,1.1,6.5,8.0,0.0833,51.39,True,0.0,2023,False
a18da10f,Karan Patel,12,12.0,72,77,3,6.417,24.0,4.0,6.0,12.6,0.0,44.44,True,0.1667,2021,False
cfd84210,DC Green,12,12.0,72,126,3,10.5,24.0,5.2,10.5,17.8,0.0833,45.83,True,0.25,2019,False
a7e1f127,Jasmer Dhankhar,12,12.0,72,78,4,6.5,18.0,3.1,6.0,9.8,0.0,36.11,True,0.0833,2023,False
25284a3c,Bikash K Rout,12,12.0,72,88,5,7.333,14.4,2.3,7.0,11.8,0.0833,33.33,True,0.1667,2021,False
6ef38020,J Wadia,12,12.0,72,91,2,7.583,36.0,3.0,7.5,14.7,0.0833,36.11,True,0.25,2025,True
e2ee90d9,MA Aponso,12,12.0,72,122,1,10.167,72.0,3.2,8.0,21.2,0.0,37.5,True,0.3333,2026,True
4cfda770,Lalhruaizela,12,12.0,72,98,5,8.167,14.4,3.3,8.5,11.0,0.0833,30.56,True,0.0833,2020,False
76d0ac27,Arpit Pannu,12,12.0,72,93,2,7.75,36.0,4.1,6.5,11.9,0.0,26.39,True,0.1667,2021,False
f048bb41,JM Mennie,12,12.0,72,139,2,11.583,36.0,5.1,11.0,17.9,0.0,26.39,True,0.5,2019,False
1e030637,V Puthur,12,12.0,72,109,6,9.083,12.0,5.2,8.0,14.9,0.0,33.33,True,0.25,2025,True
9b327948,Faisal Khan Ahmadzai,12,12.0,72,117,3,9.75,24.0,1.7,10.5,14.8,0.0,41.67,True,0.4167,2026,True
16605a1b,AA Kazi,12,11.83,71,115,0,9.718,,5.0,7.0,18.7,0.0,18.31,True,0.3333,2018,False
2122c023,Nazeeb Saiyed,12,11.83,71,82,2,6.93,35.5,2.1,6.5,10.9,0.0,43.66,True,0.0833,2020,False
14857cf9,Jitumoni Kalita,12,11.83,71,67,4,5.662,17.75,2.0,5.0,10.8,0.0,46.48,True,0.0833,2018,False
28217d89,ML Revis,14,11.67,70,153,2,13.114,35.0,8.4,11.4,20.04,0.0,15.71,True,0.2857,2026,True
eafe8a94,BI Kellaway,12,11.67,70,90,4,7.714,17.5,3.6,6.6,12.96,0.0,30.0,True,0.0714,2026,True
ad212f96,RF Higgins,14,11.67,70,91,6,7.8,11.67,3.6,7.2,11.28,0.0714,27.14,True,0.0714,2025,True
95a06106,GLS Scrimshaw,13,11.67,70,123,4,10.543,17.5,5.04,9.6,18.48,0.0769,37.14,True,0.2857,2022,False
d48c0f40,LA Patterson-White,11,11.67,70,92,3,7.886,23.33,3.0,8.4,13.8,0.0909,32.86,True,0.1429,2026,True
aa7176ba,AS Thakare,12,11.5,69,68,4,5.913,17.25,2.1,5.0,9.9,0.0,40.58,True,0.0,2021,False
c1d3515b,AV Rajput,12,11.5,69,105,6,9.13,11.5,3.2,9.5,12.9,0.0,28.99,True,0.25,2024,False
fc60e81a,B Parsons,12,11.33,68,109,7,9.618,9.71,3.1,9.5,18.5,0.0,27.94,True,0.3333,2025,True
dd55932d,Kengo Bam,13,11.33,68,113,2,9.971,34.0,4.2,11.0,22.4,0.0,27.94,True,0.3077,2021,False
15b39832,R Hadley,12,11.33,68,145,2,12.794,34.0,8.1,10.5,17.7,0.0833,27.94,True,0.3333,2025,True
c32087fc,Waseem Raza,12,11.33,68,107,2,9.441,34.0,6.0,9.0,11.9,0.0,26.47,True,0.1667,2021,False
e94d2d50,NA McSweeney,12,11.17,67,88,5,7.881,13.4,4.0,6.0,15.0,0.0833,29.85,True,0.1667,2025,True
bcaf7d33,RN Gurbani,11,11.0,66,99,2,9.0,33.0,3.0,8.0,15.0,0.0,48.48,True,0.3636,2019,False
1d09dda7,Kamal Das,11,11.0,66,68,3,6.182,22.0,4.0,5.0,10.0,0.0,31.82,True,0.0,2018,False
2e9fdf9b,DAJ Bracewell,11,11.0,66,106,4,9.636,16.5,5.0,11.0,13.0,0.0,27.27,True,0.2727,2023,False
ed3fdd1a,Nitin Yadav,11,11.0,66,73,5,6.636,13.2,3.0,7.0,11.0,0.0,46.97,True,0.0909,2021,False
985b57b1,Rajesh Singh,11,11.0,66,97,2,8.818,33.0,2.0,10.0,14.0,0.0,28.79,True,0.1818,2019,False
6eb146d2,Gurkeerat Singh,11,11.0,66,77,1,7.0,66.0,4.0,7.0,10.0,0.0,27.27,True,0.0909,2020,False
6c8e4b0a,Anirudh Kanwar,11,11.0,66,71,2,6.455,33.0,3.0,6.0,9.0,0.0,40.91,True,0.0909,2019,False
c910e89d,Kshitiz Sharma,11,11.0,66,84,2,7.636,33.0,2.0,7.0,15.0,0.0,37.88,True,0.2727,2018,False
469ccead,CB Sole,11,11.0,66,131,3,11.909,22.0,8.0,11.0,18.0,0.0,34.85,True,0.3636,2023,False
970ddd24,Suryansh Shedge,11,11.0,66,119,5,10.818,13.2,5.0,9.0,16.0,0.0,21.21,True,0.3636,2025,True
fb5f69e4,M Tiwari,11,11.0,66,101,4,9.182,16.5,5.0,9.0,14.0,0.0,30.3,True,0.2727,2026,True
9c1b1f4b,A Desai,11,11.0,66,116,5,10.545,13.2,7.0,10.0,20.0,0.0,34.85,True,0.2727,2025,True
2c3643f8,Sahil Lotra,11,11.0,66,71,1,6.455,66.0,3.0,7.0,8.0,0.0,30.3,True,0.0909,2023,False
db15d0f8,Thomas Moirangthem,11,11.0,66,83,4,7.545,16.5,4.0,7.0,12.0,0.0909,48.48,True,0.1818,2019,False
025c4400,MJ Suthar,11,11.0,66,116,2,10.545,33.0,4.0,9.0,15.0,0.0,31.82,True,0.4545,2026,True
da4a1e46,M Spoors,11,11.0,66,108,2,9.818,33.0,4.0,9.0,15.0,0.0,31.82,True,0.3636,2025,True
0f12f9df,NLTC Perera,11,10.83,65,120,3,11.077,21.67,7.0,12.0,16.0,0.0909,35.38,True,0.5455,2021,False
219cc59e,DY Pennington,12,10.83,65,95,3,8.769,21.67,1.5,7.8,18.72,0.0833,52.31,True,0.2308,2025,True
d9609443,ST Gabriel,11,10.5,63,119,3,11.333,21.0,3.0,9.0,19.0,0.0,36.51,True,0.4545,2018,False
cb9b8664,W O'Rourke,11,10.33,62,132,6,12.774,10.33,4.0,14.0,21.0,0.1818,24.19,True,0.5455,2025,True
a6bab2a9,K Gore,11,10.17,61,105,3,10.328,20.33,4.0,9.0,12.0,0.0,34.43,True,0.1818,2026,True
c2c97df0,Manjeet Singh,11,10.17,61,79,3,7.77,20.33,3.0,6.0,15.0,0.0909,42.62,True,0.1818,2018,False
fcc9954f,Satish Jangir,10,10.0,60,69,3,6.9,20.0,3.9,5.5,8.5,0.0,36.67,True,0.1,2022,False
fa778d1b,Santha Moorthy,10,10.0,60,85,6,8.5,10.0,3.8,7.5,14.6,0.1,40.0,True,0.2,2020,False
1501688a,AK Chahal,10,10.0,60,72,3,7.2,20.0,3.9,7.0,10.4,0.0,43.33,True,0.1,2018,False
f691e227,Akash Pandey,10,10.0,60,98,6,9.8,10.0,1.0,7.0,21.2,0.1,40.0,True,0.3,2023,False
101dcc31,Shiraz Ahmed,10,10.0,60,109,1,10.9,60.0,6.0,12.0,16.0,0.0,26.67,True,0.6,2022,False
f60dc2a5,MA Beer,10,10.0,60,94,0,9.4,,4.8,7.0,20.2,0.0,26.67,True,0.2,2018,False
d346d939,RA Whiteley,10,10.0,60,75,3,7.5,20.0,4.7,6.5,11.3,0.1,23.33,True,0.1,2022,False
22a16551,Pinninit Tapaswi,10,10.0,60,83,3,8.3,20.0,3.9,7.5,13.3,0.1,26.67,True,0.3,2021,False
de6efa4a,JR Coleman,10,10.0,60,71,6,7.1,10.0,5.0,6.0,8.8,0.1,43.33,True,0.1,2019,False
6f49cc6e,Shivam Sharma,10,10.0,60,57,2,5.7,30.0,2.9,4.0,10.0,0.0,45.0,True,0.0,2021,False
557153ca,KK Cooper,10,10.0,60,108,4,10.8,15.0,5.0,9.0,19.3,0.0,28.33,True,0.4,2018,False
d13d1dd0,RP Kellepotha,10,10.0,60,75,3,7.5,20.0,4.9,7.5,10.3,0.1,33.33,True,0.1,2023,False
55ed4228,M Clarke,10,10.0,60,139,0,13.9,,10.8,13.0,17.4,0.0,28.33,True,0.7,2026,True
a446c7be,Vivek Singh,10,10.0,60,79,0,7.9,,3.9,7.0,12.4,0.0,31.67,True,0.2,2018,False
7a80ddf2,D Bishoo,10,10.0,60,119,2,11.9,30.0,5.9,11.0,18.3,0.0,20.0,True,0.4,2018,False
2a04400b,Sabir Ali,10,10.0,60,97,4,9.7,15.0,2.9,11.0,13.5,0.0,43.33,True,0.3636,2023,False
a671ad8b,Bobby Yadav,10,10.0,60,77,2,7.7,30.0,3.0,6.5,16.0,0.0,35.0,True,0.2,2018,False
f0f0f668,SN Patel,10,10.0,60,95,4,9.5,15.0,2.9,8.5,14.2,0.1,43.33,True,0.3,2023,False
10735e1d,JS Buckingham,10,10.0,60,96,2,9.6,30.0,4.7,8.0,17.3,0.0,38.33,True,0.3,2024,False
cf59f9b2,PS Kataria,10,10.0,60,70,1,7.0,60.0,3.8,7.5,9.2,0.0,36.67,True,0.0,2018,False
4fc7fc34,S Hegde,10,10.0,60,79,1,7.9,60.0,2.9,7.5,14.4,0.0,31.67,True,0.2,2023,False
72147266,Karan Lal,10,10.0,60,49,4,4.9,15.0,2.7,4.5,9.1,0.0,45.0,True,0.0,2021,False
4de4c0e9,Shivam Shukla,10,10.0,60,67,2,6.7,30.0,3.0,6.5,9.3,0.0,33.33,True,0.1,2024,False
4277234d,Sufiyan Muqeem,10,10.0,60,81,4,8.1,15.0,5.9,8.0,11.1,0.1,38.33,True,0.1,2026,True
0e567e38,Supriyo Chakraborty,10,10.0,60,84,2,8.4,30.0,4.0,7.5,12.7,0.0,33.33,True,0.3,2019,False
c2294408,Pallav Kumar Das,10,10.0,60,79,4,7.9,15.0,4.0,6.0,12.3,0.0,36.67,True,0.3,2023,False
90dd5193,BM Chingakham,10,10.0,60,97,1,9.7,60.0,5.8,10.5,12.3,0.0,33.33,True,0.5,2023,False
51ec3919,T Vijay,10,10.0,60,116,3,11.6,20.0,5.0,12.0,18.0,0.0,25.0,True,0.5,2026,True
97b8d15e,Shahid Bhutta,10,10.0,60,119,2,11.9,30.0,6.0,9.5,21.1,0.0,33.33,True,0.3,2024,False
e37053c4,TC Vanlalremruata,10,10.0,60,71,3,7.1,20.0,4.9,6.5,11.1,0.0,23.33,True,0.1,2023,False
9656afbf,Ahmed Daniyal,10,10.0,60,91,3,9.1,20.0,4.8,8.5,12.7,0.0,33.33,True,0.2,2021,False
151c258b,J Glen,10,10.0,60,59,7,5.9,8.57,3.0,4.0,9.6,0.1,40.0,True,0.1,2020,False
b56dc5f7,BE Hendricks,10,10.0,60,99,2,9.9,30.0,7.5,9.5,14.1,0.0,45.0,True,0.2,2023,False
3c29632a,Tripuresh Singh,10,9.83,59,80,4,8.136,14.75,2.9,7.0,12.84,0.0,47.46,True,0.2,2024,False
a968d8eb,Dilbar Hussain,10,9.83,59,92,4,9.356,14.75,4.98,7.0,13.0,0.1,38.98,True,0.2,2020,False
82c10dac,Abhinandan Singh,10,9.67,58,122,3,12.621,19.33,4.45,13.0,16.8,0.0,25.86,True,0.6,2026,True
17c02b38,Pradeep Chamoli,10,9.67,58,103,2,10.655,29.0,5.8,10.5,17.3,0.0,25.86,True,0.3,2019,False
069a5170,O Patterson,10,9.67,58,88,4,9.103,14.5,4.8,7.5,22.05,0.1,36.21,True,0.2,2025,True
fe5b4367,ZJ Chappell,11,9.17,55,97,6,10.582,9.17,3.6,9.6,15.6,0.0909,32.73,True,0.3636,2023,False
ef55b38c,D Warren,10,9.17,55,81,2,8.836,27.5,3.9,10.0,19.5,0.0,27.27,True,0.1,2024,False
00b195ae,TH Aspinwall,10,9.17,55,66,3,7.2,18.33,2.28,5.4,15.12,0.1,45.45,True,0.1818,2025,True
58c481c6,JJ Cobb,10,9.17,55,76,2,8.291,27.5,5.22,7.2,14.52,0.0,30.91,True,0.1818,2022,False
684a56df,RR Beaton,10,9.17,55,82,2,8.945,27.5,5.7,7.0,14.2,0.0,41.82,True,0.3,2023,False
ccdd8308,ST Finn,11,9.17,55,111,6,12.109,9.17,7.2,9.6,16.8,0.0909,30.91,True,0.1818,2021,False
77255a9e,RA Tripathi,9,9.0,54,62,2,6.889,27.0,3.8,4.0,11.8,0.0,40.74,False,0.1111,2023,False
4ef73fb3,M Govia,9,9.0,54,82,2,9.111,27.0,4.2,7.0,14.4,0.0,46.3,False,0.3333,2024,False
455a7563,Nabam Tempol,9,9.0,54,82,1,9.111,54.0,5.4,11.0,12.0,0.0,31.48,False,0.1111,2020,False
c23938fd,P Saravana Kumar,10,9.0,54,86,7,9.556,7.71,0.0,12.5,19.1,0.2,53.7,True,0.3,2021,False
c995d726,CA Ingram,9,9.0,54,74,3,8.222,18.0,3.0,7.0,14.0,0.0,35.19,False,0.2222,2022,False
b9671119,Aswin Crist,9,9.0,54,100,3,11.111,18.0,5.0,10.0,17.4,0.1111,29.63,False,0.3333,2020,False
b6e96180,Rajiv Darjee,9,9.0,54,80,1,8.889,54.0,4.0,9.0,13.2,0.0,22.22,False,0.2222,2020,False
85c80de3,Ram Gurung,9,9.0,54,49,1,5.444,54.0,2.8,4.0,8.8,0.0,33.33,False,0.1111,2021,False
2f43ee81,J Layne,9,9.0,54,113,0,12.556,,7.8,14.0,16.2,0.0,31.48,False,0.6667,2025,True
030f3089,K Yadav,9,9.0,54,84,2,9.333,27.0,3.8,8.0,15.2,0.0,25.93,False,0.2222,2023,False
bc0c1f0d,Sarbeswar Mohanty,9,9.0,54,68,1,7.556,54.0,3.0,4.0,13.4,0.0,38.89,False,0.3333,2021,False
af7f15f3,MR Raut,9,9.0,54,93,3,10.333,18.0,5.4,9.0,16.4,0.0,25.93,False,0.3333,2022,False
62175638,Karim Janat,9,9.0,54,128,2,14.222,27.0,7.6,10.0,25.2,0.0,27.78,False,0.4444,2025,True
0d39a026,Asif Mehmood,9,9.0,54,124,0,13.778,,6.0,15.0,17.8,0.0,22.22,False,0.7778,2026,True
f0f5b2aa,Akshay Chandran,9,9.0,54,85,3,9.444,18.0,4.6,9.0,14.2,0.0,27.78,False,0.2222,2020,False
d14a9789,Ashish Rai,9,9.0,54,62,3,6.889,18.0,2.0,8.0,10.6,0.0,40.74,False,0.1111,2021,False
6aed7e79,PV Tambe,9,9.0,54,36,3,4.0,18.0,0.8,3.0,7.0,0.0,62.96,False,0.1111,2020,False
fffa744b,Naman Dhir,9,8.67,52,76,0,8.769,,3.6,8.0,15.5,0.0,21.15,False,0.2222,2025,True
b8d80b40,Sams Alam,9,8.67,52,111,1,12.808,52.0,5.6,12.0,22.7,0.0,25.0,False,0.5556,2018,False
479f9b04,S Milenko,10,8.5,51,72,4,8.471,12.75,3.0,7.5,16.8,0.1,31.37,True,0.2,2020,False
9fe56f2b,Samarth Seth,9,8.33,50,88,2,10.56,25.0,3.6,9.0,19.6,0.0,20.0,False,0.2222,2019,False
d12143bf,JM Anderson,8,8.33,50,91,2,10.92,25.0,7.26,11.4,16.68,0.125,30.0,False,0.3,2025,True
872113ff,Ashwin Das,9,8.17,49,69,2,8.449,24.5,4.4,8.0,18.0,0.0,36.73,False,0.1111,2022,False
d6e2a10e,KN Luitel,8,8.0,48,79,1,9.875,48.0,3.7,10.5,15.5,0.0,27.08,False,0.375,2018,False
a4c50758,Andrew Vanlalhruaia,8,8.0,48,106,1,13.25,48.0,9.7,13.0,17.6,0.0,22.92,False,0.75,2020,False
2c76b512,DJ Muthuswami,8,8.0,48,57,5,7.125,9.6,1.7,7.0,13.2,0.125,45.83,False,0.25,2018,False
f9daec85,Jayanta Behera,8,8.0,48,50,5,6.25,9.6,3.1,5.0,11.6,0.0,41.67,False,0.125,2021,False
9d7ad127,Ajay Dev Goud,8,8.0,48,37,8,4.625,6.0,1.7,3.5,8.3,0.25,54.17,False,0.0,2020,False
225412c5,TR Dhillon,8,8.0,48,51,3,6.375,16.0,1.7,3.0,13.9,0.0,45.83,False,0.125,2020,False
228bd0b0,Mayank Raghav,8,8.0,48,98,1,12.25,48.0,7.7,12.0,18.0,0.0,16.67,False,0.5,2018,False
9bc4faa8,Sourav Dey,8,8.0,48,54,1,6.75,48.0,4.4,6.5,9.6,0.0,29.17,False,0.0,2023,False
a082d97a,Dasari Swaroop Kumar,8,8.0,48,56,3,7.0,16.0,4.0,6.5,10.3,0.125,20.83,False,0.0,2019,False
b05fe3d9,Gaurav Chaudhary,8,8.0,48,60,2,7.5,24.0,1.7,6.0,15.9,0.0,43.75,False,0.25,2022,False
518d090c,Sharafuddeen,8,8.0,48,79,1,9.875,48.0,6.4,9.0,14.9,0.0,39.58,False,0.25,2021,False
5390f178,DMK Grant,8,8.0,48,48,3,6.0,16.0,3.1,6.5,8.3,0.0,39.58,False,0.0,2021,False
dd506910,Dhrumil Matkar,8,8.0,48,72,1,9.0,48.0,5.7,7.5,14.3,0.0,35.42,False,0.25,2019,False
39181592,PE Kruger,8,8.0,48,53,4,6.625,12.0,1.0,5.0,13.9,0.125,52.08,False,0.25,2023,False
cd3dd36e,K Tripathi,8,8.0,48,48,4,6.0,12.0,1.7,4.0,11.6,0.0,39.58,False,0.125,2022,False
d0eb7868,M Bean,8,8.0,48,77,2,9.625,24.0,4.7,8.0,16.7,0.0,43.75,False,0.25,2024,False
35b67232,CK Paul,8,8.0,48,53,3,6.625,16.0,3.0,5.0,12.9,0.125,47.92,False,0.25,2022,False
b8cc58c9,RR Hendricks,8,8.0,48,38,2,4.75,24.0,2.0,3.5,8.0,0.0,41.67,False,0.125,2025,True
78eb4223,KAJ Roach,8,8.0,48,91,1,11.375,48.0,4.4,8.5,20.2,0.0,29.17,False,0.375,2018,False
1c2a64cd,A Ashish Reddy,8,8.0,48,70,3,8.75,16.0,2.7,9.0,13.3,0.125,25.0,False,0.375,2018,False
ba6b2f91,RA Bawa,8,8.0,48,77,4,9.625,12.0,5.8,9.0,15.3,0.0,39.58,False,0.25,2026,True
77bf0483,Akeem Jordan,8,8.0,48,85,5,10.625,9.6,5.4,11.0,15.0,0.0,43.75,False,0.5,2023,False
8ac93ca2,P Chopra,8,8.0,48,68,0,8.5,,4.0,9.0,12.3,0.0,29.17,False,0.25,2019,False
436b8481,Pavan Deshpande,8,8.0,48,82,2,10.25,24.0,5.8,9.0,16.2,0.0,16.67,False,0.375,2021,False
c33d8116,Mohsin Khan (2),8,8.0,48,51,4,6.375,12.0,2.4,5.0,12.5,0.0,39.58,False,0.125,2023,False
e85f3659,Dhruv Patel,8,8.0,48,91,1,11.375,48.0,7.0,10.0,17.5,0.0,29.17,False,0.25,2022,False
c133943b,MS Akhil,8,8.0,48,75,3,9.375,16.0,5.0,9.0,13.4,0.0,16.67,False,0.125,2021,False
dfbd203a,Karkir Taye,8,8.0,48,93,0,11.625,,8.4,11.5,15.6,0.0,22.92,False,0.5,2021,False
3decbc22,RS Jaganath Sinivas,8,8.0,48,63,4,7.875,12.0,3.7,6.5,13.9,0.0,43.75,False,0.25,2023,False
f64c8577,MS Redkar,8,8.0,48,59,4,7.375,12.0,2.0,9.0,11.3,0.0,39.58,False,0.125,2023,False
86f84b37,AM Tribe,8,8.0,48,58,0,7.25,,3.8,8.0,10.3,0.0,27.08,False,0.0,2025,True
155c24d2,Karan Dagar,8,8.0,48,29,5,3.625,9.6,1.0,3.5,7.0,0.25,58.33,False,0.0,2019,False
85ec8e33,SS Iyer,8,7.83,47,79,1,10.085,47.0,5.7,8.3,16.9,0.0,38.3,False,0.375,2022,False
b5e545ad,K Tewatiya,8,7.83,47,74,2,9.447,23.5,2.4,7.7,16.5,0.125,44.68,False,0.25,2023,False
0f21680d,GG White,9,7.5,45,89,0,11.867,,4.56,10.8,19.68,0.0,15.56,False,0.2222,2021,False
27e60d6e,AS Dale,9,7.5,45,106,2,14.133,22.5,6.24,13.2,20.4,0.0,31.11,False,0.4444,2025,True
ab01e323,SA Zaib,9,7.5,45,70,2,9.333,22.5,5.76,9.6,11.52,0.0,26.67,False,0.1111,2025,True
844e79d1,D Brevis,8,7.5,45,65,5,8.667,9.0,5.4,9.0,13.2,0.0,33.33,False,0.125,2024,False
faa8cfba,MT Stanley,9,7.5,45,83,1,11.067,45.0,2.88,12.0,18.48,0.0,33.33,False,0.3333,2022,False
d28a7a2a,U U Bose,8,7.33,44,54,1,7.364,44.0,4.1,8.0,10.0,0.0,27.27,False,0.0,2020,False
8f2dfebf,MD Fisher,9,7.33,44,75,2,10.227,22.0,3.36,10.8,18.6,0.0,43.18,False,0.2222,2026,True
88b4d220,K Pitman,8,7.33,44,75,3,10.227,14.67,4.0,10.0,15.8,0.125,29.55,False,0.375,2024,False
ab965cad,HWR Cartwright,8,7.17,43,102,2,14.233,21.5,6.0,11.5,22.3,0.125,11.63,False,0.5,2021,False
86da2170,Subhash Sharma,8,7.17,43,51,2,7.116,21.5,3.4,7.0,15.6,0.0,44.19,False,0.125,2018,False
9335178c,Himan Phukan,7,7.0,42,37,1,5.286,42.0,2.6,5.0,8.0,0.0,40.48,False,0.0,2021,False
96477053,Hokaito Zhimomi,7,7.0,42,61,3,8.714,14.0,3.6,9.0,12.8,0.0,28.57,False,0.1429,2022,False
6d97efab,Ahitesh Varma,7,7.0,42,63,2,9.0,21.0,3.0,8.0,15.8,0.0,30.95,False,0.1429,2021,False
a398b8c2,Nitesh Gupta,7,7.0,42,40,3,5.714,14.0,4.6,5.0,7.0,0.0,33.33,False,0.0,2020,False
b4ff4409,Manish Sharma,7,7.0,42,47,3,6.714,14.0,2.2,8.0,9.8,0.0,38.1,False,0.0,2018,False
c6cc27f4,Wahidullah Zadran,7,7.0,42,59,2,8.429,21.0,5.2,9.0,11.4,0.0,45.24,False,0.1429,2024,False
1760e2c7,AB Bhadoriya,7,7.0,42,43,0,6.143,,2.6,4.0,12.4,0.0,38.1,False,0.2857,2022,False
c0c4b2e9,Aditya Jadeja,7,7.0,42,41,3,5.857,14.0,2.2,4.0,10.2,0.0,57.14,False,0.1429,2023,False
89e8c5ff,R Pollard,7,7.0,42,57,1,8.143,42.0,2.6,9.0,14.0,0.0,50.0,False,0.2857,2026,True
78bb68d4,Y Cariah,7,7.0,42,82,1,11.714,42.0,4.8,13.0,17.4,0.0,42.86,False,0.7143,2023,False
8b1137f7,Suresh Vishweshwar,7,7.0,42,64,0,9.143,,3.8,9.0,14.2,0.0,33.33,False,0.1429,2021,False
427e6670,BB Dey,7,7.0,42,69,1,9.857,42.0,2.8,12.0,15.6,0.0,23.81,False,0.5714,2019,False
1bf2759b,Nongthombam Denin,7,7.0,42,46,2,6.571,21.0,3.0,5.0,11.0,0.0,42.86,False,0.1429,2020,False
e5fa9ca2,Hrishi Raj,7,7.0,42,68,4,9.714,10.5,6.8,9.0,12.4,0.1429,42.86,False,0.4286,2021,False
6c87f1df,NP Winter,7,7.0,42,58,0,8.286,,4.8,9.0,11.4,0.0,30.95,False,0.1429,2020,False
c7375760,Parth Chauhan,7,7.0,42,68,2,9.714,21.0,4.4,7.0,16.2,0.0,28.57,False,0.4286,2020,False
cede9920,Parmesh Vaidik,7,7.0,42,69,2,9.857,21.0,7.0,10.0,12.8,0.0,35.71,False,0.2857,2021,False
26d76ad9,Virat Singh,7,7.0,42,68,0,9.714,,3.6,8.0,16.2,0.0,26.19,False,0.4286,2018,False
afe57f7a,SC Williams,7,7.0,42,84,4,12.0,10.5,4.6,10.0,24.2,0.1429,33.33,False,0.2857,2023,False
34f27721,Yogesh Sharma,7,7.0,42,43,1,6.143,42.0,3.2,6.0,9.2,0.0,38.1,False,0.0,2022,False
d52330c6,Ananta Saha,7,7.0,42,32,1,4.571,42.0,1.6,4.0,8.4,0.0,61.9,False,0.0,2021,False
db584dad,CH Gayle,8,7.0,42,69,1,9.857,42.0,6.7,9.0,19.8,0.0,23.81,False,0.125,2021,False
f6c313ea,KS Gattepalli,7,7.0,42,58,3,8.286,14.0,4.6,8.0,13.4,0.1429,38.1,False,0.1429,2026,True
fd7fd0a0,Saruk Hossain,7,7.0,42,40,1,5.714,42.0,2.2,7.0,8.0,0.0,40.48,False,0.0,2021,False
f992200b,Akash Parkar,7,7.0,42,67,2,9.571,21.0,3.0,9.0,16.2,0.0,26.19,False,0.1429,2020,False
f9346e2a,Jayveer Parmar,7,7.0,42,77,3,11.0,14.0,2.6,11.0,17.4,0.1429,28.57,False,0.4286,2019,False
f18e00c2,Chandan Ray,7,7.0,42,61,0,8.714,,3.0,8.0,14.6,0.0,38.1,False,0.2857,2020,False
02b25ee4,SS Ghosh,7,7.0,42,47,0,6.714,,3.6,7.0,9.2,0.0,30.95,False,0.0,2023,False
30f4ac6f,SA Lewis,7,7.0,42,58,1,8.286,42.0,4.6,8.0,11.6,0.0,50.0,False,0.1429,2022,False
68408472,Atif Attarwala,7,7.0,42,47,1,6.714,42.0,4.6,7.0,9.0,0.0,19.05,False,0.0,2019,False
6699acb6,Kartikeya Kak,7,7.0,42,74,4,10.571,10.5,6.0,7.0,17.4,0.0,35.71,False,0.4286,2020,False
9e76cdb3,Ansh Patel,7,7.0,42,52,1,7.429,42.0,3.0,5.0,14.2,0.0,35.71,False,0.2857,2021,False
a7f1ef98,K Lalhmingmawia,7,7.0,42,72,0,10.286,,6.8,10.0,14.4,0.0,9.52,False,0.4286,2020,False
34b37279,BGF Green,7,6.67,40,50,2,7.5,20.0,5.52,7.2,10.08,0.1429,22.5,False,0.0,2023,False
272d796e,BR Dunk,7,6.67,40,58,1,8.7,40.0,5.2,8.0,13.8,0.0,32.5,False,0.1429,2020,False
597d321a,Dinesh Rai,7,6.5,39,50,2,7.692,19.5,2.6,5.0,19.0,0.0,38.46,False,0.1429,2019,False
51a36d3e,GH Worker,7,6.33,38,58,2,9.158,19.0,3.0,8.0,13.8,0.0,42.11,False,0.4286,2019,False
92500ad5,SS Mishra,7,6.33,38,67,2,10.579,19.0,5.4,11.0,13.0,0.0,42.11,False,0.4286,2026,True
6cdc3215,PS Painkra,7,6.33,38,65,2,10.263,19.0,3.0,11.0,16.6,0.0,36.84,False,0.2857,2023,False
2b38fa6d,Somorjit Salam,7,6.17,37,70,0,11.351,,6.0,12.0,19.8,0.0,29.73,False,0.4286,2021,False
60500956,RV Patel,6,6.0,36,55,0,9.167,,5.5,9.0,13.0,0.0,22.22,False,0.1667,2021,False
5f222a64,MW Edwards,6,6.0,36,53,2,8.833,18.0,7.5,8.5,10.5,0.0,33.33,False,0.0,2021,False
e796c63a,Z Motara,6,6.0,36,66,1,11.0,36.0,7.5,10.0,15.5,0.0,38.89,False,0.1667,2025,True
d8fee704,Prayas Singh,6,6.0,36,48,1,8.0,36.0,6.0,8.5,9.5,0.0,38.89,False,0.0,2021,False
f5715b48,Ali Naseer,6,6.0,36,48,1,8.0,36.0,3.5,8.5,12.0,0.0,25.0,False,0.1667,2024,False
68ddabdb,Mohammad Sami,6,6.0,36,71,0,11.833,,8.5,11.5,15.5,0.0,36.11,False,0.5,2018,False
32342d85,Kruthik Hanagavadi,6,6.0,36,55,1,9.167,36.0,6.0,9.0,12.5,0.0,30.56,False,0.1667,2020,False
65654ac9,Shubham Kumar Singh,6,6.0,36,56,1,9.333,36.0,6.0,9.0,13.0,0.0,36.11,False,0.1667,2021,False
564714f5,Sohraab Dhaliwal,6,6.0,36,60,0,10.0,,6.0,8.0,16.0,0.0,38.89,False,0.3333,2018,False
d27dafe2,Ankit Kushwah,6,6.0,36,57,2,9.5,18.0,5.5,7.5,15.5,0.0,27.78,False,0.1667,2022,False
6e3f5a5c,R Ngarava,6,6.0,36,64,1,10.667,36.0,4.5,9.0,18.5,0.0,33.33,False,0.1667,2025,True
2275cb50,Kiran Reddy,6,6.0,36,51,0,8.5,,3.5,7.0,15.0,0.0,36.11,False,0.3333,2018,False
c03c6200,DJG Sammy,6,6.0,36,50,2,8.333,18.0,5.5,8.0,11.5,0.0,27.78,False,0.1667,2020,False
c13e8df5,T Mathew,6,6.0,36,66,0,11.0,,6.5,11.0,15.5,0.0,16.67,False,0.5,2024,False
8b105ee2,Malay Raj,6,6.0,36,52,3,8.667,12.0,6.0,7.0,13.0,0.1667,44.44,False,0.1667,2022,False
39ed0d2f,KS Sharma,6,6.0,36,37,2,6.167,18.0,4.5,6.0,8.0,0.0,36.11,False,0.0,2022,False
74d12124,JP Greaves,6,6.0,36,64,2,10.667,18.0,6.5,8.0,17.5,0.0,30.56,False,0.3333,2026,True
8d474c63,ASIH Toppin,6,6.0,36,77,1,12.833,36.0,9.5,12.5,16.5,0.0,19.44,False,0.5,2026,True
1f1056c4,SP Tari,6,6.0,36,50,1,8.333,36.0,5.0,9.0,11.0,0.0,47.22,False,0.1667,2023,False
1dc12ab9,SK Raina,6,6.0,36,30,0,5.0,,3.0,5.5,6.5,0.0,30.56,False,0.0,2020,False
3d8348d0,Sibsankar Roy,6,6.0,36,29,2,4.833,18.0,2.0,5.0,7.5,0.0,47.22,False,0.0,2023,False
4f3ab93a,K Campbell,6,6.0,36,87,1,14.5,36.0,5.0,17.0,21.5,0.0,33.33,False,0.6667,2026,True
baaae738,Royston Dias,6,6.0,36,65,2,10.833,18.0,9.5,10.0,13.0,0.1667,30.56,False,0.3333,2024,False
4e747906,Deendyal Upadhyay,6,6.0,36,61,0,10.167,,5.0,10.0,15.5,0.0,36.11,False,0.3333,2018,False
4c263f1c,Tarani Sa,6,6.0,36,56,2,9.333,18.0,4.5,9.5,14.0,0.0,22.22,False,0.3333,2020,False
e415a5ab,Rachit Bhatia,6,6.0,36,52,2,8.667,18.0,4.0,8.0,14.0,0.0,38.89,False,0.3333,2018,False
b2c38dce,AA Choudhury,6,6.0,36,44,0,7.333,,4.5,6.5,11.0,0.0,25.0,False,0.0,2023,False
97af3515,T Whitney,6,6.0,36,55,2,9.167,18.0,5.0,8.5,14.0,0.0,33.33,False,0.3333,2024,False
e48a4814,Krish Bhagat,6,6.0,36,63,0,10.5,,4.0,10.5,17.0,0.0,41.67,False,0.5,2026,True
e3f143c1,KJ Cottoy,6,6.0,36,38,2,6.333,18.0,4.0,6.5,8.5,0.0,27.78,False,0.0,2019,False
b822e99c,NB Singh,6,6.0,36,18,5,3.0,7.2,1.5,3.0,4.5,0.1667,69.44,False,0.0,2018,False
b11d8647,Ashwin Hebbar,6,6.0,36,84,0,14.0,,8.0,11.5,22.5,0.0,25.0,False,0.5,2020,False
36ca63bf,S Baliyan,6,6.0,36,42,1,7.0,36.0,4.0,7.0,10.0,0.0,22.22,False,0.0,2022,False
b4296080,Milind Kumar,6,5.83,35,52,2,8.914,17.5,4.0,10.5,12.5,0.1667,31.43,False,0.3333,2026,True
2bbab579,Arpit Vasavada,6,5.83,35,14,4,2.4,8.75,1.0,2.2,4.0,0.0,65.71,False,0.0,2019,False
212aeedd,N Peter,6,5.83,35,60,1,10.286,35.0,5.5,11.0,14.8,0.0,20.0,False,0.5,2024,False
dfc887dc,Swarupam Purkayastha,6,5.83,35,58,4,9.943,8.75,4.5,8.8,16.5,0.0,28.57,False,0.3333,2019,False
08a11820,NN Sen Chowdhary,6,5.83,35,48,1,8.229,35.0,5.0,8.0,12.0,0.0,17.14,False,0.1667,2018,False
e19c424c,Lalrempuia,6,5.83,35,64,0,10.971,,5.5,9.6,17.5,0.0,25.71,False,0.5,2018,False
395179e8,D Parashar,6,5.67,34,40,1,7.059,34.0,1.5,4.5,14.0,0.0,44.12,False,0.1667,2024,False
79f5bc26,BG Lister,7,5.67,34,61,0,10.765,,3.0,8.0,34.2,0.0,38.24,False,0.1429,2025,True
30a45b23,SPD Smith,6,5.5,33,60,3,10.909,11.0,5.0,8.5,18.5,0.1667,51.52,False,0.1667,2018,False
6b07035d,K Alleyne,6,5.33,32,70,3,13.125,10.67,9.0,11.0,19.0,0.0,31.25,False,0.3333,2023,False
899bc881,Neelambuj Vats,6,5.17,31,50,0,9.677,,4.5,9.5,13.5,0.0,29.03,False,0.5,2019,False
21e1e7bd,L Holt,5,5.0,30,52,1,10.4,30.0,6.4,12.0,13.2,0.0,33.33,False,0.6,2025,True
e148e6bd,PR Veer,5,5.0,30,32,3,6.4,10.0,1.0,5.0,13.6,0.0,63.33,False,0.2,2026,True
d1f8b722,Shubham Sharma,5,5.0,30,24,1,4.8,30.0,3.0,4.0,7.4,0.0,40.0,False,0.0,2023,False
5f06c5a8,NN Bhute,5,5.0,30,55,0,11.0,,5.4,13.0,15.2,0.0,33.33,False,0.6,2020,False
d53a4fee,Rahul Kumar,5,5.0,30,39,0,7.8,,3.4,4.0,15.8,0.0,70.0,False,0.2,2020,False
5dd172a7,D Dhapola,5,5.0,30,46,0,9.2,,3.6,7.0,15.6,0.0,50.0,False,0.4,2018,False
5f119c74,Suraj Kashyap,5,5.0,30,34,1,6.8,30.0,3.6,7.0,9.8,0.0,36.67,False,0.0,2021,False
2cec2a92,Abbas Afridi,5,5.0,30,57,3,11.4,10.0,4.8,11.0,18.4,0.2,26.67,False,0.4,2025,True
7d8feff2,R Rohit,5,5.0,30,52,0,10.4,,3.0,7.0,21.4,0.0,36.67,False,0.2,2018,False
029c4618,AL Fekete,5,5.0,30,48,2,9.6,15.0,4.2,12.0,13.0,0.0,46.67,False,0.6,2019,False
02ba80a0,J Merlo,5,5.0,30,42,0,8.4,,4.4,6.0,13.8,0.0,26.67,False,0.4,2023,False
821403b6,Amos Rai,6,5.0,30,69,0,13.8,,7.5,12.0,32.4,0.0,13.33,False,0.3333,2018,False
0fe0cb24,VK Singh,5,5.0,30,30,1,6.0,30.0,2.2,5.0,11.0,0.0,63.33,False,0.2,2023,False
017e2f0d,Amogh Desai,5,5.0,30,33,1,6.6,30.0,1.8,5.0,12.4,0.0,43.33,False,0.2,2018,False
f45e828c,Mughavi Wotsa,5,5.0,30,46,0,9.2,,4.2,7.0,15.8,0.0,30.0,False,0.2,2019,False
52294a79,H Sharma,5,5.0,30,57,0,11.4,,7.2,12.0,14.6,0.0,13.33,False,0.8,2024,False
e5ee7c83,XA Crone,5,5.0,30,51,0,10.2,,7.0,11.0,12.6,0.0,13.33,False,0.4,2024,False
e5d452d7,Saif Badar,5,5.0,30,57,0,11.4,,6.0,9.0,18.4,0.0,13.33,False,0.4,2026,True
e793a8ed,Chaitanya Bishnoi,5,5.0,30,39,1,7.8,30.0,4.8,7.0,11.8,0.0,20.0,False,0.2,2023,False
944533a5,KK Nair,5,5.0,30,26,2,5.2,15.0,3.2,5.0,7.4,0.0,36.67,False,0.0,2021,False
cccea5bc,J Kann,5,5.0,30,76,1,15.2,30.0,9.6,16.0,20.4,0.0,20.0,False,0.8,2021,False
cb54a1d6,J Seymour,5,5.0,30,28,0,5.6,,4.0,6.0,7.0,0.0,33.33,False,0.0,2021,False
cb127a5b,Vipul Krishna,5,5.0,30,72,2,14.4,15.0,10.4,15.0,18.0,0.0,33.33,False,0.6,2019,False
b8828a1b,KJ Dudgeon,5,5.0,30,55,1,11.0,30.0,7.2,10.0,15.2,0.0,40.0,False,0.4,2024,False
38b43687,Lone Nasir Muzaffar,5,5.0,30,34,2,6.8,15.0,5.4,7.0,8.0,0.0,40.0,False,0.0,2023,False
79194080,AS Karambelkar,5,5.0,30,58,0,11.6,,9.4,10.0,14.8,0.0,16.67,False,0.4,2019,False
ed79b839,Sunil Roul,5,5.0,30,56,0,11.2,,8.4,12.0,13.8,0.0,30.0,False,0.6,2020,False
8fd24bce,Amit Kuila,5,5.0,30,52,1,10.4,30.0,3.6,7.0,18.6,0.0,26.67,False,0.4,2021,False
c4109286,Rinzing Bhutia,5,5.0,30,40,1,8.0,30.0,5.4,6.0,11.6,0.0,16.67,False,0.2,2018,False
177eb92d,Suresh Kumar,5,5.0,30,29,4,5.8,7.5,1.4,6.0,10.4,0.2,46.67,False,0.2,2019,False
890de8cb,Gagandeep Singh,5,5.0,30,30,0,6.0,,3.4,5.0,9.8,0.0,36.67,False,0.2,2023,False
0a509d6b,RK Singh,5,5.0,30,35,2,7.0,15.0,5.0,6.0,9.8,0.0,26.67,False,0.0,2021,False
af2c687b,C Munro,5,4.67,28,50,0,10.714,,4.8,10.0,21.0,0.0,10.71,False,0.4,2025,True
0ea54eca,O Davies,5,4.17,25,32,0,7.68,,5.6,8.0,11.2,0.0,20.0,False,0.0,2024,False
8799dc6d,Akash Luitel,5,4.17,25,32,0,7.68,,3.8,6.0,20.0,0.0,36.0,False,0.2,2021,False
0e0d43b4,SJ Mullaney,5,4.17,25,31,2,7.44,12.5,4.08,6.0,12.24,0.0,36.0,False,0.2,2021,False
c3a8bc99,C Archibald,5,4.17,25,37,0,8.88,,3.4,12.0,16.0,0.0,40.0,False,0.2,2021,False
ee2ac9d7,Marimuthu Vikneshwaran,5,4.17,25,37,2,8.88,12.5,6.6,10.0,11.6,0.0,24.0,False,0.0,2021,False
70b8fd28,A Lyth,4,4.17,25,30,2,7.2,12.5,4.62,9.0,11.28,0.25,40.0,False,0.0,2024,False
d99cc23a,T van der Gugten,5,4.17,25,65,1,15.6,25.0,7.68,15.6,23.52,0.0,16.0,False,0.6,2022,False
a3350945,Anunay Singh,5,4.17,25,41,1,9.84,25.0,7.8,10.0,18.8,0.0,24.0,False,0.0,2022,False
2843d331,Mohammad Saif,5,4.17,25,23,1,5.52,25.0,2.0,4.0,18.8,0.0,48.0,False,0.0,2023,False
27fc5808,HT Crocombe,5,4.17,25,34,2,8.16,12.5,3.84,6.0,13.92,0.0,32.0,False,0.2,2026,True
1647bd37,Karanveer Singh,4,4.0,24,15,3,3.75,8.0,1.0,3.5,6.7,0.0,66.67,False,0.0,2019,False
912f472c,JA Freeman,4,4.0,24,37,1,9.25,24.0,5.3,7.5,14.6,0.0,29.17,False,0.25,2018,False
cdc4604c,Abhishek Mohan,4,4.0,24,31,1,7.75,24.0,3.3,7.5,12.4,0.0,33.33,False,0.25,2018,False
74de56cf,Sharukh Dar,4,4.0,24,30,1,7.5,24.0,4.1,9.0,9.7,0.0,37.5,False,0.0,2018,False
bb222ac9,Sooraj Rai,4,4.0,24,24,1,6.0,24.0,2.9,5.5,9.5,0.0,58.33,False,0.0,2021,False
88d3fcc5,J Butte,4,4.0,24,28,0,7.0,,3.0,5.0,12.6,0.0,41.67,False,0.25,2023,False
732c038e,KIC Asalanka,4,4.0,24,27,0,6.75,,3.6,6.5,10.1,0.0,29.17,False,0.0,2026,True
7878257d,P Karia,4,4.0,24,14,0,3.5,,0.3,2.5,7.5,0.0,66.67,False,0.0,2023,False
0420f51f,AG Rao,4,4.0,24,32,1,8.0,24.0,7.0,7.5,9.4,0.0,29.17,False,0.0,2020,False
145903a5,Arjit Gupta,4,4.0,24,12,3,3.0,8.0,2.0,3.0,4.0,0.0,54.17,False,0.0,2019,False
1730e08e,Yuvraj Chaudhary,4,4.0,24,26,1,6.5,24.0,5.0,6.5,8.0,0.0,50.0,False,0.0,2021,False
0bf15e52,Harmeet Singh (2),4,4.0,24,16,1,4.0,24.0,3.3,4.0,4.7,0.0,41.67,False,0.0,2025,True
783e8d4d,Manjinder Singh,4,4.0,24,34,1,8.5,24.0,3.9,6.5,14.7,0.0,54.17,False,0.25,2018,False
3c3adfce,JP Wood,4,4.0,24,41,2,10.25,12.0,4.7,12.0,14.4,0.0,41.67,False,0.5,2021,False
3cea23da,N Sindhu,4,4.0,24,20,2,5.0,12.0,2.3,5.0,7.7,0.25,54.17,False,0.0,2023,False
3ae26eeb,A Panwar,4,4.0,24,50,1,12.5,24.0,8.9,12.5,16.1,0.0,20.83,False,0.5,2024,False
c27b5a0e,PVSN Raju,4,4.0,24,53,1,13.25,24.0,9.9,12.5,17.2,0.0,16.67,False,0.75,2025,True
f49989eb,Aamir Aziz,4,4.0,24,21,1,5.25,24.0,2.3,4.5,8.8,0.0,37.5,False,0.0,2020,False
824b6ca0,Ravikant Singh,4,4.0,24,31,2,7.75,12.0,6.0,6.5,10.5,0.0,16.67,False,0.25,2019,False
20afc7e7,T van Vuuren,4,4.0,24,51,0,12.75,,10.2,13.5,14.7,0.0,25.0,False,0.75,2024,False
66af8109,Kant Singh,4,4.0,24,50,1,12.5,24.0,9.9,12.0,15.5,0.0,16.67,False,0.75,2018,False
42c5b326,Vignesh Kannan,4,4.0,24,40,1,10.0,24.0,4.5,11.0,14.7,0.0,33.33,False,0.5,2020,False
41f56bbc,Henry Renthlei,4,4.0,24,41,1,10.25,24.0,5.9,9.5,15.2,0.0,20.83,False,0.25,2019,False
43d9353a,Syed Faridoun,4,4.0,24,37,0,9.25,,6.2,10.0,11.7,0.0,33.33,False,0.25,2021,False
752e972f,Ajay Yadav,4,4.0,24,25,0,6.25,,2.2,7.0,9.7,0.0,66.67,False,0.0,2018,False
ce2fa609,S Solanki,4,4.0,24,36,0,9.0,,5.3,6.5,14.7,0.0,37.5,False,0.25,2023,False
4666d699,Harshit Rathod,4,4.0,24,24,1,6.0,24.0,3.6,5.5,8.8,0.0,37.5,False,0.0,2021,False
cb61ddd6,SSK Chaudhary,4,4.0,24,24,1,6.0,24.0,3.2,6.5,8.4,0.0,50.0,False,0.0,2024,False
cbf58a86,SK Rasheed,4,4.0,24,32,0,8.0,,4.9,8.0,11.1,0.0,25.0,False,0.25,2022,False
37b0f5f9,Bandeep Singh,4,4.0,24,26,1,6.5,24.0,3.9,7.0,8.7,0.0,41.67,False,0.0,2018,False
9e67cfd0,Sameer Choudhary,4,4.0,24,33,1,8.25,24.0,5.2,9.0,10.7,0.0,25.0,False,0.0,2021,False
700edf8d,Ajay Pradhan,4,4.0,24,34,2,8.5,12.0,3.6,6.5,15.0,0.25,37.5,False,0.25,2020,False
e1891e00,BV Sears,4,4.0,24,49,0,12.25,,11.0,11.5,14.1,0.0,25.0,False,0.5,2025,True
58ed53f3,Nongthombam Sarojkumar,4,4.0,24,21,0,5.25,,4.3,5.0,6.4,0.0,37.5,False,0.0,2020,False
2f48362d,Amit Sinha,4,4.0,24,28,2,7.0,12.0,3.5,8.0,9.7,0.0,45.83,False,0.0,2021,False
ad19dda3,N van Heerden,4,4.0,24,36,1,9.0,24.0,4.1,9.5,13.5,0.0,37.5,False,0.25,2023,False
92d07362,Rohan Prem,4,4.0,24,16,1,4.0,24.0,1.6,3.0,7.2,0.0,50.0,False,0.0,2018,False
e7024d78,NS Sharma,4,4.0,24,26,1,6.5,24.0,3.5,7.5,8.7,0.0,37.5,False,0.0,2024,False
4765ad1e,Vishal Jayswal,4,4.0,24,50,2,12.5,12.0,7.6,10.0,19.4,0.0,16.67,False,0.25,2023,False
b319df8c,PAS McSween,4,4.0,24,53,1,13.25,24.0,5.3,13.5,21.0,0.0,45.83,False,0.75,2022,False
b91f2a31,KP Meiyappan,4,4.0,24,41,0,10.25,,7.9,10.0,12.8,0.0,20.83,False,0.25,2022,False
3759f3c7,Parivesh Dhar,4,4.0,24,29,1,7.25,24.0,4.9,7.5,9.4,0.0,29.17,False,0.0,2020,False
4fcaa008,Y Sera,4,4.0,24,62,0,15.5,,10.6,13.0,22.4,0.0,29.17,False,0.75,2023,False
d0920019,Sujit Yadav,4,4.0,24,26,0,6.5,,4.2,7.5,8.0,0.0,33.33,False,0.0,2021,False
c86b2f09,V Panwar,4,4.0,24,34,1,8.5,24.0,4.9,7.5,12.9,0.0,25.0,False,0.25,2024,False
ac50c987,Bhavik Patel,4,4.0,24,48,0,12.0,,6.8,13.5,16.0,0.0,20.83,False,0.5,2018,False
e345cb6b,Janco Smit,4,4.0,24,37,1,9.25,24.0,7.0,9.0,11.7,0.0,45.83,False,0.25,2025,True
1c29d51f,MV Pithiya,4,4.0,24,23,0,5.75,,3.6,5.0,8.5,0.0,33.33,False,0.0,2024,False
126e8cb3,Avneesh Sudha,4,4.0,24,43,0,10.75,,8.0,10.5,13.7,0.0,20.83,False,0.5,2022,False
f2598f58,Mohit Jain,4,4.0,24,14,4,3.5,6.0,1.0,3.0,6.4,0.25,58.33,False,0.0,2021,False
844ea263,S Ashish,4,4.0,24,24,1,6.0,24.0,4.6,6.0,7.4,0.0,29.17,False,0.0,2020,False
f67fe815,D Rabha,4,4.0,24,41,0,10.25,,5.2,10.5,15.1,0.0,25.0,False,0.5,2022,False
7d608e12,DM de Silva,4,4.0,24,41,1,10.25,24.0,5.8,10.5,14.5,0.0,25.0,False,0.25,2022,False
6dd34184,M Abin Mathew,4,4.0,24,40,1,10.0,24.0,7.3,10.0,12.7,0.0,33.33,False,0.5,2022,False
94f9675c,N Smith,4,4.0,24,55,0,13.75,,9.2,12.5,19.3,0.0,20.83,False,0.75,2021,False
9805eb7e,Trishank Gupta,4,4.0,24,24,0,6.0,,2.2,6.0,9.8,0.0,41.67,False,0.0,2022,False
da6368c2,Vikas Mishra,4,4.0,24,26,0,6.5,,4.3,6.5,8.7,0.0,66.67,False,0.0,2019,False
a08a3c52,LM Edward,4,4.0,24,36,0,9.0,,4.6,8.5,13.8,0.0,33.33,False,0.25,2022,False
d4520718,Nitesh Lohchab,4,4.0,24,36,0,9.0,,4.6,9.5,13.0,0.0,37.5,False,0.5,2018,False
d2ac5c4c,Hem Chetri,4,4.0,24,31,2,7.75,12.0,4.9,8.0,10.4,0.0,45.83,False,0.0,2020,False
60c28835,C Kellaway,4,4.0,24,36,0,9.0,,6.9,9.5,10.7,0.0,16.67,False,0.0,2025,True
51e68a46,AS Bedi,4,4.0,24,17,2,4.25,12.0,0.3,4.0,8.4,0.25,54.17,False,0.0,2021,False
6e1305eb,Jaideep Bhambhu,4,4.0,24,29,0,7.25,,3.6,7.0,11.1,0.0,20.83,False,0.25,2021,False
2e0c09bb,Surendra Malviya,4,4.0,24,53,0,13.25,,8.3,11.0,20.0,0.0,25.0,False,0.5,2020,False
68790da2,N Brand,4,4.0,24,35,0,8.75,,6.3,7.5,12.2,0.0,20.83,False,0.25,2022,False
dbb2528e,Sidharth Sharma,4,4.0,24,26,0,6.5,,3.6,6.0,9.8,0.0,45.83,False,0.0,2022,False
5bfcdda5,Deepak Gohain,4,4.0,24,9,1,2.25,24.0,1.3,2.0,3.4,0.0,62.5,False,0.0,2018,False
dabf96a5,Toni Chishi,4,4.0,24,48,1,12.0,24.0,6.9,9.0,19.5,0.0,16.67,False,0.25,2019,False
266849c1,R Goyal,4,4.0,24,33,0,8.25,,4.5,8.0,12.2,0.0,29.17,False,0.25,2023,False
e90ab434,Amrit Lubana,4,4.0,24,30,1,7.5,24.0,2.3,7.5,12.7,0.0,41.67,False,0.5,2024,False
e9d71759,Bhima Rao,4,4.0,24,23,0,5.75,,3.6,5.5,8.1,0.0,58.33,False,0.0,2018,False
8c5b0ce7,VK Saha,4,4.0,24,29,0,7.25,,2.2,6.0,13.3,0.0,33.33,False,0.25,2023,False
97c06e86,Mangal Mahrour,4,4.0,24,38,1,9.5,24.0,7.3,8.5,12.5,0.0,20.83,False,0.25,2021,False
d05876fd,HM Chauhan,4,4.0,24,37,1,9.25,24.0,4.3,9.5,14.0,0.0,33.33,False,0.5,2024,False
cb749279,A Goodridge,4,3.83,23,53,0,13.826,,9.1,15.0,18.24,0.0,43.48,False,0.75,2026,True
b07cf263,Ragupathy Silambarasan,4,3.67,22,31,0,8.455,,4.3,7.5,15.6,0.0,22.73,False,0.25,2021,False
bed90114,JA Clarkson,4,3.5,21,46,2,13.143,10.5,6.6,15.5,21.6,0.0,23.81,False,0.75,2024,False
6ea2710f,D Moriarty,4,3.33,20,28,0,8.4,,3.84,9.0,12.48,0.0,25.0,False,0.0,2022,False
8685f676,Vaibhav Singh Panwar,4,3.33,20,24,0,7.2,,4.9,7.5,12.9,0.0,35.0,False,0.0,2019,False
eaf3f338,DM Parwani,4,3.33,20,33,2,9.9,10.0,2.8,12.0,21.9,0.0,35.0,False,0.25,2024,False
0494fa6e,Vishnu Vinod,4,3.17,19,24,0,7.579,,6.3,8.0,11.1,0.0,26.32,False,0.0,2020,False
4ed49d3d,AA Herwadkar,4,3.17,19,26,0,8.211,,4.9,9.0,20.1,0.0,26.32,False,0.0,2021,False
61b9410c,Langlonyamba Meitan Keishangbam,4,3.17,19,23,1,7.263,19.0,5.0,7.0,19.5,0.0,36.84,False,0.0,2023,False
818aa622,Ankitkar Jaiswal,4,3.17,19,25,0,7.895,,4.2,9.0,20.1,0.0,36.84,False,0.0,2020,False
7700398a,R Pratap Singh,3,3.0,18,24,1,8.0,18.0,7.2,8.0,8.8,0.0,33.33,False,0.0,2022,False
0fdb1546,P Dutta,3,3.0,18,25,1,8.333,18.0,4.6,7.0,12.6,0.0,50.0,False,0.3333,2023,False
04ef663a,WG Bosisto,3,3.0,18,16,0,5.333,,3.0,7.0,7.0,0.0,33.33,False,0.0,2018,False
16bdb9b7,K Saiteja,3,3.0,18,12,2,4.0,9.0,2.4,4.0,5.6,0.3333,61.11,False,0.0,2023,False
17196bf7,PR Rekhade,3,3.0,18,26,0,8.667,,5.4,7.0,12.6,0.0,33.33,False,0.3333,2024,False
79b35258,Sairaj Patil,3,3.0,18,35,0,11.667,,8.8,12.0,14.4,0.0,33.33,False,0.6667,2022,False
fb693839,S Ladda,3,3.0,18,43,1,14.333,18.0,5.8,9.0,25.0,0.0,44.44,False,0.3333,2023,False
0d51e658,CD Barnwell,3,3.0,18,36,0,12.0,,7.2,8.0,18.4,0.0,33.33,False,0.3333,2019,False
0c13675e,Subham Nayak,3,3.0,18,18,1,6.0,18.0,5.0,5.0,7.4,0.0,33.33,False,0.0,2018,False
77616b3f,Gaurav Kumar,3,3.0,18,36,0,12.0,,9.4,11.0,15.0,0.0,33.33,False,0.3333,2018,False
c5680204,PM Singh,3,3.0,18,8,2,2.667,9.0,2.0,2.0,3.6,0.0,61.11,False,0.0,2018,False
4bd3f984,Manogaran Pooviarasan,3,3.0,18,37,0,12.333,,7.4,13.0,17.0,0.0,27.78,False,0.6667,2021,False
47c9f734,CJ King,3,3.0,18,17,1,5.667,18.0,3.6,6.0,7.6,0.0,33.33,False,0.0,2024,False
732dbafc,NR Dhumal,3,3.0,18,28,0,9.333,,8.4,10.0,10.0,0.0,50.0,False,0.0,2019,False
4703db1f,A Immanuel,3,3.0,18,30,1,10.0,18.0,9.0,9.0,11.4,0.0,33.33,False,0.3333,2026,True
44f11bd0,SV Wiig,3,3.0,18,25,2,8.333,9.0,4.0,8.0,12.8,0.0,44.44,False,0.3333,2025,True
c68554a6,TJ Bishop,3,3.0,18,25,1,8.333,18.0,2.8,6.0,14.8,0.0,38.89,False,0.3333,2022,False
4ea120aa,GK Singh,3,3.0,18,11,2,3.667,9.0,1.6,4.0,5.6,0.0,61.11,False,0.0,2018,False
c58fb16b,B Punnaiah,3,3.0,18,22,1,7.333,18.0,6.2,7.0,8.6,0.0,33.33,False,0.0,2022,False
b58b7db6,GSNFG Jayasuriya,3,3.0,18,30,0,10.0,,8.4,10.0,11.6,0.0,22.22,False,0.3333,2023,False
730d2283,Saghir Khan,3,3.0,18,20,0,6.667,,4.0,8.0,8.8,0.0,27.78,False,0.0,2025,True
b63e358a,RK Bhui,3,3.0,18,18,0,6.0,,4.0,4.0,8.8,0.0,27.78,False,0.0,2018,False
cf38d7e2,MK Mahale,3,3.0,18,39,0,13.0,,6.6,9.0,21.0,0.0,5.56,False,0.3333,2024,False
b690f34a,AA Barot,3,3.0,18,31,1,10.333,18.0,5.2,6.0,17.2,0.0,33.33,False,0.3333,2020,False
b54a1aad,Hitesh Yadav,3,3.0,18,21,0,7.0,,5.0,5.0,9.8,0.0,33.33,False,0.0,2020,False
5b181080,Siddhesh Neral,3,3.0,18,13,1,4.333,18.0,2.6,5.0,5.8,0.0,66.67,False,0.0,2021,False
58588e5a,Shubham Chaubey,3,3.0,18,30,0,10.0,,8.4,10.0,11.6,0.0,5.56,False,0.3333,2021,False
d290c5b5,Aaqib Khan,3,3.0,18,24,1,8.0,18.0,4.8,8.0,11.2,0.0,50.0,False,0.3333,2020,False
e257c9a1,Thivagar Gopal,3,3.0,18,26,1,8.667,18.0,3.4,5.0,15.4,0.0,61.11,False,0.3333,2022,False
e1e6299a,Ambikeshwar Mishra,3,3.0,18,15,1,5.0,18.0,3.4,5.0,6.6,0.0,44.44,False,0.0,2018,False
dee07622,RS Ghosh,3,3.0,18,24,1,8.0,18.0,7.0,7.0,9.4,0.0,33.33,False,0.0,2026,True
96f5b685,AA Paradkar,3,3.0,18,32,1,10.667,18.0,9.2,10.0,12.4,0.0,50.0,False,0.3333,2025,True
1ece10dd,KP Kakad,3,3.0,18,35,0,11.667,,8.6,11.0,15.0,0.0,11.11,False,0.3333,2019,False
9983bb4e,Ankit Manori,3,3.0,18,25,0,8.333,,6.0,10.0,10.0,0.0,44.44,False,0.0,2021,False
99258814,Gurnoor Brar,3,3.0,18,42,0,14.0,,4.8,16.0,22.4,0.0,44.44,False,0.6667,2023,False
ae9adf77,Padam Limboo,3,3.0,18,30,0,10.0,,10.0,10.0,10.0,0.0,33.33,False,0.0,2019,False
2cb7d600,S Pahal,3,3.0,18,15,0,5.0,,1.4,3.0,9.4,0.0,61.11,False,0.0,2025,True
21fde4d1,AH Passi,3,3.0,18,26,4,8.667,4.5,7.2,8.0,10.4,0.3333,27.78,False,0.0,2023,False
529fbf1b,Krishnamoorthy Vignesh,3,3.0,18,40,1,13.333,18.0,10.8,14.0,15.6,0.0,27.78,False,0.6667,2018,False
53605830,Prathamesh Dake,3,3.0,18,23,3,7.667,6.0,2.4,8.0,12.8,0.3333,38.89,False,0.3333,2020,False
9fa1b6cf,Ashutosh Das,3,3.0,18,29,1,9.667,18.0,8.4,10.0,10.8,0.0,38.89,False,0.0,2019,False
6b394eaa,Mark Ingty,3,3.0,18,27,0,9.0,,6.2,11.0,11.0,0.0,38.89,False,0.0,2019,False
69a3140d,V Dhaka,3,3.0,18,22,0,7.333,,3.6,6.0,11.6,0.0,38.89,False,0.3333,2020,False
691d15fb,RA Sharma,3,3.0,18,17,1,5.667,18.0,5.2,6.0,6.0,0.0,50.0,False,0.0,2023,False
86a98b15,Shubham Pundir,3,3.0,18,21,0,7.0,,4.6,7.0,9.4,0.0,22.22,False,0.0,2023,False
109d4ad1,Hmar Zothanchhunga,3,3.0,18,17,1,5.667,18.0,3.0,7.0,7.8,0.0,38.89,False,0.0,2020,False
857b9be7,Reuben Lalhruaizela,3,3.0,18,41,1,13.667,18.0,11.4,13.0,16.2,0.0,11.11,False,0.6667,2019,False
85e6ccde,Babul Kumar,3,3.0,18,27,0,9.0,,4.6,11.0,12.6,0.0,33.33,False,0.3333,2018,False
7dcb9bc9,M Shahrukh Khan,3,3.0,18,28,1,9.333,18.0,7.2,8.0,12.0,0.0,27.78,False,0.3333,2025,True
1b7b0fa7,Vivrant Sharma,3,3.0,18,37,0,12.333,,8.4,10.0,17.2,0.0,27.78,False,0.3333,2023,False
83b19fa2,Hitesh Kadam,3,3.0,18,23,0,7.667,,2.4,4.0,14.4,0.0,44.44,False,0.3333,2019,False
7fa12533,MS Chapman,3,3.0,18,33,1,11.0,18.0,8.2,9.0,14.6,0.0,33.33,False,0.3333,2018,False
3c703eee,Tashi Bhalla,3,3.0,18,51,0,17.0,,4.4,14.0,30.8,0.0,33.33,False,0.6667,2018,False
c15e2193,FY Fazal,3,3.0,18,18,1,6.0,18.0,2.4,4.0,10.4,0.0,33.33,False,0.3333,2019,False
bbce4647,EP Gulbis,3,3.0,18,12,0,4.0,,1.6,4.0,6.4,0.0,50.0,False,0.0,2018,False
f483c966,VA Naik,3,3.0,18,16,0,5.333,,5.0,5.0,5.8,0.0,38.89,False,0.0,2022,False
f28a60e0,Saad Bin Zafar,3,3.0,18,31,0,10.333,,3.8,7.0,18.2,0.0,38.89,False,0.3333,2020,False
a19ab702,Inakato Zhimomi,3,2.83,17,41,1,14.471,17.0,11.4,13.0,18.92,0.0,23.53,False,0.6667,2019,False
d1a60072,N Wadhera,3,2.83,17,22,0,7.765,,6.2,7.0,10.04,0.0,17.65,False,0.0,2025,True
91a260d3,Manzoor Dar,3,2.83,17,42,0,14.824,,11.36,16.8,17.76,0.0,17.65,False,0.6667,2018,False
69f45977,Sahban Khan,3,2.67,16,12,0,4.5,,1.8,3.0,7.0,0.0,56.25,False,0.0,2022,False
647e7d44,Josh Brown,4,2.67,16,48,0,18.0,,13.2,16.5,19.8,0.0,0.0,False,0.5,2024,False
ff57eb02,Lalfakzuala Renthlei,3,2.67,16,23,0,8.625,,8.0,8.0,10.0,0.0,12.5,False,0.0,2019,False
6c19c6e5,YBK Jaiswal,3,2.17,13,30,0,13.846,,9.0,17.0,32.2,0.0,30.77,False,0.3333,2022,False
f079e8fe,Jay Bista,2,2.0,12,10,0,5.0,,4.2,5.0,5.8,0.0,33.33,False,0.0,2021,False
82684381,BB Debnath,2,2.0,12,18,0,9.0,,6.6,9.0,11.4,0.0,16.67,False,0.5,2023,False
84ba2fbc,Parikshit Valsangkar,2,2.0,12,22,0,11.0,,10.2,11.0,11.8,0.0,8.33,False,0.5,2019,False
003fe1d7,Vipin Kumar,2,2.0,12,10,0,5.0,,4.2,5.0,5.8,0.0,50.0,False,0.0,2019,False
016188b4,RR Pawson,2,2.0,12,32,0,16.0,,15.2,16.0,16.8,0.0,16.67,False,1.0,2022,False
7cba973f,Shiva Chauhan,2,2.0,12,17,0,8.5,,8.1,8.5,8.9,0.0,25.0,False,0.0,2021,False
f2800ef3,Yasir Shah,2,2.0,12,18,0,9.0,,3.4,9.0,14.6,0.0,33.33,False,0.5,2021,False
d424d06a,Nitesh Hooda,2,2.0,12,14,0,7.0,,4.6,7.0,9.4,0.0,16.67,False,0.0,2021,False
a3ae63f4,GJ Snyman,2,2.0,12,16,0,8.0,,6.4,8.0,9.6,0.0,41.67,False,0.0,2025,True
12314277,Arshad Khan (2),2,2.0,12,24,0,12.0,,12.0,12.0,12.0,0.0,41.67,False,1.0,2024,False
5ec126fa,I Manack,2,2.0,12,20,0,10.0,,9.2,10.0,10.8,0.0,50.0,False,0.0,2022,False
63b9e4ad,R Ralte,2,2.0,12,31,1,15.5,12.0,11.9,15.5,19.1,0.0,16.67,False,0.5,2023,False
a717c88e,Sanjay Raghunath,2,2.0,12,9,0,4.5,,1.7,4.5,7.3,0.0,66.67,False,0.0,2021,False
d621b427,Musheer Khan,2,2.0,12,27,1,13.5,12.0,13.1,13.5,13.9,0.0,8.33,False,1.0,2025,True
2b22e709,E Sanketh,2,2.0,12,17,0,8.5,,8.1,8.5,8.9,0.0,16.67,False,0.0,2021,False
edb80f24,Gaurav,2,2.0,12,27,1,13.5,12.0,10.7,13.5,16.3,0.0,25.0,False,0.5,2018,False
5e365152,TW Gray,2,2.0,12,18,1,9.0,12.0,9.0,9.0,9.0,0.0,25.0,False,0.0,2023,False
c96a215f,JS Lehmann,2,2.0,12,26,0,13.0,,11.4,13.0,14.6,0.0,25.0,False,0.5,2018,False
c916b3c2,Chongtham Mehul,2,2.0,12,35,0,17.5,,14.7,17.5,20.3,0.0,8.33,False,1.0,2021,False
cca4633d,DK Sharma,2,2.0,12,17,0,8.5,,5.7,8.5,11.3,0.0,58.33,False,0.5,2019,False
74bace71,Hiten Dalal,2,2.0,12,16,1,8.0,12.0,8.0,8.0,8.0,0.0,41.67,False,0.0,2019,False
c0a642a9,Hardik Rathod,2,2.0,12,18,0,9.0,,5.8,9.0,12.2,0.0,50.0,False,0.5,2018,False
eec98aed,B Shiva,2,2.0,12,18,0,9.0,,8.2,9.0,9.8,0.0,25.0,False,0.0,2021,False
70c4f525,JM Holland,2,2.0,12,20,0,10.0,,6.8,10.0,13.2,0.0,8.33,False,0.5,2020,False
8f77af6b,Vinod Kumar,2,2.0,12,20,0,10.0,,6.8,10.0,13.2,0.0,33.33,False,0.5,2023,False
b4587494,Rohit Rayudu,2,2.0,12,17,1,8.5,12.0,7.3,8.5,9.7,0.0,33.33,False,0.0,2021,False
b3309131,Jonty Sidhu,2,2.0,12,7,2,3.5,6.0,1.5,3.5,5.5,0.0,75.0,False,0.0,2020,False
b720a5d6,DB Ravi Teja,2,2.0,12,5,2,2.5,6.0,2.1,2.5,2.9,0.0,58.33,False,0.0,2021,False
91f8e260,Zia Shahzad,2,2.0,12,10,0,5.0,,5.0,5.0,5.0,0.0,25.0,False,0.0,2024,False
e5b78474,Mohit Mongia,2,2.0,12,13,1,6.5,12.0,4.5,6.5,8.5,0.0,33.33,False,0.0,2018,False
1bae756b,ADS Fletcher,2,2.0,12,28,1,14.0,12.0,9.2,14.0,18.8,0.0,41.67,False,0.5,2022,False
1ffad65f,Nihal Surlaker,2,2.0,12,24,0,12.0,,10.4,12.0,13.6,0.0,16.67,False,0.5,2021,False
ea3ffd1b,NO Miller,2,2.0,12,25,1,12.5,12.0,5.7,12.5,19.3,0.0,25.0,False,0.5,2018,False
8bdbb608,RH McDonald,2,2.0,12,21,1,10.5,12.0,9.3,10.5,11.7,0.0,25.0,False,0.5,2021,False
ebb74564,A Simelane,2,2.0,12,26,0,13.0,,12.2,13.0,13.8,0.0,33.33,False,1.0,2024,False
98c51339,Ankit Singh,2,2.0,12,28,1,14.0,12.0,13.2,14.0,14.8,0.0,8.33,False,1.0,2018,False
99697092,YD Gardharia,2,2.0,12,28,0,14.0,,11.6,14.0,16.4,0.0,33.33,False,0.5,2018,False
1d3782c8,Uzair Khan,2,2.0,12,24,1,12.0,12.0,12.0,12.0,12.0,0.0,8.33,False,1.0,2024,False
93b430e8,Kaushik Maity,2,2.0,12,18,0,9.0,,5.0,9.0,13.0,0.0,41.67,False,0.5,2023,False
5355e20a,Johnson Singh,2,2.0,12,14,0,7.0,,6.2,7.0,7.8,0.0,41.67,False,0.0,2021,False
714cf6e4,Rahul Sharma,2,2.0,12,19,0,9.5,,8.3,9.5,10.7,0.0,50.0,False,0.0,2018,False
9d50c7e1,MP Siboto,2,2.0,12,39,1,19.5,12.0,17.5,19.5,21.5,0.0,25.0,False,1.0,2022,False
9a5f2863,Mohit Rathee,2,2.0,12,29,0,14.5,,9.3,14.5,19.7,0.0,25.0,False,0.5,2023,False
1bcdaf62,MW Archer,2,2.0,12,15,0,7.5,,5.5,7.5,9.5,0.0,16.67,False,0.0,2025,True
6f02fe2a,Waseem Muhammad,2,2.0,12,30,0,15.0,,15.0,15.0,15.0,0.0,16.67,False,1.0,2022,False
31833a36,P Mardi,2,2.0,12,23,0,11.5,,6.3,11.5,16.7,0.0,16.67,False,0.5,2022,False
2f838fa4,M Boast,2,2.0,12,35,0,17.5,,16.3,17.5,18.7,0.0,16.67,False,1.0,2024,False
21aa409e,S Akhil,2,2.0,12,10,0,5.0,,2.6,5.0,7.4,0.0,50.0,False,0.0,2023,False
aac9e6f1,Neetesh Sharma,2,2.0,12,27,1,13.5,12.0,10.7,13.5,16.3,0.0,33.33,False,0.5,2018,False
2f41e857,RD Hynniewta,2,2.0,12,13,0,6.5,,5.3,6.5,7.7,0.0,33.33,False,0.0,2023,False
5438ffba,K Bhagath Varma,2,2.0,12,11,1,5.5,12.0,4.3,5.5,6.7,0.0,50.0,False,0.0,2022,False
26b6a4e9,SL Verma,2,2.0,12,14,0,7.0,,4.6,7.0,9.4,0.0,16.67,False,0.0,2022,False
6d9560f3,Maaz Sadaqat,2,2.0,12,9,1,4.5,12.0,3.3,4.5,5.7,0.0,50.0,False,0.0,2026,True
ccc04a61,Rajat Dey,2,2.0,12,17,1,8.5,12.0,6.5,8.5,10.5,0.0,8.33,False,0.0,2023,False
cf49b5ed,KD Pandey,2,2.0,12,10,1,5.0,12.0,3.4,5.0,6.6,0.0,58.33,False,0.0,2022,False
44d9d268,Prabesh Gurung,2,2.0,12,18,1,9.0,12.0,5.8,9.0,12.2,0.0,33.33,False,0.5,2019,False
d027ba9f,KS Williamson,2,2.0,12,24,0,12.0,,8.0,12.0,16.0,0.0,0.0,False,0.5,2020,False
068fe71c,W Sanders,2,2.0,12,26,0,13.0,,9.8,13.0,16.2,0.0,33.33,False,0.5,2021,False
098229a5,CH Stobo,2,2.0,12,13,1,6.5,12.0,5.3,6.5,7.7,0.0,41.67,False,0.0,2025,True
763abbaf,Mickil Jaiswal,2,2.0,12,11,1,5.5,12.0,3.5,5.5,7.5,0.0,41.67,False,0.0,2022,False
771f3267,AS Kumar,2,2.0,12,11,1,5.5,12.0,4.3,5.5,6.7,0.0,50.0,False,0.0,2023,False
46804558,AP O'Connor,2,2.0,12,17,1,8.5,12.0,8.1,8.5,8.9,0.0,41.67,False,0.0,2025,True
ca1a621c,RJ Balhara,2,2.0,12,17,0,8.5,,8.1,8.5,8.9,0.0,58.33,False,0.0,2019,False
b5f7bae6,Vikrant Rajput,2,2.0,12,25,0,12.5,,7.3,12.5,17.7,0.0,16.67,False,0.5,2020,False
0dde7f22,S McGiffin,2,2.0,12,23,0,11.5,,7.9,11.5,15.1,0.0,16.67,False,0.5,2021,False
75253312,Salman Baig,2,2.0,12,21,0,10.5,,10.1,10.5,10.9,0.0,16.67,False,0.0,2018,False
8b470bea,Subramanian Anand,2,2.0,12,14,2,7.0,6.0,6.2,7.0,7.8,0.0,66.67,False,0.0,2019,False
73f1f6b0,TA Lammonby,2,1.83,11,18,1,9.818,11.0,9.64,9.8,9.96,0.0,18.18,False,0.0,2022,False
c3f37533,Hari Nishaanth,2,1.83,11,18,0,9.818,,8.66,9.7,10.74,0.0,36.36,False,0.0,2020,False
92eefbc5,Gaurav Singh,2,1.83,11,15,1,8.182,11.0,4.14,8.7,13.26,0.0,45.45,False,0.5,2018,False
a0095f0e,H Richards,2,1.67,10,25,0,15.0,,10.5,16.5,22.5,0.0,20.0,False,0.5,2025,True
9679838c,BL D'Oliveira,2,1.67,10,10,0,6.0,,5.04,6.0,6.96,0.0,30.0,False,0.0,2022,False
927694f7,Farhan Ahmed,2,1.67,10,20,0,12.0,,10.08,12.0,13.92,0.0,30.0,False,0.5,2025,True
0f3ee070,OE Robinson,2,1.67,10,28,0,16.8,,12.0,16.8,21.6,0.0,10.0,False,0.5,2024,False
ba377b40,GL van Buuren,2,1.67,10,28,0,16.8,,14.88,16.8,18.72,0.0,50.0,False,1.0,2022,False
28c78fb3,Harpreet Singh,2,1.5,9,12,0,8.0,,6.3,7.5,8.7,0.0,33.33,False,0.0,2020,False
f088b960,SN Khan,2,1.33,8,9,0,6.75,,4.5,10.5,16.5,0.0,37.5,False,0.0,2020,False
b225693c,Akoijam Singh,2,1.17,7,21,0,18.0,,17.7,20.5,23.3,0.0,0.0,False,0.5,2018,False
740742ef,RG Sharma,2,1.17,7,13,0,11.143,,10.5,16.5,22.5,0.0,0.0,False,0.0,2021,False
08a4f9ad,DC Thomas,1,1.0,6,4,2,4.0,3.0,4.0,4.0,4.0,1.0,50.0,False,0.0,2022,False
89f64c19,LMP Simmons,1,1.0,6,15,0,15.0,,15.0,15.0,15.0,0.0,0.0,False,1.0,2018,False
c9b0f3df,Irfan-ul-Haq,1,1.0,6,18,0,18.0,,18.0,18.0,18.0,0.0,0.0,False,1.0,2021,False
839b6d2e,Saurabh Rawat,1,1.0,6,14,0,14.0,,14.0,14.0,14.0,0.0,16.67,False,1.0,2018,False
d644b8b2,Joseph Lalthankhuma,1,1.0,6,7,0,7.0,,7.0,7.0,7.0,0.0,33.33,False,0.0,2021,False
a64608ec,Rishabh Chouhan,1,1.0,6,4,1,4.0,6.0,4.0,4.0,4.0,0.0,83.33,False,0.0,2018,False
d71f1559,SB Kurkalang,1,1.0,6,13,0,13.0,,13.0,13.0,13.0,0.0,0.0,False,1.0,2023,False
9e7225b0,Saurav Chauhan,1,1.0,6,11,0,11.0,,11.0,11.0,11.0,0.0,16.67,False,0.0,2022,False
fe608a7e,KR Singh,1,1.0,6,8,1,8.0,6.0,8.0,8.0,8.0,0.0,16.67,False,0.0,2021,False
8053c798,Aarya Desai,1,1.0,6,11,0,11.0,,11.0,11.0,11.0,0.0,50.0,False,0.0,2023,False
ef39fc7f,T Webster,1,1.0,6,9,0,9.0,,9.0,9.0,9.0,0.0,0.0,False,0.0,2020,False
4a3503dd,Logesh Prabagaran,1,1.0,6,12,0,12.0,,12.0,12.0,12.0,0.0,33.33,False,1.0,2021,False
d07dbc28,Zawar Farid,1,1.0,6,11,0,11.0,,11.0,11.0,11.0,0.0,16.67,False,0.0,2022,False
64e78590,B Lalnunfela,1,1.0,6,6,0,6.0,,6.0,6.0,6.0,0.0,50.0,False,0.0,2021,False
6366c83b,AS Thakur,1,1.0,6,13,0,13.0,,13.0,13.0,13.0,0.0,50.0,False,1.0,2023,False
647a48da,AJ Pienaar,1,1.0,6,22,0,22.0,,22.0,22.0,22.0,0.0,33.33,False,1.0,2023,False
2b801189,Mayank Rawat,1,1.0,6,9,0,9.0,,9.0,9.0,9.0,0.0,33.33,False,0.0,2024,False
2ada2d82,S Gani,1,1.0,6,8,0,8.0,,8.0,8.0,8.0,0.0,33.33,False,0.0,2020,False
29e253dd,Iftikhar Ahmed,1,1.0,6,11,0,11.0,,11.0,11.0,11.0,0.0,33.33,False,0.0,2025,True
6033d30a,Ritwik Roy Chowdhury,1,1.0,6,7,0,7.0,,7.0,7.0,7.0,0.0,33.33,False,0.0,2018,False
2be0cc2f,Bikash Singh,1,1.0,6,12,0,12.0,,12.0,12.0,12.0,0.0,16.67,False,1.0,2023,False
dbe4caf2,Madhav Avsh,1,1.0,6,16,0,16.0,,16.0,16.0,16.0,0.0,0.0,False,1.0,2018,False
dcb0fe34,Moakumzuk Tzudir,1,1.0,6,12,0,12.0,,12.0,12.0,12.0,0.0,33.33,False,1.0,2019,False
63a64f19,K Magram,1,1.0,6,12,0,12.0,,12.0,12.0,12.0,0.0,0.0,False,1.0,2020,False
d38a2add,Bhushan Subba,1,1.0,6,11,0,11.0,,11.0,11.0,11.0,0.0,16.67,False,0.0,2020,False
fc1deb2b,SK Das,1,1.0,6,15,0,15.0,,15.0,15.0,15.0,0.0,16.67,False,1.0,2023,False
4046c8ea,Sunil Salam,1,1.0,6,18,0,18.0,,18.0,18.0,18.0,0.0,16.67,False,1.0,2021,False
c5215e7c,Vaisakh Chandran,1,1.0,6,4,0,4.0,,4.0,4.0,4.0,0.0,33.33,False,0.0,2022,False
bbff906c,CAK Walton,1,1.0,6,7,0,7.0,,7.0,7.0,7.0,0.0,16.67,False,0.0,2023,False
fc4375ef,BFW de Leede,1,1.0,6,22,0,22.0,,22.0,22.0,22.0,0.0,0.0,False,1.0,2023,False
fe5175ce,Yasir Mohammad,1,1.0,6,20,0,20.0,,20.0,20.0,20.0,0.0,16.67,False,1.0,2025,True
3b8e7647,SP Krishnamurthi,1,1.0,6,9,0,9.0,,9.0,9.0,9.0,0.0,50.0,False,0.0,2025,True
7a5f232a,JA Burns,1,1.0,6,8,1,8.0,6.0,8.0,8.0,8.0,0.0,50.0,False,0.0,2018,False
10d64f7c,Sarul Kanwar,1,1.0,6,13,0,13.0,,13.0,13.0,13.0,0.0,0.0,False,1.0,2021,False
3c79f8af,RR Rathod,1,1.0,6,11,0,11.0,,11.0,11.0,11.0,0.0,50.0,False,0.0,2018,False
de098678,RA Clarke,1,1.0,6,16,0,16.0,,16.0,16.0,16.0,0.0,0.0,False,1.0,2026,True
714af18b,KJ Harding,1,1.0,6,10,0,10.0,,10.0,10.0,10.0,0.0,66.67,False,0.0,2020,False
b13c506b,Joshua Ozukum,1,1.0,6,8,1,8.0,6.0,8.0,8.0,8.0,0.0,50.0,False,0.0,2020,False
a83c44b8,A Gqamane,1,1.0,6,12,0,12.0,,12.0,12.0,12.0,0.0,16.67,False,1.0,2022,False
e00a9155,SD Heazlett,1,1.0,6,15,0,15.0,,15.0,15.0,15.0,0.0,16.67,False,1.0,2021,False
1471c041,Md Nazim,1,1.0,6,10,0,10.0,,10.0,10.0,10.0,0.0,33.33,False,0.0,2021,False
0c0eb448,Akhil Rajput,1,1.0,6,10,0,10.0,,10.0,10.0,10.0,0.0,16.67,False,0.0,2018,False
757efa0f,T Teti,1,1.0,6,30,0,30.0,,30.0,30.0,30.0,0.0,16.67,False,1.0,2023,False
8812869d,Nikhil Gangta,1,1.0,6,8,0,8.0,,8.0,8.0,8.0,0.0,16.67,False,0.0,2018,False
cad00a4d,RR Rossouw,1,1.0,6,3,1,3.0,6.0,3.0,3.0,3.0,0.0,83.33,False,0.0,2022,False
d0b1a9c1,Mohammad Ronak,1,1.0,6,21,0,21.0,,21.0,21.0,21.0,0.0,0.0,False,1.0,2020,False
4b57e452,M Vijay,1,1.0,6,3,0,3.0,,3.0,3.0,3.0,0.0,50.0,False,0.0,2018,False
cf77f579,Rojith Ganesh,1,1.0,6,16,0,16.0,,16.0,16.0,16.0,0.0,16.67,False,1.0,2021,False
398be4ed,J Kousik,1,1.0,6,5,0,5.0,,5.0,5.0,5.0,0.0,16.67,False,0.0,2021,False
b3bad3f2,NR Kumar,1,1.0,6,12,0,12.0,,12.0,12.0,12.0,0.0,16.67,False,1.0,2025,True
7239b60d,CAH Stevenson,1,1.0,6,14,0,14.0,,14.0,14.0,14.0,0.0,33.33,False,1.0,2024,False
b66a5046,A Thapa,1,1.0,6,15,1,15.0,6.0,15.0,15.0,15.0,0.0,33.33,False,1.0,2023,False
9dfd54a5,GA West,1,1.0,6,23,0,23.0,,23.0,23.0,23.0,0.0,0.0,False,1.0,2018,False
9b6e1b3f,J Fraser-McGurk,1,1.0,6,10,0,10.0,,10.0,10.0,10.0,0.0,16.67,False,0.0,2020,False
8bdac857,JW Wells,1,1.0,6,11,0,11.0,,11.0,11.0,11.0,0.0,16.67,False,0.0,2023,False
1f0b8f44,Prashanth Kumar,1,1.0,6,1,0,1.0,,1.0,1.0,1.0,0.0,83.33,False,0.0,2020,False
58431ca0,MADI Hemantha,1,1.0,6,10,0,10.0,,10.0,10.0,10.0,0.0,33.33,False,0.0,2024,False
5663de87,Skalzang Kalyan,1,1.0,6,12,0,12.0,,12.0,12.0,12.0,0.0,33.33,False,1.0,2020,False
568473e4,MW Tromp,1,1.0,6,19,0,19.0,,19.0,19.0,19.0,0.0,50.0,False,1.0,2025,True
310bddc0,Punit Bisht,1,1.0,6,11,0,11.0,,11.0,11.0,11.0,0.0,50.0,False,0.0,2020,False
50636767,RJ Gibson,1,1.0,6,10,0,10.0,,10.0,10.0,10.0,0.0,16.67,False,0.0,2020,False
6d797d07,SD Patel,1,1.0,6,20,0,20.0,,20.0,20.0,20.0,0.0,16.67,False,1.0,2022,False
57bd3ecc,Hammad Azam,1,1.0,6,15,0,15.0,,15.0,15.0,15.0,0.0,16.67,False,1.0,2023,False
55b3c6d5,J McAllister,1,1.0,6,7,1,7.0,6.0,7.0,7.0,7.0,0.0,50.0,False,0.0,2023,False
709b0bac,SS Tiwary,1,1.0,6,8,0,8.0,,8.0,8.0,8.0,0.0,50.0,False,0.0,2018,False
6fdbf272,Shourabh Kharwar,1,1.0,6,16,0,16.0,,16.0,16.0,16.0,0.0,33.33,False,1.0,2020,False
713ff696,Somnath Soni,1,1.0,6,15,1,15.0,6.0,15.0,15.0,15.0,0.0,16.67,False,1.0,2018,False
d11f0758,Kishan Lyngdoh,1,1.0,6,5,0,5.0,,5.0,5.0,5.0,0.0,16.67,False,0.0,2021,False
ae85a996,Siddhant Sharma,1,1.0,6,9,0,9.0,,9.0,9.0,9.0,0.0,50.0,False,0.0,2020,False
b83ef011,Kunal Mahajan,1,1.0,6,12,0,12.0,,12.0,12.0,12.0,0.0,33.33,False,1.0,2021,False
b28f1115,Merenka Jamir,1,1.0,6,19,0,19.0,,19.0,19.0,19.0,0.0,0.0,False,1.0,2022,False
722ca1f2,Keshav Kumar,1,1.0,6,6,0,6.0,,6.0,6.0,6.0,0.0,50.0,False,0.0,2018,False
faa7365d,DR Shorey,1,1.0,6,9,0,9.0,,9.0,9.0,9.0,0.0,0.0,False,0.0,2019,False
b8d490fd,AJ Finch,1,1.0,6,10,0,10.0,,10.0,10.0,10.0,0.0,0.0,False,0.0,2021,False
cc9c8722,Chintapalli Kranthi Kumar,1,1.0,6,16,1,16.0,6.0,16.0,16.0,16.0,0.0,33.33,False,1.0,2020,False
cce2bcb2,V Tokas,1,1.0,6,12,0,12.0,,12.0,12.0,12.0,0.0,16.67,False,1.0,2018,False
376025f1,Nishunk Birla,1,1.0,6,17,0,17.0,,17.0,17.0,17.0,0.0,33.33,False,1.0,2024,False
778062fb,Abhay,1,1.0,6,5,1,5.0,6.0,5.0,5.0,5.0,0.0,50.0,False,0.0,2019,False
77f6fd61,Larry Sangma,1,1.0,6,7,0,7.0,,7.0,7.0,7.0,0.0,50.0,False,0.0,2021,False
1b42a100,BS Makhanya,1,1.0,6,10,0,10.0,,10.0,10.0,10.0,0.0,33.33,False,0.0,2024,False
04cd8289,AN Longchar,1,0.83,5,6,0,7.2,,7.2,7.2,7.2,0.0,40.0,False,0.0,2019,False
ba19f1be,Sammar Gajjar,2,0.83,5,14,0,16.8,,14.7,17.5,20.3,0.0,20.0,False,0.0,2024,False
86e0f3f0,WL Madsen,1,0.83,5,11,0,13.2,,13.2,13.2,13.2,0.0,0.0,False,0.0,2024,False
424a7994,Nilansh Keswani,1,0.83,5,10,0,12.0,,12.0,12.0,12.0,0.0,20.0,False,0.0,2023,False
44ba3b30,Benoy Upreti,1,0.83,5,6,0,7.2,,7.2,7.2,7.2,0.0,40.0,False,0.0,2019,False
9789e56e,LM Reece,1,0.83,5,11,0,13.2,,13.2,13.2,13.2,0.0,0.0,False,0.0,2021,False
6e6fb538,JL du Plooy,1,0.83,5,16,0,19.2,,19.2,19.2,19.2,0.0,20.0,False,1.0,2023,False
af24d8de,M Lumsden,1,0.83,5,19,0,22.8,,22.8,22.8,22.8,0.0,0.0,False,1.0,2026,True
519c8bdc,Shashi Anand,1,0.67,4,12,0,18.0,,18.0,18.0,18.0,0.0,25.0,False,1.0,2021,False
60aa2db3,LG Pretorius,1,0.67,4,11,0,16.5,,16.5,16.5,16.5,0.0,25.0,False,0.0,2025,True
e1d6a861,S Santhosh Kumaran,1,0.67,4,11,0,16.5,,16.5,16.5,16.5,0.0,0.0,False,0.0,2018,False
1777c020,Fakhar Zaman,1,0.5,3,7,0,14.0,,14.0,14.0,14.0,0.0,33.33,False,0.0,2025,True
ebcfef83,Himmat Singh,1,0.5,3,0,1,0.0,3.0,0.0,0.0,0.0,0.0,100.0,False,0.0,2020,False
0a9d8b61,JL Carter,1,0.5,3,9,0,18.0,,18.0,18.0,18.0,0.0,0.0,False,0.0,2019,False
7e435410,Shashwat Rawat,1,0.33,2,6,1,18.0,2.0,18.0,18.0,18.0,0.0,50.0,False,0.0,2024,False
70a9b353,Rahul Buddhi,1,0.33,2,4,0,12.0,,12.0,12.0,12.0,0.0,50.0,False,0.0,2020,False
941a4359,Anil Subba,1,0.33,2,3,0,9.0,,9.0,9.0,9.0,0.0,0.0,False,0.0,2019,False
b5c62bdc,Vaibhav Govekar,1,0.33,2,2,0,6.0,,6.0,6.0,6.0,0.0,0.0,False,0.0,2018,False
099135ad,Aryan Lakra,1,0.33,2,8,0,24.0,,24.0,24.0,24.0,0.0,0.0,False,0.0,2023,False
dcce6f09,DA Warner,1,0.17,1,2,0,12.0,,12.0,12.0,12.0,0.0,0.0,False,0.0,2020,False
eb67df8f,Aditya Waghmode,1,0.17,1,1,0,6.0,,6.0,6.0,6.0,0.0,0.0,False,0.0,2019,False
989006c5,D Joshi,1,0.17,1,2,0,12.0,,12.0,12.0,12.0,0.0,0.0,False,0.0,2022,False
2728e7e9,P Dogra,1,0.17,1,1,0,6.0,,6.0,6.0,6.0,0.0,0.0,False,0.0,2019,False
752f7486,Ishan Kishan,1,0.17,1,4,0,24.0,,24.0,24.0,24.0,0.0,0.0,False,0.0,2025,True
