player_id,player_name,season,scope,qualified,innings,dismissals,not_outs,runs,balls_faced,batting_average,mean_score,median_score,duck_count,duck_rate,rate_20_km,rate_30_km,rate_50_km
872b03f7,A Badoni,2022,ipl_by_season,True,11,8,3,161.0,130,20.125,14.636363636363637,13.0,1,0.09090909090909091,0.2828282828282829,0.2828282828282829,0.2828282828282829
872b03f7,A Badoni,2023,ipl_by_season,True,12,10,2,238.0,172,23.8,19.833333333333332,19.5,0,0.0,0.5625,0.28125,0.09375000000000001
872b03f7,A Badoni,2024,ipl_by_season,True,12,8,4,235.0,171,29.375,19.583333333333332,16.5,1,0.08333333333333333,0.5,0.2666666666666667,0.2666666666666667
872b03f7,A Badoni,2025,ipl_by_season,True,11,10,1,329.0,222,32.9,29.90909090909091,30.0,0,0.0,0.7272727272727272,0.6363636363636362,0.21212121212121215
872b03f7,A Badoni,2026,ipl_by_season,True,10,10,0,215.0,141,21.5,21.5,18.0,3,0.3,0.5,0.4,0.10000000000000002
5b16a806,A Dananjaya,2018,ipl_by_season,False,1,0,1,4.0,5,,4.0,4.0,0,0.0,1.0,1.0,1.0
fcc21ace,A Kamboj,2024,ipl_by_season,False,1,0,1,2.0,2,,2.0,2.0,0,0.0,1.0,1.0,1.0
fcc21ace,A Kamboj,2025,ipl_by_season,True,5,2,3,14.0,12,7.0,2.8,3.0,1,0.2,0.6000000000000001,0.6000000000000001,0.6000000000000001
fcc21ace,A Kamboj,2026,ipl_by_season,False,4,1,3,58.0,38,58.0,14.5,16.0,0,0.0,0.5,0.5,0.5
0890552f,A Manohar,2022,ipl_by_season,True,7,6,1,108.0,75,18.0,15.428571428571429,12.0,1,0.14285714285714285,0.4285714285714286,0.4285714285714286,0.0
0890552f,A Manohar,2023,ipl_by_season,True,6,6,0,114.0,83,19.0,19.0,20.0,0,0.0,0.5,0.16666666666666669,0.0
0890552f,A Manohar,2024,ipl_by_season,False,2,2,0,9.0,16,4.5,4.5,4.5,0,0.0,0.0,0.0,0.0
0890552f,A Manohar,2025,ipl_by_season,True,5,5,0,61.0,61,12.2,12.2,4.0,1,0.2,0.20000000000000004,0.20000000000000004,0.0
b2b4f545,A Mhatre,2025,ipl_by_season,True,7,7,0,240.0,127,34.285714285714285,34.285714285714285,32.0,1,0.14285714285714285,0.7142857142857144,0.7142857142857144,0.14285714285714288
b2b4f545,A Mhatre,2026,ipl_by_season,True,6,6,0,201.0,113,33.5,33.5,34.0,1,0.16666666666666666,0.6666666666666667,0.6666666666666667,0.33333333333333337
6b19d823,A Mishra,2018,ipl_by_season,False,1,0,1,1.0,2,,1.0,1.0,0,0.0,1.0,1.0,1.0
6b19d823,A Mishra,2019,ipl_by_season,False,4,2,2,21.0,24,10.5,5.25,6.0,0,0.0,0.0,0.0,0.0
6b19d823,A Mishra,2023,ipl_by_season,False,1,1,0,19.0,30,19.0,19.0,19.0,0,0.0,0.0,0.0,0.0
acdc62f5,A Nortje,2020,ipl_by_season,False,3,1,2,7.0,6,7.0,2.3333333333333335,3.0,0,0.0,0.6666666666666667,0.6666666666666667,0.6666666666666667
acdc62f5,A Nortje,2022,ipl_by_season,False,1,0,1,1.0,6,,1.0,1.0,0,0.0,1.0,1.0,1.0
acdc62f5,A Nortje,2023,ipl_by_season,True,7,3,4,37.0,29,12.333333333333334,5.285714285714286,3.0,1,0.14285714285714285,0.3428571428571429,0.3428571428571429,0.3428571428571429
acdc62f5,A Nortje,2024,ipl_by_season,False,2,2,0,4.0,8,2.0,2.0,2.0,1,0.5,0.0,0.0,0.0
acdc62f5,A Nortje,2026,ipl_by_season,False,1,1,0,0.0,1,0.0,0.0,0.0,1,1.0,0.0,0.0,0.0
d7017798,A Raghuvanshi,2024,ipl_by_season,True,7,7,0,163.0,105,23.285714285714285,23.285714285714285,24.0,0,0.0,0.5714285714285715,0.4285714285714286,0.14285714285714288
d7017798,A Raghuvanshi,2025,ipl_by_season,True,11,9,2,300.0,215,33.333333333333336,27.272727272727273,27.0,0,0.0,0.7272727272727272,0.6233766233766234,0.12467532467532469
d7017798,A Raghuvanshi,2026,ipl_by_season,True,12,10,2,422.0,288,42.2,35.166666666666664,36.0,0,0.0,0.6416666666666666,0.55,0.45833333333333337
aa5d8c9e,A Tomar,2022,ipl_by_season,False,1,1,0,4.0,8,4.0,4.0,4.0,0,0.0,0.0,0.0,0.0
14f96089,A Zampa,2023,ipl_by_season,False,3,3,0,10.0,16,3.3333333333333335,3.3333333333333335,2.0,0,0.0,0.0,0.0,0.0
2d140b79,AA Kulkarni,2024,ipl_by_season,False,2,2,0,9.0,8,4.5,4.5,4.5,1,0.5,0.0,0.0,0.0
2d140b79,AA Kulkarni,2026,ipl_by_season,False,2,2,0,17.0,25,8.5,8.5,8.5,1,0.5,0.0,0.0,0.0
c4487b84,AB de Villiers,2018,ipl_by_season,True,11,9,2,480.0,275,53.333333333333336,43.63636363636363,53.0,0,0.0,0.7272727272727272,0.6363636363636362,0.5454545454545454
c4487b84,AB de Villiers,2019,ipl_by_season,True,13,10,3,442.0,287,44.2,34.0,17.0,0,0.0,0.46153846153846145,0.3846153846153846,0.3846153846153846
c4487b84,AB de Villiers,2020,ipl_by_season,True,14,10,4,454.0,286,45.4,32.42857142857143,31.5,1,0.07142857142857142,0.7071428571428572,0.55,0.3928571428571429
c4487b84,AB de Villiers,2021,ipl_by_season,True,14,10,4,313.0,211,31.3,22.357142857142858,11.5,1,0.07142857142857142,0.4761904761904762,0.28571428571428575,0.19047619047619052
92aeac25,AD Hales,2018,ipl_by_season,True,6,6,0,148.0,118,24.666666666666668,24.666666666666668,25.5,0,0.0,0.5,0.5,0.0
f10e94c4,AD Nath,2018,ipl_by_season,False,1,1,0,9.0,13,9.0,9.0,9.0,0,0.0,0.0,0.0,0.0
f10e94c4,AD Nath,2019,ipl_by_season,True,5,5,0,61.0,57,12.2,12.2,13.0,0,0.0,0.20000000000000004,0.0,0.0
bbd41817,AD Russell,2018,ipl_by_season,True,14,11,3,316.0,171,28.727272727272727,22.571428571428573,10.5,1,0.07142857142857142,0.4166666666666668,0.4166666666666668,0.16666666666666677
bbd41817,AD Russell,2019,ipl_by_season,True,13,9,4,510.0,249,56.666666666666664,39.23076923076923,48.0,1,0.07692307692307693,0.6923076923076923,0.6153846153846153,0.46153846153846156
bbd41817,AD Russell,2020,ipl_by_season,True,9,9,0,117.0,81,13.0,13.0,12.0,0,0.0,0.22222222222222227,0.0,0.0
bbd41817,AD Russell,2021,ipl_by_season,True,8,7,1,183.0,120,26.142857142857142,22.875,15.0,0,0.0,0.5,0.375,0.25
bbd41817,AD Russell,2022,ipl_by_season,True,12,9,3,335.0,192,37.22222222222222,27.916666666666668,24.5,2,0.16666666666666666,0.5833333333333333,0.4166666666666667,0.25
bbd41817,AD Russell,2023,ipl_by_season,True,14,11,3,227.0,156,20.636363636363637,16.214285714285715,9.5,1,0.07142857142857142,0.4714285714285715,0.3771428571428572,0.0
bbd41817,AD Russell,2024,ipl_by_season,True,9,7,2,222.0,120,31.714285714285715,24.666666666666668,24.0,0,0.0,0.5555555555555556,0.3333333333333333,0.16666666666666666
bbd41817,AD Russell,2025,ipl_by_season,True,10,9,1,167.0,102,18.555555555555557,16.7,12.0,1,0.1,0.3,0.2,0.1
350bb1b1,AF Milne,2021,ipl_by_season,False,3,2,1,16.0,17,8.0,5.333333333333333,1.0,1,0.3333333333333333,0.0,0.0,0.0
350bb1b1,AF Milne,2026,ipl_by_season,False,1,0,1,2.0,2,,2.0,2.0,0,0.0,1.0,1.0,1.0
b8d490fd,AJ Finch,2018,ipl_by_season,True,9,8,1,134.0,100,16.75,14.88888888888889,8.0,2,0.2222222222222222,0.4444444444444446,0.29629629629629645,0.0
b8d490fd,AJ Finch,2020,ipl_by_season,True,12,12,0,268.0,241,22.333333333333332,22.333333333333332,18.0,0,0.0,0.5,0.25,0.08333333333333334
b8d490fd,AJ Finch,2022,ipl_by_season,True,5,5,0,86.0,61,17.2,17.2,7.0,0,0.0,0.20000000000000004,0.20000000000000004,0.20000000000000004
4d7f517e,AJ Hosein,2023,ipl_by_season,False,1,0,1,16.0,10,,16.0,16.0,0,0.0,1.0,1.0,1.0
4d7f517e,AJ Hosein,2026,ipl_by_season,False,2,0,2,5.0,3,,2.5,2.5,0,0.0,1.0,1.0,1.0
ff1e12a0,AJ Turner,2019,ipl_by_season,False,4,3,1,3.0,10,1.0,0.75,0.0,3,0.75,0.25,0.25,0.25
ff1e12a0,AJ Turner,2024,ipl_by_season,False,2,2,0,21.0,18,10.5,10.5,10.5,0,0.0,0.0,0.0,0.0
7c7d63a2,AJ Tye,2018,ipl_by_season,True,8,6,2,32.0,38,5.333333333333333,4.0,3.0,2,0.25,0.0,0.0,0.0
7c7d63a2,AJ Tye,2019,ipl_by_season,False,1,0,1,0.0,2,,0.0,0.0,0,0.0,1.0,1.0,1.0
7c7d63a2,AJ Tye,2020,ipl_by_season,False,1,1,0,6.0,6,6.0,6.0,6.0,0,0.0,0.0,0.0,0.0
6a26221c,AK Markram,2021,ipl_by_season,True,6,5,1,146.0,119,29.2,24.333333333333332,23.0,0,0.0,0.6666666666666667,0.25,0.0
6a26221c,AK Markram,2022,ipl_by_season,True,12,8,4,381.0,274,47.625,31.75,26.5,0,0.0,0.7407407407407406,0.5555555555555555,0.3472222222222222
6a26221c,AK Markram,2023,ipl_by_season,True,13,11,2,248.0,197,22.545454545454547,19.076923076923077,13.0,1,0.07692307692307693,0.44871794871794873,0.2692307692307693,0.13461538461538464
6a26221c,AK Markram,2024,ipl_by_season,True,11,9,2,220.0,177,24.444444444444443,20.0,18.0,1,0.09090909090909091,0.45454545454545464,0.36363636363636376,0.2727272727272728
6a26221c,AK Markram,2025,ipl_by_season,True,13,13,0,445.0,299,34.23076923076923,34.23076923076923,36.0,0,0.0,0.6153846153846153,0.5384615384615384,0.38461538461538464
6a26221c,AK Markram,2026,ipl_by_season,True,11,9,2,231.0,167,25.666666666666668,21.0,22.0,1,0.09090909090909091,0.606060606060606,0.505050505050505,0.0
9ca68676,AM Ghazanfar,2026,ipl_by_season,False,1,0,1,2.0,3,,2.0,2.0,0,0.0,1.0,1.0,1.0
29e95537,AM Rahane,2018,ipl_by_season,True,14,13,1,370.0,313,28.46153846153846,26.428571428571427,24.5,0,0.0,0.5,0.5,0.07142857142857144
29e95537,AM Rahane,2019,ipl_by_season,True,13,12,1,393.0,285,32.75,30.23076923076923,26.0,1,0.07692307692307693,0.6153846153846153,0.38461538461538464,0.15384615384615388
29e95537,AM Rahane,2020,ipl_by_season,True,8,8,0,113.0,107,14.125,14.125,5.0,2,0.25,0.25,0.125,0.125
29e95537,AM Rahane,2021,ipl_by_season,False,1,1,0,8.0,8,8.0,8.0,8.0,0,0.0,0.0,0.0,0.0
29e95537,AM Rahane,2022,ipl_by_season,True,7,7,0,133.0,128,19.0,19.0,12.0,0,0.0,0.4285714285714286,0.14285714285714288,0.0
29e95537,AM Rahane,2023,ipl_by_season,True,11,10,1,326.0,189,32.6,29.636363636363637,21.0,0,0.0,0.6363636363636362,0.3636363636363636,0.18181818181818182
29e95537,AM Rahane,2024,ipl_by_season,True,12,12,0,242.0,196,20.166666666666668,20.166666666666668,19.5,0,0.0,0.5000000000000001,0.3333333333333335,0.0
29e95537,AM Rahane,2025,ipl_by_season,True,12,11,1,390.0,264,35.45454545454545,32.5,28.0,0,0.0,0.6666666666666666,0.5714285714285714,0.2857142857142857
29e95537,AM Rahane,2026,ipl_by_season,True,14,13,1,335.0,248,25.76923076923077,23.928571428571427,16.5,2,0.14285714285714285,0.4714285714285715,0.31428571428571433,0.1571428571428572
2e171977,AR Patel,2018,ipl_by_season,True,8,6,2,80.0,69,13.333333333333334,10.0,9.5,0,0.0,0.0,0.0,0.0
2e171977,AR Patel,2019,ipl_by_season,True,12,6,6,110.0,88,18.333333333333332,9.166666666666666,6.5,1,0.08333333333333333,0.5401234567901234,0.0,0.0
2e171977,AR Patel,2020,ipl_by_season,True,9,8,1,117.0,85,14.625,13.0,9.0,0,0.0,0.22222222222222224,0.22222222222222224,0.0
2e171977,AR Patel,2021,ipl_by_season,True,6,5,1,40.0,46,8.0,6.666666666666667,7.0,1,0.16666666666666666,0.0,0.0,0.0
2e171977,AR Patel,2022,ipl_by_season,True,10,4,6,182.0,120,45.5,18.2,18.0,0,0.0,0.7000000000000001,0.4666666666666668,0.4666666666666668
2e171977,AR Patel,2023,ipl_by_season,True,13,10,3,283.0,203,28.3,21.76923076923077,21.0,0,0.0,0.6769230769230768,0.38681318681318677,0.12893772893772895
2e171977,AR Patel,2024,ipl_by_season,True,12,8,4,235.0,179,29.375,19.583333333333332,14.5,1,0.08333333333333333,0.49382716049382713,0.3292181069958848,0.3292181069958848
2e171977,AR Patel,2025,ipl_by_season,True,11,10,1,263.0,167,26.3,23.90909090909091,22.0,0,0.0,0.6363636363636364,0.36363636363636376,0.0
2e171977,AR Patel,2026,ipl_by_season,True,11,9,2,173.0,132,19.22222222222222,15.727272727272727,2.0,2,0.18181818181818182,0.3636363636363636,0.3636363636363636,0.1818181818181818
b0946605,AS Joseph,2019,ipl_by_season,False,1,0,1,15.0,13,,15.0,15.0,0,0.0,1.0,1.0,1.0
b0946605,AS Joseph,2022,ipl_by_season,False,3,1,2,5.0,7,5.0,1.6666666666666667,1.0,1,0.3333333333333333,0.6666666666666667,0.6666666666666667,0.6666666666666667
b0946605,AS Joseph,2023,ipl_by_season,False,1,0,1,7.0,12,,7.0,7.0,0,0.0,1.0,1.0,1.0
db31895a,AS Rajpoot,2018,ipl_by_season,False,3,3,0,11.0,18,3.6666666666666665,3.6666666666666665,2.0,0,0.0,0.0,0.0,0.0
db31895a,AS Rajpoot,2020,ipl_by_season,False,2,1,1,9.0,10,9.0,4.5,4.5,0,0.0,0.5,0.5,0.5
e4cdf230,AS Roy,2022,ipl_by_season,False,1,1,0,0.0,2,0.0,0.0,0.0,1,1.0,0.0,0.0,0.0
e4cdf230,AS Roy,2023,ipl_by_season,False,4,2,2,23.0,19,11.5,5.75,5.0,1,0.25,0.5,0.5,0.5
e4cdf230,AS Roy,2024,ipl_by_season,False,1,0,1,3.0,3,,3.0,3.0,0,0.0,1.0,1.0,1.0
e4cdf230,AS Roy,2025,ipl_by_season,False,1,1,0,0.0,1,0.0,0.0,0.0,1,1.0,0.0,0.0,0.0
e4cdf230,AS Roy,2026,ipl_by_season,True,7,4,3,52.0,39,13.0,7.428571428571429,4.0,2,0.2857142857142857,0.23809523809523814,0.23809523809523814,0.23809523809523814
69d03465,AT Carey,2020,ipl_by_season,False,3,2,1,32.0,29,16.0,10.666666666666666,14.0,0,0.0,0.33333333333333337,0.33333333333333337,0.33333333333333337
70d205c9,AT Rayudu,2018,ipl_by_season,True,16,14,2,602.0,402,43.0,37.625,35.5,1,0.0625,0.75,0.6136363636363636,0.27272727272727276
70d205c9,AT Rayudu,2019,ipl_by_season,True,17,12,5,282.0,303,23.5,16.58823529411765,20.0,2,0.11764705882352941,0.5882352941176471,0.22058823529411767,0.22058823529411767
70d205c9,AT Rayudu,2020,ipl_by_season,True,11,9,2,359.0,282,39.888888888888886,32.63636363636363,38.0,0,0.0,0.7272727272727272,0.7272727272727272,0.21212121212121215
70d205c9,AT Rayudu,2021,ipl_by_season,True,13,9,4,257.0,170,28.555555555555557,19.76923076923077,14.0,1,0.07692307692307693,0.5034965034965035,0.30209790209790216,0.20139860139860147
70d205c9,AT Rayudu,2022,ipl_by_season,True,11,11,0,274.0,224,24.90909090909091,24.90909090909091,15.0,0,0.0,0.45454545454545464,0.27272727272727276,0.09090909090909093
70d205c9,AT Rayudu,2023,ipl_by_season,True,12,10,2,158.0,113,15.8,13.166666666666666,13.0,1,0.08333333333333333,0.25,0.125,0.125
249d60c9,AU Rashid,2023,ipl_by_season,False,2,2,0,22.0,16,11.0,11.0,11.0,0,0.0,0.0,0.0,0.0
cc777ffa,Abdul Basith,2023,ipl_by_season,False,1,0,1,1.0,1,,1.0,1.0,0,0.0,1.0,1.0,1.0
8e514b4c,Abdul Samad,2020,ipl_by_season,True,7,5,2,111.0,65,22.2,15.857142857142858,12.0,0,0.0,0.7142857142857144,0.23809523809523817,0.0
8e514b4c,Abdul Samad,2021,ipl_by_season,True,10,9,1,111.0,87,12.333333333333334,11.1,8.5,1,0.1,0.3000000000000001,0.0,0.0
8e514b4c,Abdul Samad,2022,ipl_by_season,False,2,2,0,4.0,7,2.0,2.0,2.0,1,0.5,0.0,0.0,0.0
8e514b4c,Abdul Samad,2023,ipl_by_season,True,8,4,4,169.0,128,42.25,21.125,21.0,0,0.0,0.75,0.4000000000000001,0.4000000000000001
8e514b4c,Abdul Samad,2024,ipl_by_season,True,12,10,2,182.0,108,18.2,15.166666666666666,14.0,1,0.08333333333333333,0.2857142857142857,0.09523809523809525,0.09523809523809525
8e514b4c,Abdul Samad,2025,ipl_by_season,True,12,8,4,164.0,93,20.5,13.666666666666666,5.0,0,0.0,0.5113636363636364,0.27272727272727276,0.0
8e514b4c,Abdul Samad,2026,ipl_by_season,True,7,6,1,116.0,88,19.333333333333332,16.571428571428573,16.0,1,0.14285714285714285,0.28571428571428575,0.28571428571428575,0.14285714285714288
f29185a1,Abhishek Sharma,2018,ipl_by_season,False,3,1,2,63.0,33,63.0,21.0,15.0,0,0.0,0.6666666666666667,0.6666666666666667,0.6666666666666667
f29185a1,Abhishek Sharma,2019,ipl_by_season,False,3,2,1,9.0,9,4.5,3.0,2.0,0,0.0,0.33333333333333337,0.33333333333333337,0.33333333333333337
f29185a1,Abhishek Sharma,2020,ipl_by_season,True,7,5,2,71.0,56,14.2,10.142857142857142,8.0,0,0.0,0.20000000000000004,0.20000000000000004,0.0
f29185a1,Abhishek Sharma,2021,ipl_by_season,True,7,6,1,98.0,75,16.333333333333332,14.0,13.0,0,0.0,0.28571428571428575,0.28571428571428575,0.0
f29185a1,Abhishek Sharma,2022,ipl_by_season,True,14,14,0,426.0,320,30.428571428571427,30.428571428571427,35.0,1,0.07142857142857142,0.5714285714285713,0.5714285714285713,0.14285714285714285
f29185a1,Abhishek Sharma,2023,ipl_by_season,True,11,11,0,226.0,157,20.545454545454547,20.545454545454547,9.0,1,0.09090909090909091,0.36363636363636376,0.36363636363636376,0.1818181818181819
f29185a1,Abhishek Sharma,2024,ipl_by_season,True,16,15,1,484.0,237,32.266666666666666,30.25,30.0,0,0.0,0.5625,0.5,0.1875
f29185a1,Abhishek Sharma,2025,ipl_by_season,True,13,13,0,439.0,227,33.76923076923077,33.76923076923077,24.0,1,0.07692307692307693,0.5384615384615384,0.46153846153846156,0.23076923076923078
f29185a1,Abhishek Sharma,2026,ipl_by_season,True,15,14,1,563.0,275,40.214285714285715,37.53333333333333,35.0,3,0.2,0.6000000000000001,0.5333333333333334,0.3333333333333335
ad3b6e95,Abishek Porel,2023,ipl_by_season,False,4,4,0,33.0,31,8.25,8.25,6.0,0,0.0,0.25,0.0,0.0
ad3b6e95,Abishek Porel,2024,ipl_by_season,True,12,10,2,327.0,205,32.7,27.25,25.0,1,0.08333333333333333,0.5625,0.5625,0.22500000000000003
ad3b6e95,Abishek Porel,2025,ipl_by_season,True,13,12,1,301.0,205,25.083333333333332,23.153846153846153,28.0,1,0.07692307692307693,0.5384615384615384,0.46153846153846156,0.11538461538461539
ad3b6e95,Abishek Porel,2026,ipl_by_season,False,4,4,0,108.0,88,27.0,27.0,26.0,0,0.0,0.75,0.5,0.25
0a67aec0,Akash Deep,2022,ipl_by_season,False,1,1,0,0.0,2,0.0,0.0,0.0,1,1.0,0.0,0.0,0.0
0a67aec0,Akash Deep,2023,ipl_by_season,False,1,1,0,17.0,8,17.0,17.0,17.0,0,0.0,0.0,0.0,0.0
0a67aec0,Akash Deep,2024,ipl_by_season,False,1,0,1,2.0,2,,2.0,2.0,0,0.0,1.0,1.0,1.0
0a67aec0,Akash Deep,2025,ipl_by_season,False,2,1,1,6.0,2,6.0,3.0,3.0,1,0.5,0.5,0.5,0.5
4bd09374,Akash Madhwal,2024,ipl_by_season,False,1,0,1,4.0,5,,4.0,4.0,0,0.0,1.0,1.0,1.0
4bd09374,Akash Madhwal,2025,ipl_by_season,False,1,0,1,4.0,9,,4.0,4.0,0,0.0,1.0,1.0,1.0
d8d67045,Akshat Raghuwanshi,2026,ipl_by_season,False,2,2,0,29.0,25,14.5,14.5,14.5,0,0.0,0.0,0.0,0.0
378daa89,Aman Hakim Khan,2022,ipl_by_season,False,1,1,0,5.0,3,5.0,5.0,5.0,0,0.0,0.0,0.0,0.0
378daa89,Aman Hakim Khan,2023,ipl_by_season,True,9,8,1,110.0,101,13.75,12.222222222222221,7.0,1,0.1111111111111111,0.126984126984127,0.126984126984127,0.126984126984127
a3b0600d,Aniket Verma,2025,ipl_by_season,True,12,9,3,236.0,142,26.22222222222222,19.666666666666668,15.0,0,0.0,0.40104166666666663,0.2673611111111111,0.13368055555555555
a3b0600d,Aniket Verma,2026,ipl_by_season,True,8,6,2,79.0,54,13.166666666666666,9.875,4.0,0,0.0,0.18229166666666669,0.18229166666666669,0.0
1399b39c,Anmolpreet Singh,2021,ipl_by_season,False,1,1,0,16.0,14,16.0,16.0,16.0,0,0.0,0.0,0.0,0.0
1399b39c,Anmolpreet Singh,2022,ipl_by_season,False,2,2,0,13.0,13,6.5,6.5,6.5,0,0.0,0.0,0.0,0.0
1399b39c,Anmolpreet Singh,2023,ipl_by_season,False,4,4,0,105.0,82,26.25,26.25,32.0,0,0.0,0.75,0.75,0.0
1399b39c,Anmolpreet Singh,2024,ipl_by_season,False,2,2,0,5.0,6,2.5,2.5,2.5,1,0.5,0.0,0.0,0.0
c8f5f961,Anuj Rawat,2021,ipl_by_season,False,1,1,0,0.0,1,0.0,0.0,0.0,1,1.0,0.0,0.0,0.0
c8f5f961,Anuj Rawat,2022,ipl_by_season,True,8,8,0,129.0,118,16.125,16.125,8.0,3,0.375,0.375,0.125,0.125
c8f5f961,Anuj Rawat,2023,ipl_by_season,True,7,3,4,91.0,71,30.333333333333332,13.0,9.0,0,0.0,0.5357142857142858,0.5357142857142858,0.5357142857142858
c8f5f961,Anuj Rawat,2024,ipl_by_season,True,5,4,1,98.0,77,24.5,19.6,11.0,0,0.0,0.4,0.4,0.0
69be866a,Anureet Singh,2018,ipl_by_season,False,1,0,1,3.0,4,,3.0,3.0,0,0.0,1.0,1.0,1.0
44aac2f0,Arjun Tendulkar,2023,ipl_by_season,False,1,1,0,13.0,9,13.0,13.0,13.0,0,0.0,0.0,0.0,0.0
44aac2f0,Arjun Tendulkar,2026,ipl_by_season,False,1,0,1,5.0,5,,5.0,5.0,0,0.0,1.0,1.0,1.0
0a4c6dfd,Arshad Khan,2023,ipl_by_season,False,3,2,1,18.0,15,9.0,6.0,2.0,0,0.0,0.33333333333333337,0.33333333333333337,0.33333333333333337
0a4c6dfd,Arshad Khan,2024,ipl_by_season,False,3,1,2,78.0,50,78.0,26.0,20.0,1,0.3333333333333333,0.6666666666666667,0.6666666666666667,0.6666666666666667
0a4c6dfd,Arshad Khan,2025,ipl_by_season,False,4,2,2,23.0,19,11.5,5.75,1.0,0,0.0,0.75,0.0,0.0
0a4c6dfd,Arshad Khan,2026,ipl_by_season,False,2,1,1,23.0,11,23.0,11.5,11.5,0,0.0,0.0,0.0,0.0
12314277,Arshad Khan (2),2024,ipl_by_season,False,1,1,0,5.0,4,5.0,5.0,5.0,0,0.0,0.0,0.0,0.0
244048f6,Arshdeep Singh,2020,ipl_by_season,False,1,1,0,0.0,3,0.0,0.0,0.0,1,1.0,0.0,0.0,0.0
244048f6,Arshdeep Singh,2021,ipl_by_season,False,2,0,2,2.0,3,,1.0,1.0,0,0.0,1.0,1.0,1.0
244048f6,Arshdeep Singh,2022,ipl_by_season,True,6,3,3,21.0,29,7.0,3.5,1.0,2,0.3333333333333333,0.33333333333333337,0.33333333333333337,0.33333333333333337
244048f6,Arshdeep Singh,2023,ipl_by_season,False,1,0,1,2.0,2,,2.0,2.0,0,0.0,1.0,1.0,1.0
244048f6,Arshdeep Singh,2024,ipl_by_season,False,1,1,0,4.0,3,4.0,4.0,4.0,0,0.0,0.0,0.0,0.0
244048f6,Arshdeep Singh,2025,ipl_by_season,False,2,1,1,2.0,6,2.0,1.0,1.0,0,0.0,0.5,0.5,0.5
244048f6,Arshdeep Singh,2026,ipl_by_season,False,1,0,1,1.0,1,,1.0,1.0,0,0.0,1.0,1.0,1.0
50c09020,Ashok Sharma,2026,ipl_by_season,False,2,0,2,1.0,4,,0.5,0.5,0,0.0,1.0,1.0,1.0
84d9c311,Ashutosh Sharma,2024,ipl_by_season,True,9,7,2,189.0,113,27.0,21.0,17.0,0,0.0,0.5555555555555556,0.5555555555555556,0.2777777777777778
84d9c311,Ashutosh Sharma,2025,ipl_by_season,True,9,7,2,204.0,127,29.142857142857142,22.666666666666668,17.0,0,0.0,0.4,0.4,0.13333333333333336
84d9c311,Ashutosh Sharma,2026,ipl_by_season,True,8,5,3,171.0,94,34.2,21.375,18.5,0,0.0,0.5625,0.37500000000000006,0.0
d45c29b1,Ashwani Kumar,2026,ipl_by_season,False,1,0,1,1.0,6,,1.0,1.0,0,0.0,1.0,1.0,1.0
1ac746c8,Atharva Taide,2023,ipl_by_season,True,7,7,0,186.0,129,26.571428571428573,26.571428571428573,19.0,1,0.14285714285714285,0.4285714285714286,0.28571428571428575,0.28571428571428575
1ac746c8,Atharva Taide,2024,ipl_by_season,False,2,2,0,61.0,39,30.5,30.5,30.5,0,0.0,0.5,0.5,0.0
1ac746c8,Atharva Taide,2025,ipl_by_season,False,1,1,0,13.0,9,13.0,13.0,13.0,0,0.0,0.0,0.0,0.0
7c3c0337,Auqib Nabi,2026,ipl_by_season,False,2,1,1,14.0,4,14.0,7.0,7.0,0,0.0,0.5,0.5,0.5
eef2536f,Avesh Khan,2019,ipl_by_season,False,1,0,1,4.0,3,,4.0,4.0,0,0.0,1.0,1.0,1.0
eef2536f,Avesh Khan,2021,ipl_by_season,False,1,1,0,5.0,3,5.0,5.0,5.0,0,0.0,0.0,0.0,0.0
eef2536f,Avesh Khan,2022,ipl_by_season,False,4,1,3,22.0,13,22.0,5.5,4.5,0,0.0,0.0,0.0,0.0
eef2536f,Avesh Khan,2023,ipl_by_season,False,1,0,1,0.0,1,,0.0,0.0,0,0.0,1.0,1.0,1.0
eef2536f,Avesh Khan,2024,ipl_by_season,False,2,0,2,10.0,5,,5.0,5.0,0,0.0,1.0,1.0,1.0
eef2536f,Avesh Khan,2025,ipl_by_season,False,4,1,3,21.0,12,21.0,5.25,1.0,1,0.25,0.75,0.75,0.75
eef2536f,Avesh Khan,2026,ipl_by_season,False,3,1,2,6.0,6,6.0,2.0,1.0,0,0.0,0.6666666666666667,0.6666666666666667,0.6666666666666667
8f6dd463,Azmatullah Omarzai,2024,ipl_by_season,False,4,4,0,42.0,33,10.5,10.5,12.0,0,0.0,0.0,0.0,0.0
8f6dd463,Azmatullah Omarzai,2025,ipl_by_season,True,5,4,1,57.0,41,14.25,11.4,16.0,0,0.0,0.2,0.2,0.2
8f6dd463,Azmatullah Omarzai,2026,ipl_by_season,False,2,2,0,52.0,27,26.0,26.0,26.0,0,0.0,0.5,0.5,0.0
ff1e68fa,B Indrajith,2022,ipl_by_season,False,3,3,0,21.0,30,7.0,7.0,6.0,1,0.3333333333333333,0.0,0.0,0.0
2e81a32d,B Kumar,2018,ipl_by_season,False,4,2,2,13.0,16,6.5,3.25,3.0,1,0.25,0.0,0.0,0.0
2e81a32d,B Kumar,2019,ipl_by_season,False,4,3,1,12.0,19,4.0,3.0,2.0,0,0.0,0.25,0.25,0.25
2e81a32d,B Kumar,2020,ipl_by_season,False,1,1,0,0.0,2,0.0,0.0,0.0,1,1.0,0.0,0.0,0.0
2e81a32d,B Kumar,2021,ipl_by_season,True,7,1,6,34.0,30,34.0,4.857142857142857,3.0,0,0.0,0.8571428571428572,0.8571428571428572,0.8571428571428572
2e81a32d,B Kumar,2022,ipl_by_season,True,6,3,3,24.0,26,8.0,4.0,4.0,0,0.0,0.0,0.0,0.0
2e81a32d,B Kumar,2023,ipl_by_season,True,5,3,2,42.0,47,14.0,8.4,5.0,0,0.0,0.4,0.0,0.0
2e81a32d,B Kumar,2024,ipl_by_season,True,5,3,2,23.0,29,7.666666666666667,4.6,4.0,1,0.2,0.0,0.0,0.0
2e81a32d,B Kumar,2025,ipl_by_season,True,6,3,3,14.0,25,4.666666666666667,2.3333333333333335,1.0,0,0.0,0.0,0.0,0.0
2e81a32d,B Kumar,2026,ipl_by_season,False,4,0,4,34.0,26,,8.5,8.0,0,0.0,1.0,1.0,1.0
b2a79f17,B Laughlin,2018,ipl_by_season,False,2,1,1,1.0,4,1.0,0.5,0.5,1,0.5,0.5,0.5,0.5
d5130a30,B Sai Sudharsan,2022,ipl_by_season,True,5,4,1,145.0,114,36.25,29.0,20.0,0,0.0,0.6000000000000001,0.4000000000000001,0.20000000000000004
d5130a30,B Sai Sudharsan,2023,ipl_by_season,True,8,7,1,362.0,256,51.714285714285715,45.25,45.0,0,0.0,0.875,0.625,0.375
d5130a30,B Sai Sudharsan,2024,ipl_by_season,True,12,11,1,527.0,373,47.90909090909091,43.916666666666664,36.0,0,0.0,0.8333333333333333,0.8333333333333333,0.25
d5130a30,B Sai Sudharsan,2025,ipl_by_season,True,15,14,1,759.0,486,54.214285714285715,50.6,49.0,0,0.0,0.8666666666666667,0.8,0.4666666666666668
d5130a30,B Sai Sudharsan,2026,ipl_by_season,True,17,16,1,722.0,457,45.125,42.470588235294116,53.0,1,0.058823529411764705,0.5882352941176471,0.5294117647058824,0.5294117647058824
6834d1f2,B Stanlake,2018,ipl_by_season,False,1,0,1,5.0,2,,5.0,5.0,0,0.0,1.0,1.0,1.0
e087956b,BA Stokes,2018,ipl_by_season,True,12,12,0,196.0,161,16.333333333333332,16.333333333333332,13.0,1,0.08333333333333333,0.25000000000000006,0.1666666666666667,0.0
e087956b,BA Stokes,2019,ipl_by_season,True,9,6,3,123.0,99,20.5,13.666666666666666,8.0,1,0.1111111111111111,0.4571428571428572,0.2285714285714286,0.0
e087956b,BA Stokes,2020,ipl_by_season,True,8,7,1,285.0,200,40.714285714285715,35.625,24.5,0,0.0,0.5,0.5,0.25
e087956b,BA Stokes,2021,ipl_by_season,False,1,1,0,0.0,3,0.0,0.0,0.0,1,1.0,0.0,0.0,0.0
e087956b,BA Stokes,2023,ipl_by_season,False,2,2,0,15.0,14,7.5,7.5,7.5,0,0.0,0.0,0.0,0.0
b8a55852,BB McCullum,2018,ipl_by_season,True,6,6,0,127.0,88,21.166666666666668,21.166666666666668,21.0,1,0.16666666666666666,0.5,0.5,0.0
d8b2f218,BB Sran,2018,ipl_by_season,False,3,1,2,3.0,7,3.0,1.0,1.0,0,0.0,0.0,0.0,0.0
d8b2f218,BB Sran,2019,ipl_by_season,False,1,0,1,3.0,3,,3.0,3.0,0,0.0,1.0,1.0,1.0
2e11c706,BCJ Cutting,2018,ipl_by_season,True,6,4,2,96.0,58,24.0,16.0,11.0,0,0.0,0.6666666666666667,0.33333333333333337,0.0
2e11c706,BCJ Cutting,2019,ipl_by_season,False,3,2,1,18.0,17,9.0,6.0,3.0,0,0.0,0.33333333333333337,0.33333333333333337,0.33333333333333337
5d1e7582,BKG Mendis,2025,ipl_by_season,False,1,1,0,20.0,10,20.0,20.0,20.0,0,0.0,1.0,0.0,0.0
c2dd89ea,BR Sharath,2024,ipl_by_season,False,1,1,0,2.0,5,2.0,2.0,2.0,0,0.0,0.0,0.0,0.0
871e9faf,Basil Thampi,2018,ipl_by_season,False,1,1,0,3.0,6,3.0,3.0,3.0,0,0.0,0.0,0.0,0.0
871e9faf,Basil Thampi,2019,ipl_by_season,False,1,0,1,1.0,1,,1.0,1.0,0,0.0,1.0,1.0,1.0
133bbd61,Brijesh Sharma,2026,ipl_by_season,False,2,0,2,2.0,4,,1.0,1.0,0,0.0,1.0,1.0,1.0
172dff15,C Bosch,2025,ipl_by_season,False,2,2,0,47.0,32,23.5,23.5,23.5,0,0.0,1.0,0.0,0.0
172dff15,C Bosch,2026,ipl_by_season,False,4,1,3,50.0,31,50.0,12.5,8.0,0,0.0,0.75,0.75,0.75
fe366f34,C Connolly,2026,ipl_by_season,True,13,11,2,491.0,301,44.63636363636363,37.76923076923077,30.0,1,0.07692307692307693,0.6153846153846153,0.5384615384615384,0.23076923076923078
eaa76d3c,C Green,2023,ipl_by_season,True,16,9,7,452.0,282,50.22222222222222,28.25,20.0,0,0.0,0.75,0.65625,0.28125
eaa76d3c,C Green,2024,ipl_by_season,True,12,8,4,255.0,178,31.875,21.25,22.5,0,0.0,0.5555555555555555,0.4629629629629629,0.0
eaa76d3c,C Green,2026,ipl_by_season,True,14,10,4,322.0,221,32.2,23.0,22.5,1,0.07142857142857142,0.55,0.4714285714285715,0.261904761904762
af2c687b,C Munro,2018,ipl_by_season,True,5,5,0,63.0,41,12.6,12.6,4.0,2,0.4,0.4,0.2,0.0
af2c687b,C Munro,2019,ipl_by_season,False,4,4,0,84.0,70,21.0,21.0,20.5,0,0.0,0.5,0.25,0.0
2cdce1be,C Sakariya,2021,ipl_by_season,True,5,5,0,16.0,25,3.2,3.2,2.0,1,0.2,0.0,0.0,0.0
2cdce1be,C Sakariya,2023,ipl_by_season,False,2,1,1,4.0,6,4.0,2.0,2.0,0,0.0,0.0,0.0,0.0
94d7f855,C de Grandhomme,2018,ipl_by_season,True,8,5,3,131.0,84,26.2,16.375,11.0,0,0.0,0.5833333333333334,0.5833333333333334,0.0
94d7f855,C de Grandhomme,2019,ipl_by_season,False,4,3,1,46.0,49,15.333333333333334,11.5,3.5,0,0.0,0.375,0.375,0.0
c995d726,CA Ingram,2019,ipl_by_season,True,12,10,2,184.0,154,18.4,15.333333333333334,11.5,0,0.0,0.3472222222222222,0.2314814814814815,0.0
45eda7c8,CA Lynn,2018,ipl_by_season,True,16,15,1,491.0,377,32.733333333333334,30.6875,24.5,1,0.0625,0.625,0.4375,0.1875
45eda7c8,CA Lynn,2019,ipl_by_season,True,13,13,0,405.0,290,31.153846153846153,31.153846153846153,41.0,2,0.15384615384615385,0.6153846153846153,0.5384615384615384,0.3076923076923077
45eda7c8,CA Lynn,2021,ipl_by_season,False,1,1,0,49.0,35,49.0,49.0,49.0,0,0.0,1.0,1.0,0.0
db584dad,CH Gayle,2018,ipl_by_season,True,11,9,2,368.0,252,40.888888888888886,33.45454545454545,21.0,1,0.09090909090909091,0.5454545454545454,0.36363636363636365,0.36363636363636365
db584dad,CH Gayle,2019,ipl_by_season,True,13,12,1,490.0,319,40.833333333333336,37.69230769230769,28.0,0,0.0,0.6923076923076923,0.46153846153846156,0.3076923076923077
db584dad,CH Gayle,2020,ipl_by_season,True,7,7,0,288.0,210,41.142857142857146,41.142857142857146,29.0,0,0.0,0.8571428571428572,0.4285714285714286,0.4285714285714286
db584dad,CH Gayle,2021,ipl_by_season,True,10,9,1,193.0,154,21.444444444444443,19.3,13.5,1,0.1,0.30000000000000004,0.30000000000000004,0.0
fb66ce1f,CH Morris,2018,ipl_by_season,False,3,1,2,46.0,26,46.0,15.333333333333334,17.0,0,0.0,0.6666666666666667,0.6666666666666667,0.6666666666666667
fb66ce1f,CH Morris,2019,ipl_by_season,True,6,6,0,32.0,37,5.333333333333333,5.333333333333333,2.0,3,0.5,0.0,0.0,0.0
fb66ce1f,CH Morris,2020,ipl_by_season,True,5,4,1,34.0,21,8.5,6.8,3.0,1,0.2,0.20000000000000004,0.20000000000000004,0.20000000000000004
fb66ce1f,CH Morris,2021,ipl_by_season,True,7,5,2,67.0,49,13.4,9.571428571428571,5.0,2,0.2857142857142857,0.17857142857142858,0.17857142857142858,0.17857142857142858
8abdf100,CJ Anderson,2018,ipl_by_season,False,3,3,0,17.0,22,5.666666666666667,5.666666666666667,2.0,1,0.3333333333333333,0.0,0.0,0.0
ffe699c0,CJ Jordan,2020,ipl_by_season,False,4,3,1,29.0,31,9.666666666666666,7.25,6.0,0,0.0,0.0,0.0,0.0
ffe699c0,CJ Jordan,2021,ipl_by_season,False,2,2,0,32.0,21,16.0,16.0,16.0,0,0.0,0.5,0.5,0.0
ffe699c0,CJ Jordan,2022,ipl_by_season,False,2,1,1,11.0,8,11.0,5.5,5.5,0,0.0,0.5,0.5,0.5
ffe699c0,CJ Jordan,2023,ipl_by_season,False,2,2,0,6.0,12,3.0,3.0,3.0,0,0.0,0.0,0.0,0.0
e342e5fb,CR Brathwaite,2018,ipl_by_season,False,4,3,1,75.0,48,25.0,18.75,14.5,0,0.0,0.5,0.25,0.25
e342e5fb,CR Brathwaite,2019,ipl_by_season,False,2,2,0,11.0,10,5.5,5.5,5.5,0,0.0,0.0,0.0,0.0
4c5d73db,CR Woakes,2018,ipl_by_season,False,4,2,2,17.0,19,8.5,4.25,3.0,0,0.0,0.0,0.0,0.0
4c5d73db,CR Woakes,2021,ipl_by_season,False,1,0,1,15.0,11,,15.0,15.0,0,0.0,1.0,1.0,1.0
5b7ab5a9,CV Varun,2020,ipl_by_season,False,3,2,1,10.0,15,5.0,3.3333333333333335,2.0,0,0.0,0.33333333333333337,0.33333333333333337,0.33333333333333337
5b7ab5a9,CV Varun,2021,ipl_by_season,False,2,1,1,2.0,4,2.0,1.0,1.0,1,0.5,0.5,0.5,0.5
5b7ab5a9,CV Varun,2022,ipl_by_season,False,3,0,3,12.0,18,,4.0,1.0,0,0.0,1.0,1.0,1.0
5b7ab5a9,CV Varun,2023,ipl_by_season,False,2,1,1,1.0,9,1.0,0.5,0.5,0,0.0,0.0,0.0,0.0
5b7ab5a9,CV Varun,2025,ipl_by_season,False,1,0,1,1.0,1,,1.0,1.0,0,0.0,1.0,1.0,1.0
5b7ab5a9,CV Varun,2026,ipl_by_season,False,2,2,0,5.0,6,2.5,2.5,2.5,1,0.5,0.0,0.0,0.0
844e79d1,D Brevis,2022,ipl_by_season,True,7,7,0,161.0,113,23.0,23.0,29.0,0,0.0,0.5714285714285715,0.4285714285714286,0.0
844e79d1,D Brevis,2024,ipl_by_season,False,3,3,0,69.0,59,23.0,23.0,23.0,1,0.3333333333333333,0.6666666666666667,0.33333333333333337,0.0
844e79d1,D Brevis,2025,ipl_by_season,True,6,6,0,225.0,125,37.5,37.5,42.0,1,0.16666666666666666,0.8333333333333334,0.8333333333333334,0.33333333333333337
844e79d1,D Brevis,2026,ipl_by_season,True,8,8,0,151.0,118,18.875,18.875,15.5,1,0.125,0.5,0.25,0.0
f0af99a7,D Ferreira,2024,ipl_by_season,False,2,2,0,8.0,11,4.0,4.0,4.0,0,0.0,0.0,0.0,0.0
f0af99a7,D Ferreira,2025,ipl_by_season,False,1,1,0,1.0,3,1.0,1.0,1.0,0,0.0,0.0,0.0,0.0
f0af99a7,D Ferreira,2026,ipl_by_season,True,13,9,4,317.0,177,35.22222222222222,24.384615384615383,18.0,1,0.07692307692307693,0.5274725274725275,0.4395604395604396,0.35164835164835173
2c25d4f5,D Padikkal,2020,ipl_by_season,True,15,15,0,473.0,379,31.533333333333335,31.533333333333335,32.0,0,0.0,0.6666666666666667,0.5333333333333334,0.3333333333333335
2c25d4f5,D Padikkal,2021,ipl_by_season,True,14,13,1,411.0,328,31.615384615384617,29.357142857142858,22.0,2,0.14285714285714285,0.6428571428571429,0.35714285714285715,0.14285714285714288
2c25d4f5,D Padikkal,2022,ipl_by_season,True,17,17,0,376.0,306,22.11764705882353,22.11764705882353,24.0,1,0.058823529411764705,0.5294117647058822,0.35294117647058815,0.058823529411764705
2c25d4f5,D Padikkal,2023,ipl_by_season,True,11,10,1,261.0,200,26.1,23.727272727272727,26.0,0,0.0,0.6363636363636362,0.36363636363636365,0.24242424242424246
2c25d4f5,D Padikkal,2024,ipl_by_season,True,7,7,0,38.0,53,5.428571428571429,5.428571428571429,6.0,2,0.2857142857142857,0.0,0.0,0.0
2c25d4f5,D Padikkal,2025,ipl_by_season,True,10,9,1,247.0,164,27.444444444444443,24.7,22.0,1,0.1,0.5,0.4,0.30000000000000004
2c25d4f5,D Padikkal,2026,ipl_by_season,True,15,14,1,464.0,275,33.142857142857146,30.933333333333334,34.0,0,0.0,0.6666666666666667,0.6000000000000001,0.23333333333333342
11614d87,D Pretorius,2022,ipl_by_season,True,5,4,1,44.0,28,11.0,8.8,8.0,1,0.2,0.2666666666666667,0.0,0.0
aa8d28ae,D Wiese,2023,ipl_by_season,False,3,1,2,21.0,11,21.0,7.0,8.0,0,0.0,0.6666666666666667,0.6666666666666667,0.6666666666666667
d67d5f00,DA Miller,2018,ipl_by_season,False,3,2,1,74.0,64,37.0,24.666666666666668,24.0,0,0.0,1.0,0.0,0.0
d67d5f00,DA Miller,2019,ipl_by_season,True,10,8,2,213.0,164,26.625,21.3,13.0,0,0.0,0.5,0.375,0.125
d67d5f00,DA Miller,2020,ipl_by_season,False,1,1,0,0.0,0,0.0,0.0,0.0,1,1.0,0.0,0.0,0.0
d67d5f00,DA Miller,2021,ipl_by_season,True,8,5,3,124.0,113,24.8,15.5,7.0,1,0.125,0.41666666666666674,0.41666666666666674,0.41666666666666674
d67d5f00,DA Miller,2022,ipl_by_season,True,16,7,9,481.0,337,68.71428571428571,30.0625,26.5,0,0.0,0.7944444444444444,0.6179012345679011,0.39722222222222214
d67d5f00,DA Miller,2023,ipl_by_season,True,13,8,5,259.0,178,32.375,19.923076923076923,17.0,1,0.07692307692307693,0.5874125874125874,0.5874125874125874,0.0
d67d5f00,DA Miller,2024,ipl_by_season,True,9,6,3,210.0,139,35.0,23.333333333333332,21.0,0,0.0,0.6666666666666666,0.5333333333333333,0.35555555555555557
d67d5f00,DA Miller,2025,ipl_by_season,True,10,5,5,153.0,120,30.6,15.3,13.5,0,0.0,0.5714285714285715,0.19047619047619052,0.19047619047619052
d67d5f00,DA Miller,2026,ipl_by_season,True,10,6,4,211.0,137,35.166666666666664,21.1,20.0,1,0.1,0.5625000000000001,0.3750000000000001,0.3750000000000001
6c79c098,DA Payne,2026,ipl_by_season,False,1,0,1,6.0,5,,6.0,6.0,0,0.0,1.0,1.0,1.0
dcce6f09,DA Warner,2019,ipl_by_season,True,12,10,2,692.0,481,69.2,57.666666666666664,62.0,0,0.0,0.8333333333333333,0.8333333333333333,0.75
dcce6f09,DA Warner,2020,ipl_by_season,True,16,14,2,548.0,407,39.142857142857146,34.25,35.5,0,0.0,0.625,0.5625,0.30000000000000004
dcce6f09,DA Warner,2021,ipl_by_season,True,8,8,0,195.0,181,24.375,24.375,21.0,1,0.125,0.5,0.5,0.25
dcce6f09,DA Warner,2022,ipl_by_season,True,12,9,3,432.0,287,48.0,36.0,35.0,1,0.08333333333333333,0.5833333333333333,0.5,0.4166666666666667
dcce6f09,DA Warner,2023,ipl_by_season,True,14,14,0,516.0,392,36.857142857142854,36.857142857142854,41.5,2,0.14285714285714285,0.7142857142857143,0.5714285714285714,0.4285714285714286
dcce6f09,DA Warner,2024,ipl_by_season,True,8,8,0,168.0,125,21.0,21.0,14.0,0,0.0,0.375,0.25,0.125
cd8d2859,DG Nalkande,2023,ipl_by_season,False,1,1,0,0.0,1,0.0,0.0,0.0,1,1.0,0.0,0.0,0.0
cd8d2859,DG Nalkande,2024,ipl_by_season,False,1,1,0,12.0,11,12.0,12.0,12.0,0,0.0,0.0,0.0,0.0
87e562a9,DJ Bravo,2018,ipl_by_season,True,10,4,6,141.0,91,35.25,14.1,9.0,1,0.1,0.6666666666666666,0.6666666666666666,0.6666666666666666
87e562a9,DJ Bravo,2019,ipl_by_season,True,8,5,3,80.0,66,16.0,10.0,6.5,0,0.0,0.4000000000000001,0.0,0.0
87e562a9,DJ Bravo,2020,ipl_by_season,False,2,2,0,7.0,6,3.5,3.5,3.5,1,0.5,0.0,0.0,0.0
87e562a9,DJ Bravo,2021,ipl_by_season,False,3,1,2,47.0,18,47.0,15.666666666666666,20.0,0,0.0,1.0,0.0,0.0
87e562a9,DJ Bravo,2022,ipl_by_season,True,6,2,4,23.0,24,11.5,3.8333333333333335,1.0,1,0.16666666666666666,0.0,0.0,0.0
73ad96ed,DJ Hooda,2018,ipl_by_season,True,8,4,4,87.0,81,21.75,10.875,5.0,0,0.0,0.38888888888888895,0.38888888888888895,0.38888888888888895
73ad96ed,DJ Hooda,2019,ipl_by_season,True,7,6,1,64.0,63,10.666666666666666,9.142857142857142,10.0,1,0.14285714285714285,0.28571428571428575,0.0,0.0
73ad96ed,DJ Hooda,2020,ipl_by_season,True,5,1,4,101.0,71,101.0,20.2,15.0,1,0.2,0.8,0.8,0.8
73ad96ed,DJ Hooda,2021,ipl_by_season,True,11,10,1,160.0,123,16.0,14.545454545454545,10.0,1,0.09090909090909091,0.27272727272727276,0.13636363636363638,0.13636363636363638
73ad96ed,DJ Hooda,2022,ipl_by_season,True,14,14,0,451.0,330,32.214285714285715,32.214285714285715,30.5,0,0.0,0.642857142857143,0.5000000000000001,0.2857142857142858
73ad96ed,DJ Hooda,2023,ipl_by_season,True,12,11,1,84.0,90,7.636363636363637,7.0,6.0,0,0.0,0.0,0.0,0.0
73ad96ed,DJ Hooda,2024,ipl_by_season,True,9,8,1,145.0,105,18.125,16.11111111111111,11.0,1,0.1111111111111111,0.29629629629629634,0.14814814814814817,0.14814814814814817
73ad96ed,DJ Hooda,2025,ipl_by_season,True,5,5,0,31.0,41,6.2,6.2,3.0,1,0.2,0.20000000000000004,0.0,0.0
ad9c32a2,DJ Malan,2021,ipl_by_season,False,1,1,0,26.0,26,26.0,26.0,26.0,0,0.0,1.0,0.0,0.0
eade4650,DJ Mitchell,2022,ipl_by_season,False,2,2,0,33.0,44,16.5,16.5,16.5,0,0.0,0.0,0.0,0.0
eade4650,DJ Mitchell,2024,ipl_by_season,True,13,11,2,318.0,223,28.90909090909091,24.46153846153846,22.0,0,0.0,0.6666666666666666,0.4,0.20000000000000004
7f048519,DJ Willey,2022,ipl_by_season,False,2,2,0,18.0,30,9.0,9.0,9.0,1,0.5,0.0,0.0,0.0
7f048519,DJ Willey,2023,ipl_by_season,False,3,0,3,35.0,32,,11.666666666666666,11.0,0,0.0,1.0,1.0,1.0
1a156c88,DJM Short,2018,ipl_by_season,True,7,7,0,115.0,99,16.428571428571427,16.428571428571427,6.0,0,0.0,0.28571428571428575,0.28571428571428575,0.0
23eeb873,DL Chahar,2018,ipl_by_season,False,4,3,1,50.0,29,16.666666666666668,12.5,5.5,1,0.25,0.375,0.375,0.0
23eeb873,DL Chahar,2019,ipl_by_season,False,2,2,0,7.0,9,3.5,3.5,3.5,1,0.5,0.0,0.0,0.0
23eeb873,DL Chahar,2020,ipl_by_season,False,3,1,2,7.0,12,7.0,2.3333333333333335,2.0,1,0.3333333333333333,0.6666666666666667,0.6666666666666667,0.6666666666666667
23eeb873,DL Chahar,2021,ipl_by_season,False,1,0,1,1.0,1,,1.0,1.0,0,0.0,1.0,1.0,1.0
23eeb873,DL Chahar,2023,ipl_by_season,False,1,0,1,1.0,2,,1.0,1.0,0,0.0,1.0,1.0,1.0
23eeb873,DL Chahar,2025,ipl_by_season,False,4,1,3,37.0,25,37.0,9.25,4.5,1,0.25,0.75,0.75,0.75
23eeb873,DL Chahar,2026,ipl_by_season,False,4,2,2,25.0,19,12.5,6.25,7.0,0,0.0,0.0,0.0,0.0
df5a6881,DP Conway,2022,ipl_by_season,True,7,6,1,252.0,173,42.0,36.0,16.0,1,0.14285714285714285,0.4285714285714286,0.4285714285714286,0.4285714285714286
df5a6881,DP Conway,2023,ipl_by_season,True,15,13,2,672.0,481,51.69230769230769,44.8,47.0,1,0.06666666666666667,0.7333333333333334,0.7333333333333334,0.4000000000000001
df5a6881,DP Conway,2025,ipl_by_season,True,6,6,0,156.0,119,26.0,26.0,12.5,1,0.16666666666666666,0.33333333333333337,0.33333333333333337,0.33333333333333337
caf69bf7,DR Sams,2020,ipl_by_season,False,1,1,0,0.0,2,0.0,0.0,0.0,1,1.0,0.0,0.0,0.0
caf69bf7,DR Sams,2021,ipl_by_season,False,2,1,1,6.0,6,6.0,3.0,3.0,0,0.0,0.5,0.5,0.5
caf69bf7,DR Sams,2022,ipl_by_season,True,10,7,3,38.0,36,5.428571428571429,3.8,2.0,2,0.2,0.0,0.0,0.0
faa7365d,DR Shorey,2018,ipl_by_season,False,1,1,0,8.0,9,8.0,8.0,8.0,0,0.0,0.0,0.0,0.0
faa7365d,DR Shorey,2019,ipl_by_season,False,1,1,0,5.0,8,5.0,5.0,5.0,0,0.0,0.0,0.0,0.0
d2a989fc,DS Kulkarni,2018,ipl_by_season,False,2,1,1,6.0,7,6.0,3.0,3.0,0,0.0,0.5,0.5,0.5
d2a989fc,DS Kulkarni,2019,ipl_by_season,False,1,0,1,5.0,3,,5.0,5.0,0,0.0,1.0,1.0,1.0
d2a989fc,DS Kulkarni,2020,ipl_by_season,False,1,0,1,3.0,2,,3.0,3.0,0,0.0,1.0,1.0,1.0
13fc5c6d,DS Rathi,2025,ipl_by_season,False,1,1,0,1.0,3,1.0,1.0,1.0,0,0.0,0.0,0.0,0.0
13fc5c6d,DS Rathi,2026,ipl_by_season,False,2,0,2,2.0,5,,1.0,1.0,0,0.0,1.0,1.0,1.0
2a2e6343,DT Christian,2018,ipl_by_season,False,3,2,1,26.0,33,13.0,8.666666666666666,7.0,0,0.0,0.0,0.0,0.0
2a2e6343,DT Christian,2021,ipl_by_season,True,7,6,1,14.0,24,2.3333333333333335,2.0,1.0,1,0.14285714285714285,0.0,0.0,0.0
9e6032fa,DV Malewar,2026,ipl_by_season,False,2,2,0,2.0,5,1.0,1.0,1.0,1,0.5,0.0,0.0,0.0
8fd1a8f5,DW Steyn,2020,ipl_by_season,False,1,0,1,1.0,2,,1.0,1.0,0,0.0,1.0,1.0,1.0
bcf325d2,Dhruv Jurel,2023,ipl_by_season,True,11,7,4,152.0,88,21.714285714285715,13.818181818181818,9.0,1,0.09090909090909091,0.3977272727272727,0.3977272727272727,0.19886363636363635
bcf325d2,Dhruv Jurel,2024,ipl_by_season,True,11,8,3,195.0,141,24.375,17.727272727272727,8.0,1,0.09090909090909091,0.45454545454545464,0.24242424242424254,0.24242424242424254
bcf325d2,Dhruv Jurel,2025,ipl_by_season,True,13,9,4,333.0,213,37.0,25.615384615384617,26.0,1,0.07692307692307693,0.6837606837606837,0.586080586080586,0.3125763125763126
bcf325d2,Dhruv Jurel,2026,ipl_by_season,True,16,14,2,515.0,333,36.785714285714285,32.1875,31.0,2,0.125,0.5625,0.5,0.375
0ebfb1ad,E Lewis,2018,ipl_by_season,True,13,13,0,382.0,276,29.384615384615383,29.384615384615383,29.0,2,0.15384615384615385,0.5384615384615384,0.46153846153846156,0.15384615384615385
0ebfb1ad,E Lewis,2019,ipl_by_season,False,3,3,0,48.0,52,16.0,16.0,15.0,0,0.0,0.33333333333333337,0.33333333333333337,0.0
0ebfb1ad,E Lewis,2021,ipl_by_season,True,5,5,0,151.0,93,30.2,30.2,27.0,0,0.0,0.8,0.4000000000000001,0.20000000000000004
0ebfb1ad,E Lewis,2022,ipl_by_season,True,5,3,2,73.0,56,24.333333333333332,14.6,5.0,0,0.0,0.2666666666666667,0.2666666666666667,0.2666666666666667
5750bcb4,E Malinga,2026,ipl_by_season,False,3,1,2,7.0,17,7.0,2.3333333333333335,2.0,0,0.0,0.0,0.0,0.0
d2a6c0e6,EJG Morgan,2020,ipl_by_season,True,14,10,4,418.0,302,41.8,29.857142857142858,32.0,0,0.0,0.6428571428571429,0.5714285714285714,0.16071428571428573
d2a6c0e6,EJG Morgan,2021,ipl_by_season,True,16,12,4,133.0,139,11.083333333333334,8.3125,4.5,4,0.25,0.23809523809523808,0.11904761904761904,0.11904761904761904
3355b542,F du Plessis,2018,ipl_by_season,True,6,5,1,162.0,129,32.4,27.0,20.5,0,0.0,0.5,0.33333333333333337,0.16666666666666669
3355b542,F du Plessis,2019,ipl_by_season,True,12,11,1,396.0,321,36.0,33.0,32.5,0,0.0,0.6666666666666666,0.5,0.3125
3355b542,F du Plessis,2020,ipl_by_season,True,13,11,2,449.0,319,40.81818181818182,34.53846153846154,25.0,1,0.07692307692307693,0.6153846153846153,0.46153846153846156,0.3076923076923077
3355b542,F du Plessis,2021,ipl_by_season,True,16,14,2,633.0,458,45.214285714285715,39.5625,38.5,2,0.125,0.75,0.6875,0.42187500000000006
3355b542,F du Plessis,2022,ipl_by_season,True,16,15,1,468.0,367,31.2,29.25,19.5,2,0.125,0.5,0.3125,0.1875
3355b542,F du Plessis,2023,ipl_by_season,True,14,13,1,730.0,475,56.15384615384615,52.142857142857146,58.5,0,0.0,0.9285714285714286,0.7142857142857143,0.5714285714285714
3355b542,F du Plessis,2024,ipl_by_season,True,15,15,0,438.0,271,29.2,29.2,24.0,0,0.0,0.5333333333333334,0.40000000000000013,0.2666666666666668
3355b542,F du Plessis,2025,ipl_by_season,True,9,9,0,202.0,163,22.444444444444443,22.444444444444443,22.0,0,0.0,0.5555555555555556,0.22222222222222227,0.22222222222222227
b52ffbbd,FA Allen,2021,ipl_by_season,False,2,1,1,6.0,12,6.0,3.0,3.0,0,0.0,0.0,0.0,0.0
b52ffbbd,FA Allen,2022,ipl_by_season,False,1,1,0,8.0,7,8.0,8.0,8.0,0,0.0,0.0,0.0,0.0
bf74b130,FH Allen,2026,ipl_by_season,True,11,10,1,349.0,163,34.9,31.727272727272727,20.0,0,0.0,0.5454545454545454,0.2727272727272727,0.18181818181818182
e9c7f0d0,Fazalhaq Farooqi,2022,ipl_by_season,False,1,0,1,2.0,8,,2.0,2.0,0,0.0,1.0,1.0,1.0
e9c7f0d0,Fazalhaq Farooqi,2023,ipl_by_season,False,1,0,1,1.0,5,,1.0,1.0,0,0.0,1.0,1.0,1.0
e9c7f0d0,Fazalhaq Farooqi,2025,ipl_by_season,False,1,0,1,2.0,2,,2.0,2.0,0,0.0,1.0,1.0,1.0
3204c99f,G Coetzee,2024,ipl_by_season,True,5,4,1,14.0,22,3.5,2.8,1.0,1,0.2,0.0,0.0,0.0
3204c99f,G Coetzee,2025,ipl_by_season,False,2,2,0,17.0,11,8.5,8.5,8.5,0,0.0,0.0,0.0,0.0
bb345e0b,G Gambhir,2018,ipl_by_season,True,5,5,0,85.0,88,17.0,17.0,8.0,0,0.0,0.20000000000000004,0.20000000000000004,0.20000000000000004
a316d663,GC Viljoen,2019,ipl_by_season,False,3,2,1,3.0,7,1.5,1.0,1.0,1,0.3333333333333333,0.33333333333333337,0.33333333333333337,0.33333333333333337
9a46c4e5,GD Phillips,2021,ipl_by_season,False,3,2,1,26.0,33,13.0,8.666666666666666,8.0,0,0.0,0.33333333333333337,0.33333333333333337,0.33333333333333337
9a46c4e5,GD Phillips,2023,ipl_by_season,True,5,5,0,39.0,22,7.8,7.8,5.0,1,0.2,0.20000000000000004,0.0,0.0
9a46c4e5,GD Phillips,2026,ipl_by_season,True,5,4,1,67.0,54,16.75,13.4,14.0,0,0.0,0.30000000000000004,0.0,0.0
e5437608,GF Linde,2026,ipl_by_season,False,3,3,0,31.0,21,10.333333333333334,10.333333333333334,8.0,0,0.0,0.0,0.0,0.0
94253925,GH Vihari,2019,ipl_by_season,False,2,2,0,4.0,8,2.0,2.0,2.0,0,0.0,0.0,0.0,0.0
be869ccf,GHS Garton,2021,ipl_by_season,False,2,1,1,2.0,4,2.0,1.0,1.0,1,0.5,0.5,0.5,0.5
b681e71e,GJ Maxwell,2018,ipl_by_season,True,12,12,0,169.0,120,14.083333333333334,14.083333333333334,10.5,0,0.0,0.25,0.08333333333333334,0.0
b681e71e,GJ Maxwell,2020,ipl_by_season,True,11,7,4,108.0,106,15.428571428571429,9.818181818181818,10.0,1,0.09090909090909091,0.3324675324675325,0.3324675324675325,0.0
b681e71e,GJ Maxwell,2021,ipl_by_season,True,14,12,2,513.0,356,42.75,36.642857142857146,39.5,1,0.07142857142857142,0.7142857142857143,0.5714285714285714,0.4285714285714286
b681e71e,GJ Maxwell,2022,ipl_by_season,True,13,11,2,301.0,178,27.363636363636363,23.153846153846153,24.0,1,0.07692307692307693,0.6769230769230768,0.4230769230769231,0.16923076923076924
b681e71e,GJ Maxwell,2023,ipl_by_season,True,14,12,2,400.0,218,33.333333333333336,28.571428571428573,11.5,2,0.14285714285714285,0.5625,0.46875,0.46875
b681e71e,GJ Maxwell,2024,ipl_by_season,True,9,9,0,52.0,43,5.777777777777778,5.777777777777778,1.0,4,0.4444444444444444,0.11111111111111113,0.0,0.0
b681e71e,GJ Maxwell,2025,ipl_by_season,True,6,6,0,48.0,49,8.0,8.0,5.0,1,0.16666666666666666,0.16666666666666669,0.16666666666666669,0.0
9f77963a,Gulbadin Naib,2024,ipl_by_season,False,1,1,0,19.0,15,19.0,19.0,19.0,0,0.0,0.0,0.0,0.0
6eb146d2,Gurkeerat Singh,2019,ipl_by_season,False,3,3,0,98.0,70,32.666666666666664,32.666666666666664,27.0,0,0.0,0.6666666666666667,0.33333333333333337,0.33333333333333337
6eb146d2,Gurkeerat Singh,2020,ipl_by_season,True,5,0,5,71.0,80,,14.2,15.0,0,0.0,1.0,1.0,1.0
235c2bb6,H Klaasen,2018,ipl_by_season,False,4,3,1,57.0,47,19.0,14.25,12.5,1,0.25,0.5,0.5,0.0
235c2bb6,H Klaasen,2019,ipl_by_season,False,2,2,0,9.0,10,4.5,4.5,4.5,0,0.0,0.0,0.0,0.0
235c2bb6,H Klaasen,2023,ipl_by_season,True,11,9,2,448.0,253,49.77777777777778,40.72727272727273,36.0,0,0.0,0.7999999999999999,0.7,0.30000000000000004
235c2bb6,H Klaasen,2024,ipl_by_season,True,15,12,3,479.0,280,39.916666666666664,31.933333333333334,24.0,0,0.0,0.6545454545454545,0.509090909090909,0.36363636363636365
235c2bb6,H Klaasen,2025,ipl_by_season,True,13,11,2,487.0,282,44.27272727272727,37.46153846153846,32.0,0,0.0,0.9230769230769231,0.5874125874125874,0.16783216783216787
235c2bb6,H Klaasen,2026,ipl_by_season,True,15,13,2,624.0,390,48.0,41.6,40.0,0,0.0,0.8,0.7333333333333334,0.44444444444444453
4ae1755b,HC Brook,2023,ipl_by_season,True,11,9,2,190.0,154,21.11111111111111,17.272727272727273,9.0,3,0.2727272727272727,0.18181818181818185,0.18181818181818185,0.18181818181818185
9948e262,HE van der Dussen,2022,ipl_by_season,False,3,2,1,22.0,24,11.0,7.333333333333333,6.0,0,0.0,0.33333333333333337,0.33333333333333337,0.33333333333333337
e412cb64,HF Gurney,2019,ipl_by_season,False,1,0,1,1.0,5,,1.0,1.0,0,0.0,1.0,1.0,1.0
dbe50b21,HH Pandya,2018,ipl_by_season,True,13,9,4,260.0,195,28.88888888888889,20.0,19.0,0,0.0,0.5934065934065934,0.35604395604395606,0.17802197802197803
dbe50b21,HH Pandya,2019,ipl_by_season,True,15,9,6,402.0,210,44.666666666666664,26.8,23.0,1,0.06666666666666667,0.6461538461538462,0.5743589743589743,0.3446153846153846
dbe50b21,HH Pandya,2020,ipl_by_season,True,13,8,5,281.0,157,35.125,21.615384615384617,18.0,1,0.07692307692307693,0.46153846153846156,0.36923076923076925,0.36923076923076925
dbe50b21,HH Pandya,2021,ipl_by_season,True,11,9,2,127.0,112,14.11111111111111,11.545454545454545,10.0,1,0.09090909090909091,0.10389610389610392,0.10389610389610392,0.10389610389610392
dbe50b21,HH Pandya,2022,ipl_by_season,True,15,11,4,487.0,371,44.27272727272727,32.46666666666667,31.0,0,0.0,0.6666666666666667,0.5333333333333334,0.3333333333333335
dbe50b21,HH Pandya,2023,ipl_by_season,True,15,11,4,346.0,253,31.454545454545453,23.066666666666666,21.0,0,0.0,0.5333333333333333,0.3047619047619048,0.3047619047619048
dbe50b21,HH Pandya,2024,ipl_by_season,True,13,12,1,216.0,151,18.0,16.615384615384617,11.0,1,0.07692307692307693,0.38461538461538464,0.2884615384615385,0.0
dbe50b21,HH Pandya,2025,ipl_by_season,True,12,9,3,224.0,137,24.88888888888889,18.666666666666668,18.0,0,0.0,0.5,0.3125,0.15625
dbe50b21,HH Pandya,2026,ipl_by_season,True,10,9,1,206.0,149,22.88888888888889,20.6,18.0,0,0.0,0.5,0.375,0.0
0c9652b0,HR Shokeen,2022,ipl_by_season,False,2,2,0,43.0,48,21.5,21.5,21.5,0,0.0,0.5,0.0,0.0
0c9652b0,HR Shokeen,2023,ipl_by_season,False,3,1,2,23.0,17,23.0,7.666666666666667,5.0,0,0.0,0.5,0.5,0.5
f986ca1a,HV Patel,2018,ipl_by_season,False,2,1,1,60.0,33,60.0,30.0,30.0,0,0.0,1.0,0.5,0.5
f986ca1a,HV Patel,2019,ipl_by_season,False,1,1,0,0.0,2,0.0,0.0,0.0,1,1.0,0.0,0.0,0.0
f986ca1a,HV Patel,2020,ipl_by_season,False,2,2,0,21.0,24,10.5,10.5,10.5,0,0.0,0.0,0.0,0.0
f986ca1a,HV Patel,2021,ipl_by_season,True,7,4,3,59.0,46,14.75,8.428571428571429,4.0,1,0.14285714285714285,0.3428571428571429,0.3428571428571429,0.0
f986ca1a,HV Patel,2022,ipl_by_season,True,8,5,3,43.0,39,8.6,5.375,6.0,1,0.125,0.0,0.0,0.0
f986ca1a,HV Patel,2023,ipl_by_season,False,2,2,0,6.0,6,3.0,3.0,3.0,1,0.5,0.0,0.0,0.0
f986ca1a,HV Patel,2024,ipl_by_season,False,4,3,1,13.0,19,4.333333333333333,3.25,0.5,2,0.5,0.0,0.0,0.0
f986ca1a,HV Patel,2025,ipl_by_season,False,4,2,2,21.0,26,10.5,5.25,4.0,0,0.0,0.33333333333333337,0.33333333333333337,0.33333333333333337
f986ca1a,HV Patel,2026,ipl_by_season,False,3,3,0,10.0,9,3.3333333333333335,3.3333333333333335,4.0,1,0.3333333333333333,0.0,0.0,0.0
8b5b6769,Harbhajan Singh,2018,ipl_by_season,False,3,3,0,29.0,36,9.666666666666666,9.666666666666666,8.0,0,0.0,0.0,0.0,0.0
8b5b6769,Harbhajan Singh,2019,ipl_by_season,False,1,1,0,1.0,3,1.0,1.0,1.0,0,0.0,0.0,0.0,0.0
8b5b6769,Harbhajan Singh,2021,ipl_by_season,False,2,0,2,4.0,4,,2.0,2.0,0,0.0,1.0,1.0,1.0
c05edf8e,Harpreet Brar,2019,ipl_by_season,False,1,0,1,20.0,12,,20.0,20.0,0,0.0,1.0,1.0,1.0
c05edf8e,Harpreet Brar,2021,ipl_by_season,True,5,0,5,64.0,58,,12.8,14.0,0,0.0,1.0,1.0,1.0
c05edf8e,Harpreet Brar,2022,ipl_by_season,False,3,3,0,22.0,25,7.333333333333333,7.333333333333333,7.0,0,0.0,0.0,0.0,0.0
c05edf8e,Harpreet Brar,2023,ipl_by_season,True,8,6,2,52.0,41,8.666666666666666,6.5,5.5,1,0.125,0.1875,0.1875,0.1875
c05edf8e,Harpreet Brar,2024,ipl_by_season,True,7,2,5,75.0,54,37.5,10.714285714285714,3.0,0,0.0,1.0,0.0,0.0
c05edf8e,Harpreet Brar,2025,ipl_by_season,False,2,1,1,11.0,13,11.0,5.5,5.5,0,0.0,0.5,0.5,0.5
c05edf8e,Harpreet Brar,2026,ipl_by_season,False,1,0,1,5.0,3,,5.0,5.0,0,0.0,1.0,1.0,1.0
28c78fb3,Harpreet Singh,2023,ipl_by_season,False,3,3,0,76.0,59,25.333333333333332,25.333333333333332,22.0,0,0.0,0.6666666666666667,0.33333333333333337,0.0
28c78fb3,Harpreet Singh,2024,ipl_by_season,False,2,2,0,27.0,34,13.5,13.5,13.5,0,0.0,0.0,0.0,0.0
25228673,Harsh Dubey,2026,ipl_by_season,False,4,2,2,13.0,9,6.5,3.25,2.0,1,0.25,0.375,0.375,0.375
77b1aa15,Harshit Rana,2022,ipl_by_season,False,2,1,1,2.0,2,2.0,1.0,1.0,0,0.0,0.0,0.0,0.0
77b1aa15,Harshit Rana,2023,ipl_by_season,False,1,1,0,0.0,1,0.0,0.0,0.0,1,1.0,0.0,0.0,0.0
77b1aa15,Harshit Rana,2025,ipl_by_season,True,7,4,3,57.0,53,14.25,8.142857142857142,4.0,0,0.0,0.4000000000000001,0.4000000000000001,0.0
ebcfef83,Himmat Singh,2026,ipl_by_season,True,5,3,2,92.0,69,30.666666666666668,18.4,17.0,0,0.0,0.25,0.25,0.25
5bb1a1c4,I Sharma,2019,ipl_by_season,False,1,0,1,10.0,3,,10.0,10.0,0,0.0,1.0,1.0,1.0
5bb1a1c4,I Sharma,2023,ipl_by_season,False,1,0,1,1.0,1,,1.0,1.0,0,0.0,1.0,1.0,1.0
5bb1a1c4,I Sharma,2024,ipl_by_season,False,2,0,2,1.0,7,,0.5,0.5,0,0.0,1.0,1.0,1.0
ac5ae4af,I Udana,2020,ipl_by_season,False,4,3,1,15.0,11,5.0,3.75,2.5,1,0.25,0.25,0.25,0.25
641ac5ff,IS Sodhi,2018,ipl_by_season,False,1,1,0,1.0,6,1.0,1.0,1.0,0,0.0,0.0,0.0,0.0
641ac5ff,IS Sodhi,2019,ipl_by_season,False,1,1,0,6.0,11,6.0,6.0,6.0,0,0.0,0.0,0.0,0.0
acee4cc4,Imran Tahir,2018,ipl_by_season,False,1,0,1,2.0,2,,2.0,2.0,0,0.0,1.0,1.0,1.0
acee4cc4,Imran Tahir,2020,ipl_by_season,False,1,0,1,13.0,10,,13.0,13.0,0,0.0,1.0,1.0,1.0
752f7486,Ishan Kishan,2018,ipl_by_season,True,12,12,0,275.0,184,22.916666666666668,22.916666666666668,16.0,3,0.25,0.5,0.33333333333333337,0.16666666666666669
752f7486,Ishan Kishan,2019,ipl_by_season,True,6,6,0,101.0,100,16.833333333333332,16.833333333333332,19.0,0,0.0,0.5,0.0,0.0
752f7486,Ishan Kishan,2020,ipl_by_season,True,13,9,4,516.0,354,57.333333333333336,39.69230769230769,33.0,1,0.07692307692307693,0.8461538461538461,0.6153846153846154,0.3692307692307693
752f7486,Ishan Kishan,2021,ipl_by_season,True,10,9,1,241.0,180,26.77777777777778,24.1,13.0,0,0.0,0.4,0.20000000000000004,0.20000000000000004
752f7486,Ishan Kishan,2022,ipl_by_season,True,14,13,1,418.0,348,32.15384615384615,29.857142857142858,26.0,1,0.07142857142857142,0.5714285714285714,0.42857142857142855,0.2142857142857143
752f7486,Ishan Kishan,2023,ipl_by_season,True,15,15,0,454.0,318,30.266666666666666,30.266666666666666,31.0,0,0.0,0.6000000000000001,0.5333333333333334,0.20000000000000007
752f7486,Ishan Kishan,2024,ipl_by_season,True,14,14,0,320.0,215,22.857142857142858,22.857142857142858,18.0,2,0.14285714285714285,0.5,0.3571428571428572,0.07142857142857144
752f7486,Ishan Kishan,2025,ipl_by_season,True,13,10,3,354.0,232,35.4,27.23076923076923,13.0,1,0.07692307692307693,0.4395604395604396,0.35164835164835173,0.1758241758241759
752f7486,Ishan Kishan,2026,ipl_by_season,True,15,15,0,602.0,330,40.13333333333333,40.13333333333333,33.0,2,0.13333333333333333,0.6666666666666667,0.5333333333333334,0.40000000000000013
9b6e1b3f,J Fraser-McGurk,2024,ipl_by_season,True,9,9,0,330.0,141,36.666666666666664,36.666666666666664,23.0,1,0.1111111111111111,0.7777777777777777,0.4444444444444445,0.4444444444444445
9b6e1b3f,J Fraser-McGurk,2025,ipl_by_season,True,6,6,0,55.0,52,9.166666666666666,9.166666666666666,4.0,2,0.3333333333333333,0.16666666666666669,0.16666666666666669,0.0
59559bc2,J Overton,2025,ipl_by_season,False,2,0,2,15.0,7,,7.5,7.5,0,0.0,1.0,1.0,1.0
59559bc2,J Overton,2026,ipl_by_season,True,6,5,1,136.0,86,27.2,22.666666666666668,17.0,0,0.0,0.4000000000000001,0.4000000000000001,0.0
4125d931,J Suchith,2019,ipl_by_season,False,1,1,0,6.0,15,6.0,6.0,6.0,0,0.0,0.0,0.0,0.0
4125d931,J Suchith,2021,ipl_by_season,False,1,0,1,14.0,6,,14.0,14.0,0,0.0,1.0,1.0,1.0
4125d931,J Suchith,2022,ipl_by_season,False,2,2,0,2.0,8,1.0,1.0,1.0,1,0.5,0.0,0.0,0.0
81049310,J Yadav,2021,ipl_by_season,False,2,2,0,34.0,26,17.0,17.0,17.0,0,0.0,0.5,0.0,0.0
1ee08e9a,JA Richardson,2021,ipl_by_season,False,2,2,0,15.0,24,7.5,7.5,7.5,1,0.5,0.0,0.0,0.0
1ee08e9a,JA Richardson,2024,ipl_by_season,False,1,1,0,2.0,2,2.0,2.0,2.0,0,0.0,0.0,0.0,0.0
5574750c,JC Archer,2018,ipl_by_season,True,6,5,1,15.0,21,3.0,2.5,0.5,3,0.5,0.0,0.0,0.0
5574750c,JC Archer,2019,ipl_by_season,True,5,2,3,67.0,40,33.5,13.4,13.0,0,0.0,0.6000000000000001,0.6000000000000001,0.6000000000000001
5574750c,JC Archer,2020,ipl_by_season,True,10,6,4,113.0,63,18.833333333333332,11.3,9.5,0,0.0,0.5000000000000001,0.25000000000000006,0.25000000000000006
5574750c,JC Archer,2023,ipl_by_season,False,2,0,2,4.0,4,,2.0,2.0,0,0.0,1.0,1.0,1.0
5574750c,JC Archer,2025,ipl_by_season,True,7,6,1,63.0,50,10.5,9.0,4.0,2,0.2857142857142857,0.17857142857142858,0.17857142857142858,0.0
5574750c,JC Archer,2026,ipl_by_season,True,10,6,4,64.0,47,10.666666666666666,6.4,3.0,0,0.0,0.17500000000000002,0.17500000000000002,0.0
99b75528,JC Buttler,2018,ipl_by_season,True,13,10,3,548.0,353,54.8,42.15384615384615,29.0,0,0.0,0.7692307692307692,0.5274725274725275,0.4395604395604396
99b75528,JC Buttler,2019,ipl_by_season,True,8,8,0,311.0,205,38.875,38.875,30.0,0,0.0,0.75,0.5,0.375
99b75528,JC Buttler,2020,ipl_by_season,True,12,10,2,328.0,227,32.8,27.333333333333332,22.0,0,0.0,0.6666666666666666,0.3125,0.20833333333333337
99b75528,JC Buttler,2021,ipl_by_season,True,7,7,0,254.0,166,36.285714285714285,36.285714285714285,25.0,0,0.0,0.5714285714285715,0.4285714285714286,0.14285714285714288
99b75528,JC Buttler,2022,ipl_by_season,True,17,15,2,863.0,579,57.53333333333333,50.76470588235294,39.0,0,0.0,0.7058823529411765,0.6470588235294118,0.47058823529411764
99b75528,JC Buttler,2023,ipl_by_season,True,14,14,0,392.0,282,28.0,28.0,18.5,5,0.35714285714285715,0.4285714285714285,0.3571428571428571,0.2857142857142857
99b75528,JC Buttler,2024,ipl_by_season,True,11,9,2,359.0,255,39.888888888888886,32.63636363636363,19.0,1,0.09090909090909091,0.45454545454545464,0.36363636363636376,0.1818181818181819
99b75528,JC Buttler,2025,ipl_by_season,True,13,9,4,538.0,330,59.77777777777778,41.38461538461539,39.0,1,0.07692307692307693,0.7692307692307692,0.7692307692307692,0.46153846153846156
99b75528,JC Buttler,2026,ipl_by_season,True,17,14,3,526.0,345,37.57142857142857,30.941176470588236,26.0,0,0.0,0.7563025210084033,0.4411764705882353,0.3151260504201681
1e66c162,JD Unadkat,2018,ipl_by_season,True,5,4,1,49.0,38,12.25,9.8,6.0,1,0.2,0.30000000000000004,0.0,0.0
1e66c162,JD Unadkat,2019,ipl_by_season,False,2,1,1,1.0,3,1.0,0.5,0.5,0,0.0,0.0,0.0,0.0
1e66c162,JD Unadkat,2020,ipl_by_season,False,1,1,0,9.0,13,9.0,9.0,9.0,0,0.0,0.0,0.0,0.0
1e66c162,JD Unadkat,2021,ipl_by_season,False,3,2,1,41.0,29,20.5,13.666666666666666,11.0,0,0.0,0.6666666666666667,0.0,0.0
1e66c162,JD Unadkat,2022,ipl_by_season,True,5,3,2,59.0,37,19.666666666666668,11.8,13.0,0,0.0,0.30000000000000004,0.30000000000000004,0.30000000000000004
1e66c162,JD Unadkat,2023,ipl_by_season,False,1,1,0,9.0,7,9.0,9.0,9.0,0,0.0,0.0,0.0,0.0
1e66c162,JD Unadkat,2024,ipl_by_season,True,5,3,2,24.0,26,8.0,4.8,5.0,0,0.0,0.4000000000000001,0.4000000000000001,0.4000000000000001
1e66c162,JD Unadkat,2026,ipl_by_season,False,1,0,1,4.0,3,,4.0,4.0,0,0.0,1.0,1.0,1.0
9219eff0,JDS Neesham,2020,ipl_by_season,False,3,2,1,19.0,18,9.5,6.333333333333333,7.0,0,0.0,0.33333333333333337,0.33333333333333337,0.33333333333333337
9219eff0,JDS Neesham,2021,ipl_by_season,False,2,2,0,0.0,2,0.0,0.0,0.0,2,1.0,0.0,0.0,0.0
9219eff0,JDS Neesham,2022,ipl_by_season,False,2,2,0,31.0,27,15.5,15.5,15.5,0,0.0,0.0,0.0,0.0
a343262c,JE Root,2023,ipl_by_season,False,1,1,0,10.0,15,10.0,10.0,10.0,0,0.0,0.0,0.0,0.0
3c55c703,JG Bethell,2025,ipl_by_season,False,2,2,0,67.0,39,33.5,33.5,33.5,0,0.0,0.5,0.5,0.5
3c55c703,JG Bethell,2026,ipl_by_season,True,7,7,0,96.0,77,13.714285714285714,13.714285714285714,14.0,0,0.0,0.28571428571428575,0.0,0.0
462411b3,JJ Bumrah,2018,ipl_by_season,False,3,1,2,10.0,11,10.0,3.3333333333333335,4.0,1,0.3333333333333333,0.6666666666666667,0.6666666666666667,0.6666666666666667
462411b3,JJ Bumrah,2019,ipl_by_season,False,1,0,1,0.0,1,,0.0,0.0,0,0.0,1.0,1.0,1.0
462411b3,JJ Bumrah,2020,ipl_by_season,False,1,0,1,5.0,3,,5.0,5.0,0,0.0,1.0,1.0,1.0
462411b3,JJ Bumrah,2021,ipl_by_season,True,7,2,5,16.0,17,8.0,2.2857142857142856,1.0,1,0.14285714285714285,0.4285714285714286,0.4285714285714286,0.4285714285714286
462411b3,JJ Bumrah,2022,ipl_by_season,True,5,2,3,0.0,8,0.0,0.0,0.0,2,0.4,0.6,0.6,0.6
462411b3,JJ Bumrah,2024,ipl_by_season,False,4,0,4,12.0,12,,3.0,1.5,0,0.0,1.0,1.0,1.0
462411b3,JJ Bumrah,2025,ipl_by_season,False,1,0,1,0.0,1,,0.0,0.0,0,0.0,1.0,1.0,1.0
462411b3,JJ Bumrah,2026,ipl_by_season,False,2,1,1,7.0,7,7.0,3.5,3.5,0,0.0,0.5,0.5,0.5
d1c36f5c,JJ Roy,2018,ipl_by_season,True,5,4,1,120.0,94,30.0,24.0,11.0,0,0.0,0.20000000000000004,0.20000000000000004,0.20000000000000004
d1c36f5c,JJ Roy,2021,ipl_by_season,True,5,5,0,150.0,121,30.0,30.0,34.0,0,0.0,0.6000000000000001,0.6000000000000001,0.20000000000000004
d1c36f5c,JJ Roy,2023,ipl_by_season,True,8,8,0,285.0,188,35.625,35.625,40.5,0,0.0,0.75,0.625,0.25
bdadf7da,JL Denly,2019,ipl_by_season,False,1,1,0,0.0,1,0.0,0.0,0.0,1,1.0,0.0,0.0,0.0
f752db61,JL Pattinson,2020,ipl_by_season,False,2,1,1,15.0,13,15.0,7.5,7.5,0,0.0,0.0,0.0,0.0
abb83e27,JM Bairstow,2019,ipl_by_season,True,10,8,2,445.0,283,55.625,44.5,43.0,1,0.1,0.7,0.7,0.30000000000000004
abb83e27,JM Bairstow,2020,ipl_by_season,True,11,11,0,345.0,272,31.363636363636363,31.363636363636363,23.0,1,0.09090909090909091,0.5454545454545454,0.36363636363636365,0.2727272727272727
abb83e27,JM Bairstow,2021,ipl_by_season,True,7,6,1,248.0,175,41.333333333333336,35.42857142857143,38.0,0,0.0,0.7142857142857144,0.7142857142857144,0.28571428571428575
abb83e27,JM Bairstow,2022,ipl_by_season,True,11,11,0,253.0,175,23.0,23.0,12.0,0,0.0,0.4545454545454545,0.2727272727272727,0.18181818181818182
abb83e27,JM Bairstow,2024,ipl_by_season,True,11,10,1,298.0,195,29.8,27.09090909090909,15.0,1,0.09090909090909091,0.45454545454545453,0.2727272727272727,0.09090909090909091
abb83e27,JM Bairstow,2025,ipl_by_season,False,2,2,0,85.0,46,42.5,42.5,42.5,0,0.0,1.0,1.0,0.0
800d2d97,JM Sharma,2022,ipl_by_season,True,10,8,2,234.0,143,29.25,23.4,24.5,0,0.0,0.6,0.4,0.0
800d2d97,JM Sharma,2023,ipl_by_season,True,14,13,1,309.0,198,23.76923076923077,22.071428571428573,22.5,1,0.07142857142857142,0.7142857142857143,0.2142857142857143,0.07142857142857144
800d2d97,JM Sharma,2024,ipl_by_season,True,12,11,1,187.0,142,17.0,15.583333333333334,14.5,1,0.08333333333333333,0.3333333333333335,0.08333333333333338,0.08333333333333338
800d2d97,JM Sharma,2025,ipl_by_season,True,11,7,4,261.0,148,37.285714285714285,23.727272727272727,20.0,0,0.0,0.6233766233766234,0.374025974025974,0.24935064935064935
800d2d97,JM Sharma,2026,ipl_by_season,True,12,9,3,116.0,95,12.88888888888889,9.666666666666666,10.0,1,0.08333333333333333,0.17857142857142855,0.0,0.0
0f721006,JO Holder,2020,ipl_by_season,False,4,2,2,66.0,53,33.0,16.5,17.5,0,0.0,0.5,0.5,0.5
0f721006,JO Holder,2021,ipl_by_season,True,7,6,1,85.0,72,14.166666666666666,12.142857142857142,5.0,0,0.0,0.14285714285714288,0.14285714285714288,0.14285714285714288
0f721006,JO Holder,2022,ipl_by_season,True,8,6,2,58.0,44,9.666666666666666,7.25,8.0,0,0.0,0.0,0.0,0.0
0f721006,JO Holder,2023,ipl_by_season,False,3,2,1,12.0,11,6.0,4.0,1.0,1,0.3333333333333333,0.0,0.0,0.0
0f721006,JO Holder,2026,ipl_by_season,True,7,5,2,65.0,52,13.0,9.285714285714286,7.0,1,0.14285714285714285,0.21428571428571433,0.21428571428571433,0.21428571428571433
4933f499,JP Behrendorff,2023,ipl_by_season,False,2,0,2,6.0,9,,3.0,3.0,0,0.0,1.0,1.0,1.0
2e8994e7,JP Duminy,2018,ipl_by_season,False,2,1,1,36.0,40,36.0,18.0,18.0,0,0.0,1.0,0.0,0.0
989889ff,JP Inglis,2025,ipl_by_season,True,11,9,2,278.0,171,30.88888888888889,25.272727272727273,29.0,0,0.0,0.7012987012987013,0.5844155844155845,0.11688311688311692
989889ff,JP Inglis,2026,ipl_by_season,True,5,5,0,266.0,143,53.2,53.2,60.0,0,0.0,0.8,0.8,0.6000000000000001
99ed60f8,JPR Scantlebury-Searles,2018,ipl_by_season,False,2,1,1,8.0,6,8.0,4.0,4.0,0,0.0,0.5,0.5,0.5
03806cf8,JR Hazlewood,2022,ipl_by_season,True,5,0,5,18.0,26,,3.6,3.0,0,0.0,1.0,1.0,1.0
03806cf8,JR Hazlewood,2023,ipl_by_season,False,1,0,1,1.0,2,,1.0,1.0,0,0.0,1.0,1.0,1.0
03806cf8,JR Hazlewood,2025,ipl_by_season,False,1,0,1,0.0,1,,0.0,0.0,0,0.0,1.0,1.0,1.0
03806cf8,JR Hazlewood,2026,ipl_by_season,False,1,1,0,0.0,1,0.0,0.0,0.0,1,1.0,0.0,0.0,0.0
39086549,JR Philippe,2020,ipl_by_season,True,5,4,1,78.0,77,19.5,15.6,12.0,1,0.2,0.5333333333333334,0.5333333333333334,0.0
90de905a,K Gowtham,2018,ipl_by_season,True,13,9,4,126.0,64,14.0,9.692307692307692,8.0,1,0.07692307692307693,0.2030769230769231,0.2030769230769231,0.2030769230769231
90de905a,K Gowtham,2019,ipl_by_season,False,4,3,1,18.0,19,6.0,4.5,4.5,0,0.0,0.0,0.0,0.0
90de905a,K Gowtham,2020,ipl_by_season,False,2,1,1,42.0,27,42.0,21.0,21.0,0,0.0,1.0,0.5,0.5
90de905a,K Gowtham,2022,ipl_by_season,False,1,1,0,0.0,1,0.0,0.0,0.0,1,1.0,0.0,0.0,0.0
90de905a,K Gowtham,2023,ipl_by_season,True,7,4,3,61.0,37,15.25,8.714285714285714,6.0,0,0.0,0.5714285714285715,0.0,0.0
f6d8a7ab,K Kartikeya,2022,ipl_by_season,False,1,1,0,3.0,5,3.0,3.0,3.0,0,0.0,0.0,0.0,0.0
f6d8a7ab,K Kartikeya,2023,ipl_by_season,False,1,1,0,6.0,7,6.0,6.0,6.0,0,0.0,0.0,0.0,0.0
f6d8a7ab,K Kartikeya,2025,ipl_by_season,False,2,2,0,3.0,5,1.5,1.5,1.5,0,0.0,0.0,0.0,0.0
e62dd25d,K Rabada,2019,ipl_by_season,False,4,3,1,14.0,15,4.666666666666667,3.5,2.5,1,0.25,0.0,0.0,0.0
e62dd25d,K Rabada,2020,ipl_by_season,True,7,4,3,56.0,49,14.0,8.0,9.0,1,0.14285714285714285,0.3428571428571429,0.3428571428571429,0.3428571428571429
e62dd25d,K Rabada,2021,ipl_by_season,False,3,0,3,13.0,6,,4.333333333333333,4.0,0,0.0,1.0,1.0,1.0
e62dd25d,K Rabada,2022,ipl_by_season,True,7,5,2,48.0,43,9.6,6.857142857142857,2.0,0,0.0,0.33333333333333337,0.0,0.0
e62dd25d,K Rabada,2023,ipl_by_season,False,2,1,1,0.0,2,0.0,0.0,0.0,1,0.5,0.5,0.5,0.5
e62dd25d,K Rabada,2024,ipl_by_season,False,3,1,2,20.0,14,20.0,6.666666666666667,8.0,0,0.0,0.5,0.5,0.5
e62dd25d,K Rabada,2025,ipl_by_season,False,2,1,1,9.0,8,9.0,4.5,4.5,0,0.0,0.5,0.5,0.5
e62dd25d,K Rabada,2026,ipl_by_season,False,4,2,2,47.0,38,23.5,11.75,10.5,0,0.0,0.33333333333333337,0.33333333333333337,0.33333333333333337
030f3089,K Yadav,2021,ipl_by_season,False,1,0,1,0.0,4,,0.0,0.0,0,0.0,1.0,1.0,1.0
68c56d09,KA Jamieson,2021,ipl_by_season,True,7,4,3,65.0,55,16.25,9.285714285714286,11.0,0,0.0,0.22222222222222227,0.22222222222222227,0.22222222222222227
68c56d09,KA Jamieson,2025,ipl_by_season,False,2,0,2,0.0,5,,0.0,0.0,0,0.0,1.0,1.0,1.0
68c56d09,KA Jamieson,2026,ipl_by_season,False,1,1,0,12.0,13,12.0,12.0,12.0,0,0.0,0.0,0.0,0.0
0b60eb09,KA Maharaj,2024,ipl_by_season,False,1,1,0,1.0,2,1.0,1.0,1.0,0,0.0,0.0,0.0,0.0
a757b0d8,KA Pollard,2018,ipl_by_season,True,8,7,1,133.0,100,19.0,16.625,11.0,1,0.125,0.375,0.1875,0.1875
a757b0d8,KA Pollard,2019,ipl_by_season,True,12,8,4,279.0,178,34.875,23.25,15.0,0,0.0,0.5833333333333334,0.35000000000000003,0.35000000000000003
a757b0d8,KA Pollard,2020,ipl_by_season,True,12,5,7,268.0,140,53.6,22.333333333333332,15.5,1,0.08333333333333333,0.611111111111111,0.611111111111111,0.4074074074074074
a757b0d8,KA Pollard,2021,ipl_by_season,True,13,8,5,245.0,165,30.625,18.846153846153847,15.0,0,0.0,0.4615384615384616,0.30769230769230776,0.30769230769230776
a757b0d8,KA Pollard,2022,ipl_by_season,True,11,10,1,144.0,134,14.4,13.090909090909092,14.0,1,0.09090909090909091,0.2727272727272727,0.0,0.0
edb3d4f8,KC Cariappa,2019,ipl_by_season,False,1,0,1,9.0,3,,9.0,9.0,0,0.0,1.0,1.0,1.0
c03f1114,KD Karthik,2018,ipl_by_season,True,16,10,6,498.0,337,49.8,31.125,32.0,0,0.0,0.75,0.5555555555555556,0.4166666666666667
c03f1114,KD Karthik,2019,ipl_by_season,True,12,8,4,253.0,173,31.625,21.083333333333332,16.5,0,0.0,0.3181818181818182,0.3181818181818182,0.3181818181818182
c03f1114,KD Karthik,2020,ipl_by_season,True,14,12,2,169.0,134,14.083333333333334,12.071428571428571,4.0,3,0.21428571428571427,0.2857142857142857,0.2857142857142857,0.14285714285714285
c03f1114,KD Karthik,2021,ipl_by_season,True,15,10,5,223.0,170,22.3,14.866666666666667,12.0,1,0.06666666666666667,0.49523809523809526,0.1650793650793651,0.0
c03f1114,KD Karthik,2022,ipl_by_season,True,16,6,10,330.0,180,55.0,20.625,13.5,1,0.0625,0.6663461538461539,0.6663461538461539,0.49975961538461544
c03f1114,KD Karthik,2023,ipl_by_season,True,13,12,1,140.0,104,11.666666666666666,10.76923076923077,9.0,4,0.3076923076923077,0.25961538461538464,0.08653846153846155,0.0
c03f1114,KD Karthik,2024,ipl_by_season,True,13,9,4,326.0,174,36.22222222222222,25.076923076923077,20.0,1,0.07692307692307693,0.5384615384615384,0.36923076923076925,0.36923076923076925
5b8c830e,KH Pandya,2018,ipl_by_season,True,13,10,3,228.0,157,22.8,17.53846153846154,15.0,0,0.0,0.4273504273504273,0.2564102564102564,0.1282051282051282
5b8c830e,KH Pandya,2019,ipl_by_season,True,14,11,3,183.0,150,16.636363636363637,13.071428571428571,8.0,1,0.07142857142857142,0.37037037037037046,0.27777777777777785,0.0
5b8c830e,KH Pandya,2020,ipl_by_season,True,11,6,5,109.0,92,18.166666666666668,9.909090909090908,10.0,1,0.09090909090909091,0.35353535353535354,0.35353535353535354,0.0
5b8c830e,KH Pandya,2021,ipl_by_season,True,12,10,2,143.0,123,14.3,11.916666666666666,8.0,0,0.0,0.2469135802469136,0.2469135802469136,0.0
5b8c830e,KH Pandya,2022,ipl_by_season,True,13,9,4,183.0,145,20.333333333333332,14.076923076923077,9.0,1,0.07692307692307693,0.5923076923076922,0.14807692307692308,0.0
5b8c830e,KH Pandya,2023,ipl_by_season,True,14,10,4,188.0,165,18.8,13.428571428571429,9.0,3,0.21428571428571427,0.32738095238095233,0.21825396825396826,0.10912698412698413
5b8c830e,KH Pandya,2024,ipl_by_season,True,11,4,7,133.0,105,33.25,12.090909090909092,7.0,0,0.0,0.507936507936508,0.253968253968254,0.253968253968254
5b8c830e,KH Pandya,2025,ipl_by_season,True,7,6,1,109.0,86,18.166666666666668,15.571428571428571,5.0,1,0.14285714285714285,0.14285714285714288,0.14285714285714288,0.14285714285714288
5b8c830e,KH Pandya,2026,ipl_by_season,True,9,6,3,226.0,155,37.666666666666664,25.11111111111111,23.0,0,0.0,0.5555555555555557,0.5555555555555557,0.27777777777777785
a2f46292,KK Ahmed,2019,ipl_by_season,False,1,1,0,0.0,1,0.0,0.0,0.0,1,1.0,0.0,0.0,0.0
a2f46292,KK Ahmed,2020,ipl_by_season,False,1,1,0,0.0,2,0.0,0.0,0.0,1,1.0,0.0,0.0,0.0
a2f46292,KK Ahmed,2021,ipl_by_season,False,1,1,0,1.0,2,1.0,1.0,1.0,0,0.0,0.0,0.0,0.0
a2f46292,KK Ahmed,2022,ipl_by_season,False,2,2,0,0.0,2,0.0,0.0,0.0,2,1.0,0.0,0.0,0.0
a2f46292,KK Ahmed,2025,ipl_by_season,False,1,0,1,1.0,2,,1.0,1.0,0,0.0,1.0,1.0,1.0
944533a5,KK Nair,2018,ipl_by_season,True,12,12,0,301.0,221,25.083333333333332,25.083333333333332,29.0,0,0.0,0.6666666666666665,0.41666666666666663,0.16666666666666666
944533a5,KK Nair,2019,ipl_by_season,False,1,1,0,5.0,6,5.0,5.0,5.0,0,0.0,0.0,0.0,0.0
944533a5,KK Nair,2020,ipl_by_season,False,3,2,1,16.0,14,8.0,5.333333333333333,1.0,1,0.3333333333333333,0.33333333333333337,0.33333333333333337,0.33333333333333337
944533a5,KK Nair,2022,ipl_by_season,False,2,2,0,16.0,18,8.0,8.0,8.0,0,0.0,0.0,0.0,0.0
944533a5,KK Nair,2025,ipl_by_season,True,8,8,0,198.0,115,24.75,24.75,15.0,2,0.25,0.375,0.375,0.125
944533a5,KK Nair,2026,ipl_by_season,False,2,2,0,18.0,18,9.0,9.0,9.0,0,0.0,0.0,0.0,0.0
b4f5c2d9,KL Nagarkoti,2020,ipl_by_season,True,6,3,3,22.0,31,7.333333333333333,3.6666666666666665,3.5,1,0.16666666666666666,0.27777777777777785,0.27777777777777785,0.27777777777777785
b4f5c2d9,KL Nagarkoti,2021,ipl_by_season,False,1,1,0,0.0,2,0.0,0.0,0.0,1,1.0,0.0,0.0,0.0
b17e2f24,KL Rahul,2018,ipl_by_season,True,14,12,2,659.0,416,54.916666666666664,47.07142857142857,42.0,0,0.0,0.8571428571428572,0.6428571428571429,0.4285714285714286
b17e2f24,KL Rahul,2019,ipl_by_season,True,14,11,3,593.0,438,53.90909090909091,42.357142857142854,47.0,0,0.0,0.5714285714285714,0.5714285714285714,0.5
b17e2f24,KL Rahul,2020,ipl_by_season,True,14,12,2,670.0,518,55.833333333333336,47.857142857142854,37.5,0,0.0,0.7857142857142857,0.5,0.4285714285714286
b17e2f24,KL Rahul,2021,ipl_by_season,True,13,10,3,626.0,451,62.6,48.15384615384615,49.0,0,0.0,0.7692307692307692,0.6153846153846154,0.4615384615384616
b17e2f24,KL Rahul,2022,ipl_by_season,True,15,12,3,616.0,455,51.333333333333336,41.06666666666667,30.0,3,0.2,0.6000000000000001,0.5333333333333334,0.40000000000000013
b17e2f24,KL Rahul,2023,ipl_by_season,True,9,8,1,274.0,242,34.25,30.444444444444443,20.0,0,0.0,0.625,0.5,0.25
b17e2f24,KL Rahul,2024,ipl_by_season,True,14,14,0,520.0,382,37.142857142857146,37.142857142857146,31.0,0,0.0,0.7857142857142857,0.5,0.28571428571428575
b17e2f24,KL Rahul,2025,ipl_by_season,True,13,10,3,539.0,360,53.9,41.46153846153846,35.0,0,0.0,0.6153846153846154,0.5384615384615385,0.30769230769230776
b17e2f24,KL Rahul,2026,ipl_by_season,True,14,13,1,593.0,340,45.61538461538461,42.357142857142854,30.0,1,0.07142857142857142,0.5714285714285714,0.5,0.4285714285714286
798cc28e,KM Asif,2023,ipl_by_season,False,1,1,0,0.0,2,0.0,0.0,0.0,1,1.0,0.0,0.0,0.0
99d63244,KM Jadhav,2018,ipl_by_season,False,1,0,1,24.0,22,,24.0,24.0,0,0.0,1.0,1.0,1.0
99d63244,KM Jadhav,2019,ipl_by_season,True,12,9,3,162.0,169,18.0,13.5,8.5,1,0.08333333333333333,0.48611111111111105,0.16203703703703703,0.16203703703703703
99d63244,KM Jadhav,2020,ipl_by_season,True,5,3,2,62.0,66,20.666666666666668,12.4,7.0,0,0.0,0.8,0.0,0.0
99d63244,KM Jadhav,2021,ipl_by_season,True,5,4,1,55.0,52,13.75,11.0,12.0,0,0.0,0.0,0.0,0.0
99d63244,KM Jadhav,2023,ipl_by_season,False,1,0,1,12.0,10,,12.0,12.0,0,0.0,1.0,1.0,1.0
75224f22,KMA Paul,2019,ipl_by_season,True,6,5,1,18.0,24,3.6,3.0,3.0,2,0.3333333333333333,0.0,0.0,0.0
73c18486,KR Mayers,2023,ipl_by_season,True,13,13,0,379.0,263,29.153846153846153,29.153846153846153,24.0,2,0.15384615384615385,0.5384615384615384,0.38461538461538464,0.3076923076923077
2e78f685,KR Sen,2022,ipl_by_season,False,1,0,1,0.0,3,,0.0,0.0,0,0.0,1.0,1.0,1.0
44a89551,KS Bharat,2021,ipl_by_season,True,6,5,1,191.0,156,38.2,31.833333333333332,24.0,0,0.0,0.5,0.5,0.16666666666666669
44a89551,KS Bharat,2022,ipl_by_season,False,2,2,0,8.0,7,4.0,4.0,4.0,1,0.5,0.0,0.0,0.0
e3851766,KS Rathore,2025,ipl_by_season,False,1,1,0,0.0,5,0.0,0.0,0.0,1,1.0,0.0,0.0,0.0
39ed0d2f,KS Sharma,2022,ipl_by_season,False,1,1,0,4.0,4,4.0,4.0,4.0,0,0.0,0.0,0.0,0.0
39ed0d2f,KS Sharma,2023,ipl_by_season,False,2,2,0,12.0,21,6.0,6.0,6.0,0,0.0,0.0,0.0,0.0
d027ba9f,KS Williamson,2018,ipl_by_season,True,17,14,3,735.0,516,52.5,43.23529411764706,47.0,1,0.058823529411764705,0.8235294117647058,0.7058823529411765,0.5704099821746881
d027ba9f,KS Williamson,2019,ipl_by_season,True,9,7,2,156.0,130,22.285714285714285,17.333333333333332,13.0,0,0.0,0.2666666666666667,0.13333333333333336,0.13333333333333336
d027ba9f,KS Williamson,2020,ipl_by_season,True,11,7,4,317.0,237,45.285714285714285,28.818181818181817,22.0,0,0.0,0.7272727272727272,0.5818181818181818,0.43636363636363634
d027ba9f,KS Williamson,2021,ipl_by_season,True,10,6,4,266.0,235,44.333333333333336,26.6,23.0,0,0.0,0.6857142857142857,0.45714285714285724,0.30476190476190484
d027ba9f,KS Williamson,2022,ipl_by_season,True,13,11,2,216.0,231,19.636363636363637,16.615384615384617,9.0,1,0.07692307692307693,0.3296703296703297,0.3296703296703297,0.10989010989010992
d027ba9f,KS Williamson,2024,ipl_by_season,False,2,2,0,27.0,27,13.5,13.5,13.5,0,0.0,0.5,0.0,0.0
107c26fb,KT Maphaka,2025,ipl_by_season,False,1,0,1,8.0,2,,8.0,8.0,0,0.0,1.0,1.0,1.0
119678fd,KV Sharma,2023,ipl_by_season,False,2,2,0,3.0,5,1.5,1.5,1.5,0,0.0,0.0,0.0,0.0
119678fd,KV Sharma,2024,ipl_by_season,False,3,3,0,31.0,15,10.333333333333334,10.333333333333334,6.0,0,0.0,0.33333333333333337,0.0,0.0
119678fd,KV Sharma,2025,ipl_by_season,False,1,0,1,1.0,1,,1.0,1.0,0,0.0,1.0,1.0,1.0
7b679de5,Kartik Sharma,2026,ipl_by_season,True,11,9,2,295.0,216,32.77777777777778,26.818181818181817,19.0,0,0.0,0.45454545454545453,0.36363636363636365,0.2727272727272727
5d2eea49,Kartik Tyagi,2020,ipl_by_season,False,2,1,1,4.0,6,4.0,2.0,2.0,0,0.0,0.5,0.5,0.5
5d2eea49,Kartik Tyagi,2021,ipl_by_season,False,2,1,1,2.0,4,2.0,1.0,1.0,0,0.0,0.5,0.5,0.5
5d2eea49,Kartik Tyagi,2022,ipl_by_season,False,2,2,0,7.0,6,3.5,3.5,3.5,1,0.5,0.0,0.0,0.0
5d2eea49,Kartik Tyagi,2026,ipl_by_season,False,3,3,0,11.0,10,3.6666666666666665,3.6666666666666665,5.0,1,0.3333333333333333,0.0,0.0,0.0
e48a4814,Krish Bhagat,2026,ipl_by_season,False,2,1,1,10.0,21,10.0,5.0,5.0,0,0.0,0.0,0.0,0.0
8d2c70ad,Kuldeep Yadav,2018,ipl_by_season,False,3,1,2,12.0,24,12.0,4.0,5.0,0,0.0,0.5,0.5,0.5
8d2c70ad,Kuldeep Yadav,2019,ipl_by_season,False,4,2,2,12.0,8,6.0,3.0,1.0,2,0.5,0.5,0.5,0.5
8d2c70ad,Kuldeep Yadav,2020,ipl_by_season,False,2,1,1,13.0,21,13.0,6.5,6.5,0,0.0,0.0,0.0,0.0
8d2c70ad,Kuldeep Yadav,2022,ipl_by_season,True,7,1,6,48.0,52,48.0,6.857142857142857,5.0,0,0.0,0.75,0.75,0.75
8d2c70ad,Kuldeep Yadav,2023,ipl_by_season,True,10,2,8,31.0,48,15.5,3.1,2.0,2,0.2,0.8,0.8,0.8
8d2c70ad,Kuldeep Yadav,2024,ipl_by_season,True,5,3,2,47.0,41,15.666666666666666,9.4,5.0,1,0.2,0.30000000000000004,0.30000000000000004,0.30000000000000004
8d2c70ad,Kuldeep Yadav,2025,ipl_by_season,True,5,3,2,18.0,16,6.0,3.6,4.0,0,0.0,0.0,0.0,0.0
8d2c70ad,Kuldeep Yadav,2026,ipl_by_season,False,4,3,1,9.0,21,3.0,2.25,2.0,0,0.0,0.0,0.0,0.0
57ca01b3,Kumar Kushagra,2024,ipl_by_season,False,3,3,0,3.0,7,1.0,1.0,1.0,1,0.3333333333333333,0.0,0.0,0.0
57ca01b3,Kumar Kushagra,2026,ipl_by_season,False,1,1,0,18.0,14,18.0,18.0,18.0,0,0.0,0.0,0.0,0.0
f834dcfc,L Ngidi,2025,ipl_by_season,False,1,0,1,0.0,2,,0.0,0.0,0,0.0,1.0,1.0,1.0
f834dcfc,L Ngidi,2026,ipl_by_season,False,3,2,1,4.0,7,2.0,1.3333333333333333,1.0,1,0.3333333333333333,0.0,0.0,0.0
65b6943c,L Wood,2024,ipl_by_season,False,1,0,1,9.0,3,,9.0,9.0,0,0.0,1.0,1.0,1.0
a1d95bd8,LB Williams,2024,ipl_by_season,False,1,0,1,1.0,2,,1.0,1.0,0,0.0,1.0,1.0,1.0
9a963804,LE Plunkett,2018,ipl_by_season,False,2,1,1,1.0,3,1.0,0.5,0.5,1,0.5,0.5,0.5,0.5
60aa2db3,LG Pretorius,2026,ipl_by_season,False,2,2,0,7.0,8,3.5,3.5,3.5,1,0.5,0.0,0.0,0.0
2f9d0389,LH Ferguson,2020,ipl_by_season,False,2,0,2,43.0,29,,21.5,21.5,0,0.0,1.0,1.0,1.0
2f9d0389,LH Ferguson,2021,ipl_by_season,False,1,0,1,18.0,11,,18.0,18.0,0,0.0,1.0,1.0,1.0
2f9d0389,LH Ferguson,2022,ipl_by_season,False,2,2,0,5.0,4,2.5,2.5,2.5,1,0.5,0.0,0.0,0.0
2f9d0389,LH Ferguson,2024,ipl_by_season,False,1,1,0,1.0,1,1.0,1.0,1.0,0,0.0,0.0,0.0,0.0
2f9d0389,LH Ferguson,2025,ipl_by_season,False,1,0,1,4.0,1,,4.0,4.0,0,0.0,1.0,1.0,1.0
50c6bc2b,LS Livingstone,2019,ipl_by_season,False,4,3,1,70.0,48,23.333333333333332,17.5,12.5,0,0.0,0.375,0.375,0.0
50c6bc2b,LS Livingstone,2021,ipl_by_season,True,5,5,0,42.0,41,8.4,8.4,6.0,0,0.0,0.20000000000000004,0.0,0.0
50c6bc2b,LS Livingstone,2022,ipl_by_season,True,14,12,2,437.0,240,36.416666666666664,31.214285714285715,20.5,0,0.0,0.5,0.4285714285714286,0.4285714285714286
50c6bc2b,LS Livingstone,2023,ipl_by_season,True,9,8,1,279.0,171,34.875,31.0,15.0,0,0.0,0.4444444444444445,0.33333333333333337,0.22222222222222227
50c6bc2b,LS Livingstone,2024,ipl_by_season,True,7,5,2,111.0,78,22.2,15.857142857142858,17.0,1,0.14285714285714285,0.4285714285714286,0.28571428571428575,0.28571428571428575
50c6bc2b,LS Livingstone,2025,ipl_by_season,True,8,7,1,112.0,84,16.0,14.0,7.0,2,0.25,0.375,0.1875,0.1875
50c6bc2b,LS Livingstone,2026,ipl_by_season,False,2,2,0,15.0,25,7.5,7.5,7.5,0,0.0,0.0,0.0,0.0
ad427b5c,Lalit Yadav,2021,ipl_by_season,True,5,2,3,68.0,73,34.0,13.6,14.0,1,0.2,0.8,0.4,0.4
ad427b5c,Lalit Yadav,2022,ipl_by_season,True,8,7,1,161.0,146,23.0,20.125,23.0,0,0.0,0.625,0.25,0.125
ad427b5c,Lalit Yadav,2023,ipl_by_season,True,6,5,1,66.0,59,13.2,11.0,5.0,0,0.0,0.22222222222222227,0.22222222222222227,0.0
ad427b5c,Lalit Yadav,2024,ipl_by_season,False,2,2,0,10.0,12,5.0,5.0,5.0,0,0.0,0.0,0.0,0.0
0404d43c,Liton Das,2023,ipl_by_season,False,1,1,0,4.0,4,4.0,4.0,4.0,0,0.0,0.0,0.0,0.0
e2db2409,M Ashwin,2018,ipl_by_season,False,1,1,0,1.0,2,1.0,1.0,1.0,0,0.0,0.0,0.0,0.0
e2db2409,M Ashwin,2019,ipl_by_season,False,3,1,2,3.0,5,3.0,1.0,1.0,0,0.0,0.6666666666666667,0.6666666666666667,0.6666666666666667
e2db2409,M Ashwin,2020,ipl_by_season,False,1,1,0,4.0,4,4.0,4.0,4.0,0,0.0,0.0,0.0,0.0
e2db2409,M Ashwin,2021,ipl_by_season,False,2,2,0,15.0,24,7.5,7.5,7.5,0,0.0,0.0,0.0,0.0
e2db2409,M Ashwin,2022,ipl_by_season,False,4,3,1,12.0,14,4.0,3.0,3.0,1,0.25,0.0,0.0,0.0
81c36ee9,M Jansen,2021,ipl_by_season,False,2,2,0,0.0,3,0.0,0.0,0.0,2,1.0,0.0,0.0,0.0
81c36ee9,M Jansen,2022,ipl_by_season,False,2,1,1,9.0,7,9.0,4.5,4.5,0,0.0,0.5,0.5,0.5
81c36ee9,M Jansen,2023,ipl_by_season,True,6,3,3,39.0,43,13.0,6.5,3.0,0,0.0,0.3125,0.3125,0.3125
81c36ee9,M Jansen,2024,ipl_by_season,False,2,1,1,18.0,13,18.0,9.0,9.0,0,0.0,0.0,0.0,0.0
81c36ee9,M Jansen,2025,ipl_by_season,True,8,4,4,75.0,63,18.75,9.375,3.5,1,0.125,0.5,0.5,0.5
81c36ee9,M Jansen,2026,ipl_by_season,True,5,4,1,51.0,45,12.75,10.2,9.0,0,0.0,0.25,0.0,0.0
a9fd84fb,M Markande,2018,ipl_by_season,True,6,2,4,21.0,24,10.5,3.5,3.5,0,0.0,0.6000000000000001,0.6000000000000001,0.6000000000000001
a9fd84fb,M Markande,2019,ipl_by_season,False,1,1,0,6.0,5,6.0,6.0,6.0,0,0.0,0.0,0.0,0.0
a9fd84fb,M Markande,2023,ipl_by_season,False,3,0,3,21.0,13,,7.0,2.0,0,0.0,1.0,1.0,1.0
85e0cf10,M Prasidh Krishna,2018,ipl_by_season,False,1,0,1,1.0,5,,1.0,1.0,0,0.0,1.0,1.0,1.0
85e0cf10,M Prasidh Krishna,2019,ipl_by_season,False,1,1,0,0.0,2,0.0,0.0,0.0,1,1.0,0.0,0.0,0.0
85e0cf10,M Prasidh Krishna,2020,ipl_by_season,False,2,0,2,2.0,4,,1.0,1.0,0,0.0,1.0,1.0,1.0
85e0cf10,M Prasidh Krishna,2021,ipl_by_season,False,1,1,0,0.0,1,0.0,0.0,0.0,1,1.0,0.0,0.0,0.0
85e0cf10,M Prasidh Krishna,2022,ipl_by_season,False,2,1,1,6.0,12,6.0,3.0,3.0,0,0.0,0.5,0.5,0.5
85e0cf10,M Prasidh Krishna,2026,ipl_by_season,False,1,0,1,6.0,7,,6.0,6.0,0,0.0,1.0,1.0,1.0
7dcb9bc9,M Shahrukh Khan,2021,ipl_by_season,True,10,7,3,153.0,114,21.857142857142858,15.3,14.0,1,0.1,0.4285714285714286,0.28571428571428575,0.0
7dcb9bc9,M Shahrukh Khan,2022,ipl_by_season,True,8,7,1,117.0,108,16.714285714285715,14.625,15.0,1,0.125,0.25,0.0,0.0
7dcb9bc9,M Shahrukh Khan,2023,ipl_by_season,True,12,7,5,156.0,94,22.285714285714285,13.0,9.0,0,0.0,0.45833333333333337,0.30555555555555564,0.30555555555555564
7dcb9bc9,M Shahrukh Khan,2024,ipl_by_season,True,7,7,0,127.0,75,18.142857142857142,18.142857142857142,8.0,1,0.14285714285714285,0.2857142857142858,0.2857142857142858,0.1428571428571429
7dcb9bc9,M Shahrukh Khan,2025,ipl_by_season,True,11,6,5,179.0,100,29.833333333333332,16.272727272727273,11.0,0,0.0,0.3857142857142858,0.3857142857142858,0.1928571428571429
7dcb9bc9,M Shahrukh Khan,2026,ipl_by_season,True,5,4,1,43.0,33,10.75,8.6,8.0,0,0.0,0.0,0.0,0.0
f24c6701,M Theekshana,2022,ipl_by_season,False,2,1,1,7.0,7,7.0,3.5,3.5,1,0.5,0.5,0.5,0.5
f24c6701,M Theekshana,2025,ipl_by_season,False,4,2,2,10.0,27,5.0,2.5,2.0,0,0.0,0.0,0.0,0.0
fb5f69e4,M Tiwari,2025,ipl_by_season,False,1,1,0,3.0,4,3.0,3.0,3.0,0,0.0,0.0,0.0,0.0
fb5f69e4,M Tiwari,2026,ipl_by_season,False,1,0,1,18.0,8,,18.0,18.0,0,0.0,1.0,1.0,1.0
4b57e452,M Vijay,2018,ipl_by_season,False,1,1,0,12.0,10,12.0,12.0,12.0,0,0.0,0.0,0.0,0.0
4b57e452,M Vijay,2019,ipl_by_season,False,2,2,0,64.0,61,32.0,32.0,32.0,0,0.0,1.0,0.5,0.0
4b57e452,M Vijay,2020,ipl_by_season,False,3,3,0,32.0,43,10.666666666666666,10.666666666666666,10.0,0,0.0,0.33333333333333337,0.0,0.0
c03e2850,M Vohra,2018,ipl_by_season,False,4,4,0,55.0,47,13.75,13.75,5.0,1,0.25,0.25,0.25,0.0
c03e2850,M Vohra,2021,ipl_by_season,False,4,4,0,42.0,39,10.5,10.5,10.5,0,0.0,0.0,0.0,0.0
c03e2850,M Vohra,2022,ipl_by_season,False,1,1,0,19.0,11,19.0,19.0,19.0,0,0.0,0.0,0.0,0.0
c03e2850,M Vohra,2023,ipl_by_season,False,1,1,0,10.0,11,10.0,10.0,10.0,0,0.0,0.0,0.0,0.0
00ea847a,MA Agarwal,2018,ipl_by_season,True,11,10,1,120.0,94,12.0,10.909090909090908,11.0,1,0.09090909090909091,0.20779220779220783,0.10389610389610392,0.0
00ea847a,MA Agarwal,2019,ipl_by_season,True,13,13,0,332.0,234,25.53846153846154,25.53846153846154,26.0,1,0.07692307692307693,0.6153846153846153,0.38461538461538464,0.15384615384615388
00ea847a,MA Agarwal,2020,ipl_by_season,True,11,11,0,424.0,271,38.54545454545455,38.54545454545455,26.0,0,0.0,0.7272727272727272,0.36363636363636354,0.27272727272727265
00ea847a,MA Agarwal,2021,ipl_by_season,True,12,11,1,441.0,314,40.09090909090909,36.75,28.0,1,0.08333333333333333,0.6666666666666666,0.5,0.33333333333333337
00ea847a,MA Agarwal,2022,ipl_by_season,True,12,12,0,196.0,160,16.333333333333332,16.333333333333332,16.5,1,0.08333333333333333,0.33333333333333337,0.16666666666666669,0.08333333333333334
00ea847a,MA Agarwal,2023,ipl_by_season,True,10,10,0,270.0,210,27.0,27.0,19.5,0,0.0,0.5,0.30000000000000004,0.10000000000000002
00ea847a,MA Agarwal,2024,ipl_by_season,False,4,4,0,64.0,57,16.0,16.0,13.5,0,0.0,0.25,0.25,0.0
00ea847a,MA Agarwal,2025,ipl_by_season,False,4,3,1,95.0,64,31.666666666666668,23.75,21.5,0,0.0,0.5,0.25,0.25
3fb19989,MA Starc,2024,ipl_by_season,True,5,2,3,9.0,11,4.5,1.8,1.0,2,0.4,0.6,0.6,0.6
3fb19989,MA Starc,2025,ipl_by_season,True,5,2,3,6.0,10,3.0,1.2,1.0,1,0.2,0.4,0.4,0.4
3fb19989,MA Starc,2026,ipl_by_season,False,1,1,0,0.0,2,0.0,0.0,0.0,1,1.0,0.0,0.0,0.0
8d92a2c3,MA Wood,2018,ipl_by_season,False,1,1,0,1.0,3,1.0,1.0,1.0,0,0.0,0.0,0.0,0.0
8d92a2c3,MA Wood,2023,ipl_by_season,False,2,1,1,11.0,5,11.0,5.5,5.5,0,0.0,0.5,0.5,0.5
32198ae0,MC Henriques,2021,ipl_by_season,False,4,2,2,31.0,32,15.5,7.75,7.5,0,0.0,0.0,0.0,0.0
1c84109e,MD Choudhary,2026,ipl_by_season,True,10,6,4,170.0,120,28.333333333333332,17.0,13.5,0,0.0,0.41142857142857153,0.41142857142857153,0.20571428571428577
3ff033bb,MD Shanaka,2023,ipl_by_season,False,3,2,1,26.0,26,13.0,8.666666666666666,9.0,1,0.3333333333333333,0.0,0.0,0.0
3ff033bb,MD Shanaka,2026,ipl_by_season,True,5,5,0,63.0,46,12.6,12.6,10.0,0,0.0,0.20000000000000004,0.0,0.0
e38bce7a,MG Bracewell,2023,ipl_by_season,False,4,2,2,58.0,47,29.0,14.5,14.0,0,0.0,0.5,0.0,0.0
f5180fe6,MG Johnson,2018,ipl_by_season,False,2,0,2,16.0,11,,8.0,8.0,0,0.0,1.0,1.0,1.0
2be41edb,MJ Guptill,2019,ipl_by_season,False,3,3,0,81.0,53,27.0,27.0,30.0,0,0.0,0.6666666666666667,0.6666666666666667,0.0
e84ac20c,MJ Henry,2026,ipl_by_season,False,2,2,0,7.0,10,3.5,3.5,3.5,0,0.0,0.0,0.0,0.0
51a3c5ef,MJ McClenaghan,2018,ipl_by_season,False,4,2,2,11.0,10,5.5,2.75,0.0,2,0.5,0.5,0.5,0.5
51a3c5ef,MJ McClenaghan,2019,ipl_by_season,False,4,3,1,11.0,16,3.6666666666666665,2.75,0.5,1,0.25,0.0,0.0,0.0
f2c936d7,MJ Owen,2025,ipl_by_season,False,1,1,0,0.0,2,0.0,0.0,0.0,1,1.0,0.0,0.0,0.0
e4a0deae,MJ Santner,2019,ipl_by_season,False,2,1,1,32.0,23,32.0,16.0,16.0,0,0.0,1.0,0.0,0.0
e4a0deae,MJ Santner,2022,ipl_by_season,False,4,2,2,22.0,27,11.0,5.5,5.0,0,0.0,0.0,0.0,0.0
e4a0deae,MJ Santner,2023,ipl_by_season,False,2,0,2,2.0,4,,1.0,1.0,0,0.0,1.0,1.0,1.0
e4a0deae,MJ Santner,2024,ipl_by_season,False,3,3,0,14.0,17,4.666666666666667,4.666666666666667,3.0,1,0.3333333333333333,0.0,0.0,0.0
e4a0deae,MJ Santner,2025,ipl_by_season,True,8,2,6,40.0,33,20.0,5.0,1.5,0,0.0,0.33333333333333337,0.33333333333333337,0.33333333333333337
e4a0deae,MJ Santner,2026,ipl_by_season,False,2,0,2,26.0,19,,13.0,13.0,0,0.0,1.0,1.0,1.0
025c4400,MJ Suthar,2024,ipl_by_season,False,1,1,0,1.0,2,1.0,1.0,1.0,0,0.0,0.0,0.0,0.0
da934ee8,MK Lomror,2018,ipl_by_season,False,2,1,1,20.0,21,20.0,10.0,10.0,0,0.0,0.0,0.0,0.0
da934ee8,MK Lomror,2019,ipl_by_season,False,1,1,0,8.0,3,8.0,8.0,8.0,0,0.0,0.0,0.0,0.0
da934ee8,MK Lomror,2020,ipl_by_season,False,3,3,0,59.0,54,19.666666666666668,19.666666666666668,11.0,0,0.0,0.33333333333333337,0.33333333333333337,0.0
da934ee8,MK Lomror,2021,ipl_by_season,False,4,3,1,94.0,73,31.333333333333332,23.5,24.0,0,0.0,0.5,0.5,0.0
da934ee8,MK Lomror,2022,ipl_by_season,True,5,5,0,86.0,57,17.2,17.2,14.0,0,0.0,0.20000000000000004,0.20000000000000004,0.0
da934ee8,MK Lomror,2023,ipl_by_season,True,10,8,2,135.0,97,16.875,13.5,5.0,1,0.1,0.3750000000000001,0.2500000000000001,0.12500000000000006
da934ee8,MK Lomror,2024,ipl_by_season,True,10,8,2,125.0,68,15.625,12.5,10.0,2,0.2,0.30476190476190484,0.30476190476190484,0.0
93b4fc78,MK Pandey,2018,ipl_by_season,True,13,11,2,284.0,246,25.818181818181817,21.846153846153847,16.0,1,0.07692307692307693,0.3846153846153846,0.23076923076923078,0.23076923076923078
93b4fc78,MK Pandey,2019,ipl_by_season,True,11,8,3,344.0,263,43.0,31.272727272727273,19.0,0,0.0,0.505050505050505,0.505050505050505,0.303030303030303
93b4fc78,MK Pandey,2020,ipl_by_season,True,15,13,2,425.0,333,32.69230769230769,28.333333333333332,26.0,0,0.0,0.6666666666666667,0.40000000000000013,0.2666666666666668
93b4fc78,MK Pandey,2021,ipl_by_season,True,8,6,2,292.0,236,48.666666666666664,36.5,34.5,0,0.0,0.625,0.625,0.375
93b4fc78,MK Pandey,2022,ipl_by_season,True,6,6,0,88.0,80,14.666666666666666,14.666666666666666,8.5,0,0.0,0.33333333333333337,0.16666666666666669,0.0
93b4fc78,MK Pandey,2023,ipl_by_season,True,9,9,0,160.0,146,17.77777777777778,17.77777777777778,21.0,2,0.2222222222222222,0.5555555555555556,0.22222222222222227,0.11111111111111113
93b4fc78,MK Pandey,2024,ipl_by_season,False,1,1,0,42.0,31,42.0,42.0,42.0,0,0.0,1.0,1.0,0.0
93b4fc78,MK Pandey,2025,ipl_by_season,False,3,2,1,92.0,65,46.0,30.666666666666668,36.0,0,0.0,0.6666666666666667,0.6666666666666667,0.0
93b4fc78,MK Pandey,2026,ipl_by_season,False,2,2,0,70.0,49,35.0,35.0,35.0,0,0.0,1.0,0.5,0.0
26e5cabf,MK Tiwary,2018,ipl_by_season,False,4,3,1,47.0,44,15.666666666666666,11.75,5.5,0,0.0,0.375,0.375,0.0
bb351c23,MM Ali,2018,ipl_by_season,False,4,4,0,77.0,46,19.25,19.25,5.5,0,0.0,0.25,0.25,0.25
bb351c23,MM Ali,2019,ipl_by_season,True,10,8,2,220.0,133,27.5,22.0,15.5,0,0.0,0.5555555555555556,0.4166666666666667,0.27777777777777785
bb351c23,MM Ali,2020,ipl_by_season,False,3,3,0,12.0,16,4.0,4.0,1.0,1,0.3333333333333333,0.0,0.0,0.0
bb351c23,MM Ali,2021,ipl_by_season,True,15,14,1,357.0,260,25.5,23.8,23.0,2,0.13333333333333333,0.6000000000000001,0.3333333333333335,0.10000000000000003
bb351c23,MM Ali,2022,ipl_by_season,True,10,10,0,244.0,177,24.4,24.4,15.0,2,0.2,0.5000000000000001,0.40000000000000013,0.10000000000000005
bb351c23,MM Ali,2023,ipl_by_season,True,10,7,3,124.0,91,17.714285714285715,12.4,9.5,0,0.0,0.405,0.0,0.0
bb351c23,MM Ali,2024,ipl_by_season,True,5,5,0,128.0,98,25.6,25.6,17.0,0,0.0,0.4000000000000001,0.4000000000000001,0.20000000000000004
bb351c23,MM Ali,2025,ipl_by_season,False,2,2,0,5.0,14,2.5,2.5,2.5,1,0.5,0.0,0.0,0.0
759ac88f,MM Sharma,2018,ipl_by_season,False,4,1,3,10.0,13,10.0,2.5,2.5,0,0.0,0.5,0.5,0.5
759ac88f,MM Sharma,2019,ipl_by_season,False,1,0,1,0.0,2,,0.0,0.0,0,0.0,1.0,1.0,1.0
759ac88f,MM Sharma,2023,ipl_by_season,False,1,0,1,0.0,1,,0.0,0.0,0,0.0,1.0,1.0,1.0
759ac88f,MM Sharma,2024,ipl_by_season,False,2,2,0,2.0,15,1.0,1.0,1.0,1,0.5,0.0,0.0,0.0
759ac88f,MM Sharma,2025,ipl_by_season,False,2,1,1,1.0,3,1.0,0.5,0.5,1,0.5,0.5,0.5,0.5
35f173a0,MP Breetzke,2025,ipl_by_season,False,1,1,0,14.0,12,14.0,14.0,14.0,0,0.0,0.0,0.0,0.0
d9273ee7,MP Stoinis,2018,ipl_by_season,True,7,4,3,99.0,76,24.75,14.142857142857142,11.0,0,0.0,0.42857142857142866,0.42857142857142866,0.42857142857142866
d9273ee7,MP Stoinis,2019,ipl_by_season,True,10,4,6,211.0,156,52.75,21.1,22.5,2,0.2,0.6000000000000001,0.6000000000000001,0.6000000000000001
d9273ee7,MP Stoinis,2020,ipl_by_season,True,17,14,3,352.0,237,25.142857142857142,20.705882352941178,11.0,1,0.058823529411764705,0.42483660130718953,0.3540305010893246,0.21241830065359474
d9273ee7,MP Stoinis,2021,ipl_by_season,True,7,4,3,89.0,72,22.25,12.714285714285714,14.0,1,0.14285714285714285,0.42857142857142866,0.21428571428571433,0.21428571428571433
d9273ee7,MP Stoinis,2022,ipl_by_season,True,10,8,2,156.0,106,19.5,15.6,13.5,1,0.1,0.5,0.125,0.125
d9273ee7,MP Stoinis,2023,ipl_by_season,True,15,13,2,408.0,272,31.384615384615383,27.2,15.0,2,0.13333333333333333,0.5133333333333333,0.36666666666666664,0.21999999999999997
d9273ee7,MP Stoinis,2024,ipl_by_season,True,14,12,2,388.0,263,32.333333333333336,27.714285714285715,14.5,1,0.07142857142857142,0.4821428571428572,0.3214285714285715,0.24107142857142863
d9273ee7,MP Stoinis,2025,ipl_by_season,True,11,6,5,160.0,86,26.666666666666668,14.545454545454545,7.0,0,0.0,0.6136363636363636,0.3068181818181818,0.3068181818181818
d9273ee7,MP Stoinis,2026,ipl_by_season,True,9,6,3,216.0,120,36.0,24.0,28.0,1,0.1111111111111111,0.7777777777777777,0.4666666666666667,0.15555555555555559
b1ad996b,MP Yadav,2026,ipl_by_season,False,1,1,0,5.0,5,5.0,5.0,5.0,0,0.0,0.0,0.0,0.0
3d8feaf8,MR Marsh,2020,ipl_by_season,False,1,1,0,0.0,1,0.0,0.0,0.0,1,1.0,0.0,0.0,0.0
3d8feaf8,MR Marsh,2022,ipl_by_season,True,8,8,0,251.0,189,31.375,31.375,19.5,1,0.125,0.5,0.375,0.25
3d8feaf8,MR Marsh,2023,ipl_by_season,True,9,9,0,128.0,97,14.222222222222221,14.222222222222221,4.0,2,0.2222222222222222,0.3333333333333334,0.11111111111111116,0.11111111111111116
3d8feaf8,MR Marsh,2024,ipl_by_season,False,4,4,0,61.0,38,15.25,15.25,19.0,1,0.25,0.5,0.0,0.0
3d8feaf8,MR Marsh,2025,ipl_by_season,True,13,13,0,627.0,383,48.23076923076923,48.23076923076923,52.0,2,0.15384615384615385,0.7692307692307692,0.7692307692307692,0.5384615384615384
3d8feaf8,MR Marsh,2026,ipl_by_season,True,13,13,0,563.0,345,43.30769230769231,43.30769230769231,40.0,0,0.0,0.6153846153846153,0.6153846153846153,0.3076923076923077
e96801ea,MS Bhandage,2025,ipl_by_season,False,1,1,0,1.0,4,1.0,1.0,1.0,0,0.0,0.0,0.0,0.0
4a8a2e3b,MS Dhoni,2018,ipl_by_season,True,15,6,9,455.0,302,75.83333333333333,30.333333333333332,25.0,0,0.0,0.7272727272727273,0.5541125541125541,0.5541125541125541
4a8a2e3b,MS Dhoni,2019,ipl_by_season,True,12,5,7,416.0,309,83.2,34.666666666666664,34.5,0,0.0,0.648148148148148,0.648148148148148,0.648148148148148
4a8a2e3b,MS Dhoni,2020,ipl_by_season,True,12,8,4,200.0,172,25.0,16.666666666666668,15.5,0,0.0,0.45454545454545453,0.2272727272727273,0.2272727272727273
4a8a2e3b,MS Dhoni,2021,ipl_by_season,True,11,7,4,114.0,107,16.285714285714285,10.363636363636363,12.0,1,0.09090909090909091,0.14914772727272727,0.14914772727272727,0.14914772727272727
4a8a2e3b,MS Dhoni,2022,ipl_by_season,True,12,7,5,232.0,188,33.142857142857146,19.333333333333332,18.5,0,0.0,0.5833333333333333,0.35,0.35
4a8a2e3b,MS Dhoni,2023,ipl_by_season,True,12,4,8,104.0,57,26.0,8.666666666666666,3.5,1,0.08333333333333333,0.6666666666666666,0.3333333333333333,0.3333333333333333
4a8a2e3b,MS Dhoni,2024,ipl_by_season,True,11,3,8,161.0,73,53.666666666666664,14.636363636363637,14.0,1,0.09090909090909091,0.7575757575757576,0.5681818181818181,0.5681818181818181
4a8a2e3b,MS Dhoni,2025,ipl_by_season,True,13,8,5,196.0,145,24.5,15.076923076923077,16.0,0,0.0,0.41666666666666663,0.2777777777777778,0.2777777777777778
afa7e784,MS Wade,2022,ipl_by_season,True,10,10,0,157.0,138,15.7,15.7,14.0,0,0.0,0.30000000000000004,0.20000000000000004,0.0
afa7e784,MS Wade,2024,ipl_by_season,False,1,1,0,4.0,6,4.0,4.0,4.0,0,0.0,0.0,0.0,0.0
a90e53ec,MW Short,2023,ipl_by_season,True,6,6,0,117.0,92,19.5,19.5,19.0,0,0.0,0.5,0.33333333333333337,0.0
a90e53ec,MW Short,2026,ipl_by_season,False,3,3,0,60.0,51,20.0,20.0,24.0,0,0.0,0.6666666666666667,0.33333333333333337,0.0
c3a96caf,Mandeep Singh,2018,ipl_by_season,True,13,10,3,252.0,186,25.2,19.384615384615383,17.0,0,0.0,0.44871794871794873,0.33653846153846156,0.1121794871794872
c3a96caf,Mandeep Singh,2019,ipl_by_season,True,12,4,8,165.0,120,41.25,13.75,9.0,1,0.08333333333333333,0.825,0.6187499999999999,0.30937499999999996
c3a96caf,Mandeep Singh,2020,ipl_by_season,True,7,6,1,130.0,109,21.666666666666668,18.571428571428573,14.0,2,0.2857142857142857,0.28571428571428575,0.14285714285714288,0.14285714285714288
c3a96caf,Mandeep Singh,2021,ipl_by_season,False,1,1,0,15.0,14,15.0,15.0,15.0,0,0.0,0.0,0.0,0.0
c3a96caf,Mandeep Singh,2022,ipl_by_season,False,3,3,0,18.0,23,6.0,6.0,0.0,2,0.6666666666666666,0.0,0.0,0.0
c3a96caf,Mandeep Singh,2023,ipl_by_season,False,3,3,0,14.0,16,4.666666666666667,4.666666666666667,2.0,1,0.3333333333333333,0.0,0.0,0.0
a457cfb5,Mayank Dagar,2024,ipl_by_season,False,1,1,0,0.0,1,0.0,0.0,0.0,1,1.0,0.0,0.0,0.0
62af8546,Mohammad Nabi,2018,ipl_by_season,False,2,2,0,18.0,12,9.0,9.0,9.0,0,0.0,0.0,0.0,0.0
62af8546,Mohammad Nabi,2019,ipl_by_season,True,7,6,1,115.0,76,19.166666666666668,16.428571428571427,17.0,0,0.0,0.5714285714285715,0.19047619047619052,0.0
62af8546,Mohammad Nabi,2020,ipl_by_season,False,1,0,1,11.0,8,,11.0,11.0,0,0.0,1.0,1.0,1.0
62af8546,Mohammad Nabi,2021,ipl_by_season,False,3,3,0,34.0,20,11.333333333333334,11.333333333333334,14.0,0,0.0,0.0,0.0,0.0
62af8546,Mohammad Nabi,2024,ipl_by_season,True,5,4,1,35.0,31,8.75,7.0,4.0,1,0.2,0.30000000000000004,0.0,0.0
8cf9814c,Mohammed Shami,2018,ipl_by_season,False,1,1,0,7.0,6,7.0,7.0,7.0,0,0.0,0.0,0.0,0.0
8cf9814c,Mohammed Shami,2019,ipl_by_season,False,2,1,1,1.0,2,1.0,0.5,0.5,1,0.5,0.5,0.5,0.5
8cf9814c,Mohammed Shami,2020,ipl_by_season,False,2,1,1,2.0,3,2.0,1.0,1.0,1,0.5,0.5,0.5,0.5
8cf9814c,Mohammed Shami,2021,ipl_by_season,False,3,1,2,13.0,17,13.0,4.333333333333333,3.0,0,0.0,0.5,0.5,0.5
8cf9814c,Mohammed Shami,2023,ipl_by_season,False,2,2,0,5.0,6,2.5,2.5,2.5,1,0.5,0.0,0.0,0.0
8cf9814c,Mohammed Shami,2025,ipl_by_season,False,4,1,3,10.0,10,10.0,2.5,1.5,0,0.0,0.75,0.75,0.75
8cf9814c,Mohammed Shami,2026,ipl_by_season,True,7,5,2,31.0,22,6.2,4.428571428571429,1.0,2,0.2857142857142857,0.28571428571428575,0.28571428571428575,0.28571428571428575
2f49c897,Mohammed Siraj,2018,ipl_by_season,False,3,2,1,25.0,22,12.5,8.333333333333334,8.0,0,0.0,0.0,0.0,0.0
2f49c897,Mohammed Siraj,2019,ipl_by_season,False,3,1,2,4.0,14,4.0,1.3333333333333333,1.0,0,0.0,0.5,0.5,0.5
2f49c897,Mohammed Siraj,2020,ipl_by_season,False,3,1,2,17.0,14,17.0,5.666666666666667,5.0,0,0.0,0.5,0.5,0.5
2f49c897,Mohammed Siraj,2021,ipl_by_season,False,4,1,3,20.0,26,20.0,5.0,4.0,0,0.0,0.5,0.5,0.5
2f49c897,Mohammed Siraj,2022,ipl_by_season,False,4,2,2,30.0,33,15.0,7.5,7.0,0,0.0,0.5,0.5,0.5
2f49c897,Mohammed Siraj,2023,ipl_by_season,False,2,1,1,1.0,2,1.0,0.5,0.5,1,0.5,0.5,0.5,0.5
2f49c897,Mohammed Siraj,2024,ipl_by_season,False,2,2,0,12.0,8,6.0,6.0,6.0,1,0.5,0.0,0.0,0.0
2f49c897,Mohammed Siraj,2025,ipl_by_season,False,1,0,1,3.0,4,,3.0,3.0,0,0.0,1.0,1.0,1.0
2f49c897,Mohammed Siraj,2026,ipl_by_season,False,2,2,0,5.0,16,2.5,2.5,2.5,1,0.5,0.0,0.0,0.0
9a5f2863,Mohit Rathee,2023,ipl_by_season,False,1,0,1,1.0,2,,1.0,1.0,0,0.0,1.0,1.0,1.0
2669d6b7,Mohsin Khan,2022,ipl_by_season,False,3,1,2,23.0,16,23.0,7.666666666666667,9.0,0,0.0,0.6666666666666667,0.6666666666666667,0.6666666666666667
2669d6b7,Mohsin Khan,2023,ipl_by_season,False,1,1,0,0.0,7,0.0,0.0,0.0,1,1.0,0.0,0.0,0.0
2669d6b7,Mohsin Khan,2024,ipl_by_season,False,1,1,0,2.0,1,2.0,2.0,2.0,0,0.0,0.0,0.0,0.0
2669d6b7,Mohsin Khan,2026,ipl_by_season,False,2,2,0,0.0,4,0.0,0.0,0.0,2,1.0,0.0,0.0,0.0
7d92277a,Mujeeb Ur Rahman,2018,ipl_by_season,False,2,1,1,10.0,7,10.0,5.0,5.0,1,0.5,0.5,0.5,0.5
7d92277a,Mujeeb Ur Rahman,2019,ipl_by_season,False,2,1,1,0.0,4,0.0,0.0,0.0,1,0.5,0.5,0.5,0.5
7d92277a,Mujeeb Ur Rahman,2020,ipl_by_season,False,1,1,0,1.0,3,1.0,1.0,1.0,0,0.0,0.0,0.0,0.0
7d92277a,Mujeeb Ur Rahman,2021,ipl_by_season,False,1,0,1,1.0,1,,1.0,1.0,0,0.0,1.0,1.0,1.0
765a4731,Mukesh Choudhary,2022,ipl_by_season,False,2,1,1,6.0,6,6.0,3.0,3.0,0,0.0,0.0,0.0,0.0
765a4731,Mukesh Choudhary,2026,ipl_by_season,False,1,0,1,2.0,2,,2.0,2.0,0,0.0,1.0,1.0,1.0
2cffab74,Mukesh Kumar,2023,ipl_by_season,False,3,0,3,7.0,9,,2.3333333333333335,1.0,0,0.0,1.0,1.0,1.0
2cffab74,Mukesh Kumar,2024,ipl_by_season,False,2,1,1,3.0,9,3.0,1.5,1.5,0,0.0,0.0,0.0,0.0
d621b427,Musheer Khan,2025,ipl_by_season,False,1,1,0,0.0,3,0.0,0.0,0.0,1,1.0,0.0,0.0,0.0
0a8fce53,Mustafizur Rahman,2018,ipl_by_season,False,1,1,0,1.0,3,1.0,1.0,1.0,0,0.0,0.0,0.0,0.0
0a8fce53,Mustafizur Rahman,2021,ipl_by_season,False,3,0,3,8.0,14,,2.6666666666666665,0.0,0,0.0,1.0,1.0,1.0
0a8fce53,Mustafizur Rahman,2022,ipl_by_season,False,1,0,1,3.0,5,,3.0,3.0,0,0.0,1.0,1.0,1.0
0a8fce53,Mustafizur Rahman,2023,ipl_by_season,False,1,0,1,1.0,1,,1.0,1.0,0,0.0,1.0,1.0,1.0
0a8fce53,Mustafizur Rahman,2025,ipl_by_season,False,1,1,0,0.0,1,0.0,0.0,0.0,1,1.0,0.0,0.0,0.0
465aa633,N Burger,2026,ipl_by_season,False,3,1,2,14.0,9,14.0,4.666666666666667,3.0,0,0.0,0.6666666666666667,0.6666666666666667,0.6666666666666667
bd54eef5,N Jagadeesan,2020,ipl_by_season,False,2,2,0,33.0,29,16.5,16.5,16.5,1,0.5,0.5,0.5,0.0
bd54eef5,N Jagadeesan,2022,ipl_by_season,False,2,1,1,40.0,37,40.0,20.0,20.0,0,0.0,0.5,0.5,0.5
bd54eef5,N Jagadeesan,2023,ipl_by_season,True,6,6,0,89.0,81,14.833333333333334,14.833333333333334,12.5,1,0.16666666666666666,0.33333333333333337,0.16666666666666669,0.0
3241e3fd,N Pooran,2019,ipl_by_season,True,6,6,0,168.0,107,28.0,28.0,28.5,0,0.0,0.6666666666666667,0.5,0.0
3241e3fd,N Pooran,2020,ipl_by_season,True,14,10,4,353.0,208,35.3,25.214285714285715,23.0,1,0.07142857142857142,0.6857142857142857,0.5142857142857143,0.25714285714285723
3241e3fd,N Pooran,2021,ipl_by_season,True,11,11,0,85.0,76,7.7272727272727275,7.7272727272727275,3.0,4,0.36363636363636365,0.09090909090909095,0.09090909090909095,0.0
3241e3fd,N Pooran,2022,ipl_by_season,True,13,8,5,306.0,212,38.25,23.53846153846154,19.0,1,0.07692307692307693,0.5934065934065934,0.5934065934065934,0.3296703296703297
3241e3fd,N Pooran,2023,ipl_by_season,True,15,12,3,358.0,207,29.833333333333332,23.866666666666667,20.0,2,0.13333333333333333,0.66,0.49500000000000005,0.22000000000000008
3241e3fd,N Pooran,2024,ipl_by_season,True,14,8,6,499.0,280,62.375,35.642857142857146,37.0,1,0.07142857142857142,0.7857142857142857,0.7857142857142857,0.4583333333333334
3241e3fd,N Pooran,2025,ipl_by_season,True,14,12,2,524.0,267,43.666666666666664,37.42857142857143,35.5,0,0.0,0.5714285714285714,0.5,0.3571428571428572
3241e3fd,N Pooran,2026,ipl_by_season,True,14,13,1,234.0,183,18.0,16.714285714285715,11.0,0,0.0,0.28571428571428575,0.2142857142857143,0.10714285714285715
fb2d1dda,N Rana,2018,ipl_by_season,True,15,13,2,304.0,232,23.384615384615383,20.266666666666666,18.0,0,0.0,0.5185185185185186,0.2962962962962964,0.14814814814814822
fb2d1dda,N Rana,2019,ipl_by_season,True,11,10,1,344.0,235,34.4,31.272727272727273,21.0,1,0.09090909090909091,0.6363636363636364,0.36363636363636365,0.2727272727272727
fb2d1dda,N Rana,2020,ipl_by_season,True,14,14,0,352.0,254,25.142857142857142,25.142857142857142,15.5,3,0.21428571428571427,0.5,0.2142857142857143,0.2142857142857143
fb2d1dda,N Rana,2021,ipl_by_season,True,16,13,3,383.0,314,29.46153846153846,23.9375,20.0,2,0.125,0.5384615384615385,0.3365384615384617,0.26923076923076933
fb2d1dda,N Rana,2022,ipl_by_season,True,14,13,1,361.0,251,27.76923076923077,25.785714285714285,23.5,1,0.07142857142857142,0.5714285714285714,0.4285714285714286,0.2142857142857143
fb2d1dda,N Rana,2023,ipl_by_season,True,14,13,1,413.0,293,31.76923076923077,29.5,25.5,0,0.0,0.6428571428571429,0.4285714285714286,0.2142857142857143
fb2d1dda,N Rana,2024,ipl_by_season,False,2,2,0,42.0,34,21.0,21.0,21.0,0,0.0,0.5,0.5,0.0
fb2d1dda,N Rana,2025,ipl_by_season,True,11,10,1,217.0,134,21.7,19.727272727272727,9.0,0,0.0,0.3068181818181818,0.20454545454545456,0.20454545454545456
fb2d1dda,N Rana,2026,ipl_by_season,True,9,9,0,225.0,149,25.0,25.0,15.0,1,0.1111111111111111,0.3333333333333333,0.3333333333333333,0.22222222222222224
3cea23da,N Sindhu,2026,ipl_by_season,True,5,5,0,63.0,50,12.6,12.6,15.0,0,0.0,0.4000000000000001,0.0,0.0
d1a60072,N Wadhera,2023,ipl_by_season,True,10,9,1,241.0,166,26.77777777777778,24.1,18.5,1,0.1,0.5,0.30000000000000004,0.20000000000000004
d1a60072,N Wadhera,2024,ipl_by_season,True,6,6,0,109.0,84,18.166666666666668,18.166666666666668,5.0,0,0.0,0.33333333333333337,0.33333333333333337,0.0
d1a60072,N Wadhera,2025,ipl_by_season,True,15,12,3,369.0,253,30.75,24.6,16.0,0,0.0,0.42857142857142855,0.35714285714285715,0.23809523809523814
d1a60072,N Wadhera,2026,ipl_by_season,True,6,6,0,65.0,57,10.833333333333334,10.833333333333334,11.5,1,0.16666666666666666,0.16666666666666669,0.0,0.0
21d4e29b,NA Saini,2019,ipl_by_season,False,2,1,1,2.0,4,2.0,1.0,1.0,0,0.0,0.0,0.0,0.0
21d4e29b,NA Saini,2020,ipl_by_season,False,3,1,2,27.0,27,27.0,9.0,9.0,0,0.0,0.6666666666666667,0.6666666666666667,0.6666666666666667
21d4e29b,NA Saini,2021,ipl_by_season,False,1,1,0,2.0,4,2.0,2.0,2.0,0,0.0,0.0,0.0,0.0
21d4e29b,NA Saini,2022,ipl_by_season,False,1,1,0,2.0,2,2.0,2.0,2.0,0,0.0,0.0,0.0,0.0
56ab442f,NM Coulter-Nile,2020,ipl_by_season,False,2,1,1,25.0,15,25.0,12.5,12.5,0,0.0,0.5,0.5,0.5
56ab442f,NM Coulter-Nile,2021,ipl_by_season,False,2,2,0,4.0,5,2.0,2.0,2.0,0,0.0,0.0,0.0,0.0
56ab442f,NM Coulter-Nile,2022,ipl_by_season,False,1,0,1,1.0,2,,1.0,1.0,0,0.0,1.0,1.0,1.0
aedc3b7c,NS Naik,2019,ipl_by_season,False,1,1,0,7.0,16,7.0,7.0,7.0,0,0.0,0.0,0.0,0.0
aedc3b7c,NS Naik,2020,ipl_by_season,False,1,1,0,1.0,3,1.0,1.0,1.0,0,0.0,0.0,0.0,0.0
9eb1455b,NT Ellis,2021,ipl_by_season,False,2,1,1,18.0,16,18.0,9.0,9.0,0,0.0,0.0,0.0,0.0
9eb1455b,NT Ellis,2022,ipl_by_season,False,1,1,0,0.0,2,0.0,0.0,0.0,1,1.0,0.0,0.0,0.0
9eb1455b,NT Ellis,2023,ipl_by_season,False,2,2,0,1.0,7,0.5,0.5,0.5,1,0.5,0.0,0.0,0.0
890946a0,NV Ojha,2018,ipl_by_season,False,1,1,0,1.0,4,1.0,1.0,1.0,0,0.0,0.0,0.0,0.0
fffa744b,Naman Dhir,2024,ipl_by_season,True,7,6,1,140.0,79,23.333333333333332,20.0,17.0,2,0.2857142857142857,0.4285714285714286,0.28571428571428575,0.14285714285714288
fffa744b,Naman Dhir,2025,ipl_by_season,True,12,8,4,252.0,138,31.5,21.0,19.0,1,0.08333333333333333,0.5833333333333333,0.48611111111111105,0.0
fffa744b,Naman Dhir,2026,ipl_by_season,True,14,12,2,318.0,216,26.5,22.714285714285715,22.5,2,0.14285714285714285,0.6285714285714286,0.3666666666666667,0.18333333333333338
c0c411cb,Naveen-ul-Haq,2023,ipl_by_season,False,3,1,2,16.0,21,16.0,5.333333333333333,2.0,0,0.0,0.0,0.0,0.0
c0c411cb,Naveen-ul-Haq,2024,ipl_by_season,False,1,0,1,2.0,4,,2.0,2.0,0,0.0,1.0,1.0,1.0
aad0c365,Nithish Kumar Reddy,2024,ipl_by_season,True,11,9,2,303.0,212,33.666666666666664,27.545454545454547,15.0,0,0.0,0.5303030303030303,0.42424242424242425,0.21212121212121213
aad0c365,Nithish Kumar Reddy,2025,ipl_by_season,True,11,8,3,182.0,153,22.75,16.545454545454547,19.0,1,0.09090909090909091,0.5194805194805194,0.5194805194805194,0.0
aad0c365,Nithish Kumar Reddy,2026,ipl_by_season,True,13,10,3,302.0,176,30.2,23.23076923076923,28.0,0,0.0,0.6666666666666666,0.5,0.125
efc04be7,Noor Ahmad,2023,ipl_by_season,False,3,2,1,8.0,9,4.0,2.6666666666666665,1.0,1,0.3333333333333333,0.33333333333333337,0.33333333333333337,0.33333333333333337
efc04be7,Noor Ahmad,2024,ipl_by_season,False,2,2,0,5.0,9,2.5,2.5,2.5,0,0.0,0.0,0.0,0.0
efc04be7,Noor Ahmad,2025,ipl_by_season,True,6,4,2,7.0,17,1.75,1.1666666666666667,1.5,1,0.16666666666666666,0.20833333333333337,0.20833333333333337,0.20833333333333337
efc04be7,Noor Ahmad,2026,ipl_by_season,False,4,3,1,11.0,23,3.6666666666666665,2.75,1.0,0,0.0,0.0,0.0,0.0
529eb9e0,OC McCoy,2022,ipl_by_season,False,1,1,0,8.0,5,8.0,8.0,8.0,0,0.0,0.0,0.0,0.0
23cca426,OF Smith,2022,ipl_by_season,True,6,3,3,51.0,44,17.0,8.5,6.0,1,0.16666666666666666,0.3125,0.3125,0.3125
8ac93ca2,P Chopra,2018,ipl_by_season,False,1,1,0,8.0,6,8.0,8.0,8.0,0,0.0,0.0,0.0,0.0
ed5a5510,P Dubey,2020,ipl_by_season,False,1,0,1,7.0,13,,7.0,7.0,0,0.0,1.0,1.0,1.0
ed5a5510,P Dubey,2023,ipl_by_season,False,1,1,0,16.0,20,16.0,16.0,16.0,0,0.0,0.0,0.0,0.0
f62772e5,P Negi,2018,ipl_by_season,False,2,2,0,3.0,5,1.5,1.5,1.5,1,0.5,0.0,0.0,0.0
f62772e5,P Negi,2019,ipl_by_season,False,4,4,0,9.0,12,2.25,2.25,2.0,2,0.5,0.0,0.0,0.0
8ee36b18,P Nissanka,2026,ipl_by_season,True,10,10,0,278.0,175,27.8,27.8,30.0,0,0.0,0.5000000000000001,0.5000000000000001,0.20000000000000004
441c72ae,P Ray Barman,2019,ipl_by_season,False,1,1,0,19.0,24,19.0,19.0,19.0,0,0.0,0.0,0.0,0.0
9418198b,P Simran Singh,2019,ipl_by_season,False,1,1,0,16.0,17,16.0,16.0,16.0,0,0.0,0.0,0.0,0.0
9418198b,P Simran Singh,2020,ipl_by_season,False,2,2,0,15.0,15,7.5,7.5,7.5,0,0.0,0.0,0.0,0.0
9418198b,P Simran Singh,2021,ipl_by_season,False,2,2,0,19.0,23,9.5,9.5,9.5,0,0.0,0.0,0.0,0.0
9418198b,P Simran Singh,2022,ipl_by_season,False,1,1,0,14.0,11,14.0,14.0,14.0,0,0.0,0.0,0.0,0.0
9418198b,P Simran Singh,2023,ipl_by_season,True,14,14,0,358.0,238,25.571428571428573,25.571428571428573,17.0,2,0.14285714285714285,0.5000000000000001,0.2857142857142858,0.14285714285714293
9418198b,P Simran Singh,2024,ipl_by_season,True,14,14,0,334.0,213,23.857142857142858,23.857142857142858,22.0,1,0.07142857142857142,0.5000000000000001,0.35714285714285726,0.1428571428571429
9418198b,P Simran Singh,2025,ipl_by_season,True,18,17,1,599.0,370,35.23529411764706,33.27777777777778,27.0,1,0.05555555555555555,0.6111111111111112,0.4444444444444444,0.2777777777777778
9418198b,P Simran Singh,2026,ipl_by_season,True,13,12,1,510.0,302,42.5,39.23076923076923,43.0,1,0.07692307692307693,0.6153846153846153,0.6153846153846153,0.46153846153846156
b5da6c24,PA Patel,2018,ipl_by_season,True,6,5,1,153.0,109,30.6,25.5,26.5,0,0.0,0.6666666666666667,0.5,0.33333333333333337
b5da6c24,PA Patel,2019,ipl_by_season,True,14,14,0,373.0,268,26.642857142857142,26.642857142857142,26.5,1,0.07142857142857142,0.5714285714285713,0.3571428571428571,0.14285714285714288
6c882e9a,PBB Rajapaksa,2022,ipl_by_season,True,9,9,0,206.0,129,22.88888888888889,22.88888888888889,27.0,0,0.0,0.5555555555555555,0.4444444444444444,0.0
6c882e9a,PBB Rajapaksa,2023,ipl_by_season,False,4,3,1,71.0,62,23.666666666666668,17.75,10.5,1,0.25,0.75,0.375,0.375
3d284ca3,PD Salt,2023,ipl_by_season,True,9,8,1,218.0,133,27.25,24.22222222222222,17.0,2,0.2222222222222222,0.4444444444444446,0.3333333333333334,0.3333333333333334
3d284ca3,PD Salt,2024,ipl_by_season,True,12,11,1,435.0,239,39.54545454545455,36.25,31.0,1,0.08333333333333333,0.5833333333333333,0.5833333333333333,0.33333333333333337
3d284ca3,PD Salt,2025,ipl_by_season,True,13,12,1,403.0,229,33.583333333333336,31.0,30.0,0,0.0,0.6153846153846154,0.5384615384615385,0.30769230769230776
3d284ca3,PD Salt,2026,ipl_by_season,True,6,6,0,202.0,120,33.666666666666664,33.666666666666664,27.0,1,0.16666666666666666,0.5,0.5,0.33333333333333337
08548b13,PHKD Mendis,2025,ipl_by_season,True,5,3,2,92.0,69,30.666666666666668,18.4,27.0,1,0.2,0.6000000000000001,0.4000000000000001,0.4000000000000001
ded9240e,PJ Cummins,2020,ipl_by_season,True,10,7,3,146.0,114,20.857142857142858,14.6,8.5,0,0.0,0.3600000000000001,0.3600000000000001,0.18000000000000005
ded9240e,PJ Cummins,2021,ipl_by_season,True,5,3,2,93.0,56,31.0,18.6,10.0,1,0.2,0.4000000000000001,0.4000000000000001,0.4000000000000001
ded9240e,PJ Cummins,2022,ipl_by_season,True,5,4,1,63.0,24,15.75,12.6,3.0,2,0.4,0.2,0.2,0.2
ded9240e,PJ Cummins,2024,ipl_by_season,True,10,6,4,136.0,95,22.666666666666668,13.6,5.0,0,0.0,0.634920634920635,0.4761904761904763,0.15873015873015878
ded9240e,PJ Cummins,2025,ipl_by_season,True,9,4,5,97.0,58,24.25,10.777777777777779,13.0,0,0.0,0.37500000000000006,0.37500000000000006,0.37500000000000006
ded9240e,PJ Cummins,2026,ipl_by_season,False,3,3,0,30.0,19,10.0,10.0,10.0,0,0.0,0.0,0.0,0.0
9fc0ef64,PJ Sangwan,2018,ipl_by_season,False,1,1,0,0.0,4,0.0,0.0,0.0,1,1.0,0.0,0.0,0.0
9fc0ef64,PJ Sangwan,2022,ipl_by_season,False,1,1,0,2.0,5,2.0,2.0,2.0,0,0.0,0.0,0.0,0.0
bb965e9a,PK Garg,2020,ipl_by_season,True,10,9,1,133.0,111,14.777777777777779,13.3,10.0,1,0.1,0.10000000000000002,0.10000000000000002,0.10000000000000002
bb965e9a,PK Garg,2021,ipl_by_season,True,5,5,0,72.0,74,14.4,14.4,15.0,1,0.2,0.4000000000000001,0.0,0.0
bb965e9a,PK Garg,2022,ipl_by_season,False,2,2,0,46.0,33,23.0,23.0,23.0,0,0.0,0.5,0.5,0.0
bb965e9a,PK Garg,2023,ipl_by_season,False,2,2,0,22.0,23,11.0,11.0,11.0,0,0.0,0.0,0.0,0.0
663b5e34,PN Mankad,2022,ipl_by_season,False,1,0,1,4.0,1,,4.0,4.0,0,0.0,1.0,1.0,1.0
663b5e34,PN Mankad,2023,ipl_by_season,False,4,3,1,93.0,72,31.0,23.25,14.5,1,0.25,0.5,0.25,0.25
98ae73b1,PP Chawla,2018,ipl_by_season,True,5,4,1,27.0,34,6.75,5.4,2.0,1,0.2,0.0,0.0,0.0
98ae73b1,PP Chawla,2019,ipl_by_season,True,5,3,2,42.0,37,14.0,8.4,8.0,0,0.0,0.2666666666666667,0.2666666666666667,0.2666666666666667
98ae73b1,PP Chawla,2021,ipl_by_season,False,1,1,0,0.0,2,0.0,0.0,0.0,1,1.0,0.0,0.0,0.0
98ae73b1,PP Chawla,2023,ipl_by_season,False,4,2,2,25.0,22,12.5,6.25,3.5,1,0.25,0.0,0.0,0.0
98ae73b1,PP Chawla,2024,ipl_by_season,True,6,4,2,15.0,15,3.75,2.5,1.0,2,0.3333333333333333,0.0,0.0,0.0
ece7b6b3,PP Hinge,2026,ipl_by_season,False,2,1,1,3.0,9,3.0,1.5,1.5,0,0.0,0.0,0.0,0.0
8b3e9c7c,PP Shaw,2018,ipl_by_season,True,9,9,0,245.0,160,27.22222222222222,27.22222222222222,17.0,0,0.0,0.4444444444444445,0.33333333333333337,0.22222222222222227
8b3e9c7c,PP Shaw,2019,ipl_by_season,True,16,16,0,353.0,264,22.0625,22.0625,13.5,1,0.0625,0.375,0.1875,0.125
8b3e9c7c,PP Shaw,2020,ipl_by_season,True,13,13,0,228.0,167,17.53846153846154,17.53846153846154,7.0,3,0.23076923076923078,0.23076923076923078,0.23076923076923078,0.15384615384615388
8b3e9c7c,PP Shaw,2021,ipl_by_season,True,15,15,0,479.0,301,31.933333333333334,31.933333333333334,21.0,0,0.0,0.5333333333333334,0.4666666666666668,0.2666666666666668
8b3e9c7c,PP Shaw,2022,ipl_by_season,True,10,10,0,283.0,185,28.3,28.3,30.5,1,0.1,0.6,0.5,0.20000000000000004
8b3e9c7c,PP Shaw,2023,ipl_by_season,True,8,8,0,106.0,85,13.25,13.25,9.5,2,0.25,0.125,0.125,0.125
8b3e9c7c,PP Shaw,2024,ipl_by_season,True,8,8,0,198.0,121,24.75,24.75,14.5,0,0.0,0.375,0.375,0.125
e148e6bd,PR Veer,2026,ipl_by_season,True,5,2,3,90.0,67,45.0,18.0,13.0,0,0.0,0.75,0.75,0.0
327b58d3,PVD Chameera,2022,ipl_by_season,True,7,4,3,43.0,28,10.75,6.142857142857143,1.0,2,0.2857142857142857,0.0,0.0,0.0
327b58d3,PVD Chameera,2025,ipl_by_season,False,3,0,3,10.0,14,,3.3333333333333335,2.0,0,0.0,1.0,1.0,1.0
327b58d3,PVD Chameera,2026,ipl_by_season,False,1,0,1,0.0,3,,0.0,0.0,0,0.0,1.0,1.0,1.0
c27b5a0e,PVSN Raju,2025,ipl_by_season,False,1,0,1,1.0,1,,1.0,1.0,0,0.0,1.0,1.0,1.0
c96f6ac5,PWA Mulder,2025,ipl_by_season,False,1,1,0,9.0,11,9.0,9.0,9.0,0,0.0,0.0,0.0,0.0
a97c8ec2,PWH de Silva,2021,ipl_by_season,False,2,1,1,1.0,2,1.0,0.5,0.5,1,0.5,0.5,0.5,0.5
a97c8ec2,PWH de Silva,2022,ipl_by_season,True,7,7,0,38.0,43,5.428571428571429,5.428571428571429,4.0,2,0.2857142857142857,0.0,0.0,0.0
a97c8ec2,PWH de Silva,2023,ipl_by_season,True,5,2,3,33.0,28,16.5,6.6,6.0,0,0.0,0.5,0.5,0.5
a97c8ec2,PWH de Silva,2025,ipl_by_season,True,5,5,0,9.0,15,1.8,1.8,1.0,2,0.4,0.0,0.0,0.0
80b2fb19,Prince Yadav,2025,ipl_by_season,False,2,0,2,5.0,10,,2.5,2.5,0,0.0,1.0,1.0,1.0
80b2fb19,Prince Yadav,2026,ipl_by_season,False,1,0,1,0.0,1,,0.0,0.0,0,0.0,1.0,1.0,1.0
b5797845,Priyansh Arya,2025,ipl_by_season,True,18,18,0,545.0,299,30.27777777777778,30.27777777777778,22.0,1,0.05555555555555555,0.6111111111111112,0.33333333333333337,0.2222222222222223
b5797845,Priyansh Arya,2026,ipl_by_season,True,13,13,0,364.0,172,28.0,28.0,22.0,2,0.15384615384615385,0.5384615384615384,0.38461538461538464,0.23076923076923078
372455c4,Q de Kock,2018,ipl_by_season,True,8,8,0,201.0,162,25.125,25.125,22.5,0,0.0,0.5,0.25,0.125
372455c4,Q de Kock,2019,ipl_by_season,True,16,15,1,529.0,398,35.266666666666666,33.0625,28.0,1,0.0625,0.6875,0.4375,0.25
372455c4,Q de Kock,2020,ipl_by_season,True,16,14,2,503.0,358,35.92857142857143,31.4375,25.5,1,0.0625,0.6875,0.4375,0.3125
372455c4,Q de Kock,2021,ipl_by_season,True,11,10,1,297.0,256,29.7,27.0,24.0,0,0.0,0.5454545454545454,0.36363636363636365,0.18181818181818182
372455c4,Q de Kock,2022,ipl_by_season,True,15,14,1,508.0,341,36.285714285714285,33.86666666666667,23.0,0,0.0,0.5333333333333334,0.40000000000000013,0.2666666666666668
372455c4,Q de Kock,2023,ipl_by_season,False,4,4,0,143.0,102,35.75,35.75,28.5,0,0.0,0.75,0.25,0.25
372455c4,Q de Kock,2024,ipl_by_season,True,11,11,0,250.0,186,22.727272727272727,22.727272727272727,10.0,1,0.09090909090909091,0.2727272727272727,0.2727272727272727,0.2727272727272727
372455c4,Q de Kock,2025,ipl_by_season,True,8,7,1,152.0,117,21.714285714285715,19.0,6.5,0,0.0,0.25,0.125,0.125
372455c4,Q de Kock,2026,ipl_by_season,False,3,2,1,132.0,81,66.0,44.0,13.0,0,0.0,0.33333333333333337,0.33333333333333337,0.33333333333333337
495d42a5,R Ashwin,2018,ipl_by_season,True,8,8,0,102.0,71,12.75,12.75,5.0,3,0.375,0.25,0.25,0.0
495d42a5,R Ashwin,2019,ipl_by_season,True,6,5,1,42.0,28,8.4,7.0,4.5,2,0.3333333333333333,0.16666666666666669,0.16666666666666669,0.16666666666666669
495d42a5,R Ashwin,2020,ipl_by_season,True,5,3,2,37.0,34,12.333333333333334,7.4,7.0,0,0.0,0.25,0.25,0.25
495d42a5,R Ashwin,2021,ipl_by_season,True,5,3,2,44.0,42,14.666666666666666,8.8,7.0,0,0.0,0.2666666666666667,0.2666666666666667,0.2666666666666667
495d42a5,R Ashwin,2022,ipl_by_season,True,12,7,5,191.0,135,27.285714285714285,15.916666666666666,9.0,0,0.0,0.5587301587301587,0.2793650793650794,0.2793650793650794
495d42a5,R Ashwin,2023,ipl_by_season,True,10,6,4,67.0,51,11.166666666666666,6.7,2.5,2,0.2,0.22222222222222227,0.22222222222222227,0.0
495d42a5,R Ashwin,2024,ipl_by_season,True,8,6,2,86.0,74,14.333333333333334,10.75,5.0,1,0.125,0.36458333333333337,0.0,0.0
495d42a5,R Ashwin,2025,ipl_by_season,False,4,4,0,33.0,30,8.25,8.25,9.5,0,0.0,0.0,0.0,0.0
26a85969,R Dhawan,2022,ipl_by_season,False,4,2,2,37.0,40,18.5,9.25,6.0,0,0.0,0.375,0.375,0.375
26a85969,R Dhawan,2023,ipl_by_season,False,2,2,0,20.0,12,10.0,10.0,10.0,0,0.0,0.0,0.0,0.0
bafd0398,R Minz,2025,ipl_by_season,False,2,2,0,6.0,15,3.0,3.0,3.0,0,0.0,0.0,0.0,0.0
bafd0398,R Minz,2026,ipl_by_season,False,2,1,1,6.0,4,6.0,3.0,3.0,0,0.0,0.0,0.0,0.0
04a418e8,R Parag,2019,ipl_by_season,True,5,5,0,160.0,126,32.0,32.0,43.0,0,0.0,0.6000000000000001,0.6000000000000001,0.20000000000000004
04a418e8,R Parag,2020,ipl_by_season,True,8,7,1,86.0,77,12.285714285714286,10.75,3.5,2,0.25,0.25,0.125,0.125
04a418e8,R Parag,2021,ipl_by_season,True,10,8,2,93.0,83,11.625,9.3,6.0,1,0.1,0.3750000000000001,0.0,0.0
04a418e8,R Parag,2022,ipl_by_season,True,14,11,3,183.0,132,16.636363636363637,13.071428571428571,9.5,0,0.0,0.08974358974358977,0.08974358974358977,0.08974358974358977
04a418e8,R Parag,2023,ipl_by_season,True,7,6,1,78.0,66,13.0,11.142857142857142,7.0,0,0.0,0.42857142857142866,0.0,0.0
04a418e8,R Parag,2024,ipl_by_season,True,14,11,3,573.0,384,52.09090909090909,40.92857142857143,39.5,0,0.0,0.7857142857142857,0.6428571428571429,0.3428571428571429
04a418e8,R Parag,2025,ipl_by_season,True,14,12,2,393.0,236,32.75,28.071428571428573,25.5,0,0.0,0.6428571428571429,0.4285714285714286,0.17857142857142863
04a418e8,R Parag,2026,ipl_by_season,True,14,13,1,309.0,196,23.76923076923077,22.071428571428573,14.0,0,0.0,0.5,0.16666666666666669,0.16666666666666669
650d5e49,R Powell,2022,ipl_by_season,True,12,10,2,250.0,167,25.0,20.833333333333332,14.0,2,0.16666666666666666,0.5000000000000001,0.4166666666666668,0.10416666666666671
650d5e49,R Powell,2023,ipl_by_season,False,3,3,0,7.0,9,2.3333333333333335,2.3333333333333335,2.0,0,0.0,0.0,0.0,0.0
650d5e49,R Powell,2024,ipl_by_season,True,7,6,1,103.0,68,17.166666666666668,14.714285714285714,13.0,0,0.0,0.4285714285714286,0.0,0.0
650d5e49,R Powell,2025,ipl_by_season,False,1,1,0,5.0,5,5.0,5.0,5.0,0,0.0,0.0,0.0,0.0
650d5e49,R Powell,2026,ipl_by_season,True,7,5,2,190.0,141,38.0,27.142857142857142,29.0,0,0.0,0.8571428571428572,0.4285714285714286,0.0
ba5e1069,R Ravindra,2024,ipl_by_season,True,10,10,0,222.0,138,22.2,22.2,18.0,1,0.1,0.5,0.30000000000000004,0.10000000000000002
ba5e1069,R Ravindra,2025,ipl_by_season,True,8,7,1,191.0,149,27.285714285714285,23.875,20.5,1,0.125,0.5,0.5,0.125
c7a995d3,R Sai Kishore,2024,ipl_by_season,False,1,1,0,13.0,6,13.0,13.0,13.0,0,0.0,0.0,0.0,0.0
c7a995d3,R Sai Kishore,2025,ipl_by_season,False,3,3,0,5.0,10,1.6666666666666667,1.6666666666666667,1.0,0,0.0,0.0,0.0,0.0
33ffc3dd,R Sanjay Yadav,2022,ipl_by_season,False,1,1,0,0.0,2,0.0,0.0,0.0,1,1.0,0.0,0.0,0.0
c5aef772,R Shepherd,2022,ipl_by_season,False,3,2,1,58.0,41,29.0,19.333333333333332,24.0,0,0.0,0.6666666666666667,0.33333333333333337,0.33333333333333337
c5aef772,R Shepherd,2023,ipl_by_season,False,1,1,0,0.0,1,0.0,0.0,0.0,1,1.0,0.0,0.0,0.0
c5aef772,R Shepherd,2024,ipl_by_season,True,5,2,3,57.0,21,28.5,11.4,1.0,0,0.0,0.6,0.6,0.6
c5aef772,R Shepherd,2025,ipl_by_season,False,3,2,1,70.0,24,35.0,23.333333333333332,17.0,1,0.3333333333333333,0.33333333333333337,0.33333333333333337,0.33333333333333337
c5aef772,R Shepherd,2026,ipl_by_season,True,7,4,3,83.0,66,20.75,11.857142857142858,14.0,0,0.0,0.4571428571428573,0.22857142857142865,0.22857142857142865
c1e53c3f,R Smaran,2026,ipl_by_season,False,4,3,1,19.0,25,6.333333333333333,4.75,4.5,0,0.0,0.0,0.0,0.0
39a2dfa8,R Tewatia,2018,ipl_by_season,True,5,3,2,50.0,43,16.666666666666668,10.0,9.0,0,0.0,0.5333333333333334,0.0,0.0
39a2dfa8,R Tewatia,2019,ipl_by_season,False,4,1,3,26.0,22,26.0,6.5,7.0,0,0.0,0.6666666666666667,0.6666666666666667,0.6666666666666667
39a2dfa8,R Tewatia,2020,ipl_by_season,True,11,6,5,255.0,183,42.5,23.181818181818183,19.0,0,0.0,0.7,0.7,0.35
39a2dfa8,R Tewatia,2021,ipl_by_season,True,11,10,1,155.0,147,15.5,14.090909090909092,9.0,0,0.0,0.30000000000000004,0.20000000000000004,0.0
39a2dfa8,R Tewatia,2022,ipl_by_season,True,12,7,5,217.0,147,31.0,18.083333333333332,13.5,0,0.0,0.38888888888888884,0.38888888888888884,0.38888888888888884
39a2dfa8,R Tewatia,2023,ipl_by_season,True,10,4,6,87.0,57,21.75,8.7,4.5,0,0.0,0.5625,0.28125,0.28125
39a2dfa8,R Tewatia,2024,ipl_by_season,True,9,7,2,188.0,129,26.857142857142858,20.88888888888889,22.0,0,0.0,0.6666666666666666,0.4444444444444445,0.14814814814814817
39a2dfa8,R Tewatia,2025,ipl_by_season,True,12,8,4,99.0,59,12.375,8.25,7.5,3,0.25,0.27777777777777785,0.27777777777777785,0.27777777777777785
39a2dfa8,R Tewatia,2026,ipl_by_season,True,15,7,8,190.0,132,27.142857142857142,12.666666666666666,8.0,1,0.06666666666666667,0.49753846153846154,0.49753846153846154,0.49753846153846154
41eb4a4f,R Vinay Kumar,2018,ipl_by_season,False,1,0,1,6.0,3,,6.0,6.0,0,0.0,1.0,1.0,1.0
ba6b2f91,RA Bawa,2022,ipl_by_season,False,2,2,0,11.0,14,5.5,5.5,5.5,1,0.5,0.0,0.0,0.0
ba6b2f91,RA Bawa,2025,ipl_by_season,False,1,0,1,8.0,4,,8.0,8.0,0,0.0,1.0,1.0,1.0
ba6b2f91,RA Bawa,2026,ipl_by_season,False,1,1,0,16.0,14,16.0,16.0,16.0,0,0.0,0.0,0.0,0.0
fe93fd9d,RA Jadeja,2018,ipl_by_season,True,8,5,3,89.0,74,17.8,11.125,11.5,0,0.0,0.17857142857142858,0.17857142857142858,0.17857142857142858
fe93fd9d,RA Jadeja,2019,ipl_by_season,True,9,3,6,106.0,88,35.333333333333336,11.777777777777779,9.0,0,0.0,0.5925925925925927,0.29629629629629634,0.29629629629629634
fe93fd9d,RA Jadeja,2020,ipl_by_season,True,11,5,6,232.0,135,46.4,21.09090909090909,21.0,0,0.0,0.6000000000000001,0.6000000000000001,0.6000000000000001
fe93fd9d,RA Jadeja,2021,ipl_by_season,True,11,3,8,227.0,156,75.66666666666667,20.636363636363637,22.0,0,0.0,0.875,0.546875,0.546875
fe93fd9d,RA Jadeja,2022,ipl_by_season,True,10,6,4,116.0,98,19.333333333333332,11.6,10.0,2,0.2,0.45714285714285724,0.22857142857142862,0.22857142857142862
fe93fd9d,RA Jadeja,2023,ipl_by_season,True,12,8,4,190.0,133,23.75,15.833333333333334,19.0,0,0.0,0.5714285714285714,0.23809523809523808,0.23809523809523808
fe93fd9d,RA Jadeja,2024,ipl_by_season,True,11,6,5,267.0,187,44.5,24.272727272727273,21.0,0,0.0,0.5454545454545454,0.5454545454545454,0.2727272727272727
fe93fd9d,RA Jadeja,2025,ipl_by_season,True,14,9,5,301.0,222,33.44444444444444,21.5,18.0,1,0.07142857142857142,0.4761904761904762,0.29761904761904767,0.29761904761904767
fe93fd9d,RA Jadeja,2026,ipl_by_season,True,11,4,7,266.0,197,66.5,24.181818181818183,20.0,0,0.0,0.8888888888888888,0.7407407407407407,0.2777777777777778
77255a9e,RA Tripathi,2018,ipl_by_season,True,12,9,3,226.0,167,25.11111111111111,18.833333333333332,14.5,0,0.0,0.36458333333333326,0.12152777777777776,0.12152777777777776
77255a9e,RA Tripathi,2019,ipl_by_season,True,7,6,1,141.0,118,23.5,20.142857142857142,10.0,0,0.0,0.4285714285714286,0.4285714285714286,0.2142857142857143
77255a9e,RA Tripathi,2020,ipl_by_season,True,11,10,1,230.0,181,23.0,20.90909090909091,13.0,0,0.0,0.404040404040404,0.303030303030303,0.10101010101010101
77255a9e,RA Tripathi,2021,ipl_by_season,True,16,14,2,397.0,283,28.357142857142858,24.8125,20.0,0,0.0,0.5555555555555556,0.41666666666666674,0.13888888888888892
77255a9e,RA Tripathi,2022,ipl_by_season,True,14,11,3,413.0,261,37.54545454545455,29.5,21.0,2,0.14285714285714285,0.7012987012987013,0.525974025974026,0.32873376623376627
77255a9e,RA Tripathi,2023,ipl_by_season,True,13,12,1,273.0,213,22.75,21.0,15.0,1,0.07692307692307693,0.46153846153846145,0.23076923076923073,0.07692307692307691
77255a9e,RA Tripathi,2024,ipl_by_season,True,6,6,0,165.0,115,27.5,27.5,26.5,0,0.0,0.6666666666666667,0.5,0.16666666666666669
77255a9e,RA Tripathi,2025,ipl_by_season,True,5,5,0,55.0,57,11.0,11.0,9.0,0,0.0,0.20000000000000004,0.0,0.0
2ed569a0,RD Chahar,2019,ipl_by_season,False,4,2,2,12.0,11,6.0,3.0,1.0,1,0.25,0.0,0.0,0.0
2ed569a0,RD Chahar,2020,ipl_by_season,False,1,0,1,2.0,4,,2.0,2.0,0,0.0,1.0,1.0,1.0
2ed569a0,RD Chahar,2021,ipl_by_season,True,5,5,0,14.0,15,2.8,2.8,0.0,3,0.6,0.0,0.0,0.0
2ed569a0,RD Chahar,2022,ipl_by_season,True,8,6,2,77.0,68,12.833333333333334,9.625,8.0,2,0.25,0.25,0.25,0.25
2ed569a0,RD Chahar,2023,ipl_by_season,False,2,2,0,0.0,9,0.0,0.0,0.0,2,1.0,0.0,0.0,0.0
2ed569a0,RD Chahar,2024,ipl_by_season,False,2,1,1,21.0,15,21.0,10.5,10.5,0,0.0,0.0,0.0,0.0
45a43fe2,RD Gaikwad,2020,ipl_by_season,True,6,4,2,204.0,169,51.0,34.0,33.5,2,0.3333333333333333,0.5,0.5,0.5
45a43fe2,RD Gaikwad,2021,ipl_by_season,True,16,14,2,635.0,466,45.357142857142854,39.6875,35.5,0,0.0,0.625,0.625,0.3125
45a43fe2,RD Gaikwad,2022,ipl_by_season,True,14,14,0,368.0,291,26.285714285714285,26.285714285714285,16.5,2,0.14285714285714285,0.4285714285714287,0.35714285714285726,0.21428571428571436
45a43fe2,RD Gaikwad,2023,ipl_by_season,True,15,14,1,590.0,400,42.142857142857146,39.333333333333336,35.0,0,0.0,0.8,0.6666666666666667,0.32000000000000006
45a43fe2,RD Gaikwad,2024,ipl_by_season,True,14,11,3,583.0,413,53.0,41.642857142857146,37.0,2,0.14285714285714285,0.6428571428571429,0.5714285714285714,0.4166666666666667
45a43fe2,RD Gaikwad,2025,ipl_by_season,True,5,5,0,122.0,81,24.4,24.4,5.0,1,0.2,0.4000000000000001,0.4000000000000001,0.4000000000000001
45a43fe2,RD Gaikwad,2026,ipl_by_season,True,14,12,2,337.0,273,28.083333333333332,24.071428571428573,15.5,0,0.0,0.35714285714285726,0.21428571428571436,0.14285714285714293
e66732f8,RD Rickelton,2025,ipl_by_season,True,14,13,1,388.0,257,29.846153846153847,27.714285714285715,24.5,0,0.0,0.5714285714285714,0.3571428571428572,0.2142857142857143
e66732f8,RD Rickelton,2026,ipl_by_season,True,12,11,1,448.0,240,40.72727272727273,37.333333333333336,24.5,0,0.0,0.5,0.5,0.25
740742ef,RG Sharma,2018,ipl_by_season,True,14,12,2,286.0,215,23.833333333333332,20.428571428571427,12.0,3,0.21428571428571427,0.28571428571428575,0.28571428571428575,0.19047619047619052
740742ef,RG Sharma,2019,ipl_by_season,True,15,14,1,405.0,315,28.928571428571427,27.0,24.0,0,0.0,0.5333333333333334,0.40000000000000013,0.1333333333333334
740742ef,RG Sharma,2020,ipl_by_season,True,12,12,0,332.0,260,27.666666666666668,27.666666666666668,10.5,1,0.08333333333333333,0.4166666666666667,0.4166666666666667,0.25
740742ef,RG Sharma,2021,ipl_by_season,True,13,13,0,381.0,299,29.307692307692307,29.307692307692307,32.0,0,0.0,0.6153846153846153,0.5384615384615384,0.07692307692307693
740742ef,RG Sharma,2022,ipl_by_season,True,14,14,0,268.0,223,19.142857142857142,19.142857142857142,14.0,1,0.07142857142857142,0.4285714285714286,0.28571428571428575,0.0
740742ef,RG Sharma,2023,ipl_by_season,True,16,16,0,332.0,250,20.75,20.75,15.5,2,0.125,0.5,0.25,0.125
740742ef,RG Sharma,2024,ipl_by_season,True,14,13,1,417.0,278,32.07692307692308,29.785714285714285,22.5,1,0.07142857142857142,0.5,0.4285714285714286,0.14285714285714288
740742ef,RG Sharma,2025,ipl_by_season,True,15,14,1,418.0,280,29.857142857142858,27.866666666666667,17.0,1,0.06666666666666667,0.40000000000000013,0.2666666666666668,0.2666666666666668
740742ef,RG Sharma,2026,ipl_by_season,True,9,8,1,283.0,180,35.375,31.444444444444443,22.0,1,0.1111111111111111,0.6666666666666666,0.4,0.2666666666666667
402f8494,RJ Gleeson,2024,ipl_by_season,False,1,0,1,2.0,2,,2.0,2.0,0,0.0,1.0,1.0,1.0
8db7f47f,RJW Topley,2024,ipl_by_season,False,1,0,1,3.0,6,,3.0,3.0,0,0.0,1.0,1.0,1.0
b63e358a,RK Bhui,2018,ipl_by_season,False,1,1,0,0.0,5,0.0,0.0,0.0,1,1.0,0.0,0.0,0.0
b63e358a,RK Bhui,2019,ipl_by_season,False,1,1,0,7.0,12,7.0,7.0,7.0,0,0.0,0.0,0.0,0.0
b63e358a,RK Bhui,2024,ipl_by_season,False,2,2,0,3.0,9,1.5,1.5,1.5,1,0.5,0.0,0.0,0.0
0a509d6b,RK Singh,2018,ipl_by_season,False,4,4,0,29.0,31,7.25,7.25,5.5,0,0.0,0.0,0.0,0.0
0a509d6b,RK Singh,2019,ipl_by_season,False,3,2,1,37.0,34,18.5,12.333333333333334,4.0,0,0.0,0.5,0.5,0.0
0a509d6b,RK Singh,2020,ipl_by_season,False,1,1,0,11.0,11,11.0,11.0,11.0,0,0.0,0.0,0.0,0.0
0a509d6b,RK Singh,2022,ipl_by_season,True,7,5,2,174.0,117,34.8,24.857142857142858,23.0,0,0.0,0.7142857142857144,0.5714285714285715,0.19047619047619052
0a509d6b,RK Singh,2023,ipl_by_season,True,14,8,6,474.0,317,59.25,33.857142857142854,33.5,0,0.0,0.6349206349206349,0.6349206349206349,0.4535147392290249
0a509d6b,RK Singh,2024,ipl_by_season,True,11,9,2,168.0,113,18.666666666666668,15.272727272727273,16.0,0,0.0,0.5050505050505051,0.0,0.0
0a509d6b,RK Singh,2025,ipl_by_season,True,11,7,4,206.0,134,29.428571428571427,18.727272727272727,17.0,0,0.0,0.4242424242424243,0.4242424242424243,0.21212121212121215
0a509d6b,RK Singh,2026,ipl_by_season,True,11,5,6,295.0,198,59.0,26.818181818181817,22.0,1,0.09090909090909091,0.6363636363636362,0.6363636363636362,0.4772727272727272
c740ea83,RM Patidar,2021,ipl_by_season,False,4,4,0,71.0,62,17.75,17.75,19.5,0,0.0,0.5,0.5,0.0
c740ea83,RM Patidar,2022,ipl_by_season,True,7,6,1,333.0,218,55.5,47.57142857142857,48.0,0,0.0,0.8571428571428572,0.5714285714285715,0.4285714285714286
c740ea83,RM Patidar,2024,ipl_by_season,True,13,13,0,395.0,223,30.384615384615383,30.384615384615383,34.0,1,0.07692307692307693,0.6153846153846153,0.5384615384615384,0.38461538461538464
c740ea83,RM Patidar,2025,ipl_by_season,True,14,13,1,312.0,217,24.0,22.285714285714285,16.5,0,0.0,0.48979591836734687,0.24489795918367346,0.163265306122449
c740ea83,RM Patidar,2026,ipl_by_season,True,14,12,2,501.0,260,41.75,35.785714285714285,29.0,0,0.0,0.5714285714285714,0.5,0.4285714285714286
64775749,RP Meredith,2022,ipl_by_season,False,1,0,1,0.0,1,,0.0,0.0,0,0.0,1.0,1.0,1.0
64775749,RP Meredith,2023,ipl_by_season,False,1,0,1,0.0,2,,0.0,0.0,0,0.0,1.0,1.0,1.0
919a3be2,RR Pant,2018,ipl_by_season,True,14,13,1,684.0,394,52.61538461538461,48.857142857142854,45.0,1,0.07142857142857142,0.7857142857142857,0.6428571428571429,0.4285714285714286
919a3be2,RR Pant,2019,ipl_by_season,True,16,13,3,488.0,300,37.53846153846154,30.5,24.0,0,0.0,0.5625,0.4375,0.1875
919a3be2,RR Pant,2020,ipl_by_season,True,14,11,3,343.0,301,31.181818181818183,24.5,27.5,0,0.0,0.7615384615384615,0.5076923076923077,0.12692307692307692
919a3be2,RR Pant,2021,ipl_by_season,True,16,12,4,419.0,326,34.916666666666664,26.1875,20.0,0,0.0,0.5555555555555556,0.41666666666666674,0.25000000000000006
919a3be2,RR Pant,2022,ipl_by_season,True,13,11,2,340.0,224,30.90909090909091,26.153846153846153,27.0,0,0.0,0.7692307692307692,0.5128205128205128,0.0
919a3be2,RR Pant,2024,ipl_by_season,True,13,11,2,446.0,287,40.54545454545455,34.30769230769231,29.0,0,0.0,0.7615384615384615,0.5076923076923077,0.25384615384615383
919a3be2,RR Pant,2025,ipl_by_season,True,13,11,2,269.0,202,24.454545454545453,20.692307692307693,7.0,2,0.15384615384615385,0.2884615384615385,0.19230769230769235,0.19230769230769235
919a3be2,RR Pant,2026,ipl_by_season,True,13,11,2,312.0,226,28.363636363636363,24.0,18.0,1,0.07692307692307693,0.46153846153846156,0.38461538461538464,0.09615384615384617
cad00a4d,RR Rossouw,2023,ipl_by_season,True,9,7,2,209.0,141,29.857142857142858,23.22222222222222,14.0,2,0.2222222222222222,0.4444444444444446,0.4444444444444446,0.22222222222222232
cad00a4d,RR Rossouw,2024,ipl_by_season,True,8,8,0,211.0,116,26.375,26.375,24.0,1,0.125,0.625,0.375,0.125
60500956,RV Patel,2021,ipl_by_season,False,2,1,1,25.0,27,25.0,12.5,12.5,0,0.0,0.0,0.0,0.0
60500956,RV Patel,2022,ipl_by_season,False,1,1,0,6.0,3,6.0,6.0,6.0,0,0.0,0.0,0.0,0.0
60500956,RV Patel,2023,ipl_by_season,False,4,3,1,49.0,43,16.333333333333332,12.25,10.5,0,0.0,0.5,0.0,0.0
1c17e270,RV Uthappa,2018,ipl_by_season,True,16,16,0,351.0,265,21.9375,21.9375,19.0,0,0.0,0.5,0.375,0.0625
1c17e270,RV Uthappa,2019,ipl_by_season,True,11,9,2,282.0,245,31.333333333333332,25.636363636363637,26.0,1,0.09090909090909091,0.6363636363636364,0.43636363636363645,0.10909090909090913
1c17e270,RV Uthappa,2020,ipl_by_season,True,12,12,0,196.0,164,16.333333333333332,16.333333333333332,15.0,0,0.0,0.25,0.25,0.0
1c17e270,RV Uthappa,2021,ipl_by_season,False,4,4,0,115.0,84,28.75,28.75,25.0,0,0.0,0.5,0.5,0.25
1c17e270,RV Uthappa,2022,ipl_by_season,True,11,11,0,230.0,171,20.90909090909091,20.90909090909091,13.0,1,0.09090909090909091,0.36363636363636376,0.2727272727272728,0.1818181818181819
0bacade8,Rahmanullah Gurbaz,2023,ipl_by_season,True,11,11,0,227.0,170,20.636363636363637,20.636363636363637,15.0,2,0.18181818181818182,0.2727272727272727,0.18181818181818182,0.18181818181818182
0bacade8,Rahmanullah Gurbaz,2024,ipl_by_season,False,2,2,0,62.0,46,31.0,31.0,31.0,0,0.0,1.0,0.5,0.0
0bacade8,Rahmanullah Gurbaz,2025,ipl_by_season,True,5,4,1,74.0,53,18.5,14.8,11.0,0,0.0,0.5333333333333334,0.2666666666666667,0.0
be24ead0,Ramandeep Singh,2022,ipl_by_season,False,4,2,2,45.0,40,22.5,11.25,12.5,0,0.0,0.5,0.5,0.5
be24ead0,Ramandeep Singh,2024,ipl_by_season,True,9,4,5,125.0,62,31.25,13.88888888888889,13.0,0,0.0,0.6000000000000001,0.6000000000000001,0.0
be24ead0,Ramandeep Singh,2025,ipl_by_season,True,7,5,2,47.0,35,9.4,6.714285714285714,4.0,1,0.14285714285714285,0.28571428571428575,0.0,0.0
be24ead0,Ramandeep Singh,2026,ipl_by_season,True,6,5,1,82.0,68,16.4,13.666666666666666,10.0,0,0.0,0.2,0.2,0.0
5f547c8b,Rashid Khan,2018,ipl_by_season,True,7,5,2,59.0,31,11.8,8.428571428571429,1.0,2,0.2857142857142857,0.28571428571428575,0.28571428571428575,0.28571428571428575
5f547c8b,Rashid Khan,2019,ipl_by_season,True,7,5,2,34.0,23,6.8,4.857142857142857,1.0,3,0.42857142857142855,0.2857142857142857,0.2857142857142857,0.2857142857142857
5f547c8b,Rashid Khan,2020,ipl_by_season,True,6,4,2,35.0,30,8.75,5.833333333333333,4.5,1,0.16666666666666666,0.0,0.0,0.0
5f547c8b,Rashid Khan,2021,ipl_by_season,True,10,8,2,83.0,69,10.375,8.3,7.5,3,0.3,0.24000000000000002,0.0,0.0
5f547c8b,Rashid Khan,2022,ipl_by_season,True,8,4,4,91.0,44,22.75,11.375,0.5,3,0.375,0.625,0.625,0.0
5f547c8b,Rashid Khan,2023,ipl_by_season,True,9,4,5,130.0,60,32.5,14.444444444444445,3.0,2,0.2222222222222222,0.6666666666666667,0.6666666666666667,0.33333333333333337
5f547c8b,Rashid Khan,2024,ipl_by_season,True,8,5,3,102.0,71,20.4,12.75,11.0,1,0.125,0.46875,0.46875,0.0
5f547c8b,Rashid Khan,2025,ipl_by_season,True,8,5,3,40.0,28,8.0,5.0,4.0,1,0.125,0.0,0.0,0.0
5f547c8b,Rashid Khan,2026,ipl_by_season,True,6,4,2,50.0,41,12.5,8.333333333333334,7.0,0,0.0,0.30000000000000004,0.0,0.0
b8527c3d,Rasikh Salam,2019,ipl_by_season,False,1,0,1,5.0,4,,5.0,5.0,0,0.0,1.0,1.0,1.0
b8527c3d,Rasikh Salam,2022,ipl_by_season,False,1,1,0,7.0,6,7.0,7.0,7.0,0,0.0,0.0,0.0,0.0
b8527c3d,Rasikh Salam,2024,ipl_by_season,False,4,4,0,28.0,30,7.0,7.0,8.5,0,0.0,0.0,0.0,0.0
b8527c3d,Rasikh Salam,2026,ipl_by_season,False,1,0,1,3.0,2,,3.0,3.0,0,0.0,1.0,1.0,1.0
df064e1a,Ravi Bishnoi,2020,ipl_by_season,False,2,1,1,7.0,12,7.0,3.5,3.5,0,0.0,0.5,0.5,0.5
df064e1a,Ravi Bishnoi,2021,ipl_by_season,False,1,1,0,1.0,4,1.0,1.0,1.0,0,0.0,0.0,0.0,0.0
df064e1a,Ravi Bishnoi,2022,ipl_by_season,False,1,0,1,0.0,1,,0.0,0.0,0,0.0,1.0,1.0,1.0
df064e1a,Ravi Bishnoi,2023,ipl_by_season,True,7,3,4,20.0,27,6.666666666666667,2.857142857142857,3.0,0,0.0,0.0,0.0,0.0
df064e1a,Ravi Bishnoi,2024,ipl_by_season,False,3,3,0,4.0,6,1.3333333333333333,1.3333333333333333,2.0,1,0.3333333333333333,0.0,0.0,0.0
df064e1a,Ravi Bishnoi,2025,ipl_by_season,False,2,2,0,13.0,16,6.5,6.5,6.5,1,0.5,0.0,0.0,0.0
df064e1a,Ravi Bishnoi,2026,ipl_by_season,False,2,2,0,0.0,3,0.0,0.0,0.0,2,1.0,0.0,0.0,0.0
548516a6,Ravi Singh,2026,ipl_by_season,False,1,1,0,4.0,2,4.0,4.0,4.0,0,0.0,0.0,0.0,0.0
7aa74830,S Arora,2026,ipl_by_season,True,10,6,4,121.0,77,20.166666666666668,12.1,9.5,1,0.1,0.28571428571428575,0.28571428571428575,0.28571428571428575
0a476045,S Dhawan,2018,ipl_by_season,True,16,13,3,497.0,363,38.23076923076923,31.0625,22.0,1,0.0625,0.5357142857142858,0.4687500000000001,0.26785714285714296
0a476045,S Dhawan,2019,ipl_by_season,True,16,15,1,521.0,384,34.733333333333334,32.5625,24.5,1,0.0625,0.5,0.5,0.3125
0a476045,S Dhawan,2020,ipl_by_season,True,17,14,3,618.0,427,44.142857142857146,36.35294117647059,32.0,4,0.23529411764705882,0.5882352941176471,0.5294117647058824,0.35294117647058826
0a476045,S Dhawan,2021,ipl_by_season,True,16,15,1,587.0,471,39.13333333333333,36.6875,37.5,0,0.0,0.6875,0.5625,0.1875
0a476045,S Dhawan,2022,ipl_by_season,True,14,12,2,460.0,375,38.333333333333336,32.857142857142854,27.0,0,0.0,0.5714285714285714,0.5,0.2142857142857143
0a476045,S Dhawan,2023,ipl_by_season,True,11,9,2,373.0,261,41.44444444444444,33.90909090909091,28.0,1,0.09090909090909091,0.5454545454545454,0.45454545454545453,0.2727272727272727
0a476045,S Dhawan,2024,ipl_by_season,True,5,5,0,152.0,121,30.4,30.4,22.0,0,0.0,0.6000000000000001,0.4000000000000001,0.20000000000000004
a4e37e47,S Dube,2019,ipl_by_season,False,4,3,1,40.0,33,13.333333333333334,10.0,7.0,0,0.0,0.5,0.0,0.0
a4e37e47,S Dube,2020,ipl_by_season,True,9,7,2,129.0,105,18.428571428571427,14.333333333333334,12.0,0,0.0,0.33333333333333337,0.16666666666666669,0.16666666666666669
a4e37e47,S Dube,2021,ipl_by_season,True,9,8,1,230.0,193,28.75,25.555555555555557,22.0,0,0.0,0.5555555555555556,0.33333333333333337,0.11111111111111113
a4e37e47,S Dube,2022,ipl_by_season,True,11,10,1,289.0,185,28.9,26.272727272727273,13.0,1,0.09090909090909091,0.36363636363636376,0.36363636363636376,0.1818181818181819
a4e37e47,S Dube,2023,ipl_by_season,True,14,11,3,418.0,264,38.0,29.857142857142858,27.5,0,0.0,0.7857142857142857,0.4017857142857143,0.4017857142857143
a4e37e47,S Dube,2024,ipl_by_season,True,14,11,3,396.0,244,36.0,28.285714285714285,24.5,2,0.14285714285714285,0.5714285714285715,0.4285714285714287,0.3214285714285715
a4e37e47,S Dube,2025,ipl_by_season,True,14,11,3,357.0,270,32.45454545454545,25.5,18.5,0,0.0,0.4642857142857143,0.4642857142857143,0.1392857142857143
a4e37e47,S Dube,2026,ipl_by_season,True,12,7,5,270.0,170,38.57142857142857,22.5,20.5,0,0.0,0.7291666666666666,0.3645833333333333,0.0
7a8bd078,S Gopal,2018,ipl_by_season,False,4,3,1,50.0,45,16.666666666666668,12.5,13.0,1,0.25,0.375,0.0,0.0
7a8bd078,S Gopal,2019,ipl_by_season,True,7,4,3,63.0,46,15.75,9.0,12.0,2,0.2857142857142857,0.26785714285714285,0.26785714285714285,0.26785714285714285
7a8bd078,S Gopal,2020,ipl_by_season,True,5,4,1,37.0,39,9.25,7.4,5.0,0,0.0,0.20000000000000004,0.20000000000000004,0.20000000000000004
7a8bd078,S Gopal,2021,ipl_by_season,False,2,1,1,7.0,5,7.0,3.5,3.5,1,0.5,0.5,0.5,0.5
7a8bd078,S Gopal,2022,ipl_by_season,False,1,0,1,9.0,7,,9.0,9.0,0,0.0,1.0,1.0,1.0
dcf81436,S Kaul,2018,ipl_by_season,False,3,3,0,3.0,14,1.0,1.0,1.0,1,0.3333333333333333,0.0,0.0,0.0
dcf81436,S Kaul,2019,ipl_by_season,False,1,1,0,0.0,1,0.0,0.0,0.0,1,1.0,0.0,0.0,0.0
dcf81436,S Kaul,2021,ipl_by_season,False,2,0,2,8.0,8,,4.0,4.0,0,0.0,1.0,1.0,1.0
b410bd3d,S Lamichhane,2019,ipl_by_season,False,1,1,0,0.0,1,0.0,0.0,0.0,1,1.0,0.0,0.0,0.0
9d80c5e1,S Nadeem,2018,ipl_by_season,False,1,0,1,6.0,8,,6.0,6.0,0,0.0,1.0,1.0,1.0
9d80c5e1,S Nadeem,2020,ipl_by_season,False,2,1,1,7.0,8,7.0,3.5,3.5,0,0.0,0.0,0.0,0.0
9d80c5e1,S Nadeem,2021,ipl_by_season,False,1,1,0,0.0,1,0.0,0.0,0.0,1,1.0,0.0,0.0,0.0
1a2676c5,SA Abbott,2022,ipl_by_season,False,1,1,0,7.0,5,7.0,7.0,7.0,0,0.0,0.0,0.0,0.0
271f83cd,SA Yadav,2018,ipl_by_season,True,14,14,0,512.0,384,36.57142857142857,36.57142857142857,37.0,1,0.07142857142857142,0.7857142857142857,0.6428571428571429,0.28571428571428575
271f83cd,SA Yadav,2019,ipl_by_season,True,15,13,2,424.0,324,32.61538461538461,28.266666666666666,26.0,0,0.0,0.6666666666666667,0.3333333333333334,0.20000000000000007
271f83cd,SA Yadav,2020,ipl_by_season,True,15,12,3,480.0,331,40.0,32.0,27.0,2,0.13333333333333333,0.5866666666666667,0.5133333333333333,0.2933333333333334
271f83cd,SA Yadav,2021,ipl_by_season,True,14,14,0,317.0,221,22.642857142857142,22.642857142857142,14.5,1,0.07142857142857142,0.4285714285714286,0.3571428571428572,0.14285714285714288
271f83cd,SA Yadav,2022,ipl_by_season,True,8,7,1,303.0,208,43.285714285714285,37.875,40.0,0,0.0,0.75,0.75,0.375
271f83cd,SA Yadav,2023,ipl_by_season,True,16,14,2,605.0,334,43.214285714285715,37.8125,29.5,1,0.0625,0.6875,0.5555555555555556,0.41666666666666674
271f83cd,SA Yadav,2024,ipl_by_season,True,11,10,1,345.0,206,34.5,31.363636363636363,11.0,3,0.2727272727272727,0.45454545454545453,0.36363636363636365,0.36363636363636365
271f83cd,SA Yadav,2025,ipl_by_season,True,16,11,5,717.0,427,65.18181818181819,44.8125,42.0,0,0.0,1.0,0.8035714285714286,0.4520089285714287
271f83cd,SA Yadav,2026,ipl_by_season,True,13,13,0,270.0,183,20.76923076923077,20.76923076923077,15.0,2,0.15384615384615385,0.3846153846153846,0.3076923076923077,0.15384615384615388
6b2ff18f,SB Dubey,2024,ipl_by_season,False,3,2,1,33.0,19,16.5,11.0,8.0,1,0.3333333333333333,0.6666666666666667,0.0,0.0
6b2ff18f,SB Dubey,2025,ipl_by_season,True,8,4,4,106.0,66,26.5,13.25,10.5,0,0.0,0.35000000000000003,0.35000000000000003,0.35000000000000003
6b2ff18f,SB Dubey,2026,ipl_by_season,True,6,4,2,81.0,58,20.25,13.5,10.5,0,0.0,0.33333333333333337,0.33333333333333337,0.33333333333333337
1fc6ef83,SD Hope,2024,ipl_by_season,True,9,8,1,183.0,122,22.875,20.333333333333332,19.0,0,0.0,0.5333333333333333,0.4,0.0
9601c534,SD Lad,2019,ipl_by_season,False,1,1,0,15.0,13,15.0,15.0,15.0,0,0.0,0.0,0.0,0.0
d014d5ac,SE Rutherford,2019,ipl_by_season,True,7,5,2,73.0,54,14.6,10.428571428571429,10.0,0,0.0,0.17142857142857146,0.17142857142857146,0.17142857142857146
d014d5ac,SE Rutherford,2022,ipl_by_season,False,2,2,0,33.0,50,16.5,16.5,16.5,0,0.0,0.5,0.0,0.0
d014d5ac,SE Rutherford,2025,ipl_by_season,True,11,9,2,291.0,185,32.333333333333336,26.454545454545453,28.0,1,0.09090909090909091,0.7272727272727272,0.45454545454545453,0.0
d014d5ac,SE Rutherford,2026,ipl_by_season,True,7,5,2,123.0,75,24.6,17.571428571428573,5.0,1,0.14285714285714285,0.5357142857142858,0.17857142857142863,0.17857142857142863
83c3e8e3,SH Johnson,2024,ipl_by_season,False,3,0,3,6.0,7,,2.0,1.0,0,0.0,1.0,1.0,1.0
83c3e8e3,SH Johnson,2025,ipl_by_season,False,2,0,2,2.0,4,,1.0,1.0,0,0.0,1.0,1.0,1.0
83c3e8e3,SH Johnson,2026,ipl_by_season,False,1,1,0,0.0,1,0.0,0.0,0.0,1,1.0,0.0,0.0,0.0
1dc12ab9,SK Raina,2018,ipl_by_season,True,15,12,3,445.0,336,37.083333333333336,29.666666666666668,25.0,0,0.0,0.6000000000000001,0.4666666666666668,0.2666666666666668
1dc12ab9,SK Raina,2019,ipl_by_season,True,17,16,1,383.0,314,23.9375,22.529411764705884,16.0,1,0.058823529411764705,0.35294117647058826,0.35294117647058826,0.17647058823529413
1dc12ab9,SK Raina,2021,ipl_by_season,True,11,9,2,160.0,128,17.77777777777778,14.545454545454545,11.0,0,0.0,0.30303030303030304,0.15151515151515152,0.15151515151515152
cbf58a86,SK Rasheed,2025,ipl_by_season,True,5,5,0,71.0,63,14.2,14.2,14.0,1,0.2,0.20000000000000004,0.0,0.0
e94915e6,SM Curran,2019,ipl_by_season,True,8,4,4,95.0,55,23.75,11.875,5.5,1,0.125,0.4861111111111112,0.2430555555555556,0.2430555555555556
e94915e6,SM Curran,2020,ipl_by_season,True,11,8,3,186.0,141,23.25,16.90909090909091,17.0,2,0.18181818181818182,0.40909090909090917,0.2727272727272728,0.1363636363636364
e94915e6,SM Curran,2021,ipl_by_season,False,4,3,1,56.0,29,18.666666666666668,14.0,9.0,0,0.0,0.375,0.375,0.0
e94915e6,SM Curran,2023,ipl_by_season,True,13,10,3,276.0,203,27.6,21.23076923076923,21.0,0,0.0,0.6666666666666666,0.22222222222222227,0.22222222222222227
e94915e6,SM Curran,2024,ipl_by_season,True,12,10,2,270.0,219,27.0,22.5,21.0,1,0.08333333333333333,0.5833333333333333,0.22222222222222227,0.22222222222222227
e94915e6,SM Curran,2025,ipl_by_season,True,5,5,0,114.0,84,22.8,22.8,8.0,0,0.0,0.20000000000000004,0.20000000000000004,0.20000000000000004
f088b960,SN Khan,2018,ipl_by_season,True,6,5,1,51.0,41,10.2,8.5,6.5,1,0.16666666666666666,0.16666666666666669,0.16666666666666669,0.16666666666666669
f088b960,SN Khan,2019,ipl_by_season,True,5,4,1,180.0,143,45.0,36.0,39.0,0,0.0,0.6000000000000001,0.6000000000000001,0.4000000000000001
f088b960,SN Khan,2020,ipl_by_season,False,3,2,1,33.0,29,16.5,11.0,12.0,0,0.0,0.33333333333333337,0.33333333333333337,0.33333333333333337
f088b960,SN Khan,2021,ipl_by_season,False,2,2,0,0.0,4,0.0,0.0,0.0,2,1.0,0.0,0.0,0.0
f088b960,SN Khan,2022,ipl_by_season,True,5,3,2,91.0,67,30.333333333333332,18.2,12.0,0,0.0,0.6000000000000001,0.6000000000000001,0.30000000000000004
f088b960,SN Khan,2023,ipl_by_season,False,4,4,0,53.0,62,13.25,13.25,9.5,0,0.0,0.25,0.25,0.0
f088b960,SN Khan,2026,ipl_by_season,True,7,7,0,161.0,95,23.0,23.0,23.0,1,0.14285714285714285,0.5714285714285715,0.28571428571428575,0.14285714285714288
1abb78f8,SN Thakur,2018,ipl_by_season,False,1,0,1,15.0,5,,15.0,15.0,0,0.0,1.0,1.0,1.0
1abb78f8,SN Thakur,2019,ipl_by_season,False,3,2,1,14.0,7,7.0,4.666666666666667,2.0,1,0.3333333333333333,0.33333333333333337,0.33333333333333337,0.33333333333333337
1abb78f8,SN Thakur,2020,ipl_by_season,False,2,1,1,12.0,21,12.0,6.0,6.0,0,0.0,0.0,0.0,0.0
1abb78f8,SN Thakur,2021,ipl_by_season,False,4,2,2,5.0,5,2.5,1.25,1.0,1,0.25,0.5,0.5,0.5
1abb78f8,SN Thakur,2022,ipl_by_season,True,10,8,2,120.0,87,15.0,12.0,9.0,0,0.0,0.36,0.12000000000000001,0.12000000000000001
1abb78f8,SN Thakur,2023,ipl_by_season,True,9,8,1,113.0,70,14.125,12.555555555555555,8.0,2,0.2222222222222222,0.14814814814814822,0.14814814814814822,0.14814814814814822
1abb78f8,SN Thakur,2024,ipl_by_season,False,3,1,2,21.0,17,21.0,7.0,3.0,0,0.0,0.0,0.0,0.0
1abb78f8,SN Thakur,2025,ipl_by_season,True,5,3,2,18.0,12,6.0,3.6,4.0,1,0.2,0.0,0.0,0.0
1abb78f8,SN Thakur,2026,ipl_by_season,False,3,2,1,24.0,30,12.0,8.0,8.0,0,0.0,0.33333333333333337,0.33333333333333337,0.33333333333333337
48a1d7b7,SO Hetmyer,2019,ipl_by_season,True,5,5,0,90.0,73,18.0,18.0,5.0,1,0.2,0.20000000000000004,0.20000000000000004,0.20000000000000004
48a1d7b7,SO Hetmyer,2020,ipl_by_season,True,11,8,3,185.0,125,23.125,16.818181818181817,11.0,0,0.0,0.3835227272727273,0.25568181818181823,0.0
48a1d7b7,SO Hetmyer,2021,ipl_by_season,True,12,7,5,242.0,144,34.57142857142857,20.166666666666668,16.5,0,0.0,0.5965909090909091,0.31818181818181823,0.15909090909090912
48a1d7b7,SO Hetmyer,2022,ipl_by_season,True,15,7,8,314.0,204,44.857142857142854,20.933333333333334,26.0,0,0.0,0.6837606837606837,0.5698005698005697,0.2849002849002849
48a1d7b7,SO Hetmyer,2023,ipl_by_season,True,13,8,5,299.0,197,37.375,23.0,22.0,0,0.0,0.5982905982905983,0.5982905982905983,0.1794871794871795
48a1d7b7,SO Hetmyer,2024,ipl_by_season,True,9,5,4,113.0,69,22.6,12.555555555555555,13.0,1,0.1111111111111111,0.5333333333333333,0.26666666666666666,0.26666666666666666
48a1d7b7,SO Hetmyer,2025,ipl_by_season,True,13,11,2,239.0,164,21.727272727272727,18.384615384615383,12.0,1,0.07692307692307693,0.43076923076923085,0.21538461538461545,0.10769230769230773
48a1d7b7,SO Hetmyer,2026,ipl_by_season,True,7,6,1,78.0,69,13.0,11.142857142857142,11.0,1,0.14285714285714285,0.17857142857142863,0.0,0.0
541f85c9,SP Goswami,2018,ipl_by_season,False,3,3,0,52.0,40,17.333333333333332,17.333333333333332,12.0,0,0.0,0.33333333333333337,0.33333333333333337,0.0
541f85c9,SP Goswami,2020,ipl_by_season,False,2,2,0,0.0,4,0.0,0.0,0.0,2,1.0,0.0,0.0,0.0
acc1aeda,SP Jackson,2022,ipl_by_season,True,5,4,1,23.0,26,5.75,4.6,5.0,1,0.2,0.0,0.0,0.0
9d430b40,SP Narine,2018,ipl_by_season,True,16,16,0,357.0,188,22.3125,22.3125,23.5,0,0.0,0.5625,0.25,0.125
9d430b40,SP Narine,2019,ipl_by_season,True,8,8,0,143.0,86,17.875,17.875,14.5,0,0.0,0.375,0.125,0.0
9d430b40,SP Narine,2020,ipl_by_season,True,9,9,0,121.0,85,13.444444444444445,13.444444444444445,7.0,2,0.2222222222222222,0.11111111111111116,0.11111111111111116,0.11111111111111116
9d430b40,SP Narine,2021,ipl_by_season,True,10,8,2,62.0,47,7.75,6.2,2.5,3,0.3,0.2916666666666667,0.0,0.0
9d430b40,SP Narine,2022,ipl_by_season,True,10,8,2,71.0,40,8.875,7.1,4.5,3,0.3,0.2333333333333334,0.0,0.0
9d430b40,SP Narine,2023,ipl_by_season,True,10,7,3,21.0,25,3.0,2.1,1.0,3,0.3,0.15555555555555559,0.15555555555555559,0.15555555555555559
9d430b40,SP Narine,2024,ipl_by_season,True,14,14,0,488.0,270,34.857142857142854,34.857142857142854,18.0,1,0.07142857142857142,0.5000000000000001,0.35714285714285726,0.2857142857142858
9d430b40,SP Narine,2025,ipl_by_season,True,12,11,1,246.0,144,22.363636363636363,20.5,21.5,1,0.08333333333333333,0.55,0.3666666666666667,0.0
9d430b40,SP Narine,2026,ipl_by_season,False,4,3,1,40.0,32,13.333333333333334,10.0,8.0,1,0.25,0.375,0.0,0.0
30a45b23,SPD Smith,2019,ipl_by_season,True,10,8,2,319.0,275,39.875,31.9,25.0,0,0.0,0.7,0.4,0.30000000000000004
30a45b23,SPD Smith,2020,ipl_by_season,True,14,12,2,311.0,237,25.916666666666668,22.214285714285715,15.0,0,0.0,0.4285714285714285,0.3571428571428571,0.3571428571428571
30a45b23,SPD Smith,2021,ipl_by_season,True,7,6,1,152.0,135,25.333333333333332,21.714285714285715,24.0,0,0.0,0.5714285714285715,0.4285714285714286,0.0
11061889,SR Dubey,2026,ipl_by_season,False,1,0,1,4.0,2,,4.0,4.0,0,0.0,1.0,1.0,1.0
4329fbb5,SR Watson,2018,ipl_by_season,True,15,14,1,555.0,359,39.642857142857146,37.0,16.0,1,0.06666666666666667,0.4666666666666668,0.4666666666666668,0.2666666666666668
4329fbb5,SR Watson,2019,ipl_by_season,True,17,17,0,398.0,312,23.41176470588235,23.41176470588235,10.0,3,0.17647058823529413,0.35294117647058826,0.29411764705882354,0.17647058823529413
4329fbb5,SR Watson,2020,ipl_by_season,True,11,10,1,299.0,247,29.9,27.181818181818183,14.0,0,0.0,0.4545454545454545,0.4545454545454545,0.18181818181818182
a1d053dd,SS Cottrell,2020,ipl_by_season,False,1,1,0,0.0,2,0.0,0.0,0.0,1,1.0,0.0,0.0,0.0
85ec8e33,SS Iyer,2018,ipl_by_season,True,13,11,2,411.0,310,37.36363636363637,31.615384615384617,27.0,0,0.0,0.5384615384615384,0.5384615384615384,0.35897435897435903
85ec8e33,SS Iyer,2019,ipl_by_season,True,16,15,1,463.0,386,30.866666666666667,28.9375,23.0,0,0.0,0.5,0.4375,0.1875
85ec8e33,SS Iyer,2020,ipl_by_season,True,17,15,2,519.0,421,34.6,30.529411764705884,23.0,0,0.0,0.6470588235294118,0.35294117647058826,0.17647058823529413
85ec8e33,SS Iyer,2021,ipl_by_season,True,8,5,3,175.0,171,35.0,21.875,24.0,0,0.0,0.5,0.5,0.25
85ec8e33,SS Iyer,2022,ipl_by_season,True,14,13,1,401.0,298,30.846153846153847,28.642857142857142,23.0,0,0.0,0.5714285714285714,0.40816326530612246,0.2448979591836735
85ec8e33,SS Iyer,2024,ipl_by_season,True,14,9,5,351.0,239,39.0,25.071428571428573,25.5,1,0.07142857142857142,0.6233766233766234,0.4675324675324675,0.37402597402597404
85ec8e33,SS Iyer,2025,ipl_by_season,True,17,12,5,604.0,345,50.333333333333336,35.529411764705884,26.0,1,0.058823529411764705,0.5882352941176471,0.5882352941176471,0.4411764705882354
85ec8e33,SS Iyer,2026,ipl_by_season,True,13,9,4,498.0,295,55.333333333333336,38.30769230769231,30.0,0,0.0,0.5384615384615384,0.5384615384615384,0.46153846153846156
92500ad5,SS Mishra,2026,ipl_by_season,False,1,0,1,1.0,3,,1.0,1.0,0,0.0,1.0,1.0,1.0
9385de2e,SS Prabhudessai,2022,ipl_by_season,True,5,5,0,67.0,59,13.4,13.4,10.0,0,0.0,0.20000000000000004,0.20000000000000004,0.0
9385de2e,SS Prabhudessai,2023,ipl_by_season,False,4,4,0,35.0,29,8.75,8.75,8.0,1,0.25,0.0,0.0,0.0
9385de2e,SS Prabhudessai,2024,ipl_by_season,False,1,1,0,24.0,18,24.0,24.0,24.0,0,0.0,1.0,0.0,0.0
709b0bac,SS Tiwary,2020,ipl_by_season,True,5,5,0,103.0,80,20.6,20.6,21.0,0,0.0,0.6000000000000001,0.4000000000000001,0.0
709b0bac,SS Tiwary,2021,ipl_by_season,False,4,2,2,115.0,97,57.5,28.75,30.0,0,0.0,0.6666666666666667,0.6666666666666667,0.33333333333333337
bd17b45f,STR Binny,2018,ipl_by_season,True,5,5,0,44.0,39,8.8,8.8,10.0,1,0.2,0.20000000000000004,0.0,0.0
bd17b45f,STR Binny,2019,ipl_by_season,True,5,3,2,70.0,40,23.333333333333332,14.0,11.0,1,0.2,0.2666666666666667,0.2666666666666667,0.2666666666666667
926c7443,SU Parakh,2026,ipl_by_season,False,4,4,0,46.0,33,11.5,11.5,11.0,1,0.25,0.25,0.0,0.0
a4cc73aa,SV Samson,2018,ipl_by_season,True,15,14,1,441.0,320,31.5,29.4,26.0,1,0.06666666666666667,0.6666666666666667,0.40000000000000013,0.20000000000000007
a4cc73aa,SV Samson,2019,ipl_by_season,True,12,10,2,342.0,230,34.2,28.5,27.5,1,0.08333333333333333,0.6666666666666666,0.4166666666666667,0.16666666666666669
a4cc73aa,SV Samson,2020,ipl_by_season,True,14,13,1,375.0,236,28.846153846153847,26.785714285714285,17.0,2,0.14285714285714285,0.5,0.3571428571428572,0.2142857142857143
a4cc73aa,SV Samson,2021,ipl_by_season,True,14,12,2,484.0,354,40.333333333333336,34.57142857142857,24.5,0,0.0,0.5714285714285713,0.4285714285714285,0.2678571428571428
a4cc73aa,SV Samson,2022,ipl_by_season,True,17,16,1,458.0,312,28.625,26.941176470588236,23.0,0,0.0,0.5882352941176471,0.411764705882353,0.15686274509803927
a4cc73aa,SV Samson,2023,ipl_by_season,True,14,12,2,362.0,236,30.166666666666668,25.857142857142858,19.5,2,0.14285714285714285,0.5000000000000001,0.4285714285714287,0.2857142857142858
a4cc73aa,SV Samson,2024,ipl_by_season,True,15,11,4,531.0,346,48.27272727272727,35.4,18.0,1,0.06666666666666667,0.4,0.4,0.4
a4cc73aa,SV Samson,2025,ipl_by_season,True,9,8,1,285.0,203,35.625,31.666666666666668,31.0,0,0.0,0.7777777777777777,0.5555555555555555,0.1388888888888889
a4cc73aa,SV Samson,2026,ipl_by_season,True,14,11,3,477.0,288,43.36363636363637,34.07142857142857,15.5,1,0.07142857142857142,0.5000000000000001,0.2857142857142858,0.21428571428571436
c16d4035,SW Billings,2018,ipl_by_season,True,8,8,0,108.0,78,13.5,13.5,6.0,1,0.125,0.25,0.125,0.125
c16d4035,SW Billings,2019,ipl_by_season,False,1,1,0,0.0,4,0.0,0.0,0.0,1,1.0,0.0,0.0,0.0
c16d4035,SW Billings,2022,ipl_by_season,True,8,7,1,169.0,138,24.142857142857142,21.125,20.5,0,0.0,0.5,0.33333333333333337,0.0
9d704f6f,SZ Mulani,2024,ipl_by_season,False,1,0,1,1.0,1,,1.0,1.0,0,0.0,1.0,1.0,1.0
dc9dd038,Sachin Baby,2021,ipl_by_season,False,1,1,0,7.0,17,7.0,7.0,7.0,0,0.0,0.0,0.0,0.0
280fff14,Sakib Hussain,2026,ipl_by_season,False,1,0,1,5.0,7,,5.0,5.0,0,0.0,1.0,1.0,1.0
d7423da1,Salil Arora,2026,ipl_by_season,False,1,1,0,35.0,21,35.0,35.0,35.0,0,0.0,1.0,1.0,0.0
f89d3b11,Sameer Rizvi,2024,ipl_by_season,True,5,4,1,51.0,43,12.75,10.2,14.0,1,0.2,0.4000000000000001,0.0,0.0
f89d3b11,Sameer Rizvi,2025,ipl_by_season,False,4,3,1,121.0,79,40.333333333333336,30.25,29.5,0,0.0,0.75,0.5,0.25
f89d3b11,Sameer Rizvi,2026,ipl_by_season,True,9,7,2,252.0,171,36.0,28.0,6.0,2,0.2222222222222222,0.4444444444444446,0.4444444444444446,0.29629629629629645
ce820073,Sandeep Sharma,2018,ipl_by_season,False,3,2,1,0.0,4,0.0,0.0,0.0,2,0.6666666666666666,0.33333333333333337,0.33333333333333337,0.33333333333333337
ce820073,Sandeep Sharma,2019,ipl_by_season,False,2,0,2,6.0,3,,3.0,3.0,0,0.0,1.0,1.0,1.0
ce820073,Sandeep Sharma,2020,ipl_by_season,True,5,2,3,12.0,15,6.0,2.4,1.0,1,0.2,0.0,0.0,0.0
ce820073,Sandeep Sharma,2021,ipl_by_season,False,2,1,1,8.0,7,8.0,4.0,4.0,1,0.5,0.5,0.5,0.5
ce820073,Sandeep Sharma,2023,ipl_by_season,False,2,0,2,2.0,6,,1.0,1.0,0,0.0,1.0,1.0,1.0
ce820073,Sandeep Sharma,2025,ipl_by_season,False,1,0,1,6.0,5,,6.0,6.0,0,0.0,1.0,1.0,1.0
b0f2baf4,Sanvir Singh,2023,ipl_by_season,False,2,1,1,11.0,9,11.0,5.5,5.5,0,0.0,0.0,0.0,0.0
b0f2baf4,Sanvir Singh,2024,ipl_by_season,False,3,1,2,14.0,12,14.0,4.666666666666667,6.0,1,0.3333333333333333,0.6666666666666667,0.6666666666666667,0.6666666666666667
9e7225b0,Saurav Chauhan,2024,ipl_by_season,False,3,3,0,18.0,15,6.0,6.0,9.0,1,0.3333333333333333,0.0,0.0,0.0
3c28853f,Sediqullah Atal,2025,ipl_by_season,False,1,1,0,22.0,16,22.0,22.0,22.0,0,0.0,1.0,0.0,0.0
f9e6e7ef,Shahbaz Ahmed,2020,ipl_by_season,False,1,0,1,1.0,1,,1.0,1.0,0,0.0,1.0,1.0,1.0
f9e6e7ef,Shahbaz Ahmed,2021,ipl_by_season,True,7,7,0,59.0,53,8.428571428571429,8.428571428571429,8.0,0,0.0,0.0,0.0,0.0
f9e6e7ef,Shahbaz Ahmed,2022,ipl_by_season,True,11,8,3,219.0,181,27.375,19.90909090909091,17.0,0,0.0,0.5892255892255892,0.35353535353535354,0.0
f9e6e7ef,Shahbaz Ahmed,2023,ipl_by_season,True,6,4,2,42.0,39,10.5,7.0,3.5,0,0.0,0.25,0.25,0.25
f9e6e7ef,Shahbaz Ahmed,2024,ipl_by_season,True,12,9,3,215.0,166,23.88888888888889,17.916666666666668,15.0,1,0.08333333333333333,0.29166666666666663,0.19444444444444445,0.19444444444444445
f9e6e7ef,Shahbaz Ahmed,2025,ipl_by_season,False,1,1,0,9.0,8,9.0,9.0,9.0,0,0.0,0.0,0.0,0.0
f9e6e7ef,Shahbaz Ahmed,2026,ipl_by_season,False,2,0,2,58.0,41,,29.0,29.0,0,0.0,1.0,1.0,1.0
7dc35884,Shakib Al Hasan,2018,ipl_by_season,True,13,11,2,239.0,197,21.727272727272727,18.384615384615383,23.0,0,0.0,0.5923076923076923,0.10576923076923081,0.0
7dc35884,Shakib Al Hasan,2019,ipl_by_season,False,1,1,0,9.0,10,9.0,9.0,9.0,0,0.0,0.0,0.0,0.0
7dc35884,Shakib Al Hasan,2021,ipl_by_season,True,6,5,1,47.0,48,9.4,7.833333333333333,6.0,2,0.3333333333333333,0.33333333333333337,0.0,0.0
26989d80,Shashank Singh,2022,ipl_by_season,True,5,4,1,69.0,47,17.25,13.8,11.0,0,0.0,0.20000000000000004,0.20000000000000004,0.20000000000000004
26989d80,Shashank Singh,2024,ipl_by_season,True,14,8,6,354.0,215,44.25,25.285714285714285,23.0,2,0.14285714285714285,0.6428571428571429,0.5357142857142858,0.3214285714285715
26989d80,Shashank Singh,2025,ipl_by_season,True,14,7,7,350.0,228,50.0,25.0,20.5,0,0.0,0.5555555555555556,0.4761904761904762,0.4761904761904762
26989d80,Shashank Singh,2026,ipl_by_season,True,9,6,3,132.0,70,22.0,14.666666666666666,14.0,1,0.1111111111111111,0.37037037037037035,0.37037037037037035,0.37037037037037035
c38d3503,Shivam Mavi,2018,ipl_by_season,False,3,3,0,13.0,15,4.333333333333333,4.333333333333333,6.0,1,0.3333333333333333,0.0,0.0,0.0
c38d3503,Shivam Mavi,2020,ipl_by_season,False,3,2,1,10.0,14,5.0,3.3333333333333335,1.0,1,0.3333333333333333,0.0,0.0,0.0
c38d3503,Shivam Mavi,2021,ipl_by_season,False,2,2,0,25.0,20,12.5,12.5,12.5,0,0.0,0.5,0.0,0.0
c38d3503,Shivam Mavi,2022,ipl_by_season,False,3,2,1,3.0,7,1.5,1.0,1.0,1,0.3333333333333333,0.0,0.0,0.0
e1d9ae9c,Shivam Singh,2024,ipl_by_season,False,1,0,1,2.0,3,,2.0,2.0,0,0.0,1.0,1.0,1.0
7b44eb3e,Shivang Kumar,2026,ipl_by_season,True,6,6,0,53.0,46,8.833333333333334,8.833333333333334,4.5,0,0.0,0.16666666666666669,0.0,0.0
b4b99816,Shubman Gill,2018,ipl_by_season,True,10,6,4,203.0,139,33.833333333333336,20.3,15.0,0,0.0,0.675,0.5062500000000001,0.16875000000000004
b4b99816,Shubman Gill,2019,ipl_by_season,True,13,9,4,296.0,238,32.888888888888886,22.76923076923077,9.0,0,0.0,0.372960372960373,0.372960372960373,0.372960372960373
b4b99816,Shubman Gill,2020,ipl_by_season,True,14,13,1,440.0,373,33.84615384615385,31.428571428571427,31.0,0,0.0,0.7142857142857143,0.5,0.2142857142857143
b4b99816,Shubman Gill,2021,ipl_by_season,True,17,17,0,478.0,402,28.11764705882353,28.11764705882353,29.0,1,0.058823529411764705,0.5882352941176471,0.47058823529411764,0.17647058823529413
b4b99816,Shubman Gill,2022,ipl_by_season,True,16,14,2,483.0,365,34.5,30.1875,20.0,2,0.125,0.5,0.4375,0.3125
b4b99816,Shubman Gill,2023,ipl_by_season,True,17,15,2,890.0,564,59.333333333333336,52.35294117647059,45.0,1,0.058823529411764705,0.7647058823529411,0.7647058823529411,0.4117647058823529
b4b99816,Shubman Gill,2024,ipl_by_season,True,12,11,1,426.0,289,38.72727272727273,35.5,25.0,0,0.0,0.5,0.5,0.25
b4b99816,Shubman Gill,2025,ipl_by_season,True,15,13,2,650.0,417,50.0,43.333333333333336,38.0,0,0.0,0.6666666666666667,0.6666666666666667,0.40000000000000013
b4b99816,Shubman Gill,2026,ipl_by_season,True,16,16,0,732.0,449,45.75,45.75,41.0,0,0.0,0.6875,0.6875,0.4375
26d041c4,Sikandar Raza,2023,ipl_by_season,True,7,5,2,139.0,98,27.8,19.857142857142858,13.0,0,0.0,0.47619047619047633,0.47619047619047633,0.23809523809523817
26d041c4,Sikandar Raza,2024,ipl_by_season,False,2,2,0,43.0,38,21.5,21.5,21.5,0,0.0,0.5,0.0,0.0
30df8c66,Simarjeet Singh,2022,ipl_by_season,False,3,1,2,7.0,8,7.0,2.3333333333333335,2.0,0,0.0,0.6666666666666667,0.6666666666666667,0.6666666666666667
30df8c66,Simarjeet Singh,2025,ipl_by_season,False,3,2,1,3.0,7,1.5,1.0,0.0,2,0.6666666666666666,0.33333333333333337,0.33333333333333337,0.33333333333333337
8998a68f,Sumit Kumar,2024,ipl_by_season,False,3,2,1,18.0,24,9.0,6.0,7.0,0,0.0,0.33333333333333337,0.33333333333333337,0.33333333333333337
970ddd24,Suryansh Shedge,2025,ipl_by_season,False,3,3,0,7.0,11,2.3333333333333335,2.3333333333333335,2.0,0,0.0,0.0,0.0,0.0
970ddd24,Suryansh Shedge,2026,ipl_by_season,True,7,4,3,158.0,90,39.5,22.571428571428573,21.0,0,0.0,0.8333333333333334,0.5555555555555557,0.27777777777777785
983f2f61,Swapnil Singh,2023,ipl_by_season,False,1,0,1,2.0,4,,2.0,2.0,0,0.0,1.0,1.0,1.0
983f2f61,Swapnil Singh,2024,ipl_by_season,True,5,2,3,37.0,21,18.5,7.4,9.0,1,0.2,0.4,0.4,0.4
25f7b7d6,T Banton,2020,ipl_by_season,False,2,2,0,18.0,20,9.0,9.0,9.0,0,0.0,0.0,0.0,0.0
f12fe2a1,T Dahiya,2026,ipl_by_season,False,2,2,0,12.0,15,6.0,6.0,6.0,0,0.0,0.0,0.0,0.0
f836b33d,T Kohler-Cadmore,2024,ipl_by_season,False,3,3,0,48.0,54,16.0,16.0,18.0,0,0.0,0.33333333333333337,0.0,0.0
ce794613,T Natarajan,2020,ipl_by_season,False,2,0,2,3.0,5,,1.5,1.5,0,0.0,1.0,1.0,1.0
ce794613,T Natarajan,2026,ipl_by_season,False,1,0,1,1.0,2,,1.0,1.0,0,0.0,1.0,1.0,1.0
a03bba42,T Shamsi,2021,ipl_by_season,False,1,0,1,2.0,4,,2.0,2.0,0,0.0,1.0,1.0,1.0
85b3fab2,T Stubbs,2022,ipl_by_season,False,2,2,0,2.0,4,1.0,1.0,1.0,1,0.5,0.0,0.0,0.0
85b3fab2,T Stubbs,2023,ipl_by_season,False,2,2,0,25.0,31,12.5,12.5,12.5,0,0.0,0.5,0.0,0.0
85b3fab2,T Stubbs,2024,ipl_by_season,True,13,7,6,378.0,198,54.0,29.076923076923077,26.0,1,0.07692307692307693,0.6153846153846153,0.6153846153846153,0.5128205128205128
85b3fab2,T Stubbs,2025,ipl_by_season,True,13,6,7,300.0,199,50.0,23.076923076923077,24.0,0,0.0,0.7692307692307692,0.7692307692307692,0.3846153846153846
85b3fab2,T Stubbs,2026,ipl_by_season,True,13,8,5,275.0,216,34.375,21.153846153846153,12.0,0,0.0,0.55,0.44000000000000006,0.33000000000000007
a818c1be,TA Boult,2018,ipl_by_season,False,1,1,0,0.0,2,0.0,0.0,0.0,1,1.0,0.0,0.0,0.0
a818c1be,TA Boult,2019,ipl_by_season,False,2,1,1,7.0,4,7.0,3.5,3.5,0,0.0,0.0,0.0,0.0
a818c1be,TA Boult,2020,ipl_by_season,False,1,1,0,0.0,1,0.0,0.0,0.0,1,1.0,0.0,0.0,0.0
a818c1be,TA Boult,2021,ipl_by_season,False,2,0,2,1.0,4,,0.5,0.5,0,0.0,1.0,1.0,1.0
a818c1be,TA Boult,2022,ipl_by_season,True,7,2,5,40.0,29,20.0,5.714285714285714,3.0,0,0.0,0.33333333333333337,0.33333333333333337,0.33333333333333337
a818c1be,TA Boult,2023,ipl_by_season,False,4,1,3,16.0,14,16.0,4.0,0.5,0,0.0,0.0,0.0,0.0
a818c1be,TA Boult,2024,ipl_by_season,False,4,2,2,14.0,16,7.0,3.5,1.0,1,0.25,0.0,0.0,0.0
a818c1be,TA Boult,2025,ipl_by_season,False,2,1,1,2.0,3,2.0,1.0,1.0,0,0.0,0.5,0.5,0.5
a818c1be,TA Boult,2026,ipl_by_season,False,2,1,1,8.0,4,8.0,4.0,4.0,0,0.0,0.5,0.5,0.5
13c35c9e,TG Southee,2018,ipl_by_season,False,4,2,2,52.0,46,26.0,13.0,7.5,0,0.0,0.375,0.375,0.375
13c35c9e,TG Southee,2019,ipl_by_season,False,1,0,1,9.0,9,,9.0,9.0,0,0.0,1.0,1.0,1.0
13c35c9e,TG Southee,2021,ipl_by_season,False,1,1,0,3.0,5,3.0,3.0,3.0,0,0.0,0.0,0.0,0.0
13c35c9e,TG Southee,2022,ipl_by_season,True,5,4,1,2.0,12,0.5,0.4,0.0,3,0.6,0.2,0.2,0.2
f1f99156,TH David,2021,ipl_by_season,False,1,1,0,1.0,3,1.0,1.0,1.0,0,0.0,0.0,0.0,0.0
f1f99156,TH David,2022,ipl_by_season,True,8,5,3,186.0,86,37.2,23.25,18.0,0,0.0,0.625,0.625,0.0
f1f99156,TH David,2023,ipl_by_season,True,15,9,6,231.0,146,25.666666666666668,15.4,13.0,2,0.13333333333333333,0.45714285714285724,0.45714285714285724,0.30476190476190484
f1f99156,TH David,2024,ipl_by_season,True,11,8,3,241.0,152,30.125,21.90909090909091,17.0,1,0.09090909090909091,0.45454545454545453,0.36363636363636365,0.24242424242424246
f1f99156,TH David,2025,ipl_by_season,True,9,3,6,187.0,101,62.333333333333336,20.77777777777778,22.0,0,0.0,0.8888888888888888,0.6666666666666666,0.4444444444444445
f1f99156,TH David,2026,ipl_by_season,True,15,9,6,305.0,162,33.888888888888886,20.333333333333332,15.0,1,0.06666666666666667,0.66,0.33000000000000007,0.16500000000000004
e86754b2,TK Curran,2018,ipl_by_season,False,4,3,1,23.0,28,7.666666666666667,5.75,2.0,0,0.0,0.0,0.0,0.0
e86754b2,TK Curran,2020,ipl_by_season,False,4,1,3,83.0,62,83.0,20.75,12.5,0,0.0,0.5,0.5,0.5
e86754b2,TK Curran,2021,ipl_by_season,False,2,1,1,21.0,17,21.0,10.5,10.5,0,0.0,1.0,0.0,0.0
4663bd23,TL Seifert,2021,ipl_by_season,False,1,1,0,2.0,4,2.0,2.0,2.0,0,0.0,0.0,0.0,0.0
4663bd23,TL Seifert,2022,ipl_by_season,False,2,2,0,24.0,19,12.0,12.0,12.0,0,0.0,0.5,0.0,0.0
4663bd23,TL Seifert,2026,ipl_by_season,False,3,3,0,19.0,18,6.333333333333333,6.333333333333333,0.0,2,0.6666666666666666,0.0,0.0,0.0
12b610c2,TM Head,2024,ipl_by_season,True,15,14,1,567.0,296,40.5,37.8,31.0,3,0.2,0.6000000000000001,0.5333333333333334,0.3333333333333335
12b610c2,TM Head,2025,ipl_by_season,True,12,12,0,374.0,230,31.166666666666668,31.166666666666668,21.0,1,0.08333333333333333,0.5833333333333333,0.33333333333333337,0.25
12b610c2,TM Head,2026,ipl_by_season,True,15,15,0,410.0,241,27.333333333333332,27.333333333333332,23.0,1,0.06666666666666667,0.5333333333333334,0.40000000000000013,0.13333333333333341
245c97cb,TS Mills,2022,ipl_by_season,False,2,1,1,0.0,3,0.0,0.0,0.0,1,0.5,0.5,0.5,0.5
46a9bea1,TU Deshpande,2020,ipl_by_season,False,2,1,1,21.0,12,21.0,10.5,10.5,0,0.0,0.5,0.5,0.5
46a9bea1,TU Deshpande,2023,ipl_by_season,False,1,0,1,0.0,1,,0.0,0.0,0,0.0,1.0,1.0,1.0
46a9bea1,TU Deshpande,2024,ipl_by_season,False,1,0,1,0.0,1,,0.0,0.0,0,0.0,1.0,1.0,1.0
46a9bea1,TU Deshpande,2025,ipl_by_season,False,4,1,3,7.0,8,7.0,1.75,1.5,0,0.0,0.0,0.0,0.0
46a9bea1,TU Deshpande,2026,ipl_by_season,False,2,2,0,26.0,14,13.0,13.0,13.0,0,0.0,0.5,0.0,0.0
5724e517,Tanush Kotian,2024,ipl_by_season,False,1,1,0,24.0,31,24.0,24.0,24.0,0,0.0,1.0,0.0,0.0
b0482a1d,Tilak Varma,2022,ipl_by_season,True,14,11,3,397.0,303,36.09090909090909,28.357142857142858,30.0,1,0.07142857142857142,0.7857142857142857,0.4999999999999999,0.24999999999999994
b0482a1d,Tilak Varma,2023,ipl_by_season,True,11,8,3,343.0,209,42.875,31.181818181818183,29.0,0,0.0,0.8181818181818181,0.6363636363636362,0.1272727272727273
b0482a1d,Tilak Varma,2024,ipl_by_season,True,13,10,3,416.0,278,41.6,32.0,32.0,0,0.0,0.7692307692307692,0.6837606837606837,0.4273504273504273
b0482a1d,Tilak Varma,2025,ipl_by_season,True,13,11,2,343.0,248,31.181818181818183,26.384615384615383,25.0,0,0.0,0.7552447552447553,0.4720279720279721,0.18881118881118888
b0482a1d,Tilak Varma,2026,ipl_by_season,True,14,12,2,359.0,246,29.916666666666668,25.642857142857142,12.5,1,0.07142857142857142,0.4285714285714286,0.28571428571428575,0.2142857142857143
cc1e8c68,UT Yadav,2018,ipl_by_season,True,5,4,1,3.0,11,0.75,0.6,1.0,2,0.4,0.2,0.2,0.2
cc1e8c68,UT Yadav,2019,ipl_by_season,True,5,2,3,25.0,25,12.5,5.0,1.0,0,0.0,0.0,0.0,0.0
cc1e8c68,UT Yadav,2020,ipl_by_season,False,1,1,0,0.0,2,0.0,0.0,0.0,1,1.0,0.0,0.0,0.0
cc1e8c68,UT Yadav,2022,ipl_by_season,True,7,4,3,55.0,40,13.75,7.857142857142857,1.0,2,0.2857142857142857,0.35714285714285715,0.0,0.0
cc1e8c68,UT Yadav,2023,ipl_by_season,True,5,2,3,19.0,18,9.5,3.8,4.0,0,0.0,0.5,0.5,0.5
cc1e8c68,UT Yadav,2024,ipl_by_season,False,2,1,1,12.0,15,12.0,6.0,6.0,0,0.0,0.5,0.5,0.5
81c08fa3,Umran Malik,2022,ipl_by_season,False,4,1,3,4.0,8,4.0,1.0,0.5,1,0.25,0.75,0.75,0.75
81c08fa3,Umran Malik,2023,ipl_by_season,False,2,1,1,19.0,8,19.0,9.5,9.5,1,0.5,0.5,0.5,0.5
cf59b3f0,Urvil Patel,2025,ipl_by_season,False,3,3,0,68.0,32,22.666666666666668,22.666666666666668,31.0,1,0.3333333333333333,0.6666666666666667,0.6666666666666667,0.0
cf59b3f0,Urvil Patel,2026,ipl_by_season,True,7,7,0,129.0,64,18.428571428571427,18.428571428571427,13.0,1,0.14285714285714285,0.28571428571428575,0.14285714285714288,0.14285714285714288
ba607b88,V Kohli,2018,ipl_by_season,True,14,11,3,530.0,381,48.18181818181818,37.857142857142854,31.5,0,0.0,0.7142857142857143,0.6428571428571429,0.3571428571428572
ba607b88,V Kohli,2019,ipl_by_season,True,14,14,0,464.0,328,33.142857142857146,33.142857142857146,23.0,0,0.0,0.5714285714285714,0.35714285714285715,0.2142857142857143
ba607b88,V Kohli,2020,ipl_by_season,True,15,11,4,466.0,384,42.36363636363637,31.066666666666666,29.0,0,0.0,0.6000000000000001,0.5250000000000001,0.2625000000000001
ba607b88,V Kohli,2021,ipl_by_season,True,15,14,1,405.0,339,28.928571428571427,27.0,25.0,0,0.0,0.6,0.4666666666666667,0.20000000000000004
ba607b88,V Kohli,2022,ipl_by_season,True,16,15,1,341.0,294,22.733333333333334,21.3125,12.0,3,0.1875,0.4375,0.3125,0.16666666666666669
ba607b88,V Kohli,2023,ipl_by_season,True,14,12,2,639.0,457,53.25,45.642857142857146,52.0,1,0.07142857142857142,0.7142857142857143,0.6428571428571429,0.5714285714285714
ba607b88,V Kohli,2024,ipl_by_season,True,15,12,3,741.0,479,61.75,49.4,42.0,0,0.0,0.8666666666666667,0.6666666666666667,0.4000000000000001
ba607b88,V Kohli,2025,ipl_by_season,True,15,12,3,657.0,454,54.75,43.8,51.0,0,0.0,0.8,0.7333333333333334,0.5333333333333334
ba607b88,V Kohli,2026,ipl_by_season,True,16,12,4,675.0,407,56.25,42.1875,37.5,2,0.125,0.75,0.6136363636363635,0.409090909090909
5ffc0565,V Nigam,2025,ipl_by_season,True,8,7,1,142.0,79,20.285714285714285,17.75,16.0,1,0.125,0.4375,0.2916666666666667,0.0
5ffc0565,V Nigam,2026,ipl_by_season,False,2,1,1,15.0,10,15.0,7.5,7.5,0,0.0,0.0,0.0,0.0
0994d0ae,V Shankar,2018,ipl_by_season,True,9,4,5,212.0,148,53.0,23.555555555555557,21.0,0,0.0,0.5555555555555556,0.5555555555555556,0.5555555555555556
0994d0ae,V Shankar,2019,ipl_by_season,True,14,12,2,244.0,193,20.333333333333332,17.428571428571427,14.0,0,0.0,0.4714285714285715,0.15714285714285717,0.07857142857142858
0994d0ae,V Shankar,2020,ipl_by_season,True,5,4,1,97.0,96,24.25,19.4,12.0,1,0.2,0.4000000000000001,0.20000000000000004,0.20000000000000004
0994d0ae,V Shankar,2021,ipl_by_season,True,5,5,0,58.0,52,11.6,11.6,8.0,0,0.0,0.2,0.0,0.0
0994d0ae,V Shankar,2022,ipl_by_season,False,4,4,0,19.0,35,4.75,4.75,3.0,1,0.25,0.0,0.0,0.0
0994d0ae,V Shankar,2023,ipl_by_season,True,10,8,2,301.0,188,37.625,30.1,28.0,0,0.0,0.6,0.3,0.3
0994d0ae,V Shankar,2024,ipl_by_season,True,7,5,2,83.0,72,16.6,11.857142857142858,12.0,0,0.0,0.0,0.0,0.0
0994d0ae,V Shankar,2025,ipl_by_season,True,5,3,2,118.0,91,39.333333333333336,23.6,9.0,0,0.0,0.5,0.25,0.25
470f446b,V Suryavanshi,2025,ipl_by_season,True,7,7,0,252.0,122,36.0,36.0,34.0,1,0.14285714285714285,0.5714285714285715,0.5714285714285715,0.28571428571428575
470f446b,V Suryavanshi,2026,ipl_by_season,True,16,16,0,776.0,327,48.5,48.5,44.5,1,0.0625,0.75,0.75,0.375
03a83c50,V Viyaskanth,2024,ipl_by_season,False,1,0,1,7.0,5,,7.0,7.0,0,0.0,1.0,1.0,1.0
7c3b3b78,VG Arora,2022,ipl_by_season,False,4,2,2,5.0,13,2.5,1.25,1.5,1,0.25,0.375,0.375,0.375
7c3b3b78,VG Arora,2023,ipl_by_season,False,2,0,2,3.0,2,,1.5,1.5,0,0.0,1.0,1.0,1.0
7c3b3b78,VG Arora,2024,ipl_by_season,False,1,0,1,1.0,1,,1.0,1.0,0,0.0,1.0,1.0,1.0
7c3b3b78,VG Arora,2025,ipl_by_season,False,2,2,0,0.0,8,0.0,0.0,0.0,2,1.0,0.0,0.0,0.0
7c3b3b78,VG Arora,2026,ipl_by_season,False,2,0,2,1.0,3,,0.5,0.5,0,0.0,1.0,1.0,1.0
0a3d54b9,VR Aaron,2019,ipl_by_season,False,1,0,1,3.0,7,,3.0,3.0,0,0.0,1.0,1.0,1.0
0a3d54b9,VR Aaron,2020,ipl_by_season,False,2,1,1,1.0,10,1.0,0.5,0.5,0,0.0,0.0,0.0,0.0
a24be938,VR Iyer,2021,ipl_by_season,True,10,9,1,370.0,288,41.111111111111114,37.0,39.5,0,0.0,0.7,0.6,0.5
a24be938,VR Iyer,2022,ipl_by_season,True,12,11,1,182.0,169,16.545454545454547,15.166666666666666,8.5,1,0.08333333333333333,0.16666666666666669,0.16666666666666669,0.08333333333333334
a24be938,VR Iyer,2023,ipl_by_season,True,14,14,0,404.0,277,28.857142857142858,28.857142857142858,15.5,1,0.07142857142857142,0.5,0.3571428571428572,0.2142857142857143
a24be938,VR Iyer,2024,ipl_by_season,True,13,8,5,370.0,233,46.25,28.46153846153846,26.0,0,0.0,0.6416666666666666,0.6416666666666666,0.4277777777777778
a24be938,VR Iyer,2025,ipl_by_season,True,7,7,0,142.0,102,20.285714285714285,20.285714285714285,7.0,0,0.0,0.2857142857142858,0.2857142857142858,0.1428571428571429
a24be938,VR Iyer,2026,ipl_by_season,True,6,4,2,209.0,112,52.25,34.833333333333336,30.5,0,0.0,0.6666666666666667,0.6666666666666667,0.22222222222222227
54e52590,Vijaykumar Vyshak,2023,ipl_by_season,False,2,1,1,13.0,9,13.0,6.5,6.5,1,0.5,0.5,0.5,0.5
54e52590,Vijaykumar Vyshak,2024,ipl_by_season,False,2,1,1,1.0,3,1.0,0.5,0.5,1,0.5,0.5,0.5,0.5
54e52590,Vijaykumar Vyshak,2026,ipl_by_season,False,2,0,2,2.0,4,,1.0,1.0,0,0.0,1.0,1.0,1.0
26d76ad9,Virat Singh,2021,ipl_by_season,False,2,2,0,15.0,26,7.5,7.5,7.5,0,0.0,0.0,0.0,0.0
0494fa6e,Vishnu Vinod,2023,ipl_by_season,False,3,3,0,37.0,31,12.333333333333334,12.333333333333334,5.0,0,0.0,0.33333333333333337,0.33333333333333337,0.0
0494fa6e,Vishnu Vinod,2026,ipl_by_season,False,1,0,1,15.0,8,,15.0,15.0,0,0.0,1.0,1.0,1.0
1b7b0fa7,Vivrant Sharma,2023,ipl_by_season,False,1,1,0,69.0,47,69.0,69.0,69.0,0,0.0,1.0,1.0,1.0
3a60e0b5,WD Parnell,2023,ipl_by_season,False,1,1,0,2.0,5,2.0,2.0,2.0,0,0.0,0.0,0.0,0.0
9caf69a1,WG Jacks,2024,ipl_by_season,True,8,7,1,230.0,131,32.857142857142854,28.75,10.0,0,0.0,0.375,0.375,0.25
9caf69a1,WG Jacks,2025,ipl_by_season,True,11,10,1,233.0,172,23.3,21.181818181818183,21.0,0,0.0,0.6,0.2,0.1
9caf69a1,WG Jacks,2026,ipl_by_season,True,7,5,2,139.0,76,27.8,19.857142857142858,14.0,0,0.0,0.5357142857142858,0.5357142857142858,0.0
fe11caa6,WP Saha,2018,ipl_by_season,True,10,8,2,122.0,102,15.25,12.2,7.0,1,0.1,0.45714285714285713,0.1523809523809524,0.0
fe11caa6,WP Saha,2019,ipl_by_season,True,5,5,0,86.0,53,17.2,17.2,20.0,0,0.0,0.6000000000000001,0.0,0.0
fe11caa6,WP Saha,2020,ipl_by_season,False,4,3,1,214.0,153,71.33333333333333,53.5,48.5,0,0.0,1.0,1.0,0.5
fe11caa6,WP Saha,2021,ipl_by_season,True,9,9,0,131.0,140,14.555555555555555,14.555555555555555,10.0,1,0.1111111111111111,0.22222222222222224,0.22222222222222224,0.0
fe11caa6,WP Saha,2022,ipl_by_season,True,11,10,1,317.0,259,31.7,28.818181818181817,25.0,1,0.09090909090909091,0.6363636363636364,0.36363636363636376,0.2727272727272728
fe11caa6,WP Saha,2023,ipl_by_season,True,17,16,1,371.0,287,23.1875,21.823529411764707,14.0,2,0.11764705882352941,0.35294117647058826,0.29411764705882354,0.15686274509803924
fe11caa6,WP Saha,2024,ipl_by_season,True,9,9,0,136.0,115,15.11111111111111,15.11111111111111,13.0,0,0.0,0.33333333333333337,0.11111111111111113,0.0
f19ccfad,Washington Sundar,2018,ipl_by_season,True,5,3,2,65.0,38,21.666666666666668,13.0,9.0,0,0.0,0.6000000000000001,0.6000000000000001,0.0
f19ccfad,Washington Sundar,2019,ipl_by_season,False,2,2,0,1.0,3,0.5,0.5,0.5,1,0.5,0.0,0.0,0.0
f19ccfad,Washington Sundar,2020,ipl_by_season,True,9,6,3,111.0,95,18.5,12.333333333333334,10.0,0,0.0,0.36458333333333337,0.18229166666666669,0.0
f19ccfad,Washington Sundar,2021,ipl_by_season,False,4,4,0,31.0,47,7.75,7.75,7.5,0,0.0,0.0,0.0,0.0
f19ccfad,Washington Sundar,2022,ipl_by_season,True,7,7,0,101.0,69,14.428571428571429,14.428571428571429,9.0,0,0.0,0.28571428571428575,0.14285714285714288,0.0
f19ccfad,Washington Sundar,2023,ipl_by_season,True,5,4,1,60.0,60,15.0,12.0,10.0,0,0.0,0.20000000000000004,0.20000000000000004,0.20000000000000004
f19ccfad,Washington Sundar,2024,ipl_by_season,False,1,1,0,0.0,1,0.0,0.0,0.0,1,1.0,0.0,0.0,0.0
f19ccfad,Washington Sundar,2025,ipl_by_season,True,5,5,0,133.0,80,26.6,26.6,21.0,0,0.0,0.6000000000000001,0.4000000000000001,0.0
f19ccfad,Washington Sundar,2026,ipl_by_season,True,16,10,6,377.0,251,37.7,23.5625,18.5,0,0.0,0.5333333333333334,0.44444444444444453,0.44444444444444453
3b53243a,XC Bartlett,2025,ipl_by_season,False,1,1,0,11.0,15,11.0,11.0,11.0,0,0.0,0.0,0.0,0.0
3b53243a,XC Bartlett,2026,ipl_by_season,False,3,1,2,29.0,13,29.0,9.666666666666666,11.0,1,0.3333333333333333,0.6666666666666667,0.6666666666666667,0.6666666666666667
cfa4bd2b,Y Prithvi Raj,2019,ipl_by_season,False,1,0,1,0.0,1,,0.0,0.0,0,0.0,1.0,1.0,1.0
6c19c6e5,YBK Jaiswal,2020,ipl_by_season,False,3,3,0,40.0,44,13.333333333333334,13.333333333333334,6.0,1,0.3333333333333333,0.33333333333333337,0.33333333333333337,0.0
6c19c6e5,YBK Jaiswal,2021,ipl_by_season,True,10,10,0,249.0,168,24.9,24.9,26.5,1,0.1,0.6,0.5,0.10000000000000002
6c19c6e5,YBK Jaiswal,2022,ipl_by_season,True,10,10,0,258.0,194,25.8,25.8,20.5,0,0.0,0.6,0.30000000000000004,0.20000000000000004
6c19c6e5,YBK Jaiswal,2023,ipl_by_season,True,14,13,1,625.0,382,48.07692307692308,44.642857142857146,45.5,1,0.07142857142857142,0.6428571428571429,0.6428571428571429,0.4285714285714286
6c19c6e5,YBK Jaiswal,2024,ipl_by_season,True,15,14,1,435.0,279,31.071428571428573,29.0,24.0,1,0.06666666666666667,0.6000000000000001,0.33333333333333337,0.1333333333333334
6c19c6e5,YBK Jaiswal,2025,ipl_by_season,True,14,13,1,559.0,350,43.0,39.92857142857143,42.5,0,0.0,0.7142857142857143,0.6428571428571429,0.4285714285714286
6c19c6e5,YBK Jaiswal,2026,ipl_by_season,True,16,14,2,427.0,280,30.5,26.6875,24.5,0,0.0,0.5625,0.375,0.22500000000000003
3c6ffae8,YK Pathan,2018,ipl_by_season,True,13,9,4,260.0,200,28.88888888888889,20.0,19.0,0,0.0,0.5274725274725275,0.2813186813186814,0.1406593406593407
3c6ffae8,YK Pathan,2019,ipl_by_season,True,7,3,4,40.0,45,13.333333333333334,5.714285714285714,5.0,1,0.14285714285714285,0.5714285714285715,0.5714285714285715,0.5714285714285715
57ee1fde,YS Chahal,2018,ipl_by_season,False,1,0,1,0.0,4,,0.0,0.0,0,0.0,1.0,1.0,1.0
57ee1fde,YS Chahal,2019,ipl_by_season,False,3,2,1,6.0,16,3.0,2.0,1.0,0,0.0,0.0,0.0,0.0
57ee1fde,YS Chahal,2020,ipl_by_season,False,2,1,1,1.0,3,1.0,0.5,0.5,0,0.0,0.0,0.0,0.0
57ee1fde,YS Chahal,2021,ipl_by_season,False,2,0,2,10.0,27,,5.0,5.0,0,0.0,1.0,1.0,1.0
57ee1fde,YS Chahal,2022,ipl_by_season,False,1,1,0,5.0,8,5.0,5.0,5.0,0,0.0,0.0,0.0,0.0
dd7e9b3b,YV Dhull,2023,ipl_by_season,False,3,3,0,16.0,23,5.333333333333333,5.333333333333333,2.0,0,0.0,0.0,0.0,0.0
7210d461,Yash Dayal,2022,ipl_by_season,False,1,1,0,0.0,1,0.0,0.0,0.0,1,1.0,0.0,0.0,0.0
7210d461,Yash Dayal,2025,ipl_by_season,False,3,2,1,4.0,8,2.0,1.3333333333333333,1.0,1,0.3333333333333333,0.0,0.0,0.0
4885bbe6,Yudhvir Singh,2023,ipl_by_season,False,2,2,0,1.0,2,0.5,0.5,0.5,1,0.5,0.0,0.0,0.0
4885bbe6,Yudhvir Singh,2024,ipl_by_season,False,2,2,0,21.0,14,10.5,10.5,10.5,0,0.0,0.0,0.0,0.0
1c914163,Yuvraj Singh,2018,ipl_by_season,True,6,6,0,65.0,73,10.833333333333334,10.833333333333334,13.0,0,0.0,0.16666666666666669,0.0,0.0
1c914163,Yuvraj Singh,2019,ipl_by_season,False,4,4,0,98.0,75,24.5,24.5,20.5,0,0.0,0.5,0.25,0.25
