scope,player_id,player_name,qualified,last_active_season,is_recently_active,innings,dismissals,not_outs,runs,balls_faced,batting_average,mean_score,median_score,median_lt_mean,p10,p25,p50,p75,p90,skewness,duck_count,duck_rate,duck_rate_of_dismissals,rate_20_naive,rate_20_complete_case,rate_20_km,rate_30_naive,rate_30_complete_case,rate_30_km,rate_50_naive,rate_50_complete_case,rate_50_km,conv_20_to_30,conv_30_to_50
all_t20_2018_2026,b17e2f24,KL Rahul,True,2026,True,128,108,20,5403.0,3803,50.02777777777778,42.2109375,35.5,True,4.700000000000001,15.0,35.5,68.0,86.09999999999998,0.6931864374538389,5,0.0390625,0.046296296296296294,0.6875,0.6929133858267716,0.693135245901639,0.546875,0.5511811023622047,0.5513575819672126,0.390625,0.3937007874015748,0.3938268442622947,0.7954545454545454,0.7142857142857143
all_t20_2018_2026,d5130a30,B Sai Sudharsan,True,2026,True,66,58,8,2733.0,1877,47.12068965517241,41.40909090909091,38.0,True,9.5,15.0,38.0,57.75,83.0,0.5205667555326731,1,0.015151515151515152,0.017241379310344827,0.7121212121212122,0.7230769230769231,0.7269570707070707,0.6363636363636364,0.6461538461538462,0.6496212121212122,0.36363636363636365,0.375,0.38098086124401914,0.8936170212765957,0.5853658536585366
all_t20_2018_2026,33609a8c,Saim Ayub,True,2026,True,16,13,3,605.0,415,46.53846153846154,37.8125,27.5,True,11.5,19.0,27.5,53.5,73.5,0.8581491924458157,0,0.0,0.0,0.75,0.75,0.75,0.5,0.5714285714285714,0.625,0.3125,0.35714285714285715,0.39062500000000006,0.8,0.625
all_t20_2018_2026,201fef33,DB Sharma,True,2026,True,16,8,8,358.0,288,44.75,22.375,25.5,False,2.0,9.75,25.5,34.75,41.5,-0.03783065748287649,1,0.0625,0.125,0.5625,0.6428571428571429,0.6818181818181818,0.375,0.46153846153846156,0.5303030303030303,0.0,0.0,0.26515151515151514,0.75,0.0
all_t20_2018_2026,470f446b,V Suryavanshi,True,2026,True,23,23,0,1028.0,449,44.69565217391305,44.69565217391305,40.0,True,4.0,12.0,40.0,67.5,96.8,0.37311653967605113,2,0.08695652173913043,0.08695652173913043,0.6956521739130435,0.6956521739130435,0.6956521739130436,0.6956521739130435,0.6956521739130435,0.6956521739130436,0.34782608695652173,0.34782608695652173,0.3478260869565219,1.0,0.5
all_t20_2018_2026,ba607b88,V Kohli,True,2026,True,134,113,21,4918.0,3523,43.52212389380531,36.701492537313435,31.5,True,4.0,12.0,31.5,54.75,74.4,0.6072730123539661,6,0.04477611940298507,0.05309734513274336,0.664179104477612,0.6691729323308271,0.6715588723051411,0.5373134328358209,0.5454545454545454,0.5500746268656717,0.3208955223880597,0.3333333333333333,0.34758905471478296,0.8181818181818182,0.6231884057971014
all_t20_2018_2026,99b75528,JC Buttler,True,2026,True,182,158,24,6610.0,4472,41.835443037974684,36.31868131868132,29.0,True,5.0,12.25,29.0,54.75,78.60000000000002,0.8168400013967013,8,0.04395604395604396,0.05063291139240506,0.6593406593406593,0.6629834254143646,0.6639194139194142,0.489010989010989,0.5,0.5076263756819317,0.3131868131868132,0.32571428571428573,0.3396682016542707,0.7606837606837606,0.6627906976744186
all_t20_2018_2026,65d9b6b6,A Sutherland,True,2026,True,32,20,12,821.0,593,41.05,25.65625,25.5,True,5.5,17.0,25.5,30.25,43.30000000000001,0.6473802889461713,2,0.0625,0.1,0.6875,0.7333333333333333,0.75,0.34375,0.4074074074074074,0.46534090909090925,0.09375,0.13043478260869565,0.22662706611570255,0.5789473684210527,0.42857142857142855
all_t20_2018_2026,b4b99816,Shubman Gill,True,2026,True,148,129,19,5233.0,3691,40.565891472868216,35.358108108108105,31.0,True,3.700000000000001,9.0,31.0,56.0,84.0,0.8795695219325359,4,0.02702702702702703,0.031007751937984496,0.581081081081081,0.6056338028169014,0.6149602363740537,0.5202702702702703,0.5460992907801419,0.5574015119818797,0.27702702702702703,0.29285714285714287,0.30325034262819944,0.9058823529411765,0.5394736842105263
all_t20_2018_2026,e66732f8,RD Rickelton,True,2026,True,78,70,8,2801.0,1719,40.01428571428571,35.91025641025641,26.0,True,4.7,9.25,26.0,57.0,89.3,0.9695868923191305,3,0.038461538461538464,0.04285714285714286,0.5769230769230769,0.5769230769230769,0.576923076923077,0.46153846153846156,0.46153846153846156,0.46153846153846145,0.2692307692307692,0.2692307692307692,0.26923076923076916,0.8,0.5833333333333334
all_t20_2018_2026,30a45b23,SPD Smith,True,2026,True,87,72,15,2838.0,2018,39.416666666666664,32.62068965517241,26.0,True,3.0,8.5,26.0,48.5,66.0,1.198225787040757,2,0.022988505747126436,0.027777777777777776,0.6091954022988506,0.6162790697674418,0.6206896551724138,0.4367816091954023,0.4523809523809524,0.46621433218700614,0.25287356321839083,0.28205128205128205,0.335067263480138,0.7450980392156863,0.6875
all_t20_2018_2026,4a8a2e3b,MS Dhoni,True,2025,True,98,48,50,1878.0,1353,39.125,19.163265306122447,16.0,True,1.0,5.0,16.0,26.75,38.79999999999998,1.5248920777620123,3,0.030612244897959183,0.0625,0.3877551020408163,0.5,0.5509190213311664,0.20408163265306123,0.29850746268656714,0.4057678893216973,0.07142857142857142,0.12962962962962962,0.4057678893216973,0.6896551724137931,1.0
all_t20_2018_2026,85ec8e33,SS Iyer,True,2026,True,136,110,26,4266.0,3041,38.78181818181818,31.36764705882353,25.0,True,4.0,10.0,25.0,46.25,68.0,1.2423166482292383,2,0.014705882352941176,0.01818181818181818,0.5441176470588235,0.5481481481481482,0.5490196078431373,0.4338235294117647,0.45038167938931295,0.4646478414623989,0.23529411764705882,0.256,0.28607295661124116,0.8428571428571429,0.6037735849056604
all_t20_2018_2026,df5a6881,DP Conway,True,2025,True,74,63,11,2424.0,1824,38.476190476190474,32.75675675675676,27.0,True,1.6000000000000014,12.25,27.0,51.0,72.50000000000001,0.5988366146217656,7,0.0945945945945946,0.1111111111111111,0.6216216216216216,0.6216216216216216,0.6216216216216217,0.5,0.5068493150684932,0.5135135135135136,0.28378378378378377,0.29577464788732394,0.31064021744357256,0.8222222222222222,0.6
all_t20_2018_2026,45a43fe2,RD Gaikwad,True,2026,True,114,101,13,3849.0,2824,38.10891089108911,33.76315789473684,28.0,True,1.0,7.25,28.0,53.75,74.7,0.6759989257534856,7,0.06140350877192982,0.06930693069306931,0.5701754385964912,0.5701754385964912,0.5701754385964914,0.4824561403508772,0.48672566371681414,0.49122807017543885,0.2807017543859649,0.2882882882882883,0.3003105850751282,0.859375,0.6037735849056604
all_t20_2018_2026,dcce6f09,DA Warner,True,2025,True,131,113,18,4284.0,3202,37.91150442477876,32.70229007633588,23.0,True,2.0,8.0,23.0,52.0,71.0,0.835931257287604,9,0.06870229007633588,0.07964601769911504,0.549618320610687,0.549618320610687,0.549618320610687,0.45038167938931295,0.45384615384615384,0.45710379400706397,0.2900763358778626,0.2992125984251969,0.31381942601080165,0.8309859154929577,0.6785714285714286
all_t20_2018_2026,63e3b6b3,M Kapp,True,2026,True,40,26,14,984.0,753,37.84615384615385,24.6,26.0,False,5.800000000000001,12.25,26.0,34.0,38.90000000000001,0.42166245398103624,1,0.025,0.038461538461538464,0.6,0.6486486486486487,0.6716666666666666,0.375,0.45454545454545453,0.5201766304347826,0.05,0.07142857142857142,0.1728586956521739,0.75,0.2
all_t20_2018_2026,17bcec2a,D Forrester,True,2026,True,12,6,6,227.0,142,37.833333333333336,18.916666666666668,10.5,True,5.2,7.75,10.5,17.25,42.00000000000001,2.012553096733001,0,0.0,0.0,0.25,0.375,0.48611111111111116,0.16666666666666666,0.25,0.3240740740740741,0.08333333333333333,0.14285714285714285,0.3240740740740741,0.6666666666666666,1.0
all_t20_2018_2026,647a48da,AJ Pienaar,True,2026,True,30,12,18,453.0,318,37.75,15.1,10.0,True,2.0,6.25,10.0,21.75,31.200000000000003,1.1375162394969969,0,0.0,0.0,0.26666666666666666,0.4444444444444444,0.5599020544672719,0.16666666666666666,0.3125,0.46658504538939327,0.03333333333333333,0.08333333333333333,0.46658504538939327,0.8333333333333334,1.0
all_t20_2018_2026,271f83cd,SA Yadav,True,2026,True,148,128,20,4791.0,3159,37.4296875,32.37162162162162,28.0,True,1.700000000000001,10.75,28.0,51.0,68.0,0.6484393194322509,13,0.08783783783783784,0.1015625,0.6351351351351351,0.6394557823129252,0.6411269760326364,0.47297297297297297,0.48951048951048953,0.5007168312923588,0.25675675675675674,0.2753623188405797,0.30323492201192753,0.7777777777777778,0.5846153846153846
all_t20_2018_2026,0494fa6e,Vishnu Vinod,True,2026,True,26,18,8,672.0,490,37.333333333333336,25.846153846153847,17.5,True,5.5,12.0,17.5,33.0,63.5,1.0519672113132141,0,0.0,0.0,0.46153846153846156,0.5454545454545454,0.5729895104895104,0.3076923076923077,0.36363636363636365,0.38199300699300687,0.19230769230769232,0.22727272727272727,0.23874562937062935,0.6666666666666666,0.625
all_t20_2018_2026,0ebb3444,L Scott,True,2025,True,18,11,7,410.0,300,37.27272727272727,22.77777777777778,11.0,True,1.7000000000000002,6.25,11.0,31.0,55.80000000000001,1.3759379868474517,1,0.05555555555555555,0.09090909090909091,0.3333333333333333,0.46153846153846156,0.5416666666666666,0.2777777777777778,0.38461538461538464,0.4513888888888889,0.16666666666666666,0.25,0.36111111111111116,0.8333333333333334,0.75
all_t20_2018_2026,fe93fd9d,RA Jadeja,True,2026,True,97,49,48,1794.0,1290,36.61224489795919,18.49484536082474,17.0,True,2.0,7.0,17.0,25.0,39.60000000000002,1.2250382482996829,3,0.030927835051546393,0.061224489795918366,0.44329896907216493,0.5512820512820513,0.5884955613106999,0.18556701030927836,0.2857142857142857,0.4286500323756957,0.05154639175257732,0.09433962264150944,0.2969004553251572,0.6428571428571429,0.625
all_t20_2018_2026,0a509d6b,RK Singh,True,2026,True,89,58,31,2118.0,1398,36.51724137931034,23.797752808988765,18.0,True,2.0,6.0,18.0,36.0,54.400000000000006,0.9372949836721497,3,0.033707865168539325,0.05172413793103448,0.4606741573033708,0.4939759036144578,0.514351156463495,0.3258426966292135,0.3717948717948718,0.4197962704915545,0.15730337078651685,0.2,0.3011981946257872,0.8055555555555556,0.6666666666666666
all_t20_2018_2026,e60f81c9,L Wolvaardt,True,2026,True,44,35,9,1265.0,1034,36.142857142857146,28.75,27.0,True,3.5999999999999996,10.5,27.0,38.75,49.7,0.8252834380113347,1,0.022727272727272728,0.02857142857142857,0.6590909090909091,0.6590909090909091,0.6590909090909091,0.45454545454545453,0.47619047619047616,0.4903950216450217,0.11363636363636363,0.1282051282051282,0.16226305863254398,0.7407407407407407,0.29411764705882354
all_t20_2018_2026,85b3fab2,T Stubbs,True,2026,True,103,64,39,2306.0,1605,36.03125,22.388349514563107,18.0,True,2.0,5.0,18.0,35.0,51.19999999999999,0.7003560471370337,2,0.019417475728155338,0.03125,0.47572815533980584,0.5444444444444444,0.5727457998422407,0.3106796116504854,0.3950617283950617,0.4694250526628301,0.10679611650485436,0.1527777777777778,0.2744622097676194,0.8,0.4782608695652174
all_t20_2018_2026,c740ea83,RM Patidar,True,2026,True,80,73,7,2612.0,1622,35.78082191780822,32.65,26.5,True,2.0,11.0,26.5,52.0,66.10000000000001,0.7202634706086984,3,0.0375,0.0410958904109589,0.6125,0.620253164556962,0.624056603773585,0.4625,0.46835443037974683,0.4712264150943397,0.325,0.3333333333333333,0.343867924528302,0.7551020408163265,0.7222222222222222
all_t20_2018_2026,3d8feaf8,MR Marsh,True,2026,True,113,100,13,3572.0,2409,35.72,31.61061946902655,23.0,True,2.0,7.0,23.0,50.0,75.19999999999999,0.9585752234223222,10,0.08849557522123894,0.1,0.5398230088495575,0.5545454545454546,0.5587963799088957,0.4424778761061947,0.45454545454545453,0.4580298195974556,0.25663716814159293,0.27102803738317754,0.28997329020103635,0.819672131147541,0.6170212765957447
all_t20_2018_2026,b0482a1d,Tilak Varma,True,2026,True,83,67,16,2378.0,1644,35.492537313432834,28.650602409638555,26.0,True,3.0,8.0,26.0,40.0,61.0,0.7781511557424512,4,0.04819277108433735,0.05970149253731343,0.6265060240963856,0.6419753086419753,0.6468379177085699,0.4457831325301205,0.47435897435897434,0.49512458009166627,0.20481927710843373,0.2361111111111111,0.28966754470122424,0.7551020408163265,0.5483870967741935
all_t20_2018_2026,a4cc73aa,SV Samson,True,2026,True,141,120,21,4259.0,2891,35.49166666666667,30.20567375886525,23.0,True,2.0,9.0,23.0,48.0,68.0,1.0864612667753173,10,0.07092198581560284,0.08333333333333333,0.5602836879432624,0.5602836879432624,0.5602836879432622,0.41843971631205673,0.41843971631205673,0.41843971631205656,0.2127659574468085,0.22388059701492538,0.25493349675459026,0.7468354430379747,0.5769230769230769
all_t20_2018_2026,235c2bb6,H Klaasen,True,2026,True,147,123,24,4359.0,2684,35.4390243902439,29.653061224489797,24.0,True,2.6000000000000014,9.0,24.0,46.5,64.0,0.9967560018551324,8,0.05442176870748299,0.06504065040650407,0.5782312925170068,0.5985915492957746,0.6072886158796451,0.4217687074829932,0.4460431654676259,0.46088624080827795,0.22448979591836735,0.2462686567164179,0.27525867699327333,0.7560975609756098,0.5789473684210527
all_t20_2018_2026,3355b542,F du Plessis,True,2026,True,219,202,17,7156.0,4919,35.42574257425743,32.67579908675799,25.0,True,2.0,8.0,25.0,52.5,73.0,0.8818671564404436,13,0.0593607305936073,0.06435643564356436,0.5570776255707762,0.5570776255707762,0.5570776255707762,0.4429223744292237,0.44495412844036697,0.4471008873955371,0.2785388127853881,0.2837209302325581,0.29303780839077703,0.8016528925619835,0.648936170212766
all_t20_2018_2026,3241e3fd,N Pooran,True,2026,True,301,241,60,8535.0,5572,35.4149377593361,28.35548172757475,20.0,True,1.0,8.0,20.0,44.0,62.0,1.0904328909288055,21,0.06976744186046512,0.08713692946058091,0.5049833887043189,0.5277777777777778,0.5376838161409163,0.40863787375415284,0.43309859154929575,0.44814063687962463,0.19933554817275748,0.22140221402214022,0.2538935371815126,0.831081081081081,0.5454545454545454
all_t20_2018_2026,919a3be2,RR Pant,True,2026,True,114,95,19,3359.0,2319,35.357894736842105,29.464912280701753,26.0,True,3.0,10.25,26.0,41.75,60.10000000000001,1.326784598308342,4,0.03508771929824561,0.042105263157894736,0.5789473684210527,0.6111111111111112,0.6235824257352669,0.42105263157894735,0.4444444444444444,0.4535144914438304,0.16666666666666666,0.18269230769230768,0.19949710404878357,0.7272727272727273,0.4318181818181818
all_t20_2018_2026,d1305df0,AGS Gous,True,2026,True,66,54,12,1906.0,1325,35.2962962962963,28.87878787878788,17.0,True,1.0,6.25,17.0,38.5,81.0,1.456218572082163,2,0.030303030303030304,0.037037037037037035,0.4696969696969697,0.5,0.5150909649356855,0.3181818181818182,0.35,0.3790872573481271,0.19696969696969696,0.22033898305084745,0.2527248382320847,0.7241379310344828,0.65
all_t20_2018_2026,961b8ff1,TP Alsop,True,2026,True,17,12,5,420.0,322,35.0,24.705882352941178,17.0,True,3.8000000000000003,10.0,17.0,39.0,45.6,1.211967161348592,0,0.0,0.0,0.47058823529411764,0.5333333333333333,0.55,0.4117647058823529,0.4666666666666667,0.48125000000000007,0.11764705882352941,0.15384615384615385,0.2750000000000001,0.875,0.4
all_t20_2018_2026,be150fc8,EA Perry,True,2026,True,29,22,7,768.0,592,34.90909090909091,26.482758620689655,16.0,True,1.0,6.0,16.0,45.0,62.599999999999994,0.5411518880625626,2,0.06896551724137931,0.09090909090909091,0.4827586206896552,0.5,0.5172413793103448,0.3793103448275862,0.4074074074074074,0.4376657824933687,0.2413793103448276,0.28,0.35809018567639256,0.8461538461538461,0.7777777777777778
all_t20_2018_2026,d027ba9f,KS Williamson,True,2025,True,83,65,18,2264.0,1820,34.83076923076923,27.27710843373494,22.0,True,3.0,9.0,22.0,45.0,57.0,0.7408070296296648,2,0.024096385542168676,0.03076923076923077,0.5421686746987951,0.5844155844155844,0.6036906797845287,0.37349397590361444,0.4189189189189189,0.4495914148941299,0.21686746987951808,0.25,0.28119146004346235,0.7380952380952381,0.6206896551724138
all_t20_2018_2026,a757b0d8,KA Pollard,True,2026,True,228,159,69,5538.0,3561,34.83018867924528,24.289473684210527,19.0,True,2.700000000000003,7.0,19.0,35.25,50.30000000000001,1.1373744770890315,16,0.07017543859649122,0.10062893081761007,0.49122807017543857,0.5463414634146342,0.5768976432889805,0.3508771929824561,0.41450777202072536,0.4693484277479512,0.11842105263157894,0.15789473684210525,0.25173794212842837,0.8,0.46551724137931033
all_t20_2018_2026,6c7a68d0,Shubham Ranjane,True,2026,True,44,29,15,1010.0,818,34.827586206896555,22.954545454545453,17.0,True,7.0,9.5,17.0,30.5,49.7,1.0034304714252682,0,0.0,0.0,0.45454545454545453,0.5128205128205128,0.5391154951272257,0.2727272727272727,0.3333333333333333,0.3942282058117838,0.11363636363636363,0.15151515151515152,0.23892618534047502,0.7058823529411765,0.5555555555555556
all_t20_2018_2026,970ddd24,Suryansh Shedge,True,2026,True,13,7,6,243.0,129,34.714285714285715,18.692307692307693,9.0,True,2.2,4.0,9.0,35.0,36.0,0.7660261194237523,0,0.0,0.0,0.46153846153846156,0.6,0.6663461538461538,0.3076923076923077,0.4444444444444444,0.5330769230769231,0.07692307692307693,0.14285714285714285,0.3998076923076923,0.8,0.5
all_t20_2018_2026,93b4fc78,MK Pandey,True,2026,True,96,79,17,2724.0,2121,34.48101265822785,28.375,22.0,True,3.0,8.0,22.0,42.5,61.0,1.3425168979430018,3,0.03125,0.0379746835443038,0.5416666666666666,0.5531914893617021,0.5558350100603623,0.3958333333333333,0.40425531914893614,0.4061871227364185,0.20833333333333334,0.2222222222222222,0.250178038338728,0.7307692307692307,0.5882352941176471
all_t20_2018_2026,d7017798,A Raghuvanshi,True,2026,True,33,28,5,959.0,679,34.25,29.060606060606062,27.0,True,5.4,10.0,27.0,44.0,53.6,0.6036356439099397,0,0.0,0.0,0.6363636363636364,0.65625,0.6599326599326601,0.45454545454545453,0.5,0.527946127946128,0.21212121212121213,0.2413793103448276,0.26877257422711975,0.7894736842105263,0.5
all_t20_2018_2026,a24be938,VR Iyer,True,2026,True,89,72,17,2460.0,1732,34.166666666666664,27.640449438202246,24.0,True,3.0,8.0,24.0,41.0,57.0,1.048526646664622,2,0.02247191011235955,0.027777777777777776,0.5280898876404494,0.5465116279069767,0.5512647006368089,0.39325842696629215,0.4268292682926829,0.4556995498990274,0.20224719101123595,0.22784810126582278,0.2646739810019604,0.813953488372093,0.5625
all_t20_2018_2026,1fc6ef83,SD Hope,True,2026,True,119,103,16,3516.0,2740,34.13592233009709,29.54621848739496,25.0,True,4.0,11.0,25.0,41.5,56.0,1.2153299598166258,2,0.01680672268907563,0.019417475728155338,0.5966386554621849,0.6068376068376068,0.6115431919894395,0.4369747899159664,0.4482758620689655,0.45548215779590645,0.17647058823529413,0.1875,0.20831429989721076,0.7428571428571429,0.4375
all_t20_2018_2026,b2b4f545,A Mhatre,True,2026,True,13,13,0,441.0,240,33.92307692307692,33.92307692307692,32.0,True,0.20000000000000018,7.0,32.0,43.0,70.20000000000002,0.5749746165402152,2,0.15384615384615385,0.15384615384615385,0.6923076923076923,0.6923076923076923,0.6923076923076923,0.6923076923076923,0.6923076923076923,0.6923076923076923,0.23076923076923078,0.23076923076923078,0.23076923076923078,1.0,0.3333333333333333
all_t20_2018_2026,4e6ef14f,P Litchfield,True,2026,True,36,31,5,1045.0,711,33.70967741935484,29.02777777777778,29.5,False,2.5,12.25,29.5,42.25,55.0,0.19770722660946927,2,0.05555555555555555,0.06451612903225806,0.6944444444444444,0.6944444444444444,0.6944444444444444,0.5,0.5142857142857142,0.5249999999999999,0.1388888888888889,0.14705882352941177,0.162037037037037,0.75,0.29411764705882354
all_t20_2018_2026,f89d3b11,Sameer Rizvi,True,2026,True,25,19,6,637.0,450,33.526315789473685,25.48,20.0,True,0.40000000000000036,4.0,20.0,40.0,58.6,0.9784599730645009,3,0.12,0.15789473684210525,0.52,0.5416666666666666,0.5571428571428572,0.36,0.375,0.38571428571428573,0.16,0.18181818181818182,0.25,0.6923076923076923,0.5714285714285714
all_t20_2018_2026,eaa76d3c,C Green,True,2026,True,51,34,17,1135.0,779,33.38235294117647,22.254901960784313,17.0,True,2.0,4.0,17.0,33.0,46.0,1.3071295865739263,1,0.0196078431372549,0.029411764705882353,0.45098039215686275,0.5476190476190477,0.581597330373374,0.39215686274509803,0.47619047619047616,0.5057368090203253,0.09803921568627451,0.13513513513513514,0.19261460499797542,0.8695652173913043,0.3333333333333333
all_t20_2018_2026,fe366f34,C Connolly,True,2026,True,51,40,11,1333.0,927,33.325,26.137254901960784,20.0,True,2.0,6.5,20.0,37.0,64.0,1.297602821796409,5,0.09803921568627451,0.125,0.5294117647058824,0.5510204081632653,0.5595012198427758,0.37254901960784315,0.41304347826086957,0.4478600042167405,0.13725490196078433,0.16666666666666666,0.25714450002875056,0.7916666666666666,0.4666666666666667
all_t20_2018_2026,d67d5f00,DA Miller,True,2026,True,186,122,64,4059.0,2944,33.27049180327869,21.822580645161292,19.0,True,2.0,7.0,19.0,30.0,45.0,1.2644768562091153,7,0.03763440860215054,0.05737704918032787,0.46774193548387094,0.5337423312883436,0.5695444817821598,0.26881720430107525,0.3424657534246575,0.4262674731848205,0.07526881720430108,0.10687022900763359,0.198554728129686,0.7142857142857143,0.4
all_t20_2018_2026,9c821d2e,RA Herman,True,2025,True,19,17,2,559.0,467,32.88235294117647,29.42105263157895,19.0,True,7.6000000000000005,10.5,19.0,45.0,60.199999999999996,0.6709460228806143,1,0.05263157894736842,0.058823529411764705,0.47368421052631576,0.47368421052631576,0.4736842105263159,0.42105263157894735,0.42105263157894735,0.4210526315789474,0.21052631578947367,0.21052631578947367,0.21052631578947373,0.8888888888888888,0.5
all_t20_2018_2026,7b679de5,Kartik Sharma,True,2026,True,11,9,2,295.0,216,32.77777777777778,26.818181818181817,19.0,True,6.0,16.5,19.0,36.5,54.0,0.8941902733336432,0,0.0,0.0,0.45454545454545453,0.45454545454545453,0.45454545454545453,0.36363636363636365,0.36363636363636365,0.36363636363636365,0.18181818181818182,0.2,0.2727272727272727,0.8,0.6666666666666666
all_t20_2018_2026,752f7486,Ishan Kishan,True,2026,True,128,117,11,3815.0,2631,32.60683760683761,29.8046875,25.0,True,1.0,9.0,25.0,43.25,70.6,1.0473347565700226,12,0.09375,0.10256410256410256,0.5625,0.5669291338582677,0.5686141304347826,0.3984375,0.4015748031496063,0.4027683423913043,0.2109375,0.21428571428571427,0.21818914307381188,0.7083333333333334,0.54
all_t20_2018_2026,8ee36b18,P Nissanka,True,2026,True,16,16,0,521.0,305,32.5625,32.5625,30.0,True,2.0,10.25,30.0,51.5,64.5,0.31091316166137484,0,0.0,0.0,0.5,0.5,0.5,0.5,0.5,0.5,0.3125,0.3125,0.3125,1.0,0.625
all_t20_2018_2026,3a9e9cb2,SIR Dunkley,True,2026,True,48,42,6,1366.0,1011,32.523809523809526,28.458333333333332,26.0,True,1.7000000000000002,12.0,26.0,41.5,56.300000000000004,0.286865849551488,3,0.0625,0.07142857142857142,0.6458333333333334,0.6458333333333334,0.6458333333333334,0.4166666666666667,0.425531914893617,0.4315476190476191,0.20833333333333334,0.2222222222222222,0.24846681096681097,0.6666666666666666,0.5555555555555556
all_t20_2018_2026,238ce998,Q Sampson,True,2026,True,14,9,5,292.0,184,32.44444444444444,20.857142857142858,13.5,True,6.3,8.25,13.5,23.5,44.90000000000002,1.6636348995765229,1,0.07142857142857142,0.1111111111111111,0.2857142857142857,0.4,0.46428571428571436,0.21428571428571427,0.3,0.34821428571428575,0.14285714285714285,0.2222222222222222,0.34821428571428575,0.75,1.0
all_t20_2018_2026,c41043e6,BR McDermott,True,2025,True,109,94,15,3039.0,2219,32.329787234042556,27.880733944954127,18.0,True,2.0,7.0,18.0,41.0,60.60000000000002,1.3669776390327528,8,0.07339449541284404,0.0851063829787234,0.48623853211009177,0.5,0.5070728069779004,0.3853211009174312,0.40384615384615385,0.4186601124279075,0.1926605504587156,0.21,0.24461443279146108,0.8235294117647058,0.5526315789473685
all_t20_2018_2026,6a26221c,AK Markram,True,2026,True,112,95,17,3064.0,2263,32.252631578947366,27.357142857142858,22.5,True,2.1000000000000014,10.0,22.5,42.0,55.80000000000001,1.024335590965864,6,0.05357142857142857,0.06315789473684211,0.5625,0.5833333333333334,0.5906308817615721,0.41964285714285715,0.4392523364485981,0.4491030300574102,0.16964285714285715,0.1919191919191919,0.23585256544327637,0.7580645161290323,0.48717948717948717
all_t20_2018_2026,5f26f677,BM Duckett,True,2026,True,66,59,7,1896.0,1364,32.13559322033898,28.727272727272727,23.5,True,2.5,7.75,23.5,46.75,64.5,0.697425154655912,5,0.07575757575757576,0.0847457627118644,0.6363636363636364,0.6363636363636364,0.6363636363636365,0.3939393939393939,0.4,0.40552584670231745,0.21212121212121213,0.22580645161290322,0.2587145969498912,0.6341463414634146,0.6086956521739131
all_t20_2018_2026,7a6dc294,JC Silk,True,2025,True,82,55,27,1767.0,1409,32.127272727272725,21.548780487804876,17.0,True,1.0,6.0,17.0,35.0,43.0,0.8326293418448217,6,0.07317073170731707,0.10909090909090909,0.43902439024390244,0.4864864864864865,0.5274048558143373,0.34146341463414637,0.4057971014492754,0.48345445116314256,0.06097560975609756,0.08620689655172414,0.20705069658713937,0.9032258064516129,0.29411764705882354
all_t20_2018_2026,abb83e27,JM Bairstow,True,2026,True,107,98,9,3134.0,2175,31.979591836734695,29.289719626168225,23.0,True,1.6000000000000014,9.0,23.0,43.5,61.0,1.058222691075746,9,0.08411214953271028,0.09183673469387756,0.5327102803738317,0.5377358490566038,0.5392869505019038,0.4485981308411215,0.4528301886792453,0.4541363793700242,0.19626168224299065,0.20192307692307693,0.21585494574994973,0.8421052631578947,0.45652173913043476
all_t20_2018_2026,6c19c6e5,YBK Jaiswal,True,2026,True,98,92,6,2942.0,1967,31.97826086956522,30.020408163265305,24.0,True,2.400000000000002,10.0,24.0,46.5,67.0,1.062413572718928,5,0.05102040816326531,0.05434782608695652,0.5714285714285714,0.5714285714285714,0.5714285714285713,0.42857142857142855,0.42857142857142855,0.42857142857142844,0.22448979591836735,0.2268041237113402,0.23129251700680262,0.75,0.5365853658536586
all_t20_2018_2026,9418198b,P Simran Singh,True,2026,True,100,90,10,2867.0,1899,31.855555555555554,28.67,19.5,True,2.9000000000000004,7.75,19.5,43.75,69.20000000000002,1.1152022362601133,7,0.07,0.07777777777777778,0.5,0.5,0.49999999999999967,0.37,0.37373737373737376,0.3784090909090906,0.23,0.23711340206185566,0.25267379679144364,0.7551020408163265,0.6571428571428571
all_t20_2018_2026,ea544967,N de Klerk,True,2026,True,10,7,3,221.0,162,31.571428571428573,22.1,13.0,True,4.9,10.25,13.0,37.25,42.0,0.49317646504234447,0,0.0,0.0,0.4,0.4444444444444444,0.5,0.4,0.4444444444444444,0.5,0.1,0.125,0.25,1.0,0.3333333333333333
all_t20_2018_2026,7aa74830,S Arora,True,2026,True,11,6,5,189.0,123,31.5,17.181818181818183,10.0,True,2.0,8.5,10.0,20.0,30.0,1.879183030907254,1,0.09090909090909091,0.16666666666666666,0.2727272727272727,0.3333333333333333,0.36818181818181817,0.18181818181818182,0.25,0.36818181818181817,0.09090909090909091,0.14285714285714285,0.36818181818181817,1.0,1.0
all_t20_2018_2026,a15618fe,JM Vince,True,2026,True,170,152,18,4776.0,3590,31.42105263157895,28.094117647058823,20.0,True,1.0,8.25,20.0,41.0,71.19999999999999,1.0278639169137467,13,0.07647058823529412,0.08552631578947369,0.5117647058823529,0.5178571428571429,0.5217230199166282,0.35294117647058826,0.35714285714285715,0.35980897925284705,0.2,0.2073170731707317,0.22585192176648428,0.6896551724137931,0.6071428571428571
all_t20_2018_2026,9948e262,HE van der Dussen,True,2025,True,54,46,8,1440.0,1118,31.304347826086957,26.666666666666668,21.0,True,4.0,8.75,21.0,40.75,50.400000000000006,1.2506950740223204,2,0.037037037037037035,0.043478260869565216,0.5740740740740741,0.6078431372549019,0.6211654135338347,0.37037037037037035,0.39215686274509803,0.4007518796992482,0.1111111111111111,0.1276595744680851,0.1738976906552095,0.6451612903225806,0.375
all_t20_2018_2026,9f77963a,Gulbadin Naib,True,2025,True,17,14,3,438.0,301,31.285714285714285,25.764705882352942,15.0,True,2.0,6.0,15.0,47.0,68.4,0.9718421987219312,1,0.058823529411764705,0.07142857142857142,0.35294117647058826,0.375,0.3823529411764706,0.29411764705882354,0.3125,0.3186274509803922,0.23529411764705882,0.25,0.25490196078431376,0.8333333333333334,0.8
all_t20_2018_2026,a343262c,JE Root,True,2026,True,51,42,9,1309.0,1001,31.166666666666668,25.666666666666668,17.0,True,4.0,7.0,17.0,31.5,72.0,1.2580132251127343,3,0.058823529411764705,0.07142857142857142,0.45098039215686275,0.46,0.4605757196495622,0.29411764705882354,0.3,0.300375469336671,0.17647058823529413,0.1836734693877551,0.19824780976220285,0.6521739130434783,0.6428571428571429
all_t20_2018_2026,af2c687b,C Munro,True,2026,True,195,173,22,5365.0,4094,31.01156069364162,27.512820512820515,23.0,True,1.0,7.0,23.0,42.5,59.79999999999998,1.0926539105544655,14,0.07179487179487179,0.08092485549132948,0.5333333333333333,0.538860103626943,0.5416119402985075,0.40512820512820513,0.41361256544502617,0.419993471120813,0.18461538461538463,0.1945945945945946,0.2166538518389864,0.7745098039215687,0.4931506849315068
all_t20_2018_2026,bcf325d2,Dhruv Jurel,True,2026,True,56,41,15,1264.0,838,30.829268292682926,22.571428571428573,17.0,True,1.0,4.75,17.0,34.25,53.0,0.8944253714789971,5,0.08928571428571429,0.12195121951219512,0.4642857142857143,0.5098039215686274,0.5411080293021215,0.3392857142857143,0.3877551020408163,0.43151548429541897,0.17857142857142858,0.2222222222222222,0.2928838128701939,0.7916666666666666,0.6666666666666666
all_t20_2018_2026,a90e53ec,MW Short,True,2026,True,148,136,12,4179.0,2884,30.727941176470587,28.236486486486488,19.0,True,1.0,6.0,19.0,40.25,71.30000000000001,1.1014132194954318,10,0.06756756756756757,0.07352941176470588,0.49324324324324326,0.5,0.5040000000000001,0.41216216216216217,0.4236111111111111,0.43401246245065517,0.20945945945945946,0.21678321678321677,0.2251587877262791,0.8591549295774648,0.5166666666666667
all_t20_2018_2026,a4e37e47,S Dube,True,2026,True,114,84,30,2579.0,1801,30.702380952380953,22.62280701754386,19.5,True,2.0,8.0,19.5,31.75,48.7,1.0379100650074315,6,0.05263157894736842,0.07142857142857142,0.5,0.5377358490566038,0.5527362918539068,0.2631578947368421,0.30927835051546393,0.3622442132805401,0.09649122807017543,0.12643678160919541,0.21599777556779262,0.625,0.55
all_t20_2018_2026,372455c4,Q de Kock,True,2026,True,224,206,18,6318.0,4560,30.66990291262136,28.205357142857142,20.0,True,1.0,7.0,20.0,44.25,68.40000000000003,1.2021882377757864,17,0.07589285714285714,0.0825242718446602,0.5133928571428571,0.515695067264574,0.5173420329670331,0.34375,0.3452914798206278,0.34639423076923087,0.22767857142857142,0.23076923076923078,0.2382541737109045,0.6695652173913044,0.68
all_t20_2018_2026,b8cc58c9,RR Hendricks,True,2026,True,39,33,6,1012.0,845,30.666666666666668,25.94871794871795,18.0,True,0.0,4.0,18.0,40.5,68.4,0.9084720104655806,6,0.15384615384615385,0.18181818181818182,0.46153846153846156,0.47368421052631576,0.4792899408284024,0.41025641025641024,0.42105263157894735,0.4260355029585799,0.15384615384615385,0.16216216216216217,0.1711749788672866,0.8888888888888888,0.4
all_t20_2018_2026,52d1dbc8,BL Mooney,True,2026,True,30,24,6,734.0,570,30.583333333333332,24.466666666666665,16.0,True,1.0,3.0,16.0,30.75,61.90000000000001,1.3286495679843677,2,0.06666666666666667,0.08333333333333333,0.4666666666666667,0.4666666666666667,0.4666666666666668,0.3,0.3,0.3000000000000001,0.2,0.21428571428571427,0.2666666666666667,0.6428571428571429,0.8571428571428571
all_t20_2018_2026,60aa2db3,LG Pretorius,True,2026,True,45,42,3,1283.0,810,30.547619047619047,28.511111111111113,17.0,True,0.0,5.0,17.0,51.0,77.40000000000002,1.0830365879543156,6,0.13333333333333333,0.14285714285714285,0.4,0.4,0.40000000000000013,0.3111111111111111,0.3111111111111111,0.31111111111111117,0.26666666666666666,0.26666666666666666,0.2666666666666668,0.7777777777777778,0.8571428571428571
all_t20_2018_2026,399b0b94,CT Bancroft,True,2025,True,69,56,13,1700.0,1409,30.357142857142858,24.63768115942029,19.0,True,1.0,6.0,19.0,35.0,58.2,1.087401901406332,2,0.028985507246376812,0.03571428571428571,0.4782608695652174,0.4852941176470588,0.4915458937198066,0.34782608695652173,0.3582089552238806,0.3712374581939798,0.17391304347826086,0.19047619047619047,0.23511705685618725,0.75,0.6
all_t20_2018_2026,12b610c2,TM Head,True,2026,True,72,69,3,2093.0,1315,30.333333333333332,29.069444444444443,21.5,True,1.0,6.75,21.5,47.0,66.9,0.8569941247273625,6,0.08333333333333333,0.08695652173913043,0.5277777777777778,0.5277777777777778,0.5277777777777777,0.4166666666666667,0.4166666666666667,0.41666666666666663,0.2222222222222222,0.22535211267605634,0.23076923076923073,0.7894736842105263,0.5517241379310345
all_t20_2018_2026,69d03465,AT Carey,True,2025,True,53,52,1,1575.0,1229,30.28846153846154,29.71698113207547,25.0,True,2.2,13.0,25.0,42.0,63.800000000000026,0.8950264918038813,0,0.0,0.0,0.6226415094339622,0.6346153846153846,0.639469658337583,0.39622641509433965,0.40384615384615385,0.40693523712391655,0.20754716981132076,0.21153846153846154,0.2131565527791944,0.6363636363636364,0.5238095238095238
all_t20_2018_2026,b5797845,Priyansh Arya,True,2026,True,39,39,0,1175.0,647,30.128205128205128,30.128205128205128,22.0,True,1.0,7.5,22.0,45.5,69.2,0.9716456665704387,3,0.07692307692307693,0.07692307692307693,0.5897435897435898,0.5897435897435898,0.5897435897435898,0.358974358974359,0.358974358974359,0.3589743589743589,0.23076923076923078,0.23076923076923078,0.23076923076923075,0.6086956521739131,0.6428571428571429
all_t20_2018_2026,45eda7c8,CA Lynn,True,2025,True,160,149,11,4489.0,3265,30.12751677852349,28.05625,22.0,True,2.0,8.75,22.0,45.25,63.099999999999994,0.8575676174735496,9,0.05625,0.06040268456375839,0.54375,0.54375,0.5437499999999998,0.38125,0.3860759493670886,0.3920528335301061,0.19375,0.1962025316455696,0.1992399645808735,0.7176470588235294,0.5081967213114754
all_t20_2018_2026,d9273ee7,MP Stoinis,True,2026,True,248,195,53,5826.0,4199,29.876923076923077,23.491935483870968,16.0,True,1.0,6.0,16.0,35.25,55.0,1.611445614071727,18,0.07258064516129033,0.09230769230769231,0.4475806451612903,0.4826086956521739,0.5009727241187317,0.31451612903225806,0.35454545454545455,0.3930861099317312,0.13306451612903225,0.15789473684210525,0.20227288426915122,0.7722772277227723,0.4925373134328358
all_t20_2018_2026,f29185a1,Abhishek Sharma,True,2026,True,121,109,12,3256.0,1981,29.871559633027523,26.90909090909091,15.0,True,1.0,5.0,15.0,43.0,65.0,1.5214685367079432,10,0.08264462809917356,0.09174311926605505,0.4462809917355372,0.46153846153846156,0.4682064662279669,0.39669421487603307,0.41739130434782606,0.432689841720108,0.19008264462809918,0.20175438596491227,0.21530480104822688,0.9230769230769231,0.48936170212765956
all_t20_2018_2026,bab78fa2,J Da Silva,True,2026,True,21,16,5,475.0,431,29.6875,22.61904761904762,18.0,True,5.0,9.0,18.0,36.0,50.0,0.630582634702202,0,0.0,0.0,0.42857142857142855,0.5,0.5499999999999999,0.2857142857142857,0.3333333333333333,0.36666666666666664,0.14285714285714285,0.17647058823529413,0.24444444444444444,0.6666666666666666,0.6
all_t20_2018_2026,4663bd23,TL Seifert,True,2026,True,112,97,15,2876.0,2100,29.649484536082475,25.678571428571427,17.0,True,1.0,7.0,17.0,35.25,63.80000000000001,1.5543950813148013,7,0.0625,0.07216494845360824,0.45535714285714285,0.4636363636363636,0.4711991844016821,0.32142857142857145,0.3364485981308411,0.35540336105722287,0.16071428571428573,0.1782178217821782,0.2317090540226012,0.75,0.6
all_t20_2018_2026,e94d2d50,NA McSweeney,True,2025,True,32,28,4,830.0,694,29.642857142857142,25.9375,16.0,True,5.1,8.75,16.0,35.75,67.00000000000004,1.1021484468490992,0,0.0,0.0,0.5,0.5,0.5,0.34375,0.36666666666666664,0.39663461538461536,0.125,0.13333333333333333,0.14423076923076922,0.7857142857142857,0.36363636363636365
all_t20_2018_2026,989889ff,JP Inglis,True,2026,True,107,93,14,2753.0,1897,29.602150537634408,25.72897196261682,19.0,True,2.0,7.0,19.0,38.5,62.80000000000001,0.9090293695393153,3,0.028037383177570093,0.03225806451612903,0.48598130841121495,0.5148514851485149,0.5292431736597608,0.308411214953271,0.3402061855670103,0.3711177379785346,0.18691588785046728,0.20833333333333334,0.23469896472950805,0.6875,0.625
all_t20_2018_2026,26989d80,Shashank Singh,True,2026,True,60,41,19,1213.0,802,29.585365853658537,20.216666666666665,14.0,True,1.0,3.75,14.0,28.75,52.400000000000006,0.9403312724528237,3,0.05,0.07317073170731707,0.36666666666666664,0.4,0.43442062752407573,0.25,0.29411764705882354,0.36505935086056784,0.15,0.19148936170212766,0.3088963738050959,0.8333333333333334,0.8181818181818182
all_t20_2018_2026,2f26ac1a,Mohammad Rizwan,True,2025,True,16,14,2,414.0,360,29.571428571428573,25.875,21.0,True,3.5,9.0,21.0,33.75,50.5,1.2551797024159823,0,0.0,0.0,0.5625,0.6,0.6136363636363636,0.375,0.4,0.4090909090909091,0.125,0.13333333333333333,0.1363636363636364,0.6666666666666666,0.3333333333333333
all_t20_2018_2026,04a418e8,R Parag,True,2026,True,112,93,19,2749.0,1911,29.559139784946236,24.544642857142858,17.5,True,3.0,6.0,17.5,38.25,55.80000000000001,1.1273943059999392,3,0.026785714285714284,0.03225806451612903,0.4732142857142857,0.5,0.5150900321110004,0.3125,0.3333333333333333,0.34739110957305525,0.16964285714285715,0.18811881188118812,0.22202200051700932,0.6730769230769231,0.6129032258064516
all_t20_2018_2026,92aeac25,AD Hales,True,2026,True,194,180,14,5320.0,3775,29.555555555555557,27.422680412371133,21.0,True,1.0,7.0,21.0,43.75,63.0,1.0937285672662769,16,0.08247422680412371,0.08888888888888889,0.520618556701031,0.5233160621761658,0.5248859219198917,0.36082474226804123,0.36649214659685864,0.3715397453778389,0.19072164948453607,0.19473684210526315,0.20023598602435916,0.7070707070707071,0.5362318840579711
all_t20_2018_2026,bf814547,K Verreynne,True,2025,True,26,20,6,591.0,438,29.55,22.73076923076923,11.0,True,3.5,8.25,11.0,30.0,48.5,2.181734643644801,0,0.0,0.0,0.34615384615384615,0.391304347826087,0.41098901098901097,0.3076923076923077,0.34782608695652173,0.3653235653235653,0.11538461538461539,0.13043478260869565,0.136996336996337,0.8888888888888888,0.375
all_t20_2018_2026,35f173a0,MP Breetzke,True,2026,True,48,43,5,1269.0,992,29.511627906976745,26.4375,20.5,True,2.0,6.75,20.5,43.25,58.30000000000005,0.6525158777894312,2,0.041666666666666664,0.046511627906976744,0.5208333333333334,0.5319148936170213,0.5416666666666669,0.4166666666666667,0.425531914893617,0.4333333333333334,0.16666666666666666,0.18181818181818182,0.22982142857142865,0.8,0.47058823529411764
all_t20_2018_2026,a139c379,DN Wyatt,True,2026,True,46,42,4,1239.0,932,29.5,26.934782608695652,22.5,True,1.0,9.0,22.5,43.0,59.5,0.48588550812887193,5,0.10869565217391304,0.11904761904761904,0.5652173913043478,0.5652173913043478,0.5652173913043479,0.3695652173913043,0.3695652173913043,0.3695652173913044,0.21739130434782608,0.22727272727272727,0.25621118012422367,0.6538461538461539,0.6666666666666666
all_t20_2018_2026,844e79d1,D Brevis,True,2026,True,88,76,12,2239.0,1534,29.460526315789473,25.443181818181817,21.0,True,2.0,8.0,21.0,39.5,55.3,0.9432899440108125,6,0.06818181818181818,0.07894736842105263,0.5340909090909091,0.5402298850574713,0.5427052785923755,0.38636363636363635,0.3953488372093023,0.40320599191566947,0.13636363636363635,0.14814814814814814,0.17710870710753418,0.7391304347826086,0.41379310344827586
all_t20_2018_2026,c03f1114,KD Karthik,True,2025,True,125,87,38,2556.0,1738,29.379310344827587,20.448,16.0,True,1.0,5.0,16.0,30.0,46.60000000000001,1.2382320348262266,10,0.08,0.11494252873563218,0.432,0.4864864864864865,0.5172108341373958,0.264,0.3235294117647059,0.39329620071629,0.088,0.12222222222222222,0.2395137288400941,0.7333333333333333,0.5238095238095238
all_t20_2018_2026,56b93d46,BJ Webster,True,2025,True,67,55,12,1615.0,1351,29.363636363636363,24.104477611940297,19.0,True,2.0,7.0,19.0,36.0,54.4,0.7159575484323315,3,0.04477611940298507,0.05454545454545454,0.47761194029850745,0.5,0.5146579685649044,0.31343283582089554,0.3387096774193548,0.36354420305528734,0.1791044776119403,0.19672131147540983,0.2207232661407102,0.7,0.6
all_t20_2018_2026,b681e71e,GJ Maxwell,True,2026,True,183,149,34,4371.0,2847,29.335570469798657,23.885245901639344,15.0,True,1.0,5.0,15.0,37.0,59.0,1.6321442070121919,18,0.09836065573770492,0.12080536912751678,0.4426229508196721,0.47368421052631576,0.49261939153069206,0.3333333333333333,0.3609467455621302,0.3807477363390242,0.15300546448087432,0.175,0.22012577840521969,0.7721518987341772,0.5384615384615384
all_t20_2018_2026,84d9c311,Ashutosh Sharma,True,2026,True,34,27,7,792.0,469,29.333333333333332,23.294117647058822,17.5,True,2.0,7.25,17.5,32.5,59.4,1.1265925605710556,1,0.029411764705882353,0.037037037037037035,0.38235294117647056,0.43333333333333335,0.4870307256029348,0.3235294117647059,0.3793103448275862,0.44956682363347833,0.14705882352941177,0.17857142857142858,0.22989212572166504,0.9166666666666666,0.5
all_t20_2018_2026,afa7e784,MS Wade,True,2025,True,110,100,10,2930.0,1997,29.3,26.636363636363637,15.0,True,2.9000000000000004,8.0,15.0,39.75,66.10000000000001,1.3878409894645236,5,0.045454545454545456,0.05,0.43636363636363634,0.4528301886792453,0.4641989201925248,0.33636363636363636,0.3490566037735849,0.35782000098173783,0.17272727272727273,0.18446601941747573,0.20559748103689052,0.7708333333333334,0.5588235294117647
all_t20_2018_2026,fb0d68b4,AI Ross,True,2025,True,70,53,17,1548.0,1177,29.20754716981132,22.114285714285714,18.0,True,2.0,6.0,18.0,34.75,47.1,0.823918480480739,4,0.05714285714285714,0.07547169811320754,0.45714285714285713,0.5161290322580645,0.538517758727231,0.3142857142857143,0.36666666666666664,0.4004902202073007,0.08571428571428572,0.10909090909090909,0.16353350658464774,0.7333333333333333,0.35294117647058826
all_t20_2018_2026,b58b7db6,GSNFG Jayasuriya,True,2026,True,13,10,3,292.0,267,29.2,22.46153846153846,19.0,True,0.40000000000000036,6.0,19.0,31.0,49.80000000000001,0.6108267065230119,1,0.07692307692307693,0.1,0.46153846153846156,0.5,0.5034965034965037,0.38461538461538464,0.4166666666666667,0.41958041958041975,0.15384615384615385,0.18181818181818182,0.22377622377622391,0.8333333333333334,0.5
all_t20_2018_2026,09a9d073,J Charles,True,2026,True,118,115,3,3346.0,2515,29.095652173913045,28.35593220338983,24.0,True,3.0,12.0,24.0,42.75,59.599999999999994,0.8557236031710598,2,0.01694915254237288,0.017391304347826087,0.5254237288135594,0.5254237288135594,0.5254237288135593,0.4152542372881356,0.4152542372881356,0.4152542372881356,0.1864406779661017,0.1896551724137931,0.2021343377275581,0.7903225806451613,0.46808510638297873
all_t20_2018_2026,48a1d7b7,SO Hetmyer,True,2026,True,249,190,59,5516.0,3720,29.03157894736842,22.152610441767067,15.0,True,1.0,6.0,15.0,34.0,53.20000000000002,1.3749553187383563,17,0.06827309236947791,0.08947368421052632,0.42168674698795183,0.46255506607929514,0.48879842656677647,0.2931726907630522,0.3333333333333333,0.37312172818986467,0.11646586345381527,0.14215686274509803,0.19964356517749893,0.7525773195876289,0.5
all_t20_2018_2026,4ae1755b,HC Brook,True,2026,True,60,48,12,1391.0,908,28.979166666666668,23.183333333333334,14.5,True,0.9000000000000004,6.0,14.5,35.0,55.1,1.4550396000799435,6,0.1,0.125,0.45,0.46551724137931033,0.47401247401247404,0.3,0.32142857142857145,0.34760914760914763,0.11666666666666667,0.13725490196078433,0.1965328642251719,0.72,0.5384615384615384
all_t20_2018_2026,9a46c4e5,GD Phillips,True,2026,True,93,80,13,2311.0,1690,28.8875,24.849462365591396,19.0,True,1.200000000000001,6.0,19.0,40.0,58.0,1.1627054234021077,8,0.08602150537634409,0.1,0.4838709677419355,0.5172413793103449,0.5405416820653608,0.3225806451612903,0.3488372093023256,0.36915041702024637,0.13978494623655913,0.1566265060240964,0.18386802380318784,0.6818181818181818,0.48148148148148145
all_t20_2018_2026,6f02fe2a,Waseem Muhammad,True,2025,True,46,43,3,1241.0,901,28.86046511627907,26.97826086956522,22.5,True,3.5,12.0,22.5,37.75,55.0,1.1529834010213058,2,0.043478260869565216,0.046511627906976744,0.5217391304347826,0.5217391304347826,0.5217391304347826,0.34782608695652173,0.35555555555555557,0.36613272311212813,0.13043478260869565,0.13333333333333333,0.13729977116704806,0.6956521739130435,0.375
all_t20_2018_2026,dbe50b21,HH Pandya,True,2026,True,119,89,30,2564.0,1752,28.808988764044944,21.54621848739496,18.0,True,2.0,8.0,18.0,30.5,40.400000000000006,1.3569884824487235,4,0.03361344537815126,0.0449438202247191,0.46218487394957986,0.4824561403508772,0.49608971214818043,0.2689075630252101,0.3076923076923077,0.36393384586042005,0.07563025210084033,0.09574468085106383,0.18424852649197024,0.7111111111111111,0.4090909090909091
all_t20_2018_2026,e94915e6,SM Curran,True,2026,True,138,107,31,3082.0,2234,28.80373831775701,22.333333333333332,19.0,True,1.0,6.0,19.0,32.5,53.3,0.9928842857025749,10,0.07246376811594203,0.09345794392523364,0.4927536231884058,0.5396825396825397,0.5569055788460187,0.2898550724637681,0.3225806451612903,0.3418346264016483,0.14492753623188406,0.16806722689075632,0.2103961049627018,0.6060606060606061,0.5714285714285714
all_t20_2018_2026,2c25d4f5,D Padikkal,True,2026,True,113,106,7,3050.0,2258,28.77358490566038,26.991150442477878,24.0,True,1.200000000000001,7.0,24.0,40.0,56.0,0.8878089774950481,7,0.061946902654867256,0.0660377358490566,0.5575221238938053,0.5575221238938053,0.5575221238938051,0.415929203539823,0.41964285714285715,0.42441755463247216,0.19469026548672566,0.2018348623853211,0.21770719902479968,0.7580645161290323,0.5
all_t20_2018_2026,fb2d1dda,N Rana,True,2026,True,140,126,14,3625.0,2627,28.76984126984127,25.892857142857142,21.0,True,1.0,8.0,21.0,37.0,59.400000000000034,1.0906781972395105,10,0.07142857142857142,0.07936507936507936,0.5142857142857142,0.5255474452554745,0.5302279974489795,0.34285714285714286,0.35294117647058826,0.35846399827536635,0.17857142857142858,0.19083969465648856,0.2184910206206277,0.676056338028169,0.5813953488372093
all_t20_2018_2026,29e95537,AM Rahane,True,2026,True,112,104,8,2992.0,2227,28.76923076923077,26.714285714285715,21.0,True,2.0,9.0,21.0,37.0,62.80000000000001,1.1350812500518268,6,0.05357142857142857,0.057692307692307696,0.5178571428571429,0.5272727272727272,0.5299003322259137,0.375,0.3853211009174312,0.390452876376989,0.15178571428571427,0.1574074074074074,0.1619914612111675,0.7368421052631579,0.4146341463414634
all_t20_2018_2026,f1f99156,TH David,True,2026,True,206,141,65,4046.0,2564,28.69503546099291,19.640776699029125,16.0,True,2.0,7.25,16.0,28.0,43.5,0.9778634701006462,9,0.043689320388349516,0.06382978723404255,0.4320388349514563,0.4972067039106145,0.5359538911339484,0.23300970873786409,0.28402366863905326,0.33350287479816043,0.043689320388349516,0.061224489795918366,0.18034008288850542,0.6075949367088608,0.34615384615384615
all_t20_2018_2026,14b14cd8,DM Bravo,True,2025,True,49,38,11,1086.0,964,28.57894736842105,22.163265306122447,20.0,True,2.0,7.0,20.0,29.0,50.0,1.3716601965964466,1,0.02040816326530612,0.02631578947368421,0.5306122448979592,0.5531914893617021,0.5629838142153415,0.24489795918367346,0.27906976744186046,0.32580704489648,0.12244897959183673,0.14285714285714285,0.19005410952294663,0.5454545454545454,0.5454545454545454
all_t20_2018_2026,de098678,RA Clarke,True,2026,True,11,7,4,200.0,194,28.571428571428573,18.181818181818183,17.0,True,0.0,5.0,17.0,25.0,36.0,0.8328127441791138,1,0.09090909090909091,0.14285714285714285,0.36363636363636365,0.4444444444444444,0.4713804713804714,0.18181818181818182,0.2222222222222222,0.23569023569023573,0.09090909090909091,0.125,0.23569023569023573,0.5,1.0
all_t20_2018_2026,cb08b611,JI Rodrigues,True,2026,True,24,21,3,596.0,438,28.38095238095238,24.833333333333332,18.5,True,2.6000000000000005,8.5,18.5,32.25,55.199999999999996,1.3115630124813271,1,0.041666666666666664,0.047619047619047616,0.4583333333333333,0.4583333333333333,0.4583333333333333,0.3333333333333333,0.34782608695652173,0.375,0.16666666666666666,0.18181818181818182,0.234375,0.8,0.5714285714285714
all_t20_2018_2026,5d2eda89,S Mandhana,True,2026,True,36,32,4,908.0,653,28.375,25.22222222222222,17.0,True,0.5,3.75,17.0,42.25,59.0,0.8694410654812688,4,0.1111111111111111,0.125,0.3888888888888889,0.3888888888888889,0.38888888888888873,0.3611111111111111,0.3611111111111111,0.361111111111111,0.16666666666666666,0.16666666666666666,0.1666666666666666,0.9285714285714286,0.46153846153846156
all_t20_2018_2026,aad0c365,Nithish Kumar Reddy,True,2026,True,39,31,8,879.0,637,28.35483870967742,22.53846153846154,19.0,True,2.0,8.5,19.0,34.0,39.400000000000006,0.9459268912701795,1,0.02564102564102564,0.03225806451612903,0.48717948717948717,0.5428571428571428,0.5678990026816114,0.3333333333333333,0.40625,0.4763626502756938,0.07692307692307693,0.09375,0.10992984237131395,0.8125,0.23076923076923078
all_t20_2018_2026,1c84109e,MD Choudhary,True,2026,True,10,6,4,170.0,120,28.333333333333332,17.0,13.5,True,1.0,3.25,13.5,20.25,40.49999999999999,1.0786467887056261,0,0.0,0.0,0.3,0.375,0.41142857142857153,0.2,0.2857142857142857,0.41142857142857153,0.1,0.14285714285714285,0.20571428571428577,1.0,0.5
all_t20_2018_2026,872b03f7,A Badoni,True,2026,True,66,51,15,1445.0,1052,28.333333333333332,21.893939393939394,18.5,True,1.0,6.0,18.5,33.75,52.0,1.0004073627362806,5,0.07575757575757576,0.09803921568627451,0.45454545454545453,0.5,0.5336437128644922,0.2878787878787879,0.3333333333333333,0.38224899152483577,0.12121212121212122,0.14545454545454545,0.1975257946635515,0.7037037037037037,0.47058823529411764
all_t20_2018_2026,3feda4fa,RL Chase,True,2026,True,79,59,20,1671.0,1297,28.322033898305083,21.151898734177216,14.0,True,1.0,5.5,14.0,32.5,52.2,1.3089232714070789,5,0.06329113924050633,0.0847457627118644,0.3670886075949367,0.4142857142857143,0.4412167796784058,0.3037974683544304,0.35294117647058826,0.3955736645392604,0.12658227848101267,0.15873015873015872,0.2226830768909822,0.8888888888888888,0.5263157894736842
all_t20_2018_2026,1bae756b,ADS Fletcher,True,2026,True,149,135,14,3812.0,2973,28.237037037037037,25.583892617449663,18.0,True,1.8000000000000007,8.0,18.0,37.0,59.20000000000002,1.436222564895906,8,0.053691275167785234,0.05925925925925926,0.4697986577181208,0.47619047619047616,0.47985410486832414,0.3288590604026846,0.33793103448275863,0.3470944691880878,0.1476510067114094,0.15714285714285714,0.18777722762500107,0.7205882352941176,0.5
all_t20_2018_2026,ab965cad,HWR Cartwright,True,2025,True,94,68,26,1918.0,1470,28.205882352941178,20.404255319148938,15.5,True,2.0,9.0,15.5,29.0,42.0,1.0517201394107953,1,0.010638297872340425,0.014705882352941176,0.4148936170212766,0.48148148148148145,0.5082139618260259,0.24468085106382978,0.30666666666666664,0.3670812652849092,0.06382978723404255,0.08571428571428572,0.1455490051863941,0.696969696969697,0.3333333333333333
all_t20_2018_2026,ebcfef83,Himmat Singh,True,2026,True,36,24,12,676.0,527,28.166666666666668,18.77777777777778,17.5,True,2.0,6.0,17.5,26.25,37.5,0.8020125592927404,3,0.08333333333333333,0.125,0.4166666666666667,0.5,0.5448099479671928,0.16666666666666666,0.2222222222222222,0.29433888097967825,0.08333333333333333,0.12,0.2354711047837426,0.5,0.75
all_t20_2018_2026,7b01ce83,L Lee,True,2026,True,29,26,3,732.0,577,28.153846153846153,25.24137931034483,20.0,True,2.400000000000001,8.0,20.0,42.0,49.79999999999999,0.5245562805044282,3,0.10344827586206896,0.11538461538461539,0.5172413793103449,0.5172413793103449,0.517241379310345,0.41379310344827586,0.41379310344827586,0.41379310344827597,0.10344827586206896,0.11538461538461539,0.20689655172413798,0.8,0.3333333333333333
all_t20_2018_2026,d405c0d5,AM Hardie,True,2026,True,78,62,16,1739.0,1302,28.048387096774192,22.294871794871796,18.0,True,2.7,8.0,18.0,32.75,44.3,1.5618062800566268,3,0.038461538461538464,0.04838709677419355,0.46153846153846156,0.5070422535211268,0.5313184435698275,0.28205128205128205,0.3142857142857143,0.33424444570977707,0.08974358974358974,0.10606060606060606,0.1474727008949804,0.6285714285714286,0.3888888888888889
all_t20_2018_2026,8db7f47f,RJW Topley,True,2025,True,16,3,13,84.0,70,28.0,5.25,5.0,True,0.0,1.75,5.0,8.25,11.5,0.538802525962393,1,0.0625,0.3333333333333333,0.0,0.0,0.7291666666666666,0.0,0.0,0.7291666666666666,0.0,0.0,0.7291666666666666,,
all_t20_2018_2026,ff1e12a0,AJ Turner,True,2025,True,113,83,30,2317.0,1574,27.91566265060241,20.504424778761063,16.0,True,1.0,4.0,16.0,28.0,48.8,1.4281748736307371,6,0.05309734513274336,0.07228915662650602,0.4424778761061947,0.5208333333333334,0.5605982909886713,0.21238938053097345,0.2608695652173913,0.3025611917263191,0.09734513274336283,0.12643678160919541,0.1912672323746441,0.5217391304347826,0.5789473684210527
all_t20_2018_2026,1ac746c8,Atharva Taide,True,2025,True,35,32,3,891.0,682,27.84375,25.457142857142856,23.0,True,4.0,10.5,23.0,38.0,51.40000000000001,0.5213913960815061,1,0.02857142857142857,0.03125,0.5428571428571428,0.5428571428571428,0.5428571428571428,0.4,0.4,0.3999999999999999,0.11428571428571428,0.125,0.16029684601113173,0.7368421052631579,0.36363636363636365
all_t20_2018_2026,f0b4e47d,G Wareham,True,2026,True,24,12,12,334.0,260,27.833333333333332,13.916666666666666,10.5,True,2.3000000000000003,5.75,10.5,18.25,27.799999999999997,1.47579088964082,0,0.0,0.0,0.16666666666666666,0.2857142857142857,0.43526785714285715,0.08333333333333333,0.15384615384615385,0.32645089285714285,0.041666666666666664,0.08333333333333333,0.32645089285714285,0.6666666666666666,1.0
all_t20_2018_2026,6e6fb538,JL du Plooy,True,2026,True,81,65,16,1808.0,1341,27.815384615384616,22.320987654320987,18.0,True,1.0,5.0,18.0,30.0,54.0,1.023180804566679,4,0.04938271604938271,0.06153846153846154,0.48148148148148145,0.5064935064935064,0.5207230381298364,0.2962962962962963,0.3287671232876712,0.36618172526647763,0.1111111111111111,0.13043478260869565,0.19205335241248825,0.6857142857142857,0.45
all_t20_2018_2026,bd920a2c,M Wright,True,2025,True,21,18,3,500.0,408,27.77777777777778,23.80952380952381,16.0,True,5.0,8.0,16.0,34.0,63.0,0.9467095156332633,1,0.047619047619047616,0.05555555555555555,0.42857142857142855,0.42857142857142855,0.4285714285714285,0.3333333333333333,0.3684210526315789,0.4285714285714285,0.19047619047619047,0.21052631578947367,0.2448979591836735,1.0,0.5714285714285714
all_t20_2018_2026,77255a9e,RA Tripathi,True,2025,True,106,91,15,2523.0,1873,27.725274725274726,23.80188679245283,16.5,True,2.5,7.25,16.5,34.75,59.0,1.0919811518722768,4,0.03773584905660377,0.04395604395604396,0.4716981132075472,0.5,0.5166644310911441,0.3113207547169811,0.33,0.3409985245201551,0.1509433962264151,0.16494845360824742,0.18695303721944173,0.66,0.5333333333333333
all_t20_2018_2026,bf74b130,FH Allen,True,2026,True,93,91,2,2522.0,1404,27.714285714285715,27.118279569892472,16.0,True,1.0,6.0,16.0,37.0,69.0,1.6750109351986449,6,0.06451612903225806,0.06593406593406594,0.4731182795698925,0.4731182795698925,0.4731182795698928,0.3118279569892473,0.3118279569892473,0.3118279569892476,0.17204301075268819,0.17204301075268819,0.17204301075268838,0.6590909090909091,0.5517241379310345
all_t20_2018_2026,fcc21ace,A Kamboj,True,2026,True,12,3,9,83.0,64,27.666666666666668,6.916666666666667,4.5,True,1.1,2.0,4.5,9.25,18.400000000000002,0.9251681231295447,1,0.08333333333333333,0.3333333333333333,0.0,0.0,0.4125,0.0,0.0,0.4125,0.0,0.0,0.4125,,
all_t20_2018_2026,0994d0ae,V Shankar,True,2025,True,76,58,18,1603.0,1231,27.637931034482758,21.092105263157894,16.5,True,3.0,8.0,16.5,28.25,47.5,0.9301934161433001,2,0.02631578947368421,0.034482758620689655,0.4473684210526316,0.4722222222222222,0.48069054552880974,0.21052631578947367,0.2318840579710145,0.2522680661815602,0.10526315789473684,0.125,0.19620849591899128,0.5161290322580645,0.7272727272727273
all_t20_2018_2026,e87aeca2,J Hermann,True,2025,True,39,34,5,939.0,787,27.61764705882353,24.076923076923077,17.0,True,2.8000000000000003,5.5,17.0,39.0,54.20000000000002,1.3840820986038653,2,0.05128205128205128,0.058823529411764705,0.48717948717948717,0.5,0.5103785103785102,0.3076923076923077,0.32432432432432434,0.34025234025234014,0.1282051282051282,0.13513513513513514,0.14177180843847506,0.6666666666666666,0.4166666666666667
all_t20_2018_2026,ff154ecd,JM Cox,True,2026,True,85,71,14,1957.0,1454,27.56338028169014,23.023529411764706,17.0,True,1.0,5.0,17.0,39.0,54.400000000000034,0.8107911166804613,8,0.09411764705882353,0.11267605633802817,0.47058823529411764,0.5,0.5180291715537374,0.3411764705882353,0.3625,0.3755711493764596,0.12941176470588237,0.14285714285714285,0.1733043046652503,0.725,0.4230769230769231
all_t20_2018_2026,8e3cb0e9,JJS Sangha,True,2025,True,38,32,6,882.0,743,27.5625,23.210526315789473,15.5,True,1.4000000000000004,3.5,15.5,33.75,57.50000000000002,1.0468429195140931,4,0.10526315789473684,0.125,0.47368421052631576,0.4864864864864865,0.4934210526315791,0.39473684210526316,0.40540540540540543,0.41118421052631593,0.15789473684210525,0.16666666666666666,0.1850328947368422,0.8333333333333334,0.42857142857142855
all_t20_2018_2026,f21043a5,MDKJ Perera,True,2026,True,23,21,2,578.0,417,27.523809523809526,25.130434782608695,22.0,True,1.6000000000000005,10.0,22.0,36.0,52.60000000000001,0.4311689753995315,1,0.043478260869565216,0.047619047619047616,0.5652173913043478,0.5652173913043478,0.5652173913043479,0.43478260869565216,0.43478260869565216,0.4347826086956522,0.13043478260869565,0.13636363636363635,0.15217391304347827,0.7692307692307693,0.3333333333333333
all_t20_2018_2026,3ff033bb,MD Shanaka,True,2026,True,55,36,19,989.0,632,27.47222222222222,17.98181818181818,12.0,True,2.0,4.5,12.0,24.0,35.6,2.7858700817967597,3,0.05454545454545454,0.08333333333333333,0.34545454545454546,0.40425531914893614,0.4317131691711479,0.18181818181818182,0.22727272727272727,0.2871096488090981,0.05454545454545454,0.07692307692307693,0.2126738139326653,0.625,0.6
all_t20_2018_2026,50c6bc2b,LS Livingstone,True,2026,True,150,132,18,3623.0,2495,27.446969696969695,24.153333333333332,17.0,True,2.0,5.0,17.0,32.75,64.19999999999999,1.15155356352835,6,0.04,0.045454545454545456,0.44,0.4520547945205479,0.4620817341887779,0.3,0.3125,0.32765306480053713,0.16,0.17391304347826086,0.208728504629752,0.703125,0.6153846153846154
all_t20_2018_2026,7fca84b7,BA King,True,2026,True,92,83,9,2278.0,1724,27.44578313253012,24.76086956521739,13.0,True,1.0,5.0,13.0,33.75,66.30000000000004,1.5435339167772089,7,0.07608695652173914,0.08433734939759036,0.42391304347826086,0.43820224719101125,0.44193867142675014,0.29347826086956524,0.30337078651685395,0.30595754175698087,0.17391304347826086,0.1797752808988764,0.1813081728930257,0.6923076923076923,0.5925925925925926
all_t20_2018_2026,3d284ca3,PD Salt,True,2026,True,156,146,10,4002.0,2615,27.410958904109588,25.653846153846153,19.5,True,1.0,5.75,19.5,39.0,60.5,0.8394033436434073,13,0.08333333333333333,0.08904109589041095,0.5,0.5,0.49999999999999983,0.36538461538461536,0.36774193548387096,0.37127791563275425,0.1858974358974359,0.18831168831168832,0.19498919394861114,0.7402597402597403,0.5178571428571429
all_t20_2018_2026,650d5e49,R Powell,True,2026,True,179,135,44,3696.0,2606,27.377777777777776,20.64804469273743,14.0,True,1.0,4.0,14.0,33.0,47.20000000000002,1.2396058372391652,11,0.061452513966480445,0.08148148148148149,0.43575418994413406,0.484472049689441,0.5123510752739578,0.29608938547486036,0.33544303797468356,0.36612365184025125,0.08379888268156424,0.1048951048951049,0.17261002780355178,0.7066666666666667,0.39473684210526316
all_t20_2018_2026,39086549,JR Philippe,True,2025,True,114,103,11,2816.0,2069,27.339805825242717,24.70175438596491,16.0,True,1.0,7.0,16.0,34.75,59.80000000000001,1.3056077894042992,7,0.06140350877192982,0.06796116504854369,0.43859649122807015,0.45454545454545453,0.46415502465421105,0.3157894736842105,0.32727272727272727,0.33419161775103196,0.15789473684210525,0.1651376146788991,0.1718699748433878,0.72,0.5142857142857142
all_t20_2018_2026,218d4d78,MT Renshaw,True,2025,True,88,77,11,2102.0,1547,27.2987012987013,23.886363636363637,19.0,True,1.0,6.0,19.0,37.25,49.3,1.1981319463638715,7,0.07954545454545454,0.09090909090909091,0.48863636363636365,0.5,0.505544196288141,0.375,0.38823529411764707,0.3993868308569103,0.10227272727272728,0.1111111111111111,0.1488398127417057,0.7857142857142857,0.3103448275862069
all_t20_2018_2026,32198ae0,MC Henriques,True,2025,True,103,84,19,2291.0,1792,27.273809523809526,22.24271844660194,18.0,True,2.0,7.0,18.0,29.5,51.39999999999999,0.9585165499069372,3,0.02912621359223301,0.03571428571428571,0.4854368932038835,0.5208333333333334,0.5371036193354592,0.2524271844660194,0.2826086956521739,0.31734703237924017,0.10679611650485436,0.12359550561797752,0.1670818563637709,0.5652173913043478,0.4782608695652174
all_t20_2018_2026,25f7b7d6,T Banton,True,2026,True,90,84,6,2283.0,1645,27.178571428571427,25.366666666666667,15.0,True,2.9000000000000004,7.0,15.0,37.75,63.10000000000001,1.2251837358302955,5,0.05555555555555555,0.05952380952380952,0.4444444444444444,0.449438202247191,0.4509803921568628,0.37777777777777777,0.38636363636363635,0.3939814814814815,0.14444444444444443,0.14942528735632185,0.15534747753267975,0.8717948717948718,0.3939393939393939
all_t20_2018_2026,bbd41817,AD Russell,True,2026,True,252,187,65,5061.0,3088,27.06417112299465,20.083333333333332,12.5,True,1.0,4.0,12.5,31.0,49.0,1.3713344254267512,22,0.0873015873015873,0.11764705882352941,0.3968253968253968,0.4291845493562232,0.44858044941003666,0.26587301587301587,0.3059360730593607,0.35539698401421943,0.09126984126984126,0.11386138613861387,0.1936470548687264,0.7790697674418605,0.46
all_t20_2018_2026,740742ef,RG Sharma,True,2026,True,122,116,6,3122.0,2300,26.913793103448278,25.59016393442623,18.0,True,2.0,7.0,18.0,37.75,64.80000000000001,1.121019687654985,10,0.08196721311475409,0.08620689655172414,0.4672131147540984,0.47107438016528924,0.47540983606557385,0.3442622950819672,0.35,0.35730802415875756,0.14754098360655737,0.15,0.15313201035375326,0.75,0.42857142857142855
all_t20_2018_2026,d34a2268,MDE Holden,True,2025,True,43,37,6,993.0,762,26.83783783783784,23.093023255813954,15.0,True,1.0,7.0,15.0,37.5,51.800000000000004,0.836408240037049,3,0.06976744186046512,0.08108108108108109,0.4418604651162791,0.4634146341463415,0.46640826873385,0.37209302325581395,0.4,0.4158686730506155,0.13953488372093023,0.15,0.15595075239398085,0.8888888888888888,0.375
all_t20_2018_2026,331ea488,UT Khawaja,True,2025,True,49,48,1,1284.0,956,26.75,26.20408163265306,22.0,True,1.8000000000000007,11.0,22.0,35.0,59.80000000000001,1.1477787781908058,4,0.08163265306122448,0.08333333333333333,0.5510204081632653,0.5510204081632653,0.5510204081632651,0.30612244897959184,0.30612244897959184,0.3061224489795918,0.14285714285714285,0.14583333333333334,0.16071428571428575,0.5555555555555556,0.5
all_t20_2018_2026,00ea847a,MA Agarwal,True,2025,True,98,91,7,2430.0,1801,26.703296703296704,24.79591836734694,20.0,True,2.0,8.0,20.0,31.75,56.3,1.4791246804313571,6,0.061224489795918366,0.06593406593406594,0.5102040816326531,0.5208333333333334,0.5231822458713218,0.2857142857142857,0.2916666666666667,0.2929820576879402,0.1326530612244898,0.13978494623655913,0.15842612382790963,0.56,0.52
all_t20_2018_2026,2b150c6b,SL Kalis,True,2026,True,22,16,6,427.0,379,26.6875,19.40909090909091,16.0,True,2.0,4.75,16.0,27.0,46.7,0.7312968248246475,2,0.09090909090909091,0.125,0.36363636363636365,0.42105263157894735,0.4475524475524475,0.22727272727272727,0.2777777777777778,0.32634032634032634,0.045454545454545456,0.0625,0.16317016317016317,0.7142857142857143,0.3333333333333333
all_t20_2018_2026,568473e4,MW Tromp,True,2026,True,16,15,1,400.0,286,26.666666666666668,25.0,19.0,True,5.0,10.75,19.0,41.75,49.5,0.3760515408734274,1,0.0625,0.06666666666666667,0.5,0.5,0.5,0.375,0.375,0.375,0.125,0.125,0.125,0.75,0.3333333333333333
all_t20_2018_2026,e86754b2,TK Curran,True,2026,True,90,53,37,1413.0,966,26.660377358490567,15.7,10.0,True,1.0,3.25,10.0,22.5,38.0,1.3601849206914831,5,0.05555555555555555,0.09433962264150944,0.28888888888888886,0.4,0.48121196517455656,0.16666666666666666,0.24193548387096775,0.32588517332395434,0.044444444444444446,0.07142857142857142,0.18717507390914304,0.6521739130434783,0.4444444444444444
all_t20_2018_2026,9caf69a1,WG Jacks,True,2026,True,109,104,5,2767.0,1734,26.60576923076923,25.38532110091743,16.0,True,1.0,6.0,16.0,39.0,61.2,1.2608742810763578,7,0.06422018348623854,0.0673076923076923,0.45871559633027525,0.4672897196261682,0.4700343765588738,0.3486238532110092,0.3584905660377358,0.3659389585307134,0.1743119266055046,0.1792452830188679,0.18296947926535675,0.7755102040816326,0.5
all_t20_2018_2026,521595e7,JEK Rew,True,2026,True,12,9,3,239.0,195,26.555555555555557,19.916666666666668,20.5,False,0.10000000000000009,6.25,20.5,29.25,41.7,0.2699902007678691,2,0.16666666666666666,0.2222222222222222,0.5,0.5454545454545454,0.5833333333333333,0.25,0.3,0.36458333333333326,0.0,0.0,0.0,0.6,0.0
all_t20_2018_2026,324b9eee,G Redmayne,True,2025,True,27,22,5,582.0,544,26.454545454545453,21.555555555555557,15.0,True,1.6,6.5,15.0,35.0,47.000000000000014,0.6651814480594377,2,0.07407407407407407,0.09090909090909091,0.4074074074074074,0.4074074074074074,0.4074074074074075,0.37037037037037035,0.37037037037037035,0.37037037037037046,0.1111111111111111,0.12,0.15555555555555559,0.9090909090909091,0.375
all_t20_2018_2026,ad9c32a2,DJ Malan,True,2025,True,67,60,7,1573.0,1291,26.216666666666665,23.47761194029851,17.0,True,1.0,6.0,17.0,38.0,58.0,1.1864592195257737,6,0.08955223880597014,0.1,0.417910447761194,0.417910447761194,0.41791044776119407,0.29850746268656714,0.3076923076923077,0.3264925373134329,0.1791044776119403,0.1875,0.20988805970149257,0.7692307692307693,0.631578947368421
all_t20_2018_2026,fa433be6,M Labuschagne,True,2025,True,24,23,1,601.0,483,26.130434782608695,25.041666666666668,23.5,True,3.0,5.75,23.5,35.25,48.099999999999994,0.8683543275143026,1,0.041666666666666664,0.043478260869565216,0.5416666666666666,0.5416666666666666,0.5416666666666667,0.3333333333333333,0.34782608695652173,0.3636363636363637,0.08333333333333333,0.08695652173913043,0.09090909090909095,0.6666666666666666,0.25
all_t20_2018_2026,d1a60072,N Wadhera,True,2026,True,41,35,6,912.0,639,26.057142857142857,22.24390243902439,15.0,True,2.0,5.0,15.0,40.0,52.0,0.8608876372032003,2,0.04878048780487805,0.05714285714285714,0.3902439024390244,0.41025641025641024,0.41931510224193147,0.2926829268292683,0.3076923076923077,0.3144863266814486,0.14634146341463414,0.16216216216216217,0.19059777374633247,0.75,0.6
all_t20_2018_2026,eade4650,DJ Mitchell,True,2025,True,26,22,4,572.0,452,26.0,22.0,19.0,True,4.5,10.25,19.0,28.75,44.0,1.009593794867469,0,0.0,0.0,0.5,0.52,0.5200000000000001,0.2692307692307692,0.30434782608695654,0.33703703703703713,0.11538461538461539,0.13636363636363635,0.19259259259259268,0.6363636363636364,0.5
all_t20_2018_2026,d014d5ac,SE Rutherford,True,2026,True,162,126,36,3263.0,2299,25.896825396825395,20.141975308641975,15.0,True,1.0,5.0,15.0,29.0,47.0,1.0866906328845336,14,0.08641975308641975,0.1111111111111111,0.43209876543209874,0.4605263157894737,0.47397645074930544,0.24691358024691357,0.27586206896551724,0.30650625168361023,0.08641975308641975,0.1044776119402985,0.1643418409027144,0.6349206349206349,0.4827586206896552
all_t20_2018_2026,f0af99a7,D Ferreira,True,2026,True,89,67,22,1734.0,1045,25.880597014925375,19.48314606741573,14.0,True,1.8000000000000007,6.0,14.0,27.0,45.400000000000006,1.2230635513484691,2,0.02247191011235955,0.029850746268656716,0.38202247191011235,0.425,0.4583038230418161,0.24719101123595505,0.28205128205128205,0.31993811176107184,0.07865168539325842,0.1,0.1784654779667229,0.6875,0.5
all_t20_2018_2026,75cbed9b,SS Eskinazi,True,2025,True,27,24,3,619.0,465,25.791666666666668,22.925925925925927,21.0,True,0.0,3.5,21.0,39.0,53.400000000000006,0.5019419029109929,4,0.14814814814814814,0.16666666666666666,0.5185185185185185,0.56,0.5746913580246912,0.37037037037037035,0.4,0.4104938271604937,0.14814814814814814,0.16,0.16419753086419753,0.7142857142857143,0.4
all_t20_2018_2026,60fbf53a,D Potgieter,True,2025,True,28,14,14,361.0,271,25.785714285714285,12.892857142857142,7.5,True,1.0,2.0,7.5,24.25,29.900000000000002,0.7174188000879955,1,0.03571428571428571,0.07142857142857142,0.35714285714285715,0.5263157894736842,0.6201991987945165,0.10714285714285714,0.17647058823529413,0.24807967951780663,0.0,0.0,0.24807967951780663,0.375,
all_t20_2018_2026,800d2d97,JM Sharma,True,2026,True,89,70,19,1805.0,1176,25.785714285714285,20.280898876404493,18.0,True,2.0,8.0,18.0,27.0,43.2,1.3411440690814265,5,0.056179775280898875,0.07142857142857142,0.449438202247191,0.4819277108433735,0.49789461428274273,0.21348314606741572,0.2345679012345679,0.25485980568597894,0.0449438202247191,0.05405405405405406,0.1096944331475387,0.5,0.3333333333333333
all_t20_2018_2026,f3982af9,DP Hughes,True,2025,True,77,69,8,1779.0,1395,25.782608695652176,23.103896103896105,17.0,True,1.6000000000000005,6.0,17.0,37.0,54.80000000000004,1.051243132959592,5,0.06493506493506493,0.07246376811594203,0.45454545454545453,0.4666666666666667,0.47727272727272724,0.3116883116883117,0.3287671232876712,0.35100000000000003,0.15584415584415584,0.16901408450704225,0.20200781250000002,0.7272727272727273,0.5454545454545454
all_t20_2018_2026,39a2dfa8,R Tewatia,True,2026,True,115,68,47,1751.0,1225,25.75,15.226086956521739,11.0,True,2.0,4.0,11.0,22.0,37.20000000000002,1.2656355638059453,5,0.043478260869565216,0.07352941176470588,0.2956521739130435,0.3953488372093023,0.4835895918021633,0.17391304347826086,0.2564102564102564,0.3913726817368092,0.02608695652173913,0.043478260869565216,0.2002161172773955,0.7692307692307693,0.2727272727272727
all_t20_2018_2026,06cad4f0,A Sharafu,True,2025,True,32,27,5,695.0,570,25.74074074074074,21.71875,18.0,True,1.1,4.75,18.0,34.5,45.30000000000001,1.0736855540960693,2,0.0625,0.07407407407407407,0.46875,0.4838709677419355,0.4963235294117647,0.28125,0.3,0.31906512605042026,0.09375,0.10344827586206896,0.12154861944777914,0.6428571428571429,0.375
all_t20_2018_2026,944533a5,KK Nair,True,2026,True,60,52,8,1335.0,957,25.673076923076923,22.25,16.0,True,1.9000000000000004,5.0,16.0,31.0,50.400000000000006,1.2205206551513796,4,0.06666666666666667,0.07692307692307693,0.43333333333333335,0.45614035087719296,0.4673538886332259,0.2833333333333333,0.30357142857142855,0.3194674308664184,0.11666666666666667,0.12962962962962962,0.15785449525164205,0.68,0.4666666666666667
all_t20_2018_2026,e4a0deae,MJ Santner,True,2026,True,50,23,27,590.0,475,25.652173913043477,11.8,8.0,True,1.0,2.0,8.0,19.5,24.300000000000004,1.29019822328165,1,0.02,0.043478260869565216,0.26,0.4482758620689655,0.5260302197802197,0.08,0.15384615384615385,0.2330718512256974,0.02,0.041666666666666664,0.1165359256128487,0.4,0.5
all_t20_2018_2026,59559bc2,J Overton,True,2026,True,67,42,25,1072.0,718,25.523809523809526,16.0,11.0,True,1.0,5.0,11.0,25.0,33.99999999999999,1.6684149656028007,2,0.029850746268656716,0.047619047619047616,0.3283582089552239,0.41509433962264153,0.4592836170483065,0.1791044776119403,0.25,0.350725671200525,0.014925373134328358,0.023255813953488372,0.12400657660304278,0.7058823529411765,0.14285714285714285
all_t20_2018_2026,6020a3c6,KU Carty,True,2026,True,32,28,4,711.0,613,25.392857142857142,22.21875,14.0,True,1.0,5.0,14.0,34.25,49.500000000000014,1.0925092017418585,3,0.09375,0.10714285714285714,0.40625,0.43333333333333335,0.45200892857142855,0.34375,0.3793103448275862,0.4143415178571428,0.125,0.13793103448275862,0.15066964285714285,0.9166666666666666,0.36363636363636365
all_t20_2018_2026,c122ab7f,J Brown,True,2025,True,43,43,0,1091.0,736,25.372093023255815,25.372093023255815,18.0,True,3.2,6.0,18.0,34.5,60.20000000000004,2.096188366664033,4,0.09302325581395349,0.09302325581395349,0.46511627906976744,0.46511627906976744,0.46511627906976744,0.27906976744186046,0.27906976744186046,0.27906976744186046,0.13953488372093023,0.13953488372093023,0.13953488372093023,0.6,0.5
all_t20_2018_2026,922e1b19,Z Crawley,True,2026,True,50,45,5,1137.0,877,25.266666666666666,22.74,16.5,True,1.0,5.25,16.5,35.5,55.1,0.7193169086301412,4,0.08,0.08888888888888889,0.44,0.44,0.43999999999999995,0.34,0.34,0.33999999999999997,0.14,0.14,0.13999999999999999,0.7727272727272727,0.4117647058823529
all_t20_2018_2026,de69af96,SFM Devine,True,2026,True,32,28,4,706.0,569,25.214285714285715,22.0625,19.5,True,4.0,8.5,19.5,30.5,45.500000000000014,0.46873835948309367,1,0.03125,0.03571428571428571,0.5,0.5333333333333333,0.5488636363636364,0.25,0.26666666666666666,0.2744318181818183,0.0625,0.07142857142857142,0.09801136363636369,0.5,0.3333333333333333
all_t20_2018_2026,f836b33d,T Kohler-Cadmore,True,2026,True,83,75,8,1880.0,1449,25.066666666666666,22.650602409638555,15.0,True,1.0,6.0,15.0,30.5,54.0,1.5448020433256195,6,0.07228915662650602,0.08,0.39759036144578314,0.4125,0.421045885670341,0.2891566265060241,0.3037974683544304,0.31715144634908815,0.13253012048192772,0.13924050632911392,0.14536107957666541,0.75,0.4583333333333333
all_t20_2018_2026,ba9258a7,TB Abell,True,2026,True,53,43,10,1077.0,853,25.046511627906977,20.32075471698113,14.0,True,1.0,7.0,14.0,31.0,47.60000000000001,1.0191995136795702,4,0.07547169811320754,0.09302325581395349,0.4339622641509434,0.46,0.47225884326952705,0.2830188679245283,0.3191489361702128,0.3665139283635243,0.09433962264150944,0.11627906976744186,0.18090751592302162,0.75,0.45454545454545453
all_t20_2018_2026,27e003ce,MM Lanning,True,2026,True,25,24,1,600.0,465,25.0,24.0,21.0,True,1.4000000000000004,10.0,21.0,35.0,49.80000000000001,1.103964596357305,2,0.08,0.08333333333333333,0.6,0.625,0.6352941176470591,0.32,0.3333333333333333,0.3388235294117648,0.12,0.125,0.12705882352941184,0.5333333333333333,0.375
all_t20_2018_2026,fffa744b,Naman Dhir,True,2026,True,37,30,7,749.0,461,24.966666666666665,20.243243243243242,17.0,True,0.0,7.0,17.0,28.0,46.4,0.7602348128218291,5,0.13513513513513514,0.16666666666666666,0.4594594594594595,0.4857142857142857,0.5032618825722274,0.24324324324324326,0.28125,0.3419220437476015,0.08108108108108109,0.0967741935483871,0.13296968367962284,0.6428571428571429,0.375
all_t20_2018_2026,0890552f,A Manohar,True,2025,True,28,23,5,574.0,420,24.956521739130434,20.5,13.5,True,1.0,2.0,13.5,36.75,44.6,0.8330799975946844,2,0.07142857142857142,0.08695652173913043,0.39285714285714285,0.4230769230769231,0.4440993788819876,0.2857142857142857,0.3076923076923077,0.32298136645962733,0.07142857142857142,0.08,0.10766045548654248,0.7272727272727273,0.2857142857142857
all_t20_2018_2026,ad3b6e95,Abishek Porel,True,2026,True,36,33,3,822.0,567,24.90909090909091,22.833333333333332,21.0,True,3.0,7.0,21.0,33.25,50.0,0.5689898541740999,2,0.05555555555555555,0.06060606060606061,0.5277777777777778,0.5428571428571428,0.5517676767676769,0.3888888888888889,0.4,0.40656565656565674,0.1111111111111111,0.12121212121212122,0.1425619834710745,0.7368421052631579,0.3333333333333333
all_t20_2018_2026,3979b5e0,L Tucker,True,2025,True,11,10,1,249.0,209,24.9,22.636363636363637,21.0,True,8.0,11.5,21.0,34.5,38.0,-0.2275471459055358,0,0.0,0.0,0.6363636363636364,0.6363636363636364,0.6363636363636362,0.45454545454545453,0.45454545454545453,0.4545454545454545,0.0,0.0,0.09090909090909091,0.7142857142857143,0.0
all_t20_2018_2026,d32cf49a,HK Matthews,True,2026,True,41,37,4,921.0,785,24.89189189189189,22.463414634146343,20.0,True,1.0,10.0,20.0,32.0,36.0,1.2691967114960125,4,0.0975609756097561,0.10810810810810811,0.5365853658536586,0.5365853658536586,0.5365853658536586,0.2926829268292683,0.2926829268292683,0.2926829268292684,0.0975609756097561,0.10256410256410256,0.13379790940766556,0.5454545454545454,0.4
all_t20_2018_2026,53bee17f,DJS Dottin,True,2026,True,31,24,7,597.0,475,24.875,19.258064516129032,12.0,True,2.0,5.5,12.0,28.5,50.0,1.2703281716610049,1,0.03225806451612903,0.041666666666666664,0.3225806451612903,0.35714285714285715,0.39531102934884915,0.22580645161290322,0.25,0.27671772054419436,0.12903225806451613,0.14285714285714285,0.15812441173953964,0.7,0.5714285714285714
all_t20_2018_2026,436c763a,BJ McMullen,True,2025,True,11,9,2,223.0,190,24.77777777777778,20.272727272727273,15.0,True,1.0,8.0,15.0,20.0,58.0,1.2392017026428215,1,0.09090909090909091,0.1111111111111111,0.2727272727272727,0.3,0.303030303030303,0.18181818181818182,0.2,0.20202020202020202,0.18181818181818182,0.2,0.20202020202020202,0.6666666666666666,1.0
all_t20_2018_2026,1777c020,Fakhar Zaman,True,2025,True,27,26,1,644.0,501,24.76923076923077,23.85185185185185,14.0,True,6.0,9.5,14.0,36.5,53.200000000000045,1.1398858968583867,0,0.0,0.0,0.4444444444444444,0.4444444444444444,0.4444444444444444,0.2962962962962963,0.2962962962962963,0.2962962962962963,0.1111111111111111,0.1111111111111111,0.11111111111111113,0.6666666666666666,0.375
all_t20_2018_2026,6b2ff18f,SB Dubey,True,2026,True,27,18,9,444.0,313,24.666666666666668,16.444444444444443,15.0,True,4.2,6.0,15.0,24.5,32.2,0.5168530003782511,1,0.037037037037037035,0.05555555555555555,0.3333333333333333,0.391304347826087,0.43119099491648527,0.14814814814814814,0.19047619047619047,0.28746066327765685,0.0,0.0,0.14373033163882842,0.5714285714285714,0.0
all_t20_2018_2026,2eca67f5,JM Clarke,True,2026,True,108,103,5,2538.0,1893,24.640776699029125,23.5,16.5,True,0.0,6.0,16.5,34.25,55.89999999999999,1.1136561507057507,15,0.1388888888888889,0.14563106796116504,0.4722222222222222,0.4722222222222222,0.4722222222222222,0.3333333333333333,0.3364485981308411,0.34210526315789475,0.16666666666666666,0.17142857142857143,0.18678160919540227,0.72,0.5294117647058824
all_t20_2018_2026,b34e4b15,L Shaw,True,2025,True,11,8,3,196.0,136,24.5,17.818181818181817,17.0,True,8.0,13.5,17.0,22.5,32.0,-0.01977844751960442,1,0.09090909090909091,0.125,0.36363636363636365,0.4,0.4090909090909091,0.18181818181818182,0.2222222222222222,0.3068181818181818,0.0,0.0,0.1534090909090909,0.6666666666666666,0.0
all_t20_2018_2026,a55e0360,CP Savage,True,2026,True,20,11,9,269.0,183,24.454545454545453,13.45,7.0,True,1.9000000000000001,2.0,7.0,16.0,36.000000000000014,1.4240648219325454,1,0.05,0.09090909090909091,0.2,0.2857142857142857,0.41025641025641024,0.15,0.23076923076923078,0.41025641025641024,0.05,0.08333333333333333,0.27350427350427353,1.0,0.5
all_t20_2018_2026,8479a24a,KK Jennings,True,2025,True,10,8,2,195.0,148,24.375,19.5,11.5,True,3.7,5.0,11.5,30.75,37.599999999999994,0.9857216454970649,0,0.0,0.0,0.4,0.4444444444444444,0.46666666666666673,0.4,0.4444444444444444,0.46666666666666673,0.1,0.1111111111111111,0.1166666666666667,1.0,0.25
all_t20_2018_2026,f2c936d7,MJ Owen,True,2026,True,67,63,4,1532.0,826,24.317460317460316,22.865671641791046,10.0,True,1.0,6.0,10.0,33.0,50.99999999999998,2.321688079841613,6,0.08955223880597014,0.09523809523809523,0.34328358208955223,0.359375,0.36945895522388067,0.29850746268656714,0.3125,0.32126865671641797,0.1044776119402985,0.109375,0.11244402985074625,0.8695652173913043,0.35
all_t20_2018_2026,1c513d54,LJ Evans,True,2026,True,110,89,21,2153.0,1510,24.191011235955056,19.572727272727274,13.0,True,1.0,5.0,13.0,26.75,45.60000000000005,1.3472951773967299,8,0.07272727272727272,0.0898876404494382,0.4,0.43137254901960786,0.44528485063598144,0.21818181818181817,0.24742268041237114,0.28623402679821686,0.1,0.11827956989247312,0.16333416035363585,0.6153846153846154,0.55
all_t20_2018_2026,74d12124,JP Greaves,True,2026,True,18,16,2,387.0,339,24.1875,21.5,16.0,True,0.7000000000000002,7.0,16.0,34.5,49.30000000000001,0.7448871010834518,2,0.1111111111111111,0.125,0.3888888888888889,0.3888888888888889,0.38888888888888884,0.3333333333333333,0.35294117647058826,0.38888888888888884,0.1111111111111111,0.11764705882352941,0.12962962962962962,1.0,0.3333333333333333
all_t20_2018_2026,2e171977,AR Patel,True,2026,True,107,77,30,1861.0,1381,24.16883116883117,17.39252336448598,14.0,True,1.0,5.0,14.0,25.5,39.0,1.1633808701454058,8,0.07476635514018691,0.1038961038961039,0.3644859813084112,0.43333333333333335,0.4917213984013772,0.18691588785046728,0.24390243902439024,0.33699635139629625,0.056074766355140186,0.07692307692307693,0.13964286310984025,0.6451612903225806,0.375
all_t20_2018_2026,f32012f4,M Bryant,True,2025,True,81,72,9,1739.0,1233,24.15277777777778,21.469135802469136,18.0,True,2.0,6.0,18.0,31.0,46.0,1.2526148346849268,2,0.024691358024691357,0.027777777777777776,0.4567901234567901,0.4805194805194805,0.4935279845774192,0.2716049382716049,0.2894736842105263,0.3051870347873339,0.08641975308641975,0.0945945945945946,0.12106593115530602,0.6111111111111112,0.35
all_t20_2018_2026,0ebfb1ad,E Lewis,True,2026,True,110,103,7,2487.0,1844,24.145631067961165,22.60909090909091,15.0,True,1.0,5.0,15.0,35.0,53.20000000000002,1.330708407315021,9,0.08181818181818182,0.08737864077669903,0.41818181818181815,0.42592592592592593,0.4276932369955625,0.2909090909090909,0.29906542056074764,0.3044449331090759,0.11818181818181818,0.12149532710280374,0.12368075407556213,0.7111111111111111,0.40625
all_t20_2018_2026,d1c36f5c,JJ Roy,True,2026,True,120,114,6,2747.0,2132,24.096491228070175,22.891666666666666,17.5,True,1.0,6.0,17.5,34.0,56.0,1.0178437518443415,11,0.09166666666666666,0.09649122807017543,0.48333333333333334,0.48739495798319327,0.4915254237288137,0.2916666666666667,0.29411764705882354,0.29661016949152547,0.13333333333333333,0.13559322033898305,0.13970210580380077,0.603448275862069,0.47058823529411764
all_t20_2018_2026,977b841a,SSJ Brooks,True,2025,True,41,36,5,863.0,676,23.97222222222222,21.048780487804876,13.0,True,0.0,6.0,13.0,34.0,47.0,1.8066066759516461,5,0.12195121951219512,0.1388888888888889,0.3902439024390244,0.4,0.4017216642754663,0.2682926829268293,0.28205128205128205,0.29919894787183166,0.07317073170731707,0.08108108108108109,0.12239956958393111,0.7333333333333333,0.3333333333333333
all_t20_2018_2026,c16d4035,SW Billings,True,2026,True,149,126,23,3017.0,2268,23.944444444444443,20.248322147651006,14.0,True,1.0,6.0,14.0,29.0,49.20000000000002,1.210933969082409,8,0.053691275167785234,0.06349206349206349,0.40939597315436244,0.45185185185185184,0.4711186779813538,0.2483221476510067,0.27611940298507465,0.29159235672984424,0.10067114093959731,0.11811023622047244,0.1598495460846052,0.6166666666666667,0.5
all_t20_2018_2026,1f84183a,Nikhil Chaudhary,True,2026,True,50,43,7,1029.0,753,23.930232558139537,20.58,19.0,True,3.0,11.25,19.0,28.5,39.1,1.3079295094551664,1,0.02,0.023255813953488372,0.46,0.5,0.5069041769041771,0.22,0.2558139534883721,0.29837837837837855,0.04,0.046511627906976744,0.05425061425061429,0.55,0.18181818181818182
all_t20_2018_2026,c96f6ac5,PWA Mulder,True,2026,True,46,38,8,909.0,681,23.92105263157895,19.76086956521739,12.0,True,2.5,6.25,12.0,30.75,43.0,0.6317248590239296,2,0.043478260869565216,0.05263157894736842,0.41304347826086957,0.4222222222222222,0.4347826086956521,0.30434782608695654,0.3181818181818182,0.3432494279176201,0.06521739130434782,0.07692307692307693,0.16298775595114268,0.7777777777777778,0.3333333333333333
all_t20_2018_2026,34b332d3,DC Drakes,True,2026,True,33,15,18,357.0,279,23.8,10.818181818181818,7.0,True,1.0,2.0,7.0,17.0,27.200000000000003,1.427848856071639,1,0.030303030303030304,0.06666666666666667,0.24242424242424243,0.38095238095238093,0.4585669474805035,0.06060606060606061,0.11764705882352941,0.28660434217531466,0.0,0.0,0.28660434217531466,0.5,
all_t20_2018_2026,8e514b4c,Abdul Samad,True,2026,True,74,54,20,1285.0,884,23.796296296296298,17.364864864864863,16.5,True,1.3000000000000007,4.5,16.5,28.0,36.7,1.0456960078287056,5,0.06756756756756757,0.09259259259259259,0.40540540540540543,0.44776119402985076,0.4765843767814944,0.20270270270270271,0.23809523809523808,0.290660401086502,0.013513513513513514,0.01818181818181818,0.07557170428249052,0.5769230769230769,0.14285714285714285
all_t20_2018_2026,b4296080,Milind Kumar,True,2026,True,40,33,7,784.0,683,23.757575757575758,19.6,14.5,True,1.0,2.0,14.5,29.5,52.2,0.8833065232448083,2,0.05,0.06060606060606061,0.4,0.4444444444444444,0.4717917857680156,0.25,0.2857142857142857,0.3175521634977028,0.125,0.14285714285714285,0.1587760817488514,0.6666666666666666,0.5
all_t20_2018_2026,73c18486,KR Mayers,True,2026,True,111,108,3,2559.0,1912,23.694444444444443,23.054054054054053,18.0,True,0.0,5.0,18.0,34.0,53.0,1.2116534972729431,12,0.10810810810810811,0.1111111111111111,0.4774774774774775,0.4818181818181818,0.48410910910910915,0.3063063063063063,0.3119266055045872,0.3189540892243595,0.12612612612612611,0.12844036697247707,0.13133403673944222,0.6538461538461539,0.4117647058823529
all_t20_2018_2026,7673c908,AC Kerr,True,2026,True,26,21,5,497.0,408,23.666666666666668,19.115384615384617,14.0,True,3.0,6.75,14.0,24.75,43.0,1.37887335366024,2,0.07692307692307693,0.09523809523809523,0.3076923076923077,0.32,0.3269230769230771,0.23076923076923078,0.24,0.24519230769230785,0.07692307692307693,0.08695652173913043,0.1532451923076924,0.75,0.5
all_t20_2018_2026,67b9536c,SR Hain,True,2025,True,45,33,12,781.0,659,23.666666666666668,17.355555555555554,11.0,True,1.0,4.0,11.0,22.0,45.40000000000001,1.6402569245226892,4,0.08888888888888889,0.12121212121212122,0.3333333333333333,0.40540540540540543,0.4514742014742014,0.17777777777777778,0.22857142857142856,0.28456555729282995,0.08888888888888889,0.11764705882352941,0.16599657508748417,0.6153846153846154,0.5714285714285714
all_t20_2018_2026,3b8e7647,SP Krishnamurthi,True,2026,True,32,27,5,638.0,469,23.62962962962963,19.9375,12.5,True,1.1,3.75,12.5,26.25,47.30000000000001,1.668447232418372,3,0.09375,0.1111111111111111,0.34375,0.36666666666666664,0.39473684210526316,0.21875,0.2413793103448276,0.28708133971291866,0.09375,0.10714285714285714,0.16404647983595355,0.7,0.5
all_t20_2018_2026,fc60e81a,B Parsons,True,2025,True,10,10,0,236.0,190,23.6,23.6,20.5,True,0.0,4.75,20.5,38.25,48.3,0.360943526700117,2,0.2,0.2,0.5,0.5,0.5000000000000001,0.4,0.4,0.40000000000000013,0.1,0.1,0.10000000000000005,0.8,0.25
all_t20_2018_2026,31adb911,L Filer,True,2026,True,11,4,7,94.0,65,23.5,8.545454545454545,6.0,True,0.0,0.5,6.0,16.5,20.0,0.39245107978425364,2,0.18181818181818182,0.5,0.18181818181818182,0.3333333333333333,0.5113636363636364,0.0,0.0,0.5113636363636364,0.0,0.0,0.5113636363636364,,
all_t20_2018_2026,0c94f480,UBT Chand,True,2026,True,40,38,2,892.0,754,23.473684210526315,22.3,18.0,True,0.0,4.0,18.0,30.75,59.300000000000004,1.115972867485458,6,0.15,0.15789473684210525,0.425,0.425,0.4249999999999999,0.275,0.275,0.2749999999999999,0.175,0.175,0.17499999999999996,0.6470588235294118,0.6363636363636364
all_t20_2018_2026,a756e61a,SB Harper,True,2025,True,93,85,8,1994.0,1481,23.458823529411763,21.440860215053764,12.0,True,0.0,4.0,12.0,33.0,55.8,1.4114202097059085,10,0.10752688172043011,0.11764705882352941,0.40860215053763443,0.4222222222222222,0.4265591573694751,0.3118279569892473,0.3258426966292135,0.33675722950221726,0.13978494623655913,0.14606741573033707,0.15096013736306294,0.7837837837837838,0.4482758620689655
all_t20_2018_2026,f19ccfad,Washington Sundar,True,2026,True,70,54,16,1265.0,968,23.425925925925927,18.071428571428573,13.0,True,1.0,5.0,13.0,25.75,45.1,0.8317286875929901,2,0.02857142857142857,0.037037037037037035,0.35714285714285715,0.4032258064516129,0.4368615950237936,0.24285714285714285,0.2833333333333333,0.3260973233400336,0.05714285714285714,0.07272727272727272,0.12555618866568144,0.7391304347826086,0.3333333333333333
all_t20_2018_2026,6b0db726,J Andrew,True,2026,True,17,15,2,350.0,310,23.333333333333332,20.58823529411765,15.0,True,1.6,3.0,15.0,28.0,48.8,0.6246363679600169,1,0.058823529411764705,0.06666666666666667,0.47058823529411764,0.5,0.5067873303167421,0.23529411764705882,0.25,0.2533936651583711,0.11764705882352941,0.125,0.12669683257918557,0.5,0.5
all_t20_2018_2026,486065b3,Hassan Khan,True,2026,True,55,42,13,974.0,665,23.19047619047619,17.70909090909091,11.0,True,1.4000000000000004,4.5,11.0,29.0,41.800000000000004,0.9261955706095334,2,0.03636363636363636,0.047619047619047616,0.34545454545454546,0.3958333333333333,0.4145961320875713,0.2545454545454545,0.2978723404255319,0.3273127358586089,0.03636363636363636,0.046511627906976744,0.06819015330387689,0.7777777777777778,0.2
all_t20_2018_2026,c2554b59,ME Bouchier,True,2026,True,49,41,8,950.0,766,23.170731707317074,19.387755102040817,15.0,True,2.0,6.0,15.0,31.0,42.2,0.6748437010651426,3,0.061224489795918366,0.07317073170731707,0.40816326530612246,0.4444444444444444,0.46142105854723353,0.30612244897959184,0.3409090909090909,0.3664226053169208,0.02040816326530612,0.023809523809523808,0.05329783350064303,0.7894736842105263,0.07692307692307693
all_t20_2018_2026,18fac429,SR Patel,True,2025,True,29,18,11,417.0,305,23.166666666666668,14.379310344827585,13.0,True,1.0,5.0,13.0,20.0,34.2,0.9743443391975248,1,0.034482758620689655,0.05555555555555555,0.27586206896551724,0.38095238095238093,0.4192377495462795,0.1724137931034483,0.25,0.3144283121597097,0.0,0.0,0.0943284936479129,0.7142857142857143,0.0
all_t20_2018_2026,88626ed2,AA Jangoo,True,2026,True,23,21,2,486.0,508,23.142857142857142,21.130434782608695,19.0,True,2.0,6.0,19.0,29.5,48.20000000000001,0.6747686322450437,1,0.043478260869565216,0.047619047619047616,0.4782608695652174,0.5,0.5181159420289856,0.2608695652173913,0.2727272727272727,0.28260869565217395,0.13043478260869565,0.13636363636363635,0.141304347826087,0.5454545454545454,0.5
all_t20_2018_2026,4b685e2d,DW Lawrence,True,2026,True,84,73,11,1688.0,1240,23.123287671232877,20.095238095238095,14.0,True,2.0,7.0,14.0,30.25,44.7,1.3394514362904744,5,0.05952380952380952,0.0684931506849315,0.38095238095238093,0.4050632911392405,0.43207855973813397,0.25,0.2727272727272727,0.30996940155127006,0.08333333333333333,0.09333333333333334,0.12155662805932158,0.7,0.3684210526315789
all_t20_2018_2026,9c643d7b,JM Coles,True,2026,True,23,17,6,393.0,276,23.11764705882353,17.08695652173913,10.0,True,1.2000000000000002,4.0,10.0,27.0,42.000000000000014,1.0799988916117913,1,0.043478260869565216,0.058823529411764705,0.34782608695652173,0.38095238095238093,0.41106719367588934,0.17391304347826086,0.2,0.23489553924336537,0.043478260869565216,0.058823529411764705,0.23489553924336537,0.5714285714285714,1.0
all_t20_2018_2026,0bacade8,Rahmanullah Gurbaz,True,2026,True,71,70,1,1618.0,1107,23.114285714285714,22.788732394366196,15.0,True,1.0,5.5,15.0,37.5,56.0,1.1121344757770513,7,0.09859154929577464,0.1,0.4507042253521127,0.45714285714285713,0.45875251509054327,0.29577464788732394,0.3,0.30105633802816906,0.15492957746478872,0.15714285714285714,0.1576961770623743,0.65625,0.5238095238095238
all_t20_2018_2026,4312e0fd,NR Hobson,True,2025,True,34,24,10,554.0,417,23.083333333333332,16.294117647058822,11.0,True,1.6000000000000005,4.25,11.0,24.75,45.099999999999994,1.0164554844875948,0,0.0,0.0,0.29411764705882354,0.35714285714285715,0.3990950226244344,0.14705882352941177,0.19230769230769232,0.25867269984917046,0.0,0.0,0.1034690799396682,0.625,0.0
all_t20_2018_2026,58c2fac4,A Athanaze,True,2026,True,23,20,3,461.0,426,23.05,20.043478260869566,16.0,True,1.2000000000000002,6.5,16.0,28.5,42.60000000000001,1.2730217268069797,2,0.08695652173913043,0.1,0.391304347826087,0.4090909090909091,0.4239130434782609,0.2608695652173913,0.2857142857142857,0.31793478260869573,0.08695652173913043,0.1,0.14130434782608703,0.75,0.4
all_t20_2018_2026,2b55c3b4,JJ Peirson,True,2025,True,78,58,20,1332.0,1123,22.96551724137931,17.076923076923077,12.5,True,1.0,4.0,12.5,23.75,43.0,1.389870049978681,3,0.038461538461538464,0.05172413793103448,0.32051282051282054,0.36764705882352944,0.4160102516715316,0.16666666666666666,0.2,0.25688633040717074,0.0641025641025641,0.08196721311475409,0.17125755360478045,0.5909090909090909,0.5555555555555556
all_t20_2018_2026,b2664905,TT Beaumont,True,2026,True,42,39,3,894.0,747,22.923076923076923,21.285714285714285,13.5,True,0.0,5.0,13.5,34.0,42.0,2.0256629534385997,6,0.14285714285714285,0.15384615384615385,0.42857142857142855,0.42857142857142855,0.42857142857142855,0.30952380952380953,0.30952380952380953,0.30952380952380953,0.07142857142857142,0.075,0.10714285714285718,0.7222222222222222,0.2727272727272727
all_t20_2018_2026,3c28853f,Sediqullah Atal,True,2025,True,11,11,0,252.0,198,22.90909090909091,22.90909090909091,9.0,True,7.0,7.5,9.0,28.5,66.0,1.2207972546299202,1,0.09090909090909091,0.09090909090909091,0.36363636363636365,0.36363636363636365,0.36363636363636365,0.2727272727272727,0.2727272727272727,0.2727272727272727,0.18181818181818182,0.18181818181818182,0.18181818181818182,0.75,0.6666666666666666
all_t20_2018_2026,ba5e1069,R Ravindra,True,2026,True,54,51,3,1165.0,732,22.84313725490196,21.574074074074073,13.5,True,1.3000000000000007,6.25,13.5,31.75,46.7,1.3860786776735072,4,0.07407407407407407,0.0784313725490196,0.4074074074074074,0.41509433962264153,0.42307692307692324,0.2962962962962963,0.3018867924528302,0.3076923076923078,0.09259259259259259,0.09615384615384616,0.11538461538461546,0.7272727272727273,0.3333333333333333
all_t20_2018_2026,dff806f4,NJ Carey,True,2026,True,16,10,6,228.0,183,22.8,14.25,9.5,True,1.0,4.75,9.5,25.5,29.5,0.39615895199183443,2,0.125,0.2,0.3125,0.38461538461538464,0.4296875,0.125,0.16666666666666666,0.21484375000000003,0.0,0.0,0.21484375000000003,0.5,
all_t20_2018_2026,5c30d455,G Voll,True,2026,True,16,16,0,361.0,282,22.5625,22.5625,17.0,True,7.0,10.75,17.0,23.75,47.0,1.6165196652050042,1,0.0625,0.0625,0.3125,0.3125,0.3125,0.1875,0.1875,0.1875,0.125,0.125,0.125,0.6,0.6666666666666666
all_t20_2018_2026,8a75e999,Babar Azam,True,2025,True,11,9,2,202.0,196,22.444444444444443,18.363636363636363,9.0,True,1.0,2.0,9.0,30.5,58.0,0.9637552631461326,1,0.09090909090909091,0.1111111111111111,0.2727272727272727,0.3,0.340909090909091,0.2727272727272727,0.3,0.340909090909091,0.18181818181818182,0.2,0.22727272727272735,1.0,0.6666666666666666
all_t20_2018_2026,86e0f3f0,WL Madsen,True,2025,True,22,17,5,381.0,311,22.41176470588235,17.318181818181817,10.0,True,3.1,4.25,10.0,26.5,43.0,0.8795511851432456,2,0.09090909090909091,0.11764705882352941,0.36363636363636365,0.4,0.4383116883116883,0.22727272727272727,0.25,0.27394480519480524,0.045454545454545456,0.05555555555555555,0.16436688311688316,0.625,0.3333333333333333
all_t20_2018_2026,bc969efb,A Gardner,True,2026,True,23,21,2,470.0,339,22.38095238095238,20.434782608695652,17.0,True,5.6000000000000005,10.0,17.0,32.5,36.8,0.8609350145051359,1,0.043478260869565216,0.047619047619047616,0.43478260869565216,0.47619047619047616,0.49171842650103514,0.30434782608695654,0.3333333333333333,0.3442028985507246,0.043478260869565216,0.047619047619047616,0.04917184265010353,0.7,0.14285714285714285
all_t20_2018_2026,5b8c830e,KH Pandya,True,2026,True,125,90,35,2010.0,1589,22.333333333333332,16.08,10.0,True,1.0,4.0,10.0,24.0,41.0,1.502464880156115,7,0.056,0.07777777777777778,0.304,0.36893203883495146,0.4200472963789629,0.208,0.26262626262626265,0.3248803307931041,0.048,0.06521739130434782,0.1360223395468768,0.7647058823529411,0.3157894736842105
all_t20_2018_2026,6287d981,MJ Ackerman,True,2025,True,11,9,2,201.0,150,22.333333333333332,18.272727272727273,8.0,True,2.0,4.0,8.0,33.0,39.0,0.40218156738044514,1,0.09090909090909091,0.1111111111111111,0.45454545454545453,0.5,0.5194805194805195,0.2727272727272727,0.3,0.31168831168831174,0.0,0.0,0.0,0.6,0.0
all_t20_2018_2026,26d041c4,Sikandar Raza,True,2026,True,85,69,16,1540.0,1195,22.318840579710145,18.11764705882353,15.0,True,2.0,5.0,15.0,27.0,39.20000000000002,0.9963024275882046,4,0.047058823529411764,0.057971014492753624,0.4,0.4533333333333333,0.4776889558673009,0.2,0.2328767123287671,0.26109706904548124,0.047058823529411764,0.056338028169014086,0.07099109851171256,0.53125,0.26666666666666666
all_t20_2018_2026,156d0ea2,SR Mukkamalla,True,2026,True,20,20,0,446.0,350,22.3,22.3,21.0,True,1.0,4.75,21.0,36.25,38.90000000000001,0.9437173536635209,1,0.05,0.05,0.5,0.5,0.49999999999999994,0.45,0.45,0.44999999999999996,0.05,0.05,0.04999999999999999,0.9,0.1111111111111111
all_t20_2018_2026,f088b960,SN Khan,True,2026,True,43,35,8,779.0,617,22.257142857142856,18.11627906976744,14.0,True,0.0,5.5,14.0,30.0,38.40000000000001,0.986638094439348,6,0.13953488372093023,0.17142857142857143,0.37209302325581395,0.41025641025641024,0.4443620307815033,0.27906976744186046,0.3157894736842105,0.3554896246252027,0.06976744186046512,0.08571428571428572,0.16589515815842798,0.8,0.3333333333333333
all_t20_2018_2026,7dcb9bc9,M Shahrukh Khan,True,2026,True,76,52,24,1154.0,780,22.192307692307693,15.18421052631579,13.0,True,2.5,6.0,13.0,19.5,30.5,1.4153816232245786,3,0.039473684210526314,0.057692307692307696,0.25,0.3220338983050847,0.38592581309843876,0.10526315789473684,0.14545454545454545,0.21494298588108848,0.02631578947368421,0.038461538461538464,0.10235380280051834,0.5333333333333333,0.4
all_t20_2018_2026,0475a86b,JL Jonassen,True,2026,True,24,17,7,377.0,288,22.176470588235293,15.708333333333334,12.5,True,1.0,6.75,12.5,21.5,31.099999999999998,1.1828578113478132,2,0.08333333333333333,0.11764705882352941,0.2916666666666667,0.3888888888888889,0.44861111111111096,0.125,0.16666666666666666,0.1922619047619047,0.041666666666666664,0.058823529411764705,0.09613095238095234,0.42857142857142855,0.5
all_t20_2018_2026,72166006,GM Harris,True,2026,True,23,20,3,441.0,275,22.05,19.17391304347826,7.0,True,0.20000000000000018,1.5,7.0,26.0,50.8,1.6206435382245001,3,0.13043478260869565,0.15,0.2608695652173913,0.2727272727272727,0.2771739130434783,0.2608695652173913,0.2727272727272727,0.2771739130434783,0.17391304347826086,0.18181818181818182,0.18478260869565222,1.0,0.6666666666666666
all_t20_2018_2026,2344bdd1,SR Dickson,True,2026,True,16,10,6,220.0,164,22.0,13.75,10.0,True,1.0,2.75,10.0,18.5,28.5,1.376214249178827,2,0.125,0.2,0.25,0.3333333333333333,0.4218750000000001,0.125,0.18181818181818182,0.2812500000000001,0.0625,0.09090909090909091,0.14062500000000006,0.6666666666666666,0.5
all_t20_2018_2026,1d8c298b,M Louis,True,2026,True,11,10,1,219.0,164,21.9,19.90909090909091,9.0,True,2.0,5.5,9.0,30.5,56.0,1.015494889016961,1,0.09090909090909091,0.1,0.36363636363636365,0.4,0.45454545454545453,0.36363636363636365,0.4,0.45454545454545453,0.18181818181818182,0.2,0.2272727272727273,1.0,0.5
all_t20_2018_2026,104e88a4,AJ Hose,True,2025,True,63,50,13,1085.0,845,21.7,17.22222222222222,14.0,True,1.2000000000000002,5.0,14.0,27.5,38.800000000000004,1.0208655362990868,2,0.031746031746031744,0.04,0.30158730158730157,0.3333333333333333,0.3454714440100019,0.20634920634920634,0.24528301886792453,0.3039109695426333,0.047619047619047616,0.057692307692307696,0.0788999632466452,0.8666666666666667,0.25
all_t20_2018_2026,c5aef772,R Shepherd,True,2026,True,120,76,44,1649.0,1022,21.69736842105263,13.741666666666667,9.0,True,1.0,2.0,9.0,20.25,34.0,1.6522683759118815,8,0.06666666666666667,0.10526315789473684,0.26666666666666666,0.3404255319148936,0.4267048137333224,0.13333333333333333,0.1839080459770115,0.30098690798714234,0.041666666666666664,0.0625,0.19644833155337965,0.64,0.5555555555555556
all_t20_2018_2026,25d7f1ac,MD Patel,True,2026,True,39,39,0,846.0,674,21.692307692307693,21.692307692307693,11.0,True,2.0,4.5,11.0,32.5,56.80000000000001,1.1852088157057687,2,0.05128205128205128,0.05128205128205128,0.4358974358974359,0.4358974358974359,0.43589743589743585,0.3076923076923077,0.3076923076923077,0.30769230769230776,0.1282051282051282,0.1282051282051282,0.12820512820512828,0.7058823529411765,0.4166666666666667
all_t20_2018_2026,9cb8d7a6,Imad Wasim,True,2025,True,76,54,22,1170.0,1001,21.666666666666668,15.394736842105264,11.5,True,1.0,3.0,11.5,20.25,40.5,1.1656235067842744,7,0.09210526315789473,0.12962962962962962,0.2631578947368421,0.32786885245901637,0.37174475865405754,0.17105263157894737,0.21666666666666667,0.26022133105784023,0.02631578947368421,0.037037037037037035,0.10379198389771407,0.6842105263157895,0.2857142857142857
all_t20_2018_2026,571e1d2a,Shayan Jahangir,True,2026,True,44,44,0,945.0,747,21.477272727272727,21.477272727272727,14.0,True,1.0,4.75,14.0,34.5,46.500000000000014,1.506299627102426,3,0.06818181818181818,0.06818181818181818,0.38636363636363635,0.38636363636363635,0.3863636363636366,0.2727272727272727,0.2727272727272727,0.2727272727272729,0.09090909090909091,0.09090909090909091,0.09090909090909094,0.7058823529411765,0.3333333333333333
all_t20_2018_2026,f9e6e7ef,Shahbaz Ahmed,True,2026,True,58,42,16,897.0,724,21.357142857142858,15.46551724137931,11.5,True,1.0,5.0,11.5,19.5,40.300000000000004,1.3898259476518446,3,0.05172413793103448,0.07142857142857142,0.25862068965517243,0.30612244897959184,0.33995397865677857,0.15517241379310345,0.19148936170212766,0.2403960277644363,0.05172413793103448,0.06818181818181818,0.1314665776836761,0.6923076923076923,0.5
all_t20_2018_2026,73ad96ed,DJ Hooda,True,2025,True,90,76,14,1622.0,1279,21.342105263157894,18.022222222222222,13.0,True,1.0,4.0,13.0,25.75,50.10000000000001,1.3214210662833754,5,0.05555555555555555,0.06578947368421052,0.3333333333333333,0.37037037037037035,0.40585422959624523,0.18888888888888888,0.21794871794871795,0.25837715768946146,0.12222222222222222,0.14285714285714285,0.17763429591150476,0.6296296296296297,0.6875
all_t20_2018_2026,c834c290,JL Smith,True,2026,True,38,36,2,768.0,506,21.333333333333332,20.210526315789473,13.5,True,0.7000000000000002,6.25,13.5,34.5,45.50000000000002,0.6548308099720407,4,0.10526315789473684,0.1111111111111111,0.39473684210526316,0.40540540540540543,0.4126794258373207,0.2894736842105263,0.2972972972972973,0.30263157894736853,0.07894736842105263,0.08333333333333333,0.09904306220095696,0.7333333333333333,0.3
all_t20_2018_2026,a6bab2a9,K Gore,True,2026,True,17,15,2,319.0,248,21.266666666666666,18.764705882352942,10.0,True,0.0,1.0,10.0,27.0,55.6,1.0360204146007,4,0.23529411764705882,0.26666666666666666,0.4117647058823529,0.4117647058823529,0.4117647058823529,0.23529411764705882,0.23529411764705882,0.23529411764705885,0.17647058823529413,0.17647058823529413,0.17647058823529413,0.5714285714285714,0.75
all_t20_2018_2026,26a8b2fe,Hassan Nawaz,True,2026,True,16,14,2,297.0,236,21.214285714285715,18.5625,12.0,True,1.0,6.0,12.0,26.5,34.5,1.6407919185028275,1,0.0625,0.07142857142857142,0.4375,0.4666666666666667,0.47115384615384626,0.25,0.2857142857142857,0.3365384615384617,0.0625,0.07142857142857142,0.08413461538461543,0.6666666666666666,0.25
all_t20_2018_2026,3c55c703,JG Bethell,True,2026,True,35,31,4,656.0,495,21.161290322580644,18.742857142857144,12.0,True,0.0,2.5,12.0,28.5,47.2,1.3642896086064573,5,0.14285714285714285,0.16129032258064516,0.37142857142857144,0.3939393939393939,0.4173913043478261,0.2571428571428571,0.2727272727272727,0.28896321070234116,0.05714285714285714,0.06451612903225806,0.0936454849498328,0.6923076923076923,0.2857142857142857
all_t20_2018_2026,2ca65aee,SJ Bryce,True,2026,True,31,22,9,465.0,445,21.136363636363637,15.0,11.0,True,1.0,2.5,11.0,22.5,33.0,0.7712666579589456,3,0.0967741935483871,0.13636363636363635,0.41935483870967744,0.48148148148148145,0.5129472140762464,0.16129032258064516,0.2,0.23913623033857645,0.03225806451612903,0.043478260869565216,0.11956811516928824,0.45454545454545453,0.3333333333333333
all_t20_2018_2026,4b167ede,AWJ Auguste,True,2026,True,26,23,3,485.0,360,21.08695652173913,18.653846153846153,12.5,True,0.5,4.5,12.5,27.75,42.5,1.3443719093868718,3,0.11538461538461539,0.13043478260869565,0.34615384615384615,0.36,0.3634615384615385,0.19230769230769232,0.20833333333333334,0.22716346153846156,0.11538461538461539,0.13043478260869565,0.18173076923076925,0.625,0.75
all_t20_2018_2026,7fa12533,MS Chapman,True,2026,True,18,16,2,337.0,249,21.0625,18.72222222222222,17.0,True,1.4000000000000004,2.5,17.0,27.75,44.3,0.6802319951574414,2,0.1111111111111111,0.125,0.4444444444444444,0.4444444444444444,0.4444444444444445,0.2222222222222222,0.23529411764705882,0.253968253968254,0.05555555555555555,0.0625,0.12698412698412703,0.5714285714285714,0.3333333333333333
all_t20_2018_2026,a3b0600d,Aniket Verma,True,2026,True,20,15,5,315.0,196,21.0,15.75,9.5,True,1.9000000000000001,4.5,9.5,18.25,36.70000000000001,1.9328536968169037,0,0.0,0.0,0.2,0.26666666666666666,0.32444196428571426,0.15,0.2,0.2433314732142857,0.05,0.06666666666666667,0.08111049107142858,0.75,0.3333333333333333
all_t20_2018_2026,86f84b37,AM Tribe,True,2026,True,12,9,3,188.0,162,20.88888888888889,15.666666666666666,12.0,True,3.2,5.0,12.0,18.0,33.6,1.2401896602540308,0,0.0,0.0,0.25,0.3,0.3499999999999999,0.25,0.3,0.3499999999999999,0.08333333333333333,0.1111111111111111,0.17499999999999996,1.0,0.5
all_t20_2018_2026,d7ff1adc,CR Knott,True,2026,True,15,13,2,271.0,222,20.846153846153847,18.066666666666666,15.0,True,1.8000000000000003,4.0,15.0,30.0,38.4,0.4966836866408247,0,0.0,0.0,0.4,0.46153846153846156,0.5133333333333333,0.26666666666666666,0.3076923076923077,0.3422222222222222,0.0,0.0,0.0,0.6666666666666666,0.0
all_t20_2018_2026,f9d99806,Tajinder Singh,True,2026,True,35,29,6,604.0,409,20.82758620689655,17.257142857142856,12.0,True,1.4000000000000004,5.0,12.0,19.5,32.40000000000002,2.3999783501247283,1,0.02857142857142857,0.034482758620689655,0.2571428571428571,0.28125,0.31764705882352956,0.11428571428571428,0.12903225806451613,0.1764705882352942,0.08571428571428572,0.1,0.1764705882352942,0.5,1.0
all_t20_2018_2026,910dd54e,A Capsey,True,2026,True,45,42,3,872.0,680,20.761904761904763,19.377777777777776,14.0,True,2.0,7.0,14.0,25.0,51.6,1.0885288714502794,2,0.044444444444444446,0.047619047619047616,0.35555555555555557,0.37209302325581395,0.3831292517006804,0.2,0.21428571428571427,0.23510204081632666,0.15555555555555556,0.16666666666666666,0.18285714285714294,0.6,0.7777777777777778
all_t20_2018_2026,806c4e58,CP Jewell,True,2025,True,59,57,2,1178.0,934,20.666666666666668,19.966101694915253,13.0,True,1.8000000000000007,4.5,13.0,31.0,46.20000000000002,1.089039892727414,3,0.05084745762711865,0.05263157894736842,0.423728813559322,0.43103448275862066,0.43237634036665507,0.2711864406779661,0.27586206896551724,0.2767208578346593,0.1016949152542373,0.10344827586206896,0.10377032168799724,0.64,0.375
all_t20_2018_2026,bb351c23,MM Ali,True,2026,True,150,134,16,2767.0,2139,20.649253731343283,18.446666666666665,14.0,True,0.0,4.0,14.0,26.0,45.099999999999994,1.3346636058862746,15,0.1,0.11194029850746269,0.34,0.3591549295774648,0.3733174238477065,0.24,0.2589928057553957,0.282514343135634,0.08,0.08888888888888889,0.11373164216369933,0.75,0.375
all_t20_2018_2026,4e18e961,WCF Smeed,True,2026,True,52,50,2,1027.0,735,20.54,19.75,13.0,True,1.0,4.25,13.0,29.5,51.0,1.5823273518307293,4,0.07692307692307693,0.08,0.38461538461538464,0.38461538461538464,0.38461538461538475,0.25,0.25,0.2500000000000001,0.1346153846153846,0.1346153846153846,0.13461538461538466,0.65,0.5384615384615384
all_t20_2018_2026,e8a552ef,Usman Khan,True,2026,True,12,11,1,225.0,186,20.454545454545453,18.75,18.5,True,10.0,12.25,18.5,23.75,27.8,0.27656085196331753,0,0.0,0.0,0.5,0.5454545454545454,0.5833333333333333,0.08333333333333333,0.09090909090909091,0.09722222222222222,0.0,0.0,0.0,0.16666666666666666,0.0
all_t20_2018_2026,f05fe9b1,JA Simpson,True,2025,True,11,9,2,184.0,135,20.444444444444443,16.727272727272727,10.0,True,3.0,3.5,10.0,16.5,42.0,1.74787700921886,0,0.0,0.0,0.18181818181818182,0.2,0.2727272727272728,0.18181818181818182,0.2,0.2727272727272728,0.09090909090909091,0.1,0.1363636363636364,1.0,0.5
all_t20_2018_2026,9b6e1b3f,J Fraser-McGurk,True,2025,True,88,85,3,1737.0,1156,20.435294117647057,19.738636363636363,11.5,True,0.7000000000000011,3.75,11.5,29.25,51.19999999999999,1.519113802180737,8,0.09090909090909091,0.09411764705882353,0.36363636363636365,0.37209302325581395,0.37660843184433507,0.25,0.25882352941176473,0.2706873103881159,0.11363636363636363,0.11764705882352941,0.12303968654005269,0.7096774193548387,0.45454545454545453
all_t20_2018_2026,9de62878,Shadab Khan,True,2026,True,28,23,5,469.0,335,20.391304347826086,16.75,11.0,True,0.7000000000000002,5.5,11.0,26.25,38.2,1.1410259811137824,3,0.10714285714285714,0.13043478260869565,0.35714285714285715,0.4,0.4276018099547514,0.25,0.28,0.29932126696832595,0.07142857142857142,0.08333333333333333,0.10262443438914035,0.7,0.3333333333333333
all_t20_2018_2026,95a5e066,MG Erasmus,True,2025,True,25,21,4,428.0,388,20.38095238095238,17.12,12.0,True,2.4000000000000004,4.0,12.0,24.0,43.000000000000014,1.0308570824124856,0,0.0,0.0,0.32,0.36363636363636365,0.4007142857142857,0.2,0.22727272727272727,0.25044642857142857,0.08,0.09090909090909091,0.10017857142857144,0.625,0.4
all_t20_2018_2026,ded9240e,PJ Cummins,True,2026,True,48,30,18,608.0,404,20.266666666666666,12.666666666666666,7.0,True,0.0,1.75,7.0,17.25,31.60000000000001,1.8277636003388198,3,0.0625,0.1,0.1875,0.2571428571428571,0.34352986045676853,0.14583333333333334,0.20588235294117646,0.30058862789967244,0.0625,0.09090909090909091,0.1717649302283843,0.875,0.5
all_t20_2018_2026,b05e45e4,AE Jones,True,2026,True,45,39,6,789.0,620,20.23076923076923,17.533333333333335,10.0,True,1.0,3.0,10.0,31.0,45.2,0.7311405539392218,3,0.06666666666666667,0.07692307692307693,0.4,0.4186046511627907,0.4390909090909092,0.26666666666666666,0.27906976744186046,0.2927272727272728,0.022222222222222223,0.02564102564102564,0.06403409090909092,0.6666666666666666,0.125
all_t20_2018_2026,bfa0fa33,D Perrin,True,2026,True,21,20,1,404.0,338,20.2,19.238095238095237,10.0,True,2.0,4.0,10.0,18.0,52.0,2.093089183068666,1,0.047619047619047616,0.05,0.23809523809523808,0.23809523809523808,0.23809523809523814,0.14285714285714285,0.14285714285714285,0.1428571428571429,0.14285714285714285,0.14285714285714285,0.1428571428571429,0.6,1.0
all_t20_2018_2026,d85b0f8b,M Gilkes,True,2025,True,59,56,3,1131.0,915,20.196428571428573,19.16949152542373,12.0,True,0.0,3.0,12.0,28.0,44.60000000000002,1.490755943857398,9,0.15254237288135594,0.16071428571428573,0.4067796610169492,0.4067796610169492,0.4067796610169491,0.23728813559322035,0.2413793103448276,0.24977698483496877,0.1016949152542373,0.10344827586206896,0.10704727921498662,0.6086956521739131,0.42857142857142855
all_t20_2018_2026,62af8546,Mohammad Nabi,True,2026,True,87,67,20,1339.0,1064,19.98507462686567,15.39080459770115,12.0,True,2.0,4.0,12.0,22.5,33.400000000000006,1.438465345773541,4,0.04597701149425287,0.05970149253731343,0.3333333333333333,0.3625,0.3898880289208075,0.14942528735632185,0.17333333333333334,0.22431323072707343,0.022988505747126436,0.029411764705882353,0.1349384278592551,0.5416666666666666,0.3333333333333333
all_t20_2018_2026,99812d10,H Graham,True,2026,True,31,20,11,399.0,327,19.95,12.870967741935484,8.0,True,1.0,3.0,8.0,21.5,27.0,0.8190774378826481,2,0.06451612903225806,0.1,0.2903225806451613,0.36,0.4409238404275626,0.0967741935483871,0.13043478260869565,0.22396131577273026,0.0,0.0,0.22396131577273026,0.42857142857142855,
all_t20_2018_2026,e4cdf230,AS Roy,True,2026,True,31,16,15,319.0,205,19.9375,10.290322580645162,4.0,True,0.0,1.0,4.0,14.0,29.0,1.526032024327166,5,0.16129032258064516,0.3125,0.16129032258064516,0.25,0.3968294930875577,0.0967741935483871,0.16666666666666666,0.3968294930875577,0.0,0.0,0.19841474654377886,1.0,0.0
all_t20_2018_2026,0ea54eca,O Davies,True,2025,True,44,42,2,836.0,645,19.904761904761905,19.0,15.0,True,0.2999999999999998,2.75,15.0,32.25,46.400000000000006,0.8096562134648493,5,0.11363636363636363,0.11904761904761904,0.4090909090909091,0.4090909090909091,0.40909090909090917,0.2727272727272727,0.27906976744186046,0.29545454545454547,0.06818181818181818,0.07142857142857142,0.08125000000000002,0.7058823529411765,0.2727272727272727
all_t20_2018_2026,732c038e,KIC Asalanka,True,2026,True,17,16,1,318.0,246,19.875,18.705882352941178,14.0,True,1.6,6.0,14.0,26.0,33.8,1.6345264162281767,1,0.058823529411764705,0.0625,0.4117647058823529,0.4117647058823529,0.4117647058823529,0.23529411764705882,0.25,0.27450980392156865,0.058823529411764705,0.0625,0.06862745098039218,0.6666666666666666,0.25
all_t20_2018_2026,02181d9a,EL Lamb,True,2026,True,36,35,1,694.0,569,19.82857142857143,19.27777777777778,9.5,True,0.0,2.75,9.5,35.25,48.0,0.6398412207952056,6,0.16666666666666666,0.17142857142857143,0.4166666666666667,0.4166666666666667,0.41666666666666663,0.3333333333333333,0.3333333333333333,0.33333333333333337,0.08333333333333333,0.08333333333333333,0.08333333333333334,0.8,0.25
all_t20_2018_2026,0a4c6dfd,Arshad Khan,True,2026,True,14,8,6,158.0,116,19.75,11.285714285714286,6.0,True,1.0,1.0,6.0,15.0,20.0,2.1268913772023046,1,0.07142857142857142,0.125,0.21428571428571427,0.3,0.4074074074074074,0.07142857142857142,0.1111111111111111,0.271604938271605,0.07142857142857142,0.1111111111111111,0.271604938271605,0.5,1.0
all_t20_2018_2026,172dff15,C Bosch,True,2026,True,41,29,12,572.0,499,19.724137931034484,13.951219512195122,8.0,True,1.0,2.0,8.0,21.0,33.0,1.9700679275318251,4,0.0975609756097561,0.13793103448275862,0.3170731707317073,0.3939393939393939,0.45064707331565296,0.17073170731707318,0.21212121212121213,0.24265611640073623,0.04878048780487805,0.06896551724137931,0.20799095691491679,0.5384615384615384,0.6666666666666666
all_t20_2018_2026,7f232d46,TF Rogers,True,2025,True,42,39,3,767.0,631,19.666666666666668,18.261904761904763,17.0,True,1.0,6.5,17.0,26.75,40.39999999999999,0.6593039923255029,2,0.047619047619047616,0.05128205128205128,0.47619047619047616,0.47619047619047616,0.476190476190476,0.23809523809523808,0.24390243902439024,0.25396825396825384,0.047619047619047616,0.05,0.0677248677248677,0.5263157894736842,0.2222222222222222
all_t20_2018_2026,2535b30f,HD Weibgen,True,2025,True,12,9,3,177.0,167,19.666666666666668,14.75,10.5,True,1.5000000000000004,7.5,10.5,25.0,29.8,0.6733043449851425,0,0.0,0.0,0.3333333333333333,0.4,0.4190476190476191,0.16666666666666666,0.2,0.20952380952380958,0.0,0.0,0.10476190476190479,0.5,0.0
all_t20_2018_2026,d346d939,RA Whiteley,True,2025,True,30,21,9,411.0,320,19.571428571428573,13.7,8.5,True,0.0,2.0,8.5,20.25,35.400000000000006,1.1167450810132489,4,0.13333333333333333,0.19047619047619047,0.26666666666666666,0.3333333333333333,0.3642701525054466,0.16666666666666666,0.21739130434782608,0.27320261437908494,0.03333333333333333,0.047619047619047616,0.16392156862745097,0.7142857142857143,0.3333333333333333
all_t20_2018_2026,06c2de82,L Gregory,True,2026,True,59,38,21,742.0,585,19.526315789473685,12.576271186440678,10.0,True,1.0,2.0,10.0,21.5,30.200000000000003,0.6251044692665333,5,0.0847457627118644,0.13157894736842105,0.288135593220339,0.3695652173913043,0.44676859121900625,0.11864406779661017,0.17073170731707318,0.2894531185396688,0.0,0.0,0.0,0.5833333333333334,0.0
all_t20_2018_2026,3c34c9e1,S Konstas,True,2025,True,14,14,0,273.0,232,19.5,19.5,10.0,True,0.6000000000000001,2.5,10.0,26.25,55.1,0.9909350341249007,2,0.14285714285714285,0.14285714285714285,0.35714285714285715,0.35714285714285715,0.35714285714285726,0.21428571428571427,0.21428571428571427,0.21428571428571436,0.21428571428571427,0.21428571428571427,0.21428571428571436,0.6,1.0
all_t20_2018_2026,99e23670,S Molineux,True,2026,True,13,10,3,193.0,184,19.3,14.846153846153847,16.0,False,3.2,6.0,16.0,22.0,23.8,-0.05784597169188301,0,0.0,0.0,0.46153846153846156,0.5,0.5192307692307693,0.0,0.0,0.11538461538461543,0.0,0.0,0.11538461538461543,0.0,
all_t20_2018_2026,b52ffbbd,FA Allen,True,2026,True,83,57,26,1100.0,772,19.29824561403509,13.25301204819277,8.0,True,0.0,2.0,8.0,20.0,33.0,1.474999842684311,9,0.10843373493975904,0.15789473684210525,0.27710843373493976,0.3382352941176471,0.4047321500197554,0.1566265060240964,0.203125,0.2963713684355188,0.03614457831325301,0.05084745762711865,0.12926351223303015,0.6842105263157895,0.375
all_t20_2018_2026,f13d3eba,KE Bryce,True,2026,True,30,20,10,383.0,352,19.15,12.766666666666667,6.0,True,0.0,2.5,6.0,14.5,32.0,1.6102226021343387,4,0.13333333333333333,0.2,0.23333333333333334,0.3333333333333333,0.42796384901648066,0.16666666666666666,0.23809523809523808,0.3056884635832005,0.03333333333333333,0.047619047619047616,0.0611376927166401,0.7142857142857143,0.2
all_t20_2018_2026,cad00a4d,RR Rossouw,True,2026,True,95,90,5,1716.0,1285,19.066666666666666,18.063157894736843,11.0,True,0.0,3.0,11.0,25.0,48.60000000000001,1.4153763614647776,14,0.14736842105263157,0.15555555555555556,0.3157894736842105,0.3225806451612903,0.3291428571428573,0.23157894736842105,0.23655913978494625,0.24137142857142868,0.08421052631578947,0.08695652173913043,0.09264761904761909,0.7333333333333333,0.38095238095238093
all_t20_2018_2026,a03bba42,T Shamsi,True,2025,True,16,2,14,38.0,65,19.0,2.375,1.0,True,0.0,1.0,1.0,2.75,7.5,1.1969431093589842,2,0.125,1.0,0.0,0.0,0.875,0.0,0.0,0.875,0.0,0.0,0.875,,
all_t20_2018_2026,aa8d28ae,D Wiese,True,2025,True,63,44,19,836.0,594,19.0,13.26984126984127,11.0,True,0.20000000000000018,3.0,11.0,18.0,33.800000000000004,1.3081211630032465,7,0.1111111111111111,0.1590909090909091,0.2222222222222222,0.2692307692307692,0.32717670273355803,0.12698412698412698,0.16666666666666666,0.2676900295092748,0.031746031746031744,0.044444444444444446,0.15057564159896708,0.8,0.4
all_t20_2018_2026,ef9acbcc,C Esterhuizen,True,2026,True,26,23,3,436.0,390,18.956521739130434,16.76923076923077,11.5,True,0.0,4.0,11.5,22.0,38.0,1.4108923924574865,4,0.15384615384615385,0.17391304347826086,0.34615384615384615,0.391304347826087,0.43856595892794986,0.19230769230769232,0.21739130434782608,0.24364775495997212,0.07692307692307693,0.08695652173913043,0.09745910198398886,0.5555555555555556,0.4
all_t20_2018_2026,81c36ee9,M Jansen,True,2026,True,72,46,26,872.0,660,18.956521739130434,12.11111111111111,6.5,True,1.0,2.0,6.5,17.5,27.699999999999996,2.062140526745792,5,0.06944444444444445,0.10869565217391304,0.2222222222222222,0.3018867924528302,0.39484962265308743,0.09722222222222222,0.14,0.23254364795674617,0.041666666666666664,0.06382978723404255,0.17440773596755962,0.5384615384615384,0.75
all_t20_2018_2026,cf59b3f0,Urvil Patel,True,2026,True,34,33,1,625.0,380,18.939393939393938,18.38235294117647,17.5,True,0.0,2.25,17.5,25.75,39.099999999999994,1.4772831521734304,5,0.14705882352941177,0.15151515151515152,0.4411764705882353,0.45454545454545453,0.46439628482972134,0.20588235294117646,0.21212121212121213,0.21671826625387,0.058823529411764705,0.06060606060606061,0.061919504643962876,0.4666666666666667,0.2857142857142857
all_t20_2018_2026,c4d9634c,RRS Cornwall,True,2026,True,73,71,2,1344.0,878,18.929577464788732,18.410958904109588,14.0,True,0.0,4.0,14.0,26.0,38.8,2.0195022372093687,9,0.1232876712328767,0.1267605633802817,0.3424657534246575,0.3424657534246575,0.3424657534246575,0.2328767123287671,0.2328767123287671,0.2328767123287671,0.0684931506849315,0.06944444444444445,0.0737618545837724,0.68,0.3125
all_t20_2018_2026,c64b7c5b,BF Smith,True,2026,True,48,48,0,907.0,714,18.895833333333332,18.895833333333332,13.0,True,0.7000000000000002,4.75,13.0,27.25,43.800000000000026,1.1422595637016122,5,0.10416666666666667,0.10416666666666667,0.375,0.375,0.3750000000000001,0.20833333333333334,0.20833333333333334,0.20833333333333343,0.0625,0.0625,0.06250000000000003,0.5555555555555556,0.3
all_t20_2018_2026,66162077,J Bishop,True,2026,True,11,5,6,94.0,75,18.8,8.545454545454545,9.0,False,0.0,3.5,9.0,12.5,17.0,-0.04564854674818743,2,0.18181818181818182,0.4,0.0,0.0,0.4242424242424242,0.0,0.0,0.4242424242424242,0.0,0.0,0.4242424242424242,,
all_t20_2018_2026,a1b69936,DG Bedingham,True,2025,True,15,15,0,282.0,243,18.8,18.8,11.0,True,0.8000000000000003,6.5,11.0,32.0,42.599999999999994,0.5345347228674983,2,0.13333333333333333,0.13333333333333333,0.4,0.4,0.40000000000000013,0.26666666666666666,0.26666666666666666,0.2666666666666668,0.0,0.0,0.0,0.6666666666666666,0.0
all_t20_2018_2026,f422728b,H Kerr,True,2025,True,31,22,9,413.0,332,18.772727272727273,13.32258064516129,6.0,True,1.0,2.0,6.0,17.0,27.0,3.0818233123214824,2,0.06451612903225806,0.09090909090909091,0.22580645161290322,0.2916666666666667,0.3949327412824866,0.0967741935483871,0.13043478260869565,0.22567585216142097,0.03225806451612903,0.043478260869565216,0.075225284053807,0.5,0.3333333333333333
all_t20_2018_2026,3247d54e,S Smale,True,2026,True,13,9,4,168.0,196,18.666666666666668,12.923076923076923,8.0,True,1.6000000000000005,5.0,8.0,17.0,27.200000000000006,1.0522296358097067,0,0.0,0.0,0.23076923076923078,0.2727272727272727,0.2877122877122878,0.07692307692307693,0.1,0.1438561438561439,0.0,0.0,0.1438561438561439,0.5,
all_t20_2018_2026,47dc9794,MW Harvey,True,2025,True,47,41,6,765.0,659,18.658536585365855,16.27659574468085,11.0,True,0.6000000000000005,4.0,11.0,22.0,38.8,1.3471952309886261,5,0.10638297872340426,0.12195121951219512,0.2978723404255319,0.3111111111111111,0.32136524822695034,0.2127659574468085,0.22727272727272727,0.2504144791378834,0.0425531914893617,0.047619047619047616,0.08451488670903565,0.7692307692307693,0.25
all_t20_2018_2026,0f721006,JO Holder,True,2026,True,158,119,39,2219.0,1643,18.647058823529413,14.044303797468354,10.0,True,1.0,4.0,10.0,21.0,30.900000000000034,1.433047231264927,11,0.06962025316455696,0.09243697478991597,0.2721518987341772,0.31851851851851853,0.36079015298237743,0.11392405063291139,0.144,0.2155110045561996,0.02531645569620253,0.03333333333333333,0.08166655008045287,0.5454545454545454,0.3076923076923077
all_t20_2018_2026,0ea1455a,HJ Nielsen,True,2025,True,33,25,8,466.0,395,18.64,14.121212121212121,9.0,True,1.0,5.0,9.0,18.0,37.2,1.2176826540502617,2,0.06060606060606061,0.08,0.24242424242424243,0.3076923076923077,0.3993216604823748,0.15151515151515152,0.19230769230769232,0.24957603780148427,0.030303030303030304,0.04,0.09983041512059372,0.625,0.25
all_t20_2018_2026,e5d452d7,Saif Badar,True,2026,True,18,16,2,296.0,234,18.5,16.444444444444443,10.5,True,1.4000000000000004,6.25,10.5,22.75,36.800000000000004,1.0194678137030257,2,0.1111111111111111,0.125,0.2777777777777778,0.3125,0.34567901234567905,0.2222222222222222,0.25,0.27654320987654324,0.05555555555555555,0.0625,0.06913580246913582,0.8,0.25
all_t20_2018_2026,17aa4f1d,Aaron Jones,True,2025,True,19,17,2,313.0,269,18.41176470588235,16.473684210526315,12.0,True,1.8,7.0,12.0,15.0,44.8,1.9415752206588295,1,0.05263157894736842,0.058823529411764705,0.15789473684210525,0.16666666666666666,0.17004048582995956,0.15789473684210525,0.16666666666666666,0.17004048582995956,0.05263157894736842,0.058823529411764705,0.11336032388663972,1.0,0.5
all_t20_2018_2026,a61bcb94,K Pierre,True,2026,True,16,6,10,110.0,93,18.333333333333332,6.875,2.5,True,0.0,0.0,2.5,7.75,14.0,2.7669605403138213,3,0.1875,0.5,0.0625,0.16666666666666666,0.6093750000000001,0.0625,0.16666666666666666,0.6093750000000001,0.0625,0.16666666666666666,0.6093750000000001,1.0,1.0
all_t20_2018_2026,8f6dd463,Azmatullah Omarzai,True,2026,True,25,22,3,402.0,290,18.272727272727273,16.08,14.0,True,1.0,6.0,14.0,20.0,38.6,0.736267773934173,0,0.0,0.0,0.32,0.3333333333333333,0.33684210526315783,0.16,0.17391304347826086,0.2021052631578947,0.0,0.0,0.0,0.5714285714285714,0.0
all_t20_2018_2026,5ffc0565,V Nigam,True,2026,True,11,9,2,164.0,96,18.22222222222222,14.909090909090908,12.0,True,1.0,5.0,12.0,19.0,38.0,0.799841526303859,1,0.09090909090909091,0.1111111111111111,0.2727272727272727,0.3333333333333333,0.3409090909090909,0.18181818181818182,0.2222222222222222,0.2272727272727273,0.0,0.0,0.0,0.6666666666666666,0.0
all_t20_2018_2026,60c28835,C Kellaway,True,2025,True,17,14,3,255.0,207,18.214285714285715,15.0,13.0,True,1.0,3.0,13.0,25.0,30.6,0.46280606686543363,1,0.058823529411764705,0.07142857142857142,0.35294117647058826,0.4,0.407239819004525,0.11764705882352941,0.13333333333333333,0.13574660633484167,0.0,0.0,0.06787330316742084,0.3333333333333333,0.0
all_t20_2018_2026,456f6d99,Mukhtar Ahmed,True,2026,True,17,11,6,200.0,163,18.181818181818183,11.764705882352942,9.0,True,1.0,6.0,9.0,18.0,19.4,0.985449971041936,0,0.0,0.0,0.11764705882352941,0.16666666666666666,0.2860198624904507,0.058823529411764705,0.08333333333333333,0.14300993124522535,0.0,0.0,0.14300993124522535,0.5,
all_t20_2018_2026,e19307f3,SN Luff,True,2026,True,20,15,5,272.0,224,18.133333333333333,13.6,8.5,True,1.0,5.0,8.5,19.0,30.900000000000013,1.4316982617653857,1,0.05,0.06666666666666667,0.2,0.25,0.3673469387755103,0.15,0.1875,0.27551020408163274,0.05,0.06666666666666667,0.18367346938775517,0.75,0.5
all_t20_2018_2026,35828bdd,AN Davidson-Richards,True,2026,True,38,29,9,524.0,497,18.06896551724138,13.789473684210526,10.5,True,1.7000000000000002,2.25,10.5,21.0,30.900000000000013,1.149852120149958,2,0.05263157894736842,0.06896551724137931,0.2631578947368421,0.3225806451612903,0.37996059667886295,0.13157894736842105,0.16666666666666666,0.21372783563186043,0.02631578947368421,0.034482758620689655,0.0854911342527442,0.5555555555555556,0.25
all_t20_2018_2026,1957c6b7,LWP Wells,True,2025,True,24,21,3,379.0,265,18.047619047619047,15.791666666666666,11.5,True,0.6000000000000005,6.75,11.5,23.25,31.0,1.365366411436986,3,0.125,0.14285714285714285,0.2916666666666667,0.3181818181818182,0.3240740740740741,0.16666666666666666,0.18181818181818182,0.18518518518518523,0.08333333333333333,0.09523809523809523,0.13888888888888892,0.5714285714285714,0.6666666666666666
all_t20_2018_2026,af5b6464,N Bidaisee,True,2026,True,10,8,2,144.0,126,18.0,14.4,9.5,True,0.9,1.25,9.5,21.25,31.999999999999993,1.0775986417037946,1,0.1,0.125,0.3,0.3333333333333333,0.3750000000000001,0.2,0.25,0.3750000000000001,0.1,0.125,0.18750000000000006,1.0,0.5
all_t20_2018_2026,be24ead0,Ramandeep Singh,True,2026,True,41,26,15,468.0,319,18.0,11.414634146341463,9.0,True,1.0,4.0,9.0,17.0,25.0,0.933576430362297,2,0.04878048780487805,0.07692307692307693,0.21951219512195122,0.3,0.3820936308129517,0.07317073170731707,0.11538461538461539,0.25472908720863446,0.0,0.0,0.0,0.6,0.0
all_t20_2018_2026,6b07035d,K Alleyne,True,2025,True,19,19,0,342.0,253,18.0,18.0,11.0,True,1.8,4.0,11.0,33.0,41.2,0.5012889575417936,1,0.05263157894736842,0.05263157894736842,0.42105263157894735,0.42105263157894735,0.42105263157894735,0.3157894736842105,0.3157894736842105,0.3157894736842105,0.0,0.0,0.0,0.75,0.0
all_t20_2018_2026,10b79140,TS Muyeye,True,2025,True,14,13,1,234.0,173,18.0,16.714285714285715,14.5,True,0.9000000000000001,6.0,14.5,22.25,30.30000000000001,1.4088651350443744,2,0.14285714285714285,0.15384615384615385,0.35714285714285715,0.35714285714285715,0.3571428571428572,0.14285714285714285,0.14285714285714285,0.14285714285714288,0.07142857142857142,0.07142857142857142,0.07142857142857144,0.4,0.5
all_t20_2018_2026,f986ca1a,HV Patel,True,2026,True,52,42,10,755.0,539,17.976190476190474,14.51923076923077,8.0,True,0.0,2.5,8.0,21.25,35.9,1.7661572842385265,8,0.15384615384615385,0.19047619047619047,0.3076923076923077,0.37209302325581395,0.4156927279698818,0.21153846153846154,0.2558139534883721,0.2857887504792938,0.038461538461538464,0.047619047619047616,0.06235390919548231,0.6875,0.2
all_t20_2018_2026,7b1f2542,GL Adams,True,2026,True,38,29,9,521.0,457,17.96551724137931,13.710526315789474,7.5,True,0.7000000000000002,2.0,7.5,24.0,37.300000000000004,0.9185570859557927,4,0.10526315789473684,0.13793103448275862,0.3157894736842105,0.35294117647058826,0.37032410707069235,0.15789473684210525,0.1875,0.22443885277011655,0.02631578947368421,0.03333333333333333,0.056109713192529144,0.6,0.25
all_t20_2018_2026,75224f22,KMA Paul,True,2026,True,83,60,23,1076.0,834,17.933333333333334,12.963855421686747,9.0,True,0.20000000000000107,2.5,9.0,19.5,29.599999999999994,1.6280879599902245,9,0.10843373493975904,0.15,0.25301204819277107,0.3088235294117647,0.35971088454228867,0.10843373493975904,0.14516129032258066,0.2390667130081,0.03614457831325301,0.05,0.11953335650405002,0.6,0.42857142857142855
all_t20_2018_2026,23cca426,OF Smith,True,2026,True,48,32,16,573.0,444,17.90625,11.9375,9.0,True,0.0,1.0,9.0,18.75,27.0,1.019928830894451,9,0.1875,0.28125,0.25,0.32432432432432434,0.4088557225146825,0.08333333333333333,0.12121212121212122,0.24985627487008374,0.0,0.0,0.0,0.5,0.0
all_t20_2018_2026,8abdf100,CJ Anderson,True,2026,True,43,32,11,572.0,544,17.875,13.30232558139535,6.0,True,0.20000000000000018,2.0,6.0,14.5,36.40000000000001,2.4121388450206425,5,0.11627906976744186,0.15625,0.18604651162790697,0.2222222222222222,0.27840731216457965,0.16279069767441862,0.19444444444444445,0.2436063981440072,0.046511627906976744,0.058823529411764705,0.13050342757714672,0.875,0.4
all_t20_2018_2026,7dc35884,Shakib Al Hasan,True,2026,True,55,50,5,893.0,723,17.86,16.236363636363638,13.0,True,1.0,6.5,13.0,24.5,35.0,1.0676431402402315,5,0.09090909090909091,0.1,0.32727272727272727,0.34615384615384615,0.3630591630591631,0.14545454545454545,0.16,0.18860216262813675,0.03636363636363636,0.04,0.047150540657034196,0.5,0.25
all_t20_2018_2026,bc2d4f2e,W Sutherland,True,2025,True,61,42,19,750.0,569,17.857142857142858,12.295081967213115,7.0,True,1.0,4.0,7.0,15.0,31.0,2.099772811223554,3,0.04918032786885246,0.07142857142857142,0.14754098360655737,0.2,0.28047671952928854,0.13114754098360656,0.17777777777777778,0.2493126395815898,0.03278688524590164,0.046511627906976744,0.11219068781171543,0.8888888888888888,0.3333333333333333
all_t20_2018_2026,10f42013,WJ Lubbe,True,2025,True,33,30,3,533.0,453,17.766666666666666,16.151515151515152,12.0,True,0.20000000000000018,3.0,12.0,21.0,37.00000000000001,1.355454263321009,3,0.09090909090909091,0.1,0.30303030303030304,0.3225806451612903,0.3396029258098224,0.12121212121212122,0.13333333333333333,0.15524705179877596,0.09090909090909091,0.1,0.11643528884908197,0.4444444444444444,0.75
all_t20_2018_2026,588360ee,PJ Scholfield,True,2026,True,28,22,6,390.0,303,17.727272727272727,13.928571428571429,9.5,True,0.0,4.5,9.5,22.0,27.200000000000003,1.9493219361475818,5,0.17857142857142858,0.22727272727272727,0.2857142857142857,0.32,0.3663003663003663,0.10714285714285714,0.13043478260869565,0.20032051282051283,0.03571428571428571,0.045454545454545456,0.13354700854700857,0.5,0.5
all_t20_2018_2026,721e0199,RM Ghosh,True,2026,True,17,16,1,283.0,248,17.6875,16.647058823529413,13.0,True,1.6,4.0,13.0,21.0,36.800000000000004,1.063204645367546,1,0.058823529411764705,0.0625,0.35294117647058826,0.375,0.411764705882353,0.17647058823529413,0.1875,0.20588235294117652,0.058823529411764705,0.0625,0.06862745098039218,0.5,0.3333333333333333
all_t20_2018_2026,e94bc520,OJ Pope,True,2026,True,26,21,5,369.0,315,17.571428571428573,14.192307692307692,8.5,True,0.5,2.5,8.5,17.75,36.5,1.4039389403654523,3,0.11538461538461539,0.14285714285714285,0.23076923076923078,0.2727272727272727,0.31354404109822076,0.19230769230769232,0.22727272727272727,0.26128670091518397,0.07692307692307693,0.09090909090909091,0.1045146803660736,0.8333333333333334,0.4
all_t20_2018_2026,57590dbb,PI Walter,True,2026,True,52,45,7,787.0,560,17.488888888888887,15.134615384615385,10.5,True,1.0,3.0,10.5,23.0,28.9,1.8274019708973979,5,0.09615384615384616,0.1111111111111111,0.36538461538461536,0.38,0.3996394230769232,0.09615384615384616,0.10638297872340426,0.1476900077160494,0.038461538461538464,0.044444444444444446,0.11076750578703705,0.3125,0.6666666666666666
all_t20_2018_2026,1bf2fd29,KHM James,True,2025,True,11,11,0,191.0,153,17.363636363636363,17.363636363636363,16.0,True,7.0,10.0,16.0,24.0,27.0,0.5480037046321592,0,0.0,0.0,0.45454545454545453,0.45454545454545453,0.45454545454545464,0.09090909090909091,0.09090909090909091,0.09090909090909095,0.0,0.0,0.0,0.2,0.0
all_t20_2018_2026,a63d0c5a,SD Parris,True,2026,True,12,12,0,208.0,203,17.333333333333332,17.333333333333332,11.0,True,1.4000000000000004,5.75,11.0,29.5,34.6,1.0698031664215741,1,0.08333333333333333,0.08333333333333333,0.3333333333333333,0.3333333333333333,0.33333333333333337,0.25,0.25,0.25,0.08333333333333333,0.08333333333333333,0.08333333333333334,0.75,0.3333333333333333
all_t20_2018_2026,7306c48d,G Scrivens,True,2026,True,25,21,4,363.0,365,17.285714285714285,14.52,9.0,True,0.40000000000000036,4.0,9.0,22.0,33.2,1.097840285976675,3,0.12,0.14285714285714285,0.28,0.30434782608695654,0.3258181818181818,0.2,0.23809523809523808,0.3258181818181818,0.04,0.047619047619047616,0.06516363636363635,1.0,0.2
all_t20_2018_2026,3b53243a,XC Bartlett,True,2026,True,47,30,17,516.0,378,17.2,10.97872340425532,5.0,True,0.0,1.0,5.0,18.5,28.0,1.626687878768068,6,0.1276595744680851,0.2,0.19148936170212766,0.24324324324324326,0.31319665711171224,0.0851063829787234,0.12121212121212122,0.2684542775243248,0.02127659574468085,0.03225806451612903,0.1342271387621624,0.8,0.5
all_t20_2018_2026,5cdf8304,JA Davies,True,2025,True,14,11,3,189.0,121,17.181818181818183,13.5,10.0,True,2.2,7.25,10.0,18.0,31.900000000000006,0.8628002388464479,1,0.07142857142857142,0.09090909090909091,0.21428571428571427,0.23076923076923078,0.23214285714285715,0.14285714285714285,0.15384615384615385,0.1547619047619048,0.0,0.0,0.1547619047619048,0.6666666666666666,
all_t20_2018_2026,1558d83b,GS Sandhu,True,2025,True,20,7,13,120.0,113,17.142857142857142,6.0,4.0,True,0.0,1.5,4.0,10.25,15.100000000000001,0.8649560611508734,3,0.15,0.42857142857142855,0.05,0.125,0.45075757575757575,0.0,0.0,0.45075757575757575,0.0,0.0,0.45075757575757575,,
all_t20_2018_2026,e38bce7a,MG Bracewell,True,2026,True,28,21,7,358.0,295,17.047619047619047,12.785714285714286,7.0,True,0.0,3.5,7.0,18.25,31.000000000000007,1.2026820686054849,4,0.14285714285714285,0.19047619047619047,0.21428571428571427,0.2608695652173913,0.30792316926770713,0.10714285714285714,0.13043478260869565,0.1539615846338536,0.03571428571428571,0.045454545454545456,0.10264105642256907,0.5,0.5
all_t20_2018_2026,c05edf8e,Harpreet Brar,True,2026,True,40,20,20,340.0,286,17.0,8.5,6.0,True,1.0,2.0,6.0,14.0,20.1,0.9279478636390066,2,0.05,0.1,0.125,0.22727272727272727,0.4440051333203948,0.0,0.0,0.0,0.0,0.0,0.0,0.0,
all_t20_2018_2026,e5437608,GF Linde,True,2026,True,41,34,7,576.0,420,16.941176470588236,14.048780487804878,10.0,True,1.0,5.0,10.0,20.0,30.0,1.6447420376267186,3,0.07317073170731707,0.08823529411764706,0.2926829268292683,0.3076923076923077,0.3185975609756098,0.12195121951219512,0.1388888888888889,0.1946985094850949,0.024390243902439025,0.02857142857142857,0.07787940379403797,0.5555555555555556,0.25
all_t20_2018_2026,f93b43dd,SK Patel,True,2026,True,17,17,0,288.0,294,16.941176470588236,16.941176470588236,12.0,True,0.0,3.0,12.0,24.0,39.2,0.8255652469125057,3,0.17647058823529413,0.17647058823529413,0.35294117647058826,0.35294117647058826,0.35294117647058826,0.23529411764705882,0.23529411764705882,0.23529411764705885,0.058823529411764705,0.058823529411764705,0.05882352941176472,0.6666666666666666,0.25
all_t20_2018_2026,270e4c23,MS Pepper,True,2026,True,48,46,2,779.0,626,16.934782608695652,16.229166666666668,10.0,True,0.0,4.0,10.0,21.0,36.60000000000001,1.8544961993075717,6,0.125,0.13043478260869565,0.2916666666666667,0.2978723404255319,0.3020833333333332,0.16666666666666666,0.17391304347826086,0.18831168831168824,0.08333333333333333,0.08695652173913043,0.09415584415584413,0.6153846153846154,0.5
all_t20_2018_2026,ffe699c0,CJ Jordan,True,2026,True,92,53,39,893.0,655,16.849056603773583,9.706521739130435,6.0,True,1.0,2.0,6.0,13.25,19.80000000000001,2.763052889259984,5,0.05434782608695652,0.09433962264150944,0.10869565217391304,0.17857142857142858,0.35230632597139117,0.07608695652173914,0.12727272727272726,0.274016031311082,0.021739130434782608,0.037037037037037035,0.09786286832538645,0.7777777777777778,0.3333333333333333
all_t20_2018_2026,92cf79a8,SR Taylor,True,2025,True,24,17,7,285.0,311,16.764705882352942,11.875,11.0,True,0.0,0.0,11.0,18.0,26.499999999999996,0.9031840660563473,7,0.2916666666666667,0.4117647058823529,0.20833333333333334,0.23809523809523808,0.2865961199294532,0.041666666666666664,0.05555555555555555,0.21494708994708991,0.0,0.0,0.21494708994708991,0.5,
all_t20_2018_2026,9219eff0,JDS Neesham,True,2025,True,55,42,13,702.0,543,16.714285714285715,12.763636363636364,8.0,True,0.0,1.5,8.0,21.0,29.200000000000003,1.0367814645709374,8,0.14545454545454545,0.19047619047619047,0.3090909090909091,0.3469387755102041,0.3753031358885017,0.10909090909090909,0.13636363636363635,0.2163512195121951,0.01818181818181818,0.023255813953488372,0.04507317073170732,0.5,0.2
all_t20_2018_2026,4d4605e6,CL Tryon,True,2025,True,29,20,9,334.0,288,16.7,11.517241379310345,8.0,True,3.8000000000000003,5.0,8.0,13.0,23.4,2.3718691689396763,1,0.034482758620689655,0.05,0.1724137931034483,0.22727272727272727,0.29481402218471187,0.06896551724137931,0.09523809523809523,0.1572341451651797,0.034482758620689655,0.05,0.1572341451651797,0.5,1.0
all_t20_2018_2026,85dcb721,TJ Moores,True,2026,True,22,15,7,250.0,181,16.666666666666668,11.363636363636363,8.0,True,0.0,1.25,8.0,15.25,21.700000000000006,1.8698289387434004,3,0.13636363636363635,0.2,0.13636363636363635,0.17647058823529413,0.2162725742271197,0.09090909090909091,0.125,0.2162725742271197,0.045454545454545456,0.06666666666666667,0.2162725742271197,1.0,1.0
all_t20_2018_2026,971cb321,E Jones,True,2026,True,53,43,10,716.0,664,16.651162790697676,13.50943396226415,9.0,True,0.0,1.0,9.0,20.0,34.0,1.3434577364167255,11,0.20754716981132076,0.2558139534883721,0.2641509433962264,0.30434782608695654,0.33810568639918737,0.16981132075471697,0.2,0.23711307877345608,0.03773584905660377,0.045454545454545456,0.06021919460913171,0.6923076923076923,0.25
all_t20_2018_2026,4a461c24,LA Dawson,True,2026,True,48,28,20,465.0,348,16.607142857142858,9.6875,6.0,True,1.0,2.0,6.0,12.5,25.60000000000001,1.6281150256767274,1,0.020833333333333332,0.03571428571428571,0.16666666666666666,0.24242424242424243,0.3352127311070616,0.0625,0.1,0.23943766507647263,0.0,0.0,0.15962511005098176,0.6,0.0
all_t20_2018_2026,119678fd,KV Sharma,True,2025,True,28,22,6,365.0,255,16.59090909090909,13.035714285714286,11.0,True,1.0,3.75,11.0,22.0,29.0,0.8896238211140144,2,0.07142857142857142,0.09090909090909091,0.32142857142857145,0.36,0.3975155279503106,0.07142857142857142,0.09090909090909091,0.1855072463768116,0.0,0.0,0.0,0.3333333333333333,0.0
all_t20_2018_2026,c5f40e35,SW Currie,True,2026,True,12,7,5,116.0,103,16.571428571428573,9.666666666666666,5.5,True,1.1,3.5,5.5,15.5,20.6,0.5982773552086263,1,0.08333333333333333,0.14285714285714285,0.16666666666666666,0.25,0.32407407407407407,0.0,0.0,0.16203703703703703,0.0,0.0,0.16203703703703703,0.0,
all_t20_2018_2026,2f9d0389,LH Ferguson,True,2026,True,22,8,14,132.0,107,16.5,6.0,3.0,True,0.0,1.0,3.0,8.5,17.50000000000001,1.1904657150233102,2,0.09090909090909091,0.25,0.045454545454545456,0.1111111111111111,0.3818181818181817,0.0,0.0,0.3818181818181817,0.0,0.0,0.3818181818181817,,
all_t20_2018_2026,211aeb65,KO Wickham,True,2026,True,11,11,0,181.0,180,16.454545454545453,16.454545454545453,13.0,True,2.0,6.0,13.0,24.5,37.0,0.44601988778525703,0,0.0,0.0,0.36363636363636365,0.36363636363636365,0.36363636363636365,0.18181818181818182,0.18181818181818182,0.18181818181818182,0.0,0.0,0.0,0.5,0.0
all_t20_2018_2026,57bd3ecc,Hammad Azam,True,2026,True,15,11,4,180.0,164,16.363636363636363,12.0,8.0,True,2.0,4.5,8.0,14.5,30.799999999999994,1.4187827915249829,1,0.06666666666666667,0.09090909090909091,0.2,0.2727272727272727,0.3707407407407408,0.13333333333333333,0.18181818181818182,0.24716049382716057,0.0,0.0,0.0,0.6666666666666666,0.0
all_t20_2018_2026,e1b9f3a9,BJ Dwarshuis,True,2026,True,63,40,23,654.0,423,16.35,10.380952380952381,6.0,True,0.0,1.0,6.0,14.0,28.800000000000026,1.9645472840961444,12,0.19047619047619047,0.3,0.19047619047619047,0.25,0.3453722785797896,0.1111111111111111,0.16279069767441862,0.3453722785797896,0.015873015873015872,0.025,0.19735558775987974,1.0,0.25
all_t20_2018_2026,f05167d2,HJ Armitage,True,2026,True,37,34,3,551.0,521,16.205882352941178,14.891891891891891,11.0,True,1.0,4.0,11.0,23.0,34.8,0.792309323835161,3,0.08108108108108109,0.08823529411764706,0.32432432432432434,0.34285714285714286,0.36147602711070215,0.1891891891891892,0.2,0.21086101581457622,0.0,0.0,0.0,0.5833333333333334,0.0
all_t20_2018_2026,44afbf2d,NJ Maddinson,True,2025,True,55,51,4,825.0,743,16.176470588235293,15.0,12.0,True,0.40000000000000036,3.0,12.0,19.5,30.0,2.2423698783666652,6,0.10909090909090909,0.11764705882352941,0.2545454545454545,0.2545454545454545,0.25454545454545446,0.12727272727272726,0.1320754716981132,0.15419580419580414,0.03636363636363636,0.0392156862745098,0.07930069930069927,0.5833333333333334,0.4
all_t20_2018_2026,0ecb4de6,Rehan Ahmed,True,2026,True,37,33,4,533.0,410,16.151515151515152,14.405405405405405,10.0,True,0.0,1.0,10.0,25.0,34.599999999999994,0.8114905371511413,6,0.16216216216216217,0.18181818181818182,0.32432432432432434,0.35294117647058826,0.36324324324324314,0.16216216216216217,0.17647058823529413,0.1816216216216216,0.0,0.0,0.0,0.5,0.0
all_t20_2018_2026,11614d87,D Pretorius,True,2026,True,67,51,16,823.0,599,16.137254901960784,12.283582089552239,10.0,True,0.0,3.0,10.0,20.5,27.0,1.0929641133036065,8,0.11940298507462686,0.1568627450980392,0.26865671641791045,0.32142857142857145,0.3805939621676513,0.04477611940298507,0.057692307692307696,0.09444886928792817,0.014925373134328358,0.0196078431372549,0.047224434643964086,0.21428571428571427,0.5
all_t20_2018_2026,6ffbf04c,KM Chathli,True,2026,True,19,18,1,289.0,231,16.055555555555557,15.210526315789474,6.0,True,0.8,1.5,6.0,19.0,37.79999999999998,1.513517291083584,2,0.10526315789473684,0.1111111111111111,0.21052631578947367,0.2222222222222222,0.231578947368421,0.21052631578947367,0.2222222222222222,0.231578947368421,0.10526315789473684,0.1111111111111111,0.11578947368421051,1.0,0.5
all_t20_2018_2026,abc9f8a4,FG Kemp,True,2026,True,37,32,5,512.0,407,16.0,13.837837837837839,9.0,True,1.0,2.0,9.0,23.0,32.99999999999999,1.7161105025365055,2,0.05405405405405406,0.0625,0.2702702702702703,0.2857142857142857,0.3049203049203049,0.13513513513513514,0.14285714285714285,0.1524601524601525,0.02702702702702703,0.030303030303030304,0.08131208131208134,0.5,0.3333333333333333
all_t20_2018_2026,7f048519,DJ Willey,True,2026,True,67,50,17,798.0,691,15.96,11.91044776119403,7.0,True,1.0,2.0,7.0,15.5,29.0,2.776578345588748,4,0.05970149253731343,0.08,0.19402985074626866,0.24074074074074073,0.28240971877201987,0.08955223880597014,0.11538461538461539,0.15885546680926116,0.029850746268656716,0.038461538461538464,0.052951822269753736,0.5454545454545454,0.3333333333333333
all_t20_2018_2026,d2763568,DR Gibson,True,2026,True,44,35,9,557.0,393,15.914285714285715,12.659090909090908,11.0,True,0.0,1.0,11.0,22.0,29.400000000000006,0.6017653547258599,10,0.22727272727272727,0.2857142857142857,0.2727272727272727,0.32432432432432434,0.400099173553719,0.11363636363636363,0.13513513513513514,0.1667079889807163,0.0,0.0,0.0,0.4166666666666667,0.0
all_t20_2018_2026,1e66c162,JD Unadkat,True,2026,True,38,20,18,317.0,233,15.85,8.342105263157896,6.0,True,1.0,1.0,6.0,10.75,16.900000000000013,3.008224451936944,1,0.02631578947368421,0.05,0.07894736842105263,0.14285714285714285,0.26980349185477387,0.02631578947368421,0.047619047619047616,0.08993449728492463,0.02631578947368421,0.047619047619047616,0.08993449728492463,0.3333333333333333,1.0
all_t20_2018_2026,19b9f399,CJ Green,True,2026,True,130,83,47,1311.0,963,15.795180722891565,10.084615384615384,6.0,True,1.0,3.0,6.0,14.0,25.10000000000001,1.55213496271681,5,0.038461538461538464,0.060240963855421686,0.15384615384615385,0.21505376344086022,0.31101191341832585,0.07692307692307693,0.11363636363636363,0.2188602353684515,0.007692307692307693,0.012048192771084338,0.07660108237895802,0.6666666666666666,0.2
all_t20_2018_2026,9c9af282,Naseem Shah,True,2026,True,13,4,9,63.0,46,15.75,4.846153846153846,2.0,True,1.0,1.0,2.0,5.0,14.800000000000008,1.6747930077590836,0,0.0,0.0,0.0,0.0,0.5,0.0,0.0,0.5,0.0,0.0,0.5,,
all_t20_2018_2026,4d7f517e,AJ Hosein,True,2026,True,83,48,35,756.0,676,15.75,9.108433734939759,6.0,True,0.0,2.0,6.0,12.0,21.599999999999994,1.9888324455499642,9,0.10843373493975904,0.1875,0.14457831325301204,0.21818181818181817,0.3275737364141982,0.060240963855421686,0.09803921568627451,0.22748176139874876,0.012048192771084338,0.02040816326530612,0.13648905683924925,0.625,0.3333333333333333
all_t20_2018_2026,c0c411cb,Naveen-ul-Haq,True,2025,True,28,10,18,157.0,171,15.7,5.607142857142857,2.0,True,0.7000000000000002,1.0,2.0,7.75,13.3,1.8849110649850451,1,0.03571428571428571,0.1,0.07142857142857142,0.16666666666666666,0.2932213651010644,0.03571428571428571,0.09090909090909091,0.2932213651010644,0.0,0.0,0.2932213651010644,1.0,
all_t20_2018_2026,f787e0eb,J Edwards,True,2026,True,60,55,5,860.0,713,15.636363636363637,14.333333333333334,10.5,True,0.0,4.0,10.5,21.0,34.300000000000004,0.9746679942282122,7,0.11666666666666667,0.12727272727272726,0.26666666666666666,0.2857142857142857,0.3043385358602751,0.18333333333333332,0.19642857142857142,0.20923274340393913,0.0,0.0,0.0,0.6875,0.0
all_t20_2018_2026,e9987a94,C Overton,True,2026,True,18,9,9,139.0,95,15.444444444444445,7.722222222222222,4.5,True,1.0,1.25,4.5,11.75,18.6,0.7590197215709973,1,0.05555555555555555,0.1111111111111111,0.1111111111111111,0.18181818181818182,0.3950617283950617,0.0,0.0,0.3950617283950617,0.0,0.0,0.3950617283950617,,
all_t20_2018_2026,68c56d09,KA Jamieson,True,2026,True,10,5,5,77.0,73,15.4,7.7,7.5,True,0.0,2.5,7.5,12.0,16.0,0.06324974618030225,0,0.0,0.0,0.0,0.0,0.17857142857142858,0.0,0.0,0.17857142857142858,0.0,0.0,0.17857142857142858,,
all_t20_2018_2026,98ae73b1,PP Chawla,True,2025,True,42,27,15,414.0,333,15.333333333333334,9.857142857142858,5.0,True,0.0,1.25,5.0,13.75,24.599999999999994,1.2613632858015562,8,0.19047619047619047,0.2962962962962963,0.21428571428571427,0.3,0.3885072377338032,0.07142857142857142,0.10714285714285714,0.20144819734345354,0.0,0.0,0.06714939911448452,0.42857142857142855,0.0
all_t20_2018_2026,287ed3a0,GA Elwiss,True,2026,True,31,22,9,337.0,332,15.318181818181818,10.870967741935484,10.0,True,2.0,3.0,10.0,13.0,28.0,1.2524506662270405,1,0.03225806451612903,0.045454545454545456,0.12903225806451613,0.16666666666666666,0.21843121444620944,0.0967741935483871,0.13043478260869565,0.21843121444620944,0.0,0.0,0.07281040481540316,1.0,0.0
all_t20_2018_2026,4175d211,SK Springer,True,2026,True,26,16,10,244.0,225,15.25,9.384615384615385,7.0,True,1.0,2.25,7.0,13.5,21.0,1.4559364408300297,2,0.07692307692307693,0.125,0.11538461538461539,0.1875,0.3674344231619774,0.07692307692307693,0.125,0.24495628210798495,0.0,0.0,0.0,0.6666666666666666,0.0
all_t20_2018_2026,9d430b40,SP Narine,True,2026,True,219,192,27,2919.0,1961,15.203125,13.32876712328767,6.0,True,0.0,2.0,6.0,20.5,30.0,2.3323403951079618,31,0.1415525114155251,0.16145833333333334,0.2648401826484018,0.29441624365482233,0.32348690204830777,0.1095890410958904,0.12435233160621761,0.15030385585675854,0.0502283105022831,0.057291666666666664,0.07271644878255216,0.4444444444444444,0.4782608695652174
all_t20_2018_2026,894b2d25,MJ Potts,True,2026,True,11,6,5,91.0,70,15.166666666666666,8.272727272727273,8.0,True,1.0,1.0,8.0,10.5,20.0,0.8073941173689865,1,0.09090909090909091,0.16666666666666666,0.18181818181818182,0.2857142857142857,0.4675324675324676,0.0,0.0,0.0,0.0,0.0,0.0,0.0,
all_t20_2018_2026,c90346a0,D Jansen,True,2025,True,10,6,4,91.0,78,15.166666666666666,9.1,7.5,True,2.8,3.5,7.5,13.25,18.5,0.7828515551390045,0,0.0,0.0,0.1,0.14285714285714285,0.2800000000000001,0.0,0.0,0.2800000000000001,0.0,0.0,0.2800000000000001,,
all_t20_2018_2026,e9aaf862,M De Villiers,True,2025,True,10,10,0,151.0,130,15.1,15.1,11.0,True,1.8,4.75,11.0,25.5,30.799999999999997,0.484774153198261,1,0.1,0.1,0.4,0.4,0.4,0.2,0.2,0.20000000000000004,0.0,0.0,0.0,0.5,0.0
all_t20_2018_2026,92b94582,J Grewcock,True,2026,True,13,7,6,105.0,91,15.0,8.076923076923077,8.0,True,0.20000000000000018,5.0,8.0,13.0,14.600000000000001,0.46983033180732575,2,0.15384615384615385,0.2857142857142857,0.07692307692307693,0.125,0.39560439560439564,0.0,0.0,0.39560439560439564,0.0,0.0,0.39560439560439564,,
all_t20_2018_2026,40e4cf47,MF Hurst,True,2025,True,15,15,0,223.0,183,14.866666666666667,14.866666666666667,4.0,True,0.8000000000000003,2.0,4.0,20.0,41.19999999999999,1.851029326772729,2,0.13333333333333333,0.13333333333333333,0.26666666666666666,0.26666666666666666,0.2666666666666667,0.13333333333333333,0.13333333333333333,0.1333333333333334,0.13333333333333333,0.13333333333333333,0.1333333333333334,0.5,1.0
all_t20_2018_2026,23eeb873,DL Chahar,True,2026,True,26,14,12,208.0,172,14.857142857142858,8.0,3.0,True,0.0,1.0,3.0,8.0,19.0,2.496001235190498,4,0.15384615384615385,0.2857142857142857,0.11538461538461539,0.1875,0.24710866057019903,0.07692307692307693,0.13333333333333333,0.24710866057019903,0.038461538461538464,0.06666666666666667,0.12355433028509952,1.0,0.5
all_t20_2018_2026,72918338,AHT Donald,True,2026,True,11,11,0,161.0,85,14.636363636363637,14.636363636363637,7.0,True,1.0,4.0,7.0,21.0,38.0,0.7795979611630679,0,0.0,0.0,0.2727272727272727,0.2727272727272727,0.2727272727272727,0.18181818181818182,0.18181818181818182,0.18181818181818182,0.0,0.0,0.0,0.6666666666666666,0.0
all_t20_2018_2026,78bec461,M Brown,True,2026,True,11,5,6,73.0,65,14.6,6.636363636363637,5.0,True,2.0,2.0,5.0,10.5,15.0,0.5303065873410139,1,0.09090909090909091,0.2,0.0,0.0,0.0,0.0,0.0,0.0,0.0,0.0,0.0,,
all_t20_2018_2026,5ec41cd7,Jasdeep Singh,True,2026,True,11,5,6,73.0,86,14.6,6.636363636363637,4.0,True,2.0,3.5,4.0,9.5,13.0,0.7383164333541561,0,0.0,0.0,0.0,0.0,0.315,0.0,0.0,0.315,0.0,0.0,0.315,,
all_t20_2018_2026,caf69bf7,DR Sams,True,2026,True,126,102,24,1477.0,1044,14.480392156862745,11.722222222222221,6.5,True,0.0,1.0,6.5,16.0,29.0,2.432808924515032,15,0.11904761904761904,0.14705882352941177,0.20634920634920634,0.23423423423423423,0.26950856082166036,0.10317460317460317,0.12037037037037036,0.1562696697201224,0.031746031746031744,0.03773584905660377,0.0676166840135145,0.5652173913043478,0.36363636363636365
all_t20_2018_2026,97b0e4ff,SC van Schalkwyk,True,2026,True,19,9,10,130.0,118,14.444444444444445,6.842105263157895,3.0,True,1.0,1.0,3.0,12.0,13.0,1.2588018231741438,1,0.05263157894736842,0.1111111111111111,0.05263157894736842,0.1111111111111111,0.45029239766081874,0.0,0.0,0.0,0.0,0.0,0.0,0.0,
all_t20_2018_2026,1ee08e9a,JA Richardson,True,2025,True,36,21,15,301.0,254,14.333333333333334,8.36111111111111,6.0,True,0.5,1.0,6.0,13.25,19.0,1.170982451245881,3,0.08333333333333333,0.14285714285714285,0.1111111111111111,0.17391304347826086,0.2760555052790347,0.027777777777777776,0.045454545454545456,0.10352081447963801,0.0,0.0,0.10352081447963801,0.3333333333333333,
all_t20_2018_2026,4c5d73db,CR Woakes,True,2026,True,25,14,11,200.0,170,14.285714285714286,8.0,4.0,True,0.0,1.0,4.0,11.0,15.600000000000001,3.220256659692963,4,0.16,0.2857142857142857,0.08,0.13333333333333333,0.4054331550802139,0.04,0.07142857142857142,0.4054331550802139,0.04,0.07142857142857142,0.4054331550802139,1.0,1.0
all_t20_2018_2026,0bec3a6c,BAC Howell,True,2026,True,38,24,14,342.0,265,14.25,9.0,6.0,True,0.0,2.0,6.0,14.5,22.300000000000004,0.9345298373813725,5,0.13157894736842105,0.20833333333333334,0.18421052631578946,0.2413793103448276,0.29706094218515744,0.02631578947368421,0.04,0.15843250249875065,0.0,0.0,0.15843250249875065,0.3333333333333333,
all_t20_2018_2026,a316d663,GC Viljoen,True,2026,True,25,15,10,213.0,199,14.2,8.52,2.0,True,1.0,1.0,2.0,10.0,29.800000000000004,1.3136430429737689,2,0.08,0.13333333333333333,0.2,0.3125,0.462962962962963,0.12,0.1875,0.27777777777777785,0.0,0.0,0.09259259259259263,0.6,0.0
all_t20_2018_2026,f1c61793,JD Wildermuth,True,2025,True,31,28,3,395.0,297,14.107142857142858,12.741935483870968,5.0,True,0.0,1.0,5.0,18.5,31.0,3.2026372293329253,4,0.12903225806451613,0.14285714285714285,0.25806451612903225,0.26666666666666666,0.2741935483870968,0.12903225806451613,0.13793103448275862,0.15668202764976963,0.03225806451612903,0.034482758620689655,0.03917050691244241,0.5714285714285714,0.25
all_t20_2018_2026,92780e2f,JU Goolie,True,2026,True,16,10,6,141.0,144,14.1,8.8125,8.5,True,0.0,1.5,8.5,14.25,19.0,0.44359167747229594,4,0.25,0.4,0.125,0.18181818181818182,0.3835227272727273,0.0,0.0,0.19176136363636365,0.0,0.0,0.19176136363636365,0.0,
all_t20_2018_2026,495d42a5,R Ashwin,True,2025,True,64,47,17,656.0,512,13.957446808510639,10.25,6.5,True,0.0,2.0,6.5,14.5,28.0,1.5990092691425362,8,0.125,0.1702127659574468,0.15625,0.20408163265306123,0.26986860205564783,0.078125,0.10416666666666667,0.14992700114202656,0.015625,0.02127659574468085,0.04497810034260797,0.5555555555555556,0.25
all_t20_2018_2026,cdb82f1c,S Ecclestone,True,2026,True,30,22,8,304.0,232,13.818181818181818,10.133333333333333,6.0,True,1.0,1.0,6.0,13.0,27.400000000000006,1.0922929418295422,1,0.03333333333333333,0.045454545454545456,0.23333333333333334,0.25,0.2692307692307692,0.1,0.12,0.23076923076923078,0.0,0.0,0.23076923076923078,0.75,
all_t20_2018_2026,a97c8ec2,PWH de Silva,True,2026,True,47,36,11,493.0,370,13.694444444444445,10.48936170212766,7.0,True,0.6000000000000005,2.5,7.0,12.5,24.799999999999997,1.9244151586352642,5,0.10638297872340426,0.1388888888888889,0.14893617021276595,0.19444444444444445,0.2592347153309225,0.0851063829787234,0.1111111111111111,0.14813412304624146,0.02127659574468085,0.027777777777777776,0.03703353076156037,0.5714285714285714,0.25
all_t20_2018_2026,9b3bcca4,A Wellington,True,2025,True,22,15,7,205.0,169,13.666666666666666,9.318181818181818,6.5,True,0.0,1.0,6.5,15.75,24.700000000000006,0.973855274702458,3,0.13636363636363635,0.2,0.18181818181818182,0.23529411764705882,0.31681898348565013,0.045454545454545456,0.0625,0.10560632782855006,0.0,0.0,0.10560632782855006,0.3333333333333333,
all_t20_2018_2026,51a60c16,CJ Boyce,True,2025,True,30,20,10,273.0,223,13.65,9.1,5.0,True,0.0,1.0,5.0,11.0,23.200000000000003,1.9963246942434307,5,0.16666666666666666,0.25,0.16666666666666666,0.21739130434782608,0.25578703703703715,0.03333333333333333,0.047619047619047616,0.13641975308641982,0.03333333333333333,0.047619047619047616,0.13641975308641982,0.3333333333333333,1.0
all_t20_2018_2026,85ce4231,CL Griffith,True,2025,True,31,26,5,354.0,265,13.615384615384615,11.419354838709678,7.0,True,1.0,1.5,7.0,18.0,29.0,1.3991188721835592,3,0.0967741935483871,0.11538461538461539,0.22580645161290322,0.25925925925925924,0.2879850397381955,0.0967741935483871,0.1111111111111111,0.1234221598877981,0.03225806451612903,0.038461538461538464,0.06171107994389905,0.42857142857142855,0.5
all_t20_2018_2026,38c276e1,N McAndrew,True,2025,True,43,24,19,324.0,215,13.5,7.534883720930233,6.0,True,0.0,1.0,6.0,11.5,18.60000000000001,1.039082535189182,6,0.13953488372093023,0.25,0.09302325581395349,0.16,0.3994298574643661,0.023255813953488372,0.041666666666666664,0.13314328582145538,0.0,0.0,0.0,0.3333333333333333,0.0
all_t20_2018_2026,cad40f5e,BA Carse,True,2026,True,19,12,7,162.0,136,13.5,8.526315789473685,6.0,True,0.0,4.0,6.0,11.0,14.79999999999999,1.636763788574496,2,0.10526315789473684,0.16666666666666666,0.10526315789473684,0.14285714285714285,0.18349095394736836,0.05263157894736842,0.07692307692307693,0.18349095394736836,0.0,0.0,0.18349095394736836,1.0,
all_t20_2018_2026,d2d15439,Aayan Afzal Khan,True,2025,True,13,7,6,94.0,101,13.428571428571429,7.230769230769231,9.0,False,0.20000000000000018,1.0,9.0,11.0,13.8,-0.10328211959792576,2,0.15384615384615385,0.2857142857142857,0.0,0.0,0.0,0.0,0.0,0.0,0.0,0.0,0.0,,
all_t20_2018_2026,00823a96,KL Gordon,True,2026,True,11,5,6,67.0,66,13.4,6.090909090909091,3.0,True,0.0,1.5,3.0,5.0,11.0,2.309005915758213,2,0.18181818181818182,0.4,0.09090909090909091,0.2,0.5610389610389611,0.09090909090909091,0.2,0.5610389610389611,0.0,0.0,0.0,1.0,0.0
all_t20_2018_2026,2b8f219a,KSA McKenzie,True,2026,True,21,21,0,281.0,260,13.380952380952381,13.380952380952381,10.0,True,0.0,1.0,10.0,19.0,28.0,2.092268669531741,3,0.14285714285714285,0.14285714285714285,0.23809523809523808,0.23809523809523808,0.23809523809523814,0.09523809523809523,0.09523809523809523,0.09523809523809527,0.047619047619047616,0.047619047619047616,0.04761904761904764,0.4,0.5
all_t20_2018_2026,b0946605,AS Joseph,True,2026,True,49,25,24,333.0,309,13.32,6.795918367346939,4.0,True,0.0,1.0,4.0,10.0,17.000000000000014,1.3516454292716054,8,0.16326530612244897,0.32,0.10204081632653061,0.1724137931034483,0.305210918114144,0.0,0.0,0.22890818858560802,0.0,0.0,0.22890818858560802,0.0,
all_t20_2018_2026,be69e09d,BL Couch,True,2026,True,20,9,11,119.0,116,13.222222222222221,5.95,4.0,True,0.0,0.0,4.0,8.0,19.300000000000004,1.4363350388001528,5,0.25,0.5555555555555556,0.1,0.2,0.38194444444444453,0.0,0.0,0.19097222222222227,0.0,0.0,0.19097222222222227,0.0,
all_t20_2018_2026,a818c1be,TA Boult,True,2026,True,59,24,35,317.0,239,13.208333333333334,5.372881355932203,2.0,True,0.0,1.0,2.0,7.0,16.200000000000003,1.4062834782548168,6,0.1016949152542373,0.25,0.06779661016949153,0.14285714285714285,0.2527100018625442,0.0,0.0,0.2527100018625442,0.0,0.0,0.2527100018625442,,
all_t20_2018_2026,68e26ec9,M Kelly,True,2026,True,46,38,8,501.0,423,13.18421052631579,10.891304347826088,5.0,True,0.0,1.0,5.0,17.0,23.5,2.054811220332564,9,0.1956521739130435,0.23684210526315788,0.21739130434782608,0.24390243902439024,0.285434205973936,0.08695652173913043,0.10256410256410256,0.15984315534540416,0.021739130434782608,0.02564102564102564,0.03996078883635104,0.5,0.25
all_t20_2018_2026,5f547c8b,Rashid Khan,True,2026,True,160,114,46,1491.0,1003,13.078947368421053,9.31875,5.0,True,0.0,1.0,5.0,14.0,25.0,2.3029930608005036,31,0.19375,0.2719298245614035,0.15,0.19672131147540983,0.2837660001718219,0.06875,0.09401709401709402,0.1714508751666601,0.01875,0.02608695652173913,0.0623457727878764,0.5789473684210527,0.3333333333333333
all_t20_2018_2026,0164b064,MG Neser,True,2025,True,44,33,11,429.0,316,13.0,9.75,4.5,True,0.0,1.0,4.5,12.0,29.200000000000017,2.1914108237188548,7,0.1590909090909091,0.21212121212121213,0.13636363636363635,0.16666666666666666,0.19205209994683675,0.11363636363636363,0.1388888888888889,0.16004341662236396,0.022727272727272728,0.029411764705882353,0.09602604997341838,0.8333333333333334,0.3333333333333333
all_t20_2018_2026,62175638,Karim Janat,True,2025,True,10,8,2,103.0,78,12.875,10.3,9.0,True,0.9,2.0,9.0,17.75,20.299999999999997,0.15744298745458546,1,0.1,0.125,0.2,0.2222222222222222,0.2500000000000001,0.0,0.0,0.0,0.0,0.0,0.0,0.0,
all_t20_2018_2026,fc55ec67,MR Adair,True,2025,True,11,7,4,90.0,78,12.857142857142858,8.181818181818182,4.0,True,1.0,1.0,4.0,15.0,19.0,0.3342440147863227,0,0.0,0.0,0.09090909090909091,0.125,0.17142857142857146,0.0,0.0,0.17142857142857146,0.0,0.0,0.17142857142857146,,
all_t20_2018_2026,a2421394,AC Agar,True,2025,True,46,34,12,433.0,393,12.735294117647058,9.41304347826087,5.0,True,0.5,2.0,5.0,13.5,23.5,1.8472161505646285,5,0.10869565217391304,0.14705882352941177,0.15217391304347827,0.1891891891891892,0.24718454474164855,0.06521739130434782,0.08333333333333333,0.12712348015284786,0.021739130434782608,0.02857142857142857,0.06356174007642393,0.5,0.5
all_t20_2018_2026,ab01e323,SA Zaib,True,2026,True,12,10,2,126.0,109,12.6,10.5,9.5,True,1.1,2.75,9.5,18.0,21.0,0.14015168458202742,0,0.0,0.0,0.25,0.3,0.309375,0.0,0.0,0.0,0.0,0.0,0.0,0.0,
all_t20_2018_2026,9cab5daf,NRJ Young,True,2025,True,16,11,5,136.0,137,12.363636363636363,8.5,2.5,True,0.0,0.75,2.5,12.5,19.0,2.0695117455197654,4,0.25,0.36363636363636365,0.125,0.18181818181818182,0.2840909090909091,0.0625,0.09090909090909091,0.14204545454545456,0.0,0.0,0.0,0.5,0.0
all_t20_2018_2026,78fd864b,EL Arlott,True,2026,True,28,19,9,234.0,206,12.31578947368421,8.357142857142858,6.0,True,0.7000000000000002,2.0,6.0,12.25,18.500000000000004,1.2972266877816239,3,0.10714285714285714,0.15789473684210525,0.10714285714285714,0.14285714285714285,0.2543171114599687,0.03571428571428571,0.05,0.16954474097331249,0.0,0.0,0.16954474097331249,0.5,
all_t20_2018_2026,13c19f32,ND Dattani,True,2026,True,32,20,12,245.0,266,12.25,7.65625,5.0,True,1.0,2.0,5.0,8.25,12.800000000000004,2.2368658763973803,1,0.03125,0.05,0.09375,0.13636363636363635,0.17719565217391306,0.0625,0.09523809523809523,0.17719565217391306,0.0,0.0,0.08859782608695653,1.0,0.0
all_t20_2018_2026,2e81a32d,B Kumar,True,2026,True,45,20,25,241.0,253,12.05,5.355555555555555,3.0,True,0.40000000000000036,1.0,3.0,7.0,13.600000000000001,1.9161343307067544,3,0.06666666666666667,0.15,0.06666666666666667,0.14285714285714285,0.3707085745795423,0.0,0.0,0.0,0.0,0.0,0.0,0.0,
all_t20_2018_2026,1ec1998e,NAJ Wraith,True,2025,True,13,11,2,132.0,127,12.0,10.153846153846153,9.0,True,1.0,1.0,9.0,17.0,19.400000000000002,0.45678436092382785,1,0.07692307692307693,0.09090909090909091,0.15384615384615385,0.18181818181818182,0.19230769230769235,0.0,0.0,0.0,0.0,0.0,0.0,0.0,
all_t20_2018_2026,898e628d,B Doggett,True,2025,True,16,8,8,96.0,100,12.0,6.0,1.5,True,1.0,1.0,1.5,5.25,10.5,3.1365608533061216,1,0.0625,0.125,0.0625,0.1111111111111111,0.3046875,0.0625,0.1111111111111111,0.3046875,0.0,0.0,0.3046875,1.0,
all_t20_2018_2026,78feb458,JN Hamilton,True,2026,True,14,11,3,132.0,134,12.0,9.428571428571429,9.0,True,0.6000000000000001,3.5,9.0,11.5,19.30000000000001,1.2288893811791597,2,0.14285714285714285,0.18181818181818182,0.14285714285714285,0.15384615384615385,0.2142857142857143,0.07142857142857142,0.08333333333333333,0.2142857142857143,0.0,0.0,0.2142857142857143,1.0,
all_t20_2018_2026,1abb78f8,SN Thakur,True,2026,True,45,31,14,370.0,300,11.935483870967742,8.222222222222221,5.0,True,0.0,1.0,5.0,10.0,17.0,3.4207996698906564,7,0.15555555555555556,0.22580645161290322,0.08888888888888889,0.125,0.1986512138429753,0.022222222222222223,0.03225806451612903,0.09932560692148766,0.022222222222222223,0.03225806451612903,0.09932560692148766,0.3333333333333333,1.0
all_t20_2018_2026,876dbe2d,DR Mousley,True,2025,True,29,25,4,297.0,316,11.88,10.241379310344827,7.0,True,0.8000000000000003,2.0,7.0,15.0,26.999999999999996,1.2562250264936832,3,0.10344827586206896,0.12,0.13793103448275862,0.14814814814814814,0.17959770114942533,0.10344827586206896,0.1111111111111111,0.134698275862069,0.0,0.0,0.0,0.75,0.0
all_t20_2018_2026,22b98d7c,TW Hartley,True,2025,True,17,10,7,118.0,109,11.8,6.9411764705882355,5.0,True,0.6000000000000001,1.0,5.0,12.0,16.0,0.4173957440066559,2,0.11764705882352941,0.2,0.0,0.0,0.33986928104575176,0.0,0.0,0.33986928104575176,0.0,0.0,0.33986928104575176,,
all_t20_2018_2026,1d2f290a,JA Thompson,True,2026,True,33,26,7,305.0,217,11.73076923076923,9.242424242424242,6.0,True,0.0,2.0,6.0,16.0,24.8,0.77408908055282,4,0.12121212121212122,0.15384615384615385,0.18181818181818182,0.20689655172413793,0.2524107286012049,0.0,0.0,0.0,0.0,0.0,0.0,0.0,
all_t20_2018_2026,340202b0,LCN Smith,True,2026,True,14,6,8,70.0,72,11.666666666666666,5.0,2.5,True,1.0,2.0,2.5,7.5,11.800000000000004,1.213545028206357,1,0.07142857142857142,0.16666666666666666,0.0,0.0,0.1989795918367347,0.0,0.0,0.1989795918367347,0.0,0.0,0.1989795918367347,,
all_t20_2018_2026,249d60c9,AU Rashid,True,2025,True,36,21,15,244.0,194,11.619047619047619,6.777777777777778,4.5,True,0.0,1.0,4.5,10.0,16.5,1.0169805358186816,5,0.1388888888888889,0.23809523809523808,0.05555555555555555,0.09090909090909091,0.20177487342763195,0.0,0.0,0.0,0.0,0.0,0.0,0.0,
all_t20_2018_2026,8d2c70ad,Kuldeep Yadav,True,2026,True,41,17,24,196.0,237,11.529411764705882,4.780487804878049,3.0,True,0.0,1.0,3.0,6.0,10.0,2.8611384381511287,5,0.12195121951219512,0.29411764705882354,0.024390243902439025,0.05555555555555555,0.33940567749144684,0.024390243902439025,0.05555555555555555,0.33940567749144684,0.0,0.0,0.33940567749144684,1.0,
all_t20_2018_2026,1a2676c5,SA Abbott,True,2025,True,47,33,14,377.0,330,11.424242424242424,8.02127659574468,5.0,True,0.6000000000000005,1.0,5.0,9.5,20.199999999999996,1.9898242965635526,3,0.06382978723404255,0.09090909090909091,0.10638297872340426,0.14285714285714285,0.21321674911901078,0.06382978723404255,0.08823529411764706,0.17057339929520865,0.0,0.0,0.0,0.75,0.0
all_t20_2018_2026,3b5a9438,BAM Heath,True,2026,True,35,29,6,331.0,265,11.413793103448276,9.457142857142857,7.0,True,0.0,2.0,7.0,12.5,19.200000000000003,2.426039559631578,7,0.2,0.2413793103448276,0.11428571428571428,0.12903225806451613,0.14961038961038958,0.05714285714285714,0.06666666666666667,0.11220779220779219,0.02857142857142857,0.034482758620689655,0.11220779220779219,0.6666666666666666,1.0
all_t20_2018_2026,7dfb8890,S Muthusamy,True,2025,True,16,13,3,145.0,132,11.153846153846153,9.0625,7.5,True,1.0,2.0,7.5,9.75,19.0,1.8462485687149277,0,0.0,0.0,0.125,0.14285714285714285,0.14423076923076925,0.0625,0.07142857142857142,0.07211538461538462,0.0,0.0,0.07211538461538462,0.5,
all_t20_2018_2026,b3bad3f2,NR Kumar,True,2025,True,13,13,0,144.0,140,11.076923076923077,11.076923076923077,11.0,True,0.0,1.0,11.0,18.0,24.800000000000004,0.45642647365525185,3,0.23076923076923078,0.23076923076923078,0.23076923076923078,0.23076923076923078,0.23076923076923084,0.07692307692307693,0.07692307692307693,0.07692307692307696,0.0,0.0,0.0,0.3333333333333333,0.0
all_t20_2018_2026,184512d1,J Gardner,True,2026,True,22,13,9,144.0,131,11.076923076923077,6.545454545454546,3.5,True,1.0,2.0,3.5,10.0,15.800000000000004,0.7269880724185936,1,0.045454545454545456,0.07692307692307693,0.0,0.0,0.21590909090909094,0.0,0.0,0.21590909090909094,0.0,0.0,0.21590909090909094,,
all_t20_2018_2026,46a9bea1,TU Deshpande,True,2026,True,14,6,8,66.0,48,11.0,4.714285714285714,1.5,True,0.0,1.0,1.5,3.75,15.500000000000016,1.9496339099109,1,0.07142857142857142,0.16666666666666666,0.14285714285714285,0.2857142857142857,0.5064935064935066,0.0,0.0,0.0,0.0,0.0,0.0,0.0,
all_t20_2018_2026,9eb1455b,NT Ellis,True,2026,True,61,38,23,417.0,354,10.973684210526315,6.836065573770492,4.0,True,0.0,1.0,4.0,9.0,18.0,1.9567631810278898,12,0.19672131147540983,0.3157894736842105,0.09836065573770492,0.15384615384615385,0.25780298702078563,0.03278688524590164,0.05263157894736842,0.1074179112586607,0.0,0.0,0.0,0.4,0.0
all_t20_2018_2026,5574750c,JC Archer,True,2026,True,58,36,22,392.0,285,10.88888888888889,6.758620689655173,3.0,True,0.7000000000000002,1.0,3.0,8.0,18.400000000000034,1.642726640378596,6,0.10344827586206896,0.16666666666666666,0.10344827586206896,0.15384615384615385,0.26309674930306653,0.034482758620689655,0.05555555555555555,0.21924729108588878,0.0,0.0,0.0,0.6666666666666666,0.0
all_t20_2018_2026,c66c73f9,E Threlkeld,True,2025,True,13,8,5,87.0,96,10.875,6.6923076923076925,6.0,True,2.0,2.0,6.0,10.0,14.400000000000002,0.6906288285178404,1,0.07692307692307693,0.125,0.0,0.0,0.0,0.0,0.0,0.0,0.0,0.0,0.0,,
all_t20_2018_2026,907e5f6c,C Pavely,True,2026,True,13,6,7,65.0,66,10.833333333333334,5.0,4.0,True,1.0,2.0,4.0,5.0,12.000000000000004,1.5494651610011272,0,0.0,0.0,0.0,0.0,0.0,0.0,0.0,0.0,0.0,0.0,0.0,,
all_t20_2018_2026,327b58d3,PVD Chameera,True,2026,True,12,5,7,54.0,50,10.8,4.5,1.0,True,0.0,0.0,1.0,8.75,12.8,1.002410126910347,2,0.16666666666666666,0.4,0.0,0.0,0.0,0.0,0.0,0.0,0.0,0.0,0.0,,
all_t20_2018_2026,0c694738,AZ Monaghan,True,2026,True,19,14,5,150.0,145,10.714285714285714,7.894736842105263,5.0,True,0.0,4.0,5.0,9.5,19.599999999999994,1.4017105726836732,3,0.15789473684210525,0.21428571428571427,0.10526315789473684,0.13333333333333333,0.259046052631579,0.0,0.0,0.1295230263157895,0.0,0.0,0.1295230263157895,0.0,
all_t20_2018_2026,0a67aec0,Akash Deep,True,2025,True,13,7,6,74.0,51,10.571428571428571,5.6923076923076925,5.0,True,0.0,1.0,5.0,7.0,12.8,0.7392743662829969,3,0.23076923076923078,0.42857142857142855,0.0,0.0,0.0,0.0,0.0,0.0,0.0,0.0,0.0,,
all_t20_2018_2026,c6625a26,CE Dean,True,2026,True,31,23,8,243.0,236,10.565217391304348,7.838709677419355,7.0,True,1.0,2.5,7.0,12.0,16.0,1.0211118033412747,1,0.03225806451612903,0.043478260869565216,0.03225806451612903,0.043478260869565216,0.05963675792897805,0.0,0.0,0.0,0.0,0.0,0.0,0.0,
all_t20_2018_2026,83d17bbc,MW Forde,True,2026,True,21,16,5,168.0,128,10.5,8.0,6.0,True,0.0,1.0,6.0,13.0,15.0,1.1948061981848526,3,0.14285714285714285,0.1875,0.09523809523809523,0.11764705882352941,0.133109243697479,0.047619047619047616,0.0625,0.133109243697479,0.0,0.0,0.0,1.0,0.0
all_t20_2018_2026,28d6c44d,E Bosch,True,2025,True,21,18,3,187.0,182,10.38888888888889,8.904761904761905,7.0,True,1.0,4.0,7.0,15.0,16.0,0.6514211078973418,1,0.047619047619047616,0.05555555555555555,0.09523809523809523,0.1111111111111111,0.16021825396825395,0.0,0.0,0.0,0.0,0.0,0.0,0.0,
all_t20_2018_2026,1db6e336,BS McKinney,True,2026,True,12,12,0,124.0,96,10.333333333333334,10.333333333333334,5.0,True,0.0,0.0,5.0,12.75,27.900000000000006,1.435610142781044,4,0.3333333333333333,0.3333333333333333,0.16666666666666666,0.16666666666666666,0.16666666666666677,0.08333333333333333,0.08333333333333333,0.08333333333333338,0.0,0.0,0.0,0.5,0.0
all_t20_2018_2026,208f22ea,DJ Worrall,True,2025,True,22,11,11,113.0,112,10.272727272727273,5.136363636363637,1.0,True,0.0,1.0,1.0,4.5,7.800000000000004,4.089678500129385,3,0.13636363636363635,0.2727272727272727,0.045454545454545456,0.08333333333333333,0.1259469696969697,0.045454545454545456,0.08333333333333333,0.1259469696969697,0.045454545454545456,0.08333333333333333,0.1259469696969697,1.0,1.0
all_t20_2018_2026,b7b09ba5,S Descarte,True,2026,True,10,10,0,102.0,90,10.2,10.2,6.0,True,1.8,2.5,6.0,12.25,18.69999999999999,1.905999122950885,1,0.1,0.1,0.1,0.1,0.10000000000000005,0.1,0.1,0.10000000000000005,0.0,0.0,0.0,1.0,0.0
all_t20_2018_2026,dfc4d8b5,KW Richardson,True,2025,True,37,17,20,172.0,159,10.117647058823529,4.648648648648648,4.0,True,0.0,1.0,4.0,8.0,10.0,0.9585719898369064,5,0.13513513513513514,0.29411764705882354,0.0,0.0,0.0,0.0,0.0,0.0,0.0,0.0,0.0,,
all_t20_2018_2026,8d5d991e,Qais Ahmad,True,2025,True,27,18,9,182.0,173,10.11111111111111,6.7407407407407405,6.0,True,1.0,2.0,6.0,9.5,13.400000000000002,1.075599228925175,1,0.037037037037037035,0.05555555555555555,0.037037037037037035,0.05555555555555555,0.1192982456140351,0.0,0.0,0.0,0.0,0.0,0.0,0.0,
all_t20_2018_2026,9a2fc964,BC Fortuin,True,2025,True,21,15,6,151.0,166,10.066666666666666,7.190476190476191,6.0,True,0.0,1.0,6.0,12.0,13.0,1.9524633228239956,3,0.14285714285714285,0.2,0.047619047619047616,0.0625,0.1612496850592089,0.047619047619047616,0.0625,0.1612496850592089,0.0,0.0,0.1612496850592089,1.0,
all_t20_2018_2026,23638956,SR Harmer,True,2025,True,10,5,5,50.0,47,10.0,5.0,5.5,False,0.9,1.75,5.5,6.0,7.6999999999999975,0.8711781725302871,1,0.1,0.2,0.0,0.0,0.0,0.0,0.0,0.0,0.0,0.0,0.0,,
all_t20_2018_2026,97bdec3d,G Motie,True,2026,True,27,15,12,148.0,158,9.866666666666667,5.481481481481482,4.0,True,0.0,1.0,4.0,7.0,13.60000000000002,1.7190167322644805,2,0.07407407407407407,0.13333333333333333,0.07407407407407407,0.11764705882352941,0.1884920634920635,0.0,0.0,0.1884920634920635,0.0,0.0,0.1884920634920635,,
all_t20_2018_2026,77b1aa15,Harshit Rana,True,2025,True,10,6,4,59.0,56,9.833333333333334,5.9,2.5,True,0.0,0.25,2.5,4.75,12.399999999999991,2.2682373050138356,1,0.1,0.16666666666666666,0.1,0.16666666666666666,0.3000000000000001,0.1,0.16666666666666666,0.3000000000000001,0.0,0.0,0.0,1.0,0.0
all_t20_2018_2026,3a9b3866,FMK Morris,True,2025,True,18,16,2,157.0,156,9.8125,8.722222222222221,3.5,True,0.0,1.0,3.5,11.25,20.900000000000002,2.1517938287766047,3,0.16666666666666666,0.1875,0.16666666666666666,0.1875,0.20202020202020204,0.05555555555555555,0.0625,0.06734006734006735,0.05555555555555555,0.0625,0.06734006734006735,0.3333333333333333,1.0
all_t20_2018_2026,13c35c9e,TG Southee,True,2025,True,23,13,10,127.0,123,9.76923076923077,5.521739130434782,1.0,True,0.0,1.0,1.0,7.5,13.200000000000003,2.286684903861731,4,0.17391304347826086,0.3076923076923077,0.08695652173913043,0.14285714285714285,0.26224982746721887,0.043478260869565216,0.07142857142857142,0.13112491373360943,0.0,0.0,0.13112491373360943,0.5,
all_t20_2018_2026,e62dd25d,K Rabada,True,2026,True,48,26,22,249.0,231,9.576923076923077,5.1875,3.0,True,0.0,1.0,3.0,8.25,12.0,1.561891706140506,4,0.08333333333333333,0.15384615384615385,0.041666666666666664,0.07407407407407407,0.24893887945670629,0.0,0.0,0.0,0.0,0.0,0.0,0.0,
all_t20_2018_2026,acee4cc4,Imran Tahir,True,2026,True,32,14,18,133.0,134,9.5,4.15625,3.5,True,0.0,1.0,3.5,6.0,8.900000000000002,1.6736985886194886,4,0.125,0.2857142857142857,0.03125,0.07142857142857142,0.3122182992788462,0.0,0.0,0.0,0.0,0.0,0.0,0.0,
all_t20_2018_2026,bbe1525d,R Southby,True,2026,True,12,6,6,57.0,66,9.5,4.75,2.5,True,0.10000000000000009,1.0,2.5,6.5,14.300000000000002,1.1349284066403669,2,0.16666666666666666,0.3333333333333333,0.0,0.0,0.27777777777777785,0.0,0.0,0.27777777777777785,0.0,0.0,0.27777777777777785,,
all_t20_2018_2026,be869ccf,GHS Garton,True,2025,True,29,21,8,198.0,175,9.428571428571429,6.827586206896552,4.0,True,0.0,1.0,4.0,8.0,19.799999999999997,1.3463305214426715,4,0.13793103448275862,0.19047619047619047,0.10344827586206896,0.14285714285714285,0.1849578306821821,0.0,0.0,0.0,0.0,0.0,0.0,0.0,
all_t20_2018_2026,58717de2,E Gray,True,2026,True,13,10,3,94.0,89,9.4,7.230769230769231,4.0,True,0.0,1.0,4.0,9.0,17.6,1.277935085486257,3,0.23076923076923078,0.3,0.07692307692307693,0.1,0.2596153846153847,0.0,0.0,0.0,0.0,0.0,0.0,0.0,
all_t20_2018_2026,91cd48e0,JF Smith,True,2025,True,11,11,0,103.0,74,9.363636363636363,9.363636363636363,4.0,True,1.0,1.0,4.0,13.5,22.0,1.5761925038735616,1,0.09090909090909091,0.09090909090909091,0.18181818181818182,0.18181818181818182,0.18181818181818185,0.09090909090909091,0.09090909090909091,0.09090909090909093,0.0,0.0,0.0,0.5,0.0
all_t20_2018_2026,79f8472d,Mohammad Mohsin,True,2026,True,10,7,3,65.0,61,9.285714285714286,6.5,6.0,True,1.0,3.25,6.0,8.75,11.499999999999998,0.6382385856086683,0,0.0,0.0,0.0,0.0,0.0,0.0,0.0,0.0,0.0,0.0,0.0,,
all_t20_2018_2026,ab21795b,BAD Manenti,True,2025,True,17,13,4,120.0,127,9.23076923076923,7.0588235294117645,4.0,True,0.6000000000000001,2.0,4.0,11.0,16.000000000000004,1.1387235349333609,2,0.11764705882352941,0.15384615384615385,0.11764705882352941,0.15384615384615385,0.16924252218369867,0.0,0.0,0.0,0.0,0.0,0.0,0.0,
all_t20_2018_2026,acdc62f5,A Nortje,True,2026,True,25,13,12,120.0,105,9.23076923076923,4.8,4.0,True,0.0,1.0,4.0,4.0,12.400000000000006,1.9844533629931134,5,0.2,0.38461538461538464,0.08,0.14285714285714285,0.2514884496308646,0.0,0.0,0.1257442248154323,0.0,0.0,0.1257442248154323,0.0,
all_t20_2018_2026,2f49c897,Mohammed Siraj,True,2026,True,26,14,12,129.0,157,9.214285714285714,4.961538461538462,3.0,True,0.0,0.25,3.0,8.75,12.0,0.5890085084600047,4,0.15384615384615385,0.2857142857142857,0.0,0.0,0.1408335317932841,0.0,0.0,0.1408335317932841,0.0,0.0,0.1408335317932841,,
all_t20_2018_2026,65b6943c,L Wood,True,2026,True,35,19,16,172.0,167,9.052631578947368,4.914285714285715,2.0,True,0.0,1.0,2.0,7.5,11.600000000000001,2.0870587008403954,5,0.14285714285714285,0.2631578947368421,0.02857142857142857,0.05263157894736842,0.1831674208144797,0.02857142857142857,0.05263157894736842,0.1831674208144797,0.0,0.0,0.0,1.0,0.0
all_t20_2018_2026,2a72fd4f,Harmeet Singh,True,2026,True,28,24,4,215.0,202,8.958333333333334,7.678571428571429,6.0,True,0.7000000000000002,2.0,6.0,11.5,16.200000000000003,0.7835856423324102,3,0.10714285714285714,0.125,0.07142857142857142,0.08333333333333333,0.09790660225442835,0.0,0.0,0.0,0.0,0.0,0.0,0.0,
all_t20_2018_2026,14f96089,A Zampa,True,2026,True,43,21,22,187.0,209,8.904761904761905,4.348837209302325,3.0,True,0.20000000000000018,1.0,3.0,5.5,11.600000000000009,1.8681666040609624,3,0.06976744186046512,0.14285714285714285,0.023255813953488372,0.047619047619047616,0.3030075213567311,0.0,0.0,0.0,0.0,0.0,0.0,0.0,
all_t20_2018_2026,83c3e8e3,SH Johnson,True,2026,True,21,10,11,89.0,77,8.9,4.238095238095238,1.0,True,0.0,0.0,1.0,5.0,11.0,2.104735078491746,5,0.23809523809523808,0.5,0.047619047619047616,0.1,0.15238095238095242,0.0,0.0,0.0,0.0,0.0,0.0,0.0,
all_t20_2018_2026,eef2536f,Avesh Khan,True,2026,True,24,10,14,88.0,69,8.8,3.6666666666666665,2.0,True,0.0,0.75,2.0,5.5,8.399999999999999,1.808131203714217,4,0.16666666666666666,0.4,0.0,0.0,0.17297517297517304,0.0,0.0,0.17297517297517304,0.0,0.0,0.17297517297517304,,
all_t20_2018_2026,7b953689,MP Kuhnemann,True,2025,True,21,9,12,79.0,90,8.777777777777779,3.761904761904762,1.0,True,0.0,0.0,1.0,3.0,9.0,2.966779731133099,5,0.23809523809523808,0.5555555555555556,0.047619047619047616,0.1,0.29629629629629634,0.047619047619047616,0.1,0.29629629629629634,0.0,0.0,0.29629629629629634,1.0,
all_t20_2018_2026,c13e34f4,Haider Ali,True,2025,True,17,12,5,105.0,119,8.75,6.176470588235294,3.0,True,1.0,1.0,3.0,7.0,11.200000000000003,3.019287832492215,1,0.058823529411764705,0.08333333333333333,0.058823529411764705,0.08333333333333333,0.10481283422459893,0.058823529411764705,0.08333333333333333,0.10481283422459893,0.0,0.0,0.0,1.0,0.0
all_t20_2018_2026,cd62f670,MK Villiers,True,2026,True,33,22,11,192.0,180,8.727272727272727,5.818181818181818,4.0,True,0.0,1.0,4.0,10.0,13.0,0.9439283133161391,6,0.18181818181818182,0.2727272727272727,0.030303030303030304,0.043478260869565216,0.17069518716577536,0.0,0.0,0.17069518716577536,0.0,0.0,0.17069518716577536,,
all_t20_2018_2026,0b60eb09,KA Maharaj,True,2025,True,27,19,8,164.0,196,8.631578947368421,6.074074074074074,5.0,True,1.0,1.0,5.0,9.0,12.800000000000004,1.2869787261803602,2,0.07407407407407407,0.10526315789473684,0.037037037037037035,0.05,0.07552650689905595,0.0,0.0,0.07552650689905595,0.0,0.0,0.07552650689905595,,
all_t20_2018_2026,519c30cb,CJ Gannon,True,2026,True,15,12,3,103.0,107,8.583333333333334,6.866666666666666,7.0,False,0.0,2.5,7.0,8.5,13.799999999999999,0.6933310752214032,3,0.2,0.25,0.06666666666666667,0.08333333333333333,0.165,0.0,0.0,0.0,0.0,0.0,0.0,0.0,
all_t20_2018_2026,7c7d63a2,AJ Tye,True,2026,True,43,28,15,240.0,208,8.571428571428571,5.5813953488372094,4.0,True,0.0,1.0,4.0,6.5,13.0,3.1289040247630813,8,0.18604651162790697,0.2857142857142857,0.046511627906976744,0.07142857142857142,0.1309147397083553,0.023255813953488372,0.03571428571428571,0.06545736985417765,0.0,0.0,0.0,0.5,0.0
all_t20_2018_2026,2669d6b7,Mohsin Khan,True,2026,True,15,10,5,85.0,69,8.5,5.666666666666667,2.0,True,0.0,0.5,2.0,11.0,16.799999999999997,0.9160287976304823,3,0.2,0.3,0.0,0.0,0.0,0.0,0.0,0.0,0.0,0.0,0.0,,
all_t20_2018_2026,465aa633,N Burger,True,2026,True,16,9,7,76.0,96,8.444444444444445,4.75,3.0,True,1.0,1.0,3.0,7.5,9.5,1.373098649812408,0,0.0,0.0,0.0,0.0,0.28490259740259744,0.0,0.0,0.28490259740259744,0.0,0.0,0.28490259740259744,,
all_t20_2018_2026,45a62071,T Hinds,True,2026,True,11,7,4,59.0,44,8.428571428571429,5.363636363636363,4.0,True,1.0,1.0,4.0,8.0,14.0,0.7503217152241478,1,0.09090909090909091,0.14285714285714285,0.0,0.0,0.3116883116883117,0.0,0.0,0.3116883116883117,0.0,0.0,0.3116883116883117,,
all_t20_2018_2026,6834d1f2,B Stanlake,True,2025,True,11,3,8,25.0,38,8.333333333333334,2.272727272727273,1.0,True,0.0,1.0,1.0,3.5,5.0,0.9303678713890449,1,0.09090909090909091,0.3333333333333333,0.0,0.0,0.5387205387205387,0.0,0.0,0.5387205387205387,0.0,0.0,0.5387205387205387,,
all_t20_2018_2026,462411b3,JJ Bumrah,True,2026,True,24,6,18,50.0,60,8.333333333333334,2.0833333333333335,1.0,True,0.0,0.0,1.0,4.25,5.0,0.9066212832474019,4,0.16666666666666666,0.6666666666666666,0.0,0.0,0.625,0.0,0.0,0.625,0.0,0.0,0.625,,
all_t20_2018_2026,bd93fea4,PM Siddle,True,2026,True,23,9,14,75.0,79,8.333333333333334,3.260869565217391,1.0,True,0.0,0.0,1.0,6.0,7.800000000000001,0.9224462162903155,5,0.21739130434782608,0.5555555555555556,0.0,0.0,0.28173913043478266,0.0,0.0,0.28173913043478266,0.0,0.0,0.28173913043478266,,
all_t20_2018_2026,d6a9af83,PA Franklin,True,2026,True,12,6,6,50.0,54,8.333333333333334,4.166666666666667,3.5,True,1.0,1.75,3.5,7.0,7.9,0.19220621754666847,0,0.0,0.0,0.0,0.0,0.30864197530864196,0.0,0.0,0.30864197530864196,0.0,0.0,0.30864197530864196,,
all_t20_2018_2026,4933f499,JP Behrendorff,True,2025,True,22,8,14,64.0,75,8.0,2.909090909090909,2.0,True,0.0,1.0,2.0,3.0,5.0,2.946484641397475,3,0.13636363636363635,0.375,0.0,0.0,0.5655218855218855,0.0,0.0,0.5655218855218855,0.0,0.0,0.5655218855218855,,
all_t20_2018_2026,7d92277a,Mujeeb Ur Rahman,True,2026,True,38,25,13,200.0,187,8.0,5.2631578947368425,1.5,True,0.0,0.0,1.5,5.0,18.0,1.9791323492053892,12,0.3157894736842105,0.48,0.05263157894736842,0.08,0.1955510786535717,0.02631578947368421,0.04,0.09777553932678586,0.0,0.0,0.0,0.5,0.0
all_t20_2018_2026,ce820073,Sandeep Sharma,True,2025,True,20,6,14,48.0,61,8.0,2.4,1.0,True,0.0,0.0,1.0,5.0,6.200000000000003,1.0166890490100011,4,0.2,0.6666666666666666,0.0,0.0,0.0,0.0,0.0,0.0,0.0,0.0,0.0,,
all_t20_2018_2026,52c952d9,T Sangha,True,2025,True,12,6,6,48.0,57,8.0,4.0,1.5,True,0.0,0.75,1.5,4.25,12.500000000000002,1.4284081539347937,3,0.25,0.5,0.0,0.0,0.48611111111111116,0.0,0.0,0.48611111111111116,0.0,0.0,0.48611111111111116,,
all_t20_2018_2026,e5b17517,IECM Wong,True,2026,True,30,25,5,198.0,181,7.92,6.6,4.0,True,0.0,1.0,4.0,9.0,18.60000000000001,1.4500235207053576,4,0.13333333333333333,0.16,0.1,0.11538461538461539,0.1303076923076923,0.0,0.0,0.0,0.0,0.0,0.0,0.0,
all_t20_2018_2026,6c79c098,DA Payne,True,2026,True,22,14,8,110.0,89,7.857142857142857,5.0,1.5,True,0.0,1.0,1.5,8.0,12.600000000000009,2.0170272473074116,4,0.18181818181818182,0.2857142857142857,0.045454545454545456,0.07142857142857142,0.23376623376623384,0.0,0.0,0.0,0.0,0.0,0.0,0.0,
all_t20_2018_2026,8cf9814c,Mohammed Shami,True,2026,True,23,13,10,101.0,85,7.769230769230769,4.391304347826087,1.0,True,0.0,0.5,1.0,6.0,10.600000000000001,2.7942666889991377,6,0.2608695652173913,0.46153846153846156,0.043478260869565216,0.07142857142857142,0.3246376811594203,0.043478260869565216,0.07142857142857142,0.3246376811594203,0.0,0.0,0.3246376811594203,1.0,
all_t20_2018_2026,f24c6701,M Theekshana,True,2026,True,22,11,11,84.0,102,7.636363636363637,3.8181818181818183,2.5,True,0.10000000000000009,1.25,2.5,5.0,8.800000000000004,1.2401813709844325,2,0.09090909090909091,0.18181818181818182,0.0,0.0,0.25837320574162687,0.0,0.0,0.25837320574162687,0.0,0.0,0.25837320574162687,,
all_t20_2018_2026,529eb9e0,OC McCoy,True,2026,True,23,15,8,114.0,103,7.6,4.956521739130435,4.0,True,0.0,1.0,4.0,8.0,12.400000000000002,0.612106593807056,3,0.13043478260869565,0.2,0.0,0.0,0.16301623624278086,0.0,0.0,0.16301623624278086,0.0,0.0,0.16301623624278086,,
all_t20_2018_2026,83558266,A King,True,2026,True,27,18,9,136.0,150,7.555555555555555,5.037037037037037,3.0,True,1.0,1.0,3.0,6.5,9.400000000000002,2.1223140461481393,1,0.037037037037037035,0.05555555555555555,0.037037037037037035,0.05263157894736842,0.1639660493827161,0.0,0.0,0.1639660493827161,0.0,0.0,0.1639660493827161,,
all_t20_2018_2026,24bb1c2f,Haris Rauf,True,2026,True,26,16,10,118.0,137,7.375,4.538461538461538,4.0,True,0.0,0.25,4.0,7.75,10.0,0.8042280245129345,6,0.23076923076923078,0.375,0.0,0.0,0.12019230769230768,0.0,0.0,0.12019230769230768,0.0,0.0,0.12019230769230768,,
all_t20_2018_2026,1ade138e,KL Cross,True,2026,True,17,11,6,80.0,87,7.2727272727272725,4.705882352941177,3.0,True,0.6000000000000001,1.0,3.0,7.0,12.0,0.8321086758446121,2,0.11764705882352941,0.18181818181818182,0.0,0.0,0.3267973856209151,0.0,0.0,0.3267973856209151,0.0,0.0,0.3267973856209151,,
all_t20_2018_2026,6dd8b88c,Usama Mir,True,2026,True,24,20,4,145.0,131,7.25,6.041666666666667,2.0,True,0.0,0.75,2.0,5.5,20.09999999999999,2.0246420006916765,5,0.20833333333333334,0.25,0.125,0.14285714285714285,0.15707671957671962,0.08333333333333333,0.09523809523809523,0.10471781305114643,0.0,0.0,0.0,0.6666666666666666,0.0
all_t20_2018_2026,7c8f533d,JS Paris,True,2025,True,19,12,7,87.0,85,7.25,4.578947368421052,3.0,True,0.0,0.0,3.0,5.0,12.799999999999997,1.5368218421368538,4,0.21052631578947367,0.3333333333333333,0.05263157894736842,0.07692307692307693,0.21929824561403513,0.0,0.0,0.21929824561403513,0.0,0.0,0.21929824561403513,,
all_t20_2018_2026,245c97cb,TS Mills,True,2025,True,13,9,4,65.0,50,7.222222222222222,5.0,1.0,True,0.0,0.0,1.0,7.0,8.0,2.353126422606507,4,0.3076923076923077,0.4444444444444444,0.07692307692307693,0.1111111111111111,0.23076923076923084,0.07692307692307693,0.1111111111111111,0.23076923076923084,0.0,0.0,0.0,1.0,0.0
all_t20_2018_2026,02ba80a0,J Merlo,True,2025,True,14,11,3,79.0,87,7.181818181818182,5.642857142857143,4.0,True,1.3,2.0,4.0,7.75,13.100000000000003,0.9125115139038836,0,0.0,0.0,0.0,0.0,0.0,0.0,0.0,0.0,0.0,0.0,0.0,,
all_t20_2018_2026,350bb1b1,AF Milne,True,2026,True,37,17,20,121.0,135,7.117647058823529,3.27027027027027,2.0,True,0.0,1.0,2.0,5.0,6.799999999999997,1.6433710183948893,6,0.16216216216216217,0.35294117647058826,0.0,0.0,0.0,0.0,0.0,0.0,0.0,0.0,0.0,,
all_t20_2018_2026,b8527c3d,Rasikh Salam,True,2026,True,11,8,3,54.0,63,6.75,4.909090909090909,4.0,True,1.0,3.0,4.0,7.5,9.0,0.33036562160279903,0,0.0,0.0,0.0,0.0,0.0,0.0,0.0,0.0,0.0,0.0,0.0,,
all_t20_2018_2026,b34e0c77,S Glenn,True,2026,True,25,18,7,120.0,111,6.666666666666667,4.8,2.0,True,0.0,1.0,2.0,7.0,12.800000000000004,1.6386625764607732,4,0.16,0.2222222222222222,0.04,0.05263157894736842,0.07809375000000003,0.0,0.0,0.07809375000000003,0.0,0.0,0.07809375000000003,,
all_t20_2018_2026,e69dbbef,KL George,True,2026,True,28,20,8,129.0,157,6.45,4.607142857142857,4.0,True,0.0,1.0,4.0,6.25,10.500000000000004,1.1393068911516682,4,0.14285714285714285,0.2,0.0,0.0,0.0,0.0,0.0,0.0,0.0,0.0,0.0,,
all_t20_2018_2026,244048f6,Arshdeep Singh,True,2026,True,15,7,8,42.0,55,6.0,2.8,1.0,True,0.0,0.5,1.0,3.0,9.6,1.260485496116819,3,0.2,0.42857142857142855,0.0,0.0,0.18181818181818182,0.0,0.0,0.18181818181818182,0.0,0.0,0.18181818181818182,,
all_t20_2018_2026,b0eaaac6,Ali Khan,True,2026,True,20,14,6,80.0,101,5.714285714285714,4.0,3.0,True,0.0,1.0,3.0,6.0,8.300000000000004,1.3351363445405295,3,0.15,0.21428571428571427,0.0,0.0,0.09090909090909091,0.0,0.0,0.09090909090909091,0.0,0.0,0.09090909090909091,,
all_t20_2018_2026,3204c99f,G Coetzee,True,2025,True,26,19,7,108.0,116,5.684210526315789,4.153846153846154,2.0,True,0.0,1.0,2.0,7.0,12.0,0.9160127053331129,5,0.19230769230769232,0.2631578947368421,0.0,0.0,0.06472416472416473,0.0,0.0,0.06472416472416473,0.0,0.0,0.06472416472416473,,
all_t20_2018_2026,86b4bf88,MJ Swepson,True,2025,True,27,18,9,101.0,93,5.611111111111111,3.740740740740741,2.0,True,0.0,1.0,2.0,5.5,10.0,0.9109504422971839,4,0.14814814814814814,0.2222222222222222,0.0,0.0,0.21004801097393688,0.0,0.0,0.21004801097393688,0.0,0.0,0.21004801097393688,,
all_t20_2018_2026,3f1066d0,Waqar Salamkheil,True,2026,True,11,2,9,11.0,31,5.5,1.0,0.0,True,0.0,0.0,0.0,1.0,1.0,2.5588315785957945,0,0.0,0.0,0.0,0.0,0.0,0.0,0.0,0.0,0.0,0.0,0.0,,
all_t20_2018_2026,54e52590,Vijaykumar Vyshak,True,2026,True,11,5,6,27.0,29,5.4,2.4545454545454546,1.0,True,0.0,1.0,1.0,2.5,4.0,2.3473405669926266,2,0.18181818181818182,0.4,0.0,0.0,0.20454545454545453,0.0,0.0,0.20454545454545453,0.0,0.0,0.20454545454545453,,
all_t20_2018_2026,a1d95bd8,LB Williams,True,2025,True,10,6,4,32.0,42,5.333333333333333,3.2,1.0,True,0.0,0.0,1.0,3.5,7.9999999999999964,1.9346030057501271,2,0.2,0.3333333333333333,0.0,0.0,0.16666666666666669,0.0,0.0,0.16666666666666669,0.0,0.0,0.16666666666666669,,
all_t20_2018_2026,efc04be7,Noor Ahmad,True,2026,True,37,25,12,126.0,149,5.04,3.4054054054054053,2.0,True,0.0,1.0,2.0,6.0,8.0,2.488555552272964,7,0.1891891891891892,0.28,0.02702702702702703,0.04,0.11552610826658014,0.0,0.0,0.0,0.0,0.0,0.0,0.0,
all_t20_2018_2026,ee0c05c0,NA Sowter,True,2025,True,10,5,5,25.0,22,5.0,2.5,1.5,True,0.0,0.25,1.5,4.0,6.1,0.5846368566265416,2,0.2,0.4,0.0,0.0,0.24000000000000005,0.0,0.0,0.24000000000000005,0.0,0.0,0.24000000000000005,,
all_t20_2018_2026,e174dadd,Mohammad Amir,True,2025,True,15,9,6,44.0,43,4.888888888888889,2.933333333333333,1.0,True,0.0,0.0,1.0,3.0,8.599999999999998,1.9357357742659247,4,0.26666666666666666,0.4444444444444444,0.0,0.0,0.0,0.0,0.0,0.0,0.0,0.0,0.0,,
all_t20_2018_2026,9a963804,LE Plunkett,True,2025,True,13,9,4,43.0,52,4.777777777777778,3.3076923076923075,3.0,True,0.0,1.0,3.0,4.0,6.600000000000001,1.0752012240032207,3,0.23076923076923078,0.3333333333333333,0.0,0.0,0.0,0.0,0.0,0.0,0.0,0.0,0.0,,
all_t20_2018_2026,c7a995d3,R Sai Kishore,True,2025,True,11,9,2,42.0,42,4.666666666666667,3.8181818181818183,2.0,True,1.0,1.0,2.0,6.0,7.0,1.2532842396378168,1,0.09090909090909091,0.1111111111111111,0.0,0.0,0.0,0.0,0.0,0.0,0.0,0.0,0.0,,
all_t20_2018_2026,5b7ab5a9,CV Varun,True,2026,True,14,7,7,32.0,60,4.571428571428571,2.2857142857142856,1.0,True,0.0,1.0,1.0,2.0,6.400000000000002,1.626907950793456,2,0.14285714285714285,0.2857142857142857,0.0,0.0,0.3324675324675326,0.0,0.0,0.3324675324675326,0.0,0.0,0.3324675324675326,,
all_t20_2018_2026,df064e1a,Ravi Bishnoi,True,2026,True,25,18,7,76.0,104,4.222222222222222,3.04,2.0,True,0.0,0.0,2.0,4.0,6.600000000000001,1.7708543326278208,7,0.28,0.3888888888888889,0.0,0.0,0.0,0.0,0.0,0.0,0.0,0.0,0.0,,
all_t20_2018_2026,f834dcfc,L Ngidi,True,2026,True,18,9,9,37.0,49,4.111111111111111,2.0555555555555554,1.0,True,0.0,0.0,1.0,2.75,4.0,2.6899549265830855,3,0.16666666666666666,0.3333333333333333,0.0,0.0,0.3125,0.0,0.0,0.3125,0.0,0.0,0.3125,,
all_t20_2018_2026,64775749,RP Meredith,True,2025,True,19,10,9,41.0,45,4.1,2.1578947368421053,1.0,True,0.0,0.0,1.0,3.0,7.0,1.3623655362571379,6,0.3157894736842105,0.6,0.0,0.0,0.0,0.0,0.0,0.0,0.0,0.0,0.0,,
all_t20_2018_2026,2479daa6,FR Davies,True,2025,True,14,10,4,37.0,65,3.7,2.642857142857143,2.5,True,0.0,0.25,2.5,4.0,5.0,0.6093098071863077,4,0.2857142857142857,0.4,0.0,0.0,0.0,0.0,0.0,0.0,0.0,0.0,0.0,,
all_t20_2018_2026,3fb19989,MA Starc,True,2026,True,13,5,8,17.0,26,3.4,1.3076923076923077,1.0,True,0.0,0.0,1.0,2.0,2.0,2.0115000000000003,4,0.3076923076923077,0.8,0.0,0.0,0.5192307692307692,0.0,0.0,0.5192307692307692,0.0,0.0,0.5192307692307692,,
all_t20_2018_2026,6b9eb501,OEG Baartman,True,2026,True,10,5,5,16.0,27,3.2,1.6,1.0,True,0.0,0.25,1.0,1.0,5.1,1.368422432872945,3,0.3,0.6,0.0,0.0,0.3,0.0,0.0,0.3,0.0,0.0,0.3,,
all_t20_2018_2026,3f659464,OP Stone,True,2025,True,14,11,3,33.0,52,3.0,2.357142857142857,1.0,True,0.0,0.25,1.0,4.5,6.0,0.7280489656765841,3,0.21428571428571427,0.2727272727272727,0.0,0.0,0.0,0.0,0.0,0.0,0.0,0.0,0.0,,
all_t20_2018_2026,cefad9fd,HL Baker,True,2026,True,14,7,7,21.0,31,3.0,1.5,1.0,True,0.0,0.0,1.0,2.0,3.700000000000001,0.868379017372998,4,0.2857142857142857,0.5714285714285714,0.0,0.0,0.462962962962963,0.0,0.0,0.462962962962963,0.0,0.0,0.462962962962963,,
all_t20_2018_2026,7c3b3b78,VG Arora,True,2026,True,12,4,8,12.0,29,3.0,1.0,1.0,False,0.0,0.0,1.0,2.0,2.0,0.0,3,0.25,0.75,0.0,0.0,0.5625,0.0,0.0,0.5625,0.0,0.0,0.5625,,
all_t20_2018_2026,759ac88f,MM Sharma,True,2025,True,12,6,6,17.0,43,2.8333333333333335,1.4166666666666667,1.0,True,0.0,0.0,1.0,2.25,3.9000000000000004,0.6074052263923344,3,0.25,0.5,0.0,0.0,0.20000000000000004,0.0,0.0,0.20000000000000004,0.0,0.0,0.20000000000000004,,
all_t20_2018_2026,402f8494,RJ Gleeson,True,2025,True,14,7,7,18.0,37,2.5714285714285716,1.2857142857142858,1.0,True,0.0,0.0,1.0,1.0,2.700000000000001,2.446344607947218,3,0.21428571428571427,0.42857142857142855,0.0,0.0,0.0,0.0,0.0,0.0,0.0,0.0,0.0,,
all_t20_2018_2026,616a8149,L Pope,True,2025,True,10,7,3,14.0,37,2.0,1.4,1.0,True,0.0,0.0,1.0,1.0,5.0,1.2864700617061378,3,0.3,0.42857142857142855,0.0,0.0,0.0,0.0,0.0,0.0,0.0,0.0,0.0,,
