batter_canonical_id,batter_canonical_name,phase,runs_scored,balls_faced,fours,sixes,dot_balls,strike_rate,boundary_pct,dot_pct,boundary_runs_pct,window
003d49e6,JJ Bazley,Death,279,217,17,14,85,128.57,14.29,39.17,54.48,Career (2013-2026)
003d49e6,JJ Bazley,Middle,162,118,13,7,38,137.29,16.95,32.2,58.02,Career (2013-2026)
004c9e85,PJ Hughes,Middle,97,75,10,1,21,129.33,14.67,28.0,47.42,Career (2013-2026)
004c9e85,PJ Hughes,Powerplay,70,68,9,1,34,102.94,14.71,50.0,60.0,Career (2013-2026)
00823a96,KL Gordon,Death,53,51,4,0,19,103.92,7.84,37.25,30.19,Career (2013-2026)
0095ce38,CJ Simmons,Middle,170,100,11,12,32,170.0,23.0,32.0,68.24,Career (2013-2026)
0095ce38,CJ Simmons,Powerplay,275,232,29,12,125,118.53,17.67,53.88,68.36,Career (2013-2026)
00ea847a,MA Agarwal,Death,296,148,26,17,29,200.0,29.05,19.59,69.59,Career (2013-2026)
00ea847a,MA Agarwal,Middle,1409,1034,105,55,294,136.27,15.47,28.43,53.23,Career (2013-2026)
00ea847a,MA Agarwal,Powerplay,1863,1515,232,51,691,122.97,18.68,45.61,66.24,Career (2013-2026)
012829ff,JW Hastings,Death,148,112,7,9,46,132.14,14.29,41.07,55.41,Career (2013-2026)
0164b064,MG Neser,Death,488,336,42,18,117,145.24,17.86,34.82,56.56,Career (2013-2026)
0164b064,MG Neser,Middle,195,189,15,4,78,103.17,10.05,41.27,43.08,Career (2013-2026)
017e2f0d,Amogh Desai,Powerplay,199,166,25,8,88,119.88,19.88,53.01,74.37,Career (2013-2026)
0184dc35,R Dravid,Death,200,119,21,9,40,168.07,25.21,33.61,69.0,Career (2013-2026)
0184dc35,R Dravid,Middle,1069,931,100,12,296,114.82,12.03,31.79,44.15,Career (2013-2026)
0184dc35,R Dravid,Powerplay,905,832,148,7,447,108.77,18.63,53.73,70.06,Career (2013-2026)
02181d9a,EL Lamb,Death,89,58,9,1,9,153.45,17.24,15.52,47.19,Career (2013-2026)
02181d9a,EL Lamb,Middle,327,259,35,3,74,126.25,14.67,28.57,48.32,Career (2013-2026)
02181d9a,EL Lamb,Powerplay,278,252,38,1,109,110.32,15.48,43.25,56.83,Career (2013-2026)
02ba80a0,J Merlo,Death,46,44,5,0,15,104.55,11.36,34.09,43.48,Career (2013-2026)
02ba80a0,J Merlo,Middle,33,43,1,0,16,76.74,2.33,37.21,12.12,Career (2013-2026)
02bce9a8,NCR Larkin,Death,281,189,28,5,48,148.68,17.46,25.4,50.53,Career (2013-2026)
02bce9a8,NCR Larkin,Middle,607,477,59,12,153,127.25,14.88,32.08,50.74,Career (2013-2026)
02bce9a8,NCR Larkin,Powerplay,181,222,20,0,121,81.53,9.01,54.5,44.2,Career (2013-2026)
03252e44,PA Jaques,Middle,86,75,8,0,19,114.67,10.67,25.33,37.21,Career (2013-2026)
03252e44,PA Jaques,Powerplay,71,72,4,1,27,98.61,6.94,37.5,30.99,Career (2013-2026)
0372c4c5,K L Shrijith,Middle,48,49,3,1,18,97.96,8.16,36.73,37.5,Career (2013-2026)
03be7a88,Kumar Nyompu,Powerplay,32,52,1,2,36,61.54,5.77,69.23,50.0,Career (2013-2026)
03c29939,Sharad Lumba,Death,98,65,4,7,19,150.77,16.92,29.23,59.18,Career (2013-2026)
0475a86b,JL Jonassen,Death,166,98,21,5,27,169.39,26.53,27.55,68.67,Career (2013-2026)
0475a86b,JL Jonassen,Middle,176,160,15,2,57,110.0,10.62,35.62,40.91,Career (2013-2026)
047fc26e,Neelam Obi,Middle,40,62,4,1,39,64.52,8.06,62.9,55.0,Career (2013-2026)
047fc26e,Neelam Obi,Powerplay,56,109,8,0,79,51.38,7.34,72.48,57.14,Career (2013-2026)
0494fa6e,Vishnu Vinod,Death,166,98,9,11,23,169.39,20.41,23.47,61.45,Career (2013-2026)
0494fa6e,Vishnu Vinod,Middle,287,220,17,13,63,130.45,13.64,28.64,50.87,Career (2013-2026)
0494fa6e,Vishnu Vinod,Powerplay,386,279,40,19,116,138.35,21.15,41.58,70.98,Career (2013-2026)
04a418e8,R Parag,Death,776,476,59,46,152,163.03,22.06,31.93,65.98,Career (2013-2026)
04a418e8,R Parag,Middle,1683,1207,99,96,373,139.44,16.16,30.9,57.75,Career (2013-2026)
04a418e8,R Parag,Powerplay,294,230,34,17,125,127.83,22.17,54.35,80.95,Career (2013-2026)
04cd8289,AN Longchar,Powerplay,40,64,5,1,46,62.5,9.38,71.88,65.0,Career (2013-2026)
04ef663a,WG Bosisto,Powerplay,40,48,6,0,29,83.33,12.5,60.42,60.0,Career (2013-2026)
055be93a,HTRY Thornton,Death,47,46,2,2,19,102.17,8.7,41.3,42.55,Career (2013-2026)
05c2ca46,RE van der Merwe,Death,261,195,20,8,52,133.85,14.36,26.67,49.04,Career (2013-2026)
05c2ca46,RE van der Merwe,Middle,156,144,13,4,57,108.33,11.81,39.58,48.72,Career (2013-2026)
05c2ca46,RE van der Merwe,Powerplay,48,47,4,3,28,102.13,14.89,59.57,70.83,Career (2013-2026)
05c7a444,HS Desai,Powerplay,53,50,4,3,30,106.0,14.0,60.0,64.15,Career (2013-2026)
063b3673,DH Yagnik,Death,128,105,15,2,40,121.9,16.19,38.1,56.25,Career (2013-2026)
063b3673,DH Yagnik,Middle,86,79,12,1,39,108.86,16.46,49.37,62.79,Career (2013-2026)
06c2de82,L Gregory,Death,382,253,26,17,70,150.99,17.0,27.67,53.93,Career (2013-2026)
06c2de82,L Gregory,Middle,342,303,26,12,123,112.87,12.54,40.59,51.46,Career (2013-2026)
06cad4f0,A Sharafu,Death,124,86,14,4,31,144.19,20.93,36.05,64.52,Career (2013-2026)
06cad4f0,A Sharafu,Middle,437,348,30,20,118,125.57,14.37,33.91,54.92,Career (2013-2026)
06cad4f0,A Sharafu,Powerplay,134,136,21,2,84,98.53,16.91,61.76,71.64,Career (2013-2026)
077da288,CP Singh,Death,89,70,7,3,23,127.14,14.29,32.86,51.69,Career (2013-2026)
084708eb,Ankit Kaushik,Death,181,106,8,14,28,170.75,20.75,26.42,64.09,Career (2013-2026)
084708eb,Ankit Kaushik,Middle,109,116,5,4,47,93.97,7.76,40.52,40.37,Career (2013-2026)
08548b13,PHKD Mendis,Middle,73,44,6,3,12,165.91,20.45,27.27,57.53,Career (2013-2026)
0861a8d6,Rajesh Dhuper,Middle,159,153,11,3,54,103.92,9.15,35.29,38.99,Career (2013-2026)
0861a8d6,Rajesh Dhuper,Powerplay,197,202,21,6,109,97.52,13.37,53.96,60.91,Career (2013-2026)
087210b1,DJ Vilas,Death,118,72,14,3,19,163.89,23.61,26.39,62.71,Career (2013-2026)
087210b1,DJ Vilas,Middle,209,179,16,2,55,116.76,10.06,30.73,36.36,Career (2013-2026)
0890552f,A Manohar,Death,303,171,21,21,47,177.19,24.56,27.49,69.31,Career (2013-2026)
0890552f,A Manohar,Middle,257,225,19,11,86,114.22,13.33,38.22,55.25,Career (2013-2026)
08a11820,NN Sen Chowdhary,Middle,108,121,9,0,49,89.26,7.44,40.5,33.33,Career (2013-2026)
08a11820,NN Sen Chowdhary,Powerplay,50,55,6,0,26,90.91,10.91,47.27,48.0,Career (2013-2026)
08a349ac,Karan Shinde,Middle,97,76,9,4,30,127.63,17.11,39.47,61.86,Career (2013-2026)
08a4f9ad,DC Thomas,Death,282,156,14,24,52,180.77,24.36,33.33,70.92,Career (2013-2026)
08a4f9ad,DC Thomas,Middle,543,492,42,19,202,110.37,12.4,41.06,51.93,Career (2013-2026)
08a4f9ad,DC Thomas,Powerplay,271,282,37,5,162,96.1,14.89,57.45,65.68,Career (2013-2026)
0994d0ae,V Shankar,Death,696,421,46,38,100,165.32,19.95,23.75,59.2,Career (2013-2026)
0994d0ae,V Shankar,Middle,995,824,65,34,249,120.75,12.01,30.22,46.63,Career (2013-2026)
0994d0ae,V Shankar,Powerplay,167,192,20,2,104,86.98,11.46,54.17,55.09,Career (2013-2026)
09a71776,Satyajeet Bachhav,Death,44,43,5,0,17,102.33,11.63,39.53,45.45,Career (2013-2026)
09a9d073,J Charles,Middle,1596,1163,101,94,389,137.23,16.77,33.45,60.65,Career (2013-2026)
09a9d073,J Charles,Powerplay,2853,2170,315,134,1065,131.47,20.69,49.08,72.34,Career (2013-2026)
0a3d54b9,VR Aaron,Death,61,84,2,3,48,72.62,5.95,57.14,42.62,Career (2013-2026)
0a4736eb,Asif Ali,Middle,151,130,9,8,60,116.15,13.08,46.15,55.63,Career (2013-2026)
0a4736eb,Asif Ali,Powerplay,44,48,3,2,29,91.67,10.42,60.42,54.55,Career (2013-2026)
0a476045,S Dhawan,Death,676,426,69,23,118,158.69,21.6,27.7,61.24,Career (2013-2026)
0a476045,S Dhawan,Middle,2731,2161,249,55,625,126.38,14.07,28.92,48.55,Career (2013-2026)
0a476045,S Dhawan,Powerplay,3556,2893,475,79,1301,122.92,19.15,44.97,66.76,Career (2013-2026)
0a4c6dfd,Arshad Khan,Death,103,76,6,6,28,135.53,15.79,36.84,58.25,Career (2013-2026)
0a4c6dfd,Arshad Khan,Middle,55,40,2,5,18,137.5,17.5,45.0,69.09,Career (2013-2026)
0a509d6b,RK Singh,Death,1299,650,112,83,165,199.85,30.0,25.38,72.83,Career (2013-2026)
0a509d6b,RK Singh,Middle,916,805,70,22,270,113.79,11.43,33.54,44.98,Career (2013-2026)
0a509d6b,RK Singh,Powerplay,93,71,9,5,30,130.99,19.72,42.25,70.97,Career (2013-2026)
0a67aec0,Akash Deep,Death,68,48,3,5,19,141.67,16.67,39.58,61.76,Career (2013-2026)
0a9d8b61,JL Carter,Death,203,130,14,12,44,156.15,20.0,33.85,63.05,Career (2013-2026)
0a9d8b61,JL Carter,Middle,395,406,23,14,187,97.29,9.11,46.06,44.56,Career (2013-2026)
0a9d8b61,JL Carter,Powerplay,127,144,12,5,89,88.19,11.81,61.81,61.42,Career (2013-2026)
0aadc906,PR Shah,Middle,39,48,5,0,25,81.25,10.42,52.08,51.28,Career (2013-2026)
0af3426f,SS Mundhe,Death,162,97,17,7,25,167.01,24.74,25.77,67.9,Career (2013-2026)
0af3426f,SS Mundhe,Middle,361,260,30,12,69,138.85,16.15,26.54,53.19,Career (2013-2026)
0af3426f,SS Mundhe,Powerplay,75,104,9,0,65,72.12,8.65,62.5,48.0,Career (2013-2026)
0af4a90b,J Avendano,Middle,69,68,1,4,29,101.47,7.35,42.65,40.58,Career (2013-2026)
0af4a90b,J Avendano,Powerplay,119,122,14,4,68,97.54,14.75,55.74,67.23,Career (2013-2026)
0b60eb09,KA Maharaj,Death,113,115,10,4,53,98.26,12.17,46.09,56.64,Career (2013-2026)
0b60eb09,KA Maharaj,Middle,51,81,3,2,49,62.96,6.17,60.49,47.06,Career (2013-2026)
0bacade8,Rahmanullah Gurbaz,Middle,502,330,25,34,109,152.12,17.88,33.03,60.56,Career (2013-2026)
0bacade8,Rahmanullah Gurbaz,Powerplay,1116,776,94,74,369,143.81,21.65,47.55,73.48,Career (2013-2026)
0bec3a6c,BAC Howell,Death,238,170,17,8,50,140.0,14.71,29.41,48.74,Career (2013-2026)
0bec3a6c,BAC Howell,Middle,103,93,7,3,29,110.75,10.75,31.18,44.66,Career (2013-2026)
0c0eb448,Akhil Rajput,Middle,113,90,14,3,36,125.56,18.89,40.0,65.49,Career (2013-2026)
0c0eb448,Akhil Rajput,Powerplay,65,90,9,0,53,72.22,10.0,58.89,55.38,Career (2013-2026)
0c2730df,A Kumble,Death,34,42,3,0,18,80.95,7.14,42.86,35.29,Career (2013-2026)
0c5c3a87,DLR Smith,Powerplay,27,50,4,0,35,54.0,8.0,70.0,59.26,Career (2013-2026)
0c694738,AZ Monaghan,Death,75,75,9,0,34,100.0,12.0,45.33,48.0,Career (2013-2026)
0c694738,AZ Monaghan,Middle,70,57,5,2,23,122.81,12.28,40.35,45.71,Career (2013-2026)
0c94f480,UBT Chand,Death,144,94,14,5,27,153.19,20.21,28.72,59.72,Career (2013-2026)
0c94f480,UBT Chand,Middle,665,547,44,24,173,121.57,12.43,31.63,48.12,Career (2013-2026)
0c94f480,UBT Chand,Powerplay,659,610,68,30,331,108.03,16.07,54.26,68.59,Career (2013-2026)
0c9652b0,HR Shokeen,Middle,42,43,5,0,21,97.67,11.63,48.84,47.62,Career (2013-2026)
0cb8626f,Sudip Chatterjee,Death,57,44,4,1,11,129.55,11.36,25.0,38.6,Career (2013-2026)
0cb8626f,Sudip Chatterjee,Middle,177,161,16,0,50,109.94,9.94,31.06,36.16,Career (2013-2026)
0cb8626f,Sudip Chatterjee,Powerplay,165,143,24,2,70,115.38,18.18,48.95,65.45,Career (2013-2026)
0d51e658,CD Barnwell,Death,330,212,17,23,66,155.66,18.87,31.13,62.42,Career (2013-2026)
0d51e658,CD Barnwell,Middle,175,200,8,5,88,87.5,6.5,44.0,35.43,Career (2013-2026)
0dc00542,Shahid Afridi,Death,90,53,2,8,13,169.81,18.87,24.53,62.22,Career (2013-2026)
0dc00542,Shahid Afridi,Middle,79,66,4,4,21,119.7,12.12,31.82,50.63,Career (2013-2026)
0e0d43b4,SJ Mullaney,Middle,66,45,5,3,12,146.67,17.78,26.67,57.58,Career (2013-2026)
0e56c514,HJ Manenti,Middle,44,46,3,2,23,95.65,10.87,50.0,54.55,Career (2013-2026)
0ea1455a,HJ Nielsen,Death,218,154,19,5,46,141.56,15.58,29.87,48.62,Career (2013-2026)
0ea1455a,HJ Nielsen,Middle,206,200,18,2,81,103.0,10.0,40.5,40.78,Career (2013-2026)
0ea1455a,HJ Nielsen,Powerplay,42,41,4,0,15,102.44,9.76,36.59,38.1,Career (2013-2026)
0ea54eca,O Davies,Death,133,81,10,7,26,164.2,20.99,32.1,61.65,Career (2013-2026)
0ea54eca,O Davies,Middle,581,449,29,31,153,129.4,13.36,34.08,51.98,Career (2013-2026)
0ea54eca,O Davies,Powerplay,122,115,14,0,52,106.09,12.17,45.22,45.9,Career (2013-2026)
0ebaa16a,SS Sharma,Middle,71,55,6,1,13,129.09,12.73,23.64,42.25,Career (2013-2026)
0ebb3444,L Scott,Death,110,63,8,5,10,174.6,20.63,15.87,56.36,Career (2013-2026)
0ebb3444,L Scott,Middle,234,185,21,5,65,126.49,14.05,35.14,48.72,Career (2013-2026)
0ebb3444,L Scott,Powerplay,66,52,4,5,23,126.92,17.31,44.23,69.7,Career (2013-2026)
0ebfb1ad,E Lewis,Death,92,64,7,5,23,143.75,18.75,35.94,63.04,Career (2013-2026)
0ebfb1ad,E Lewis,Middle,1339,862,57,117,325,155.34,20.19,37.7,69.45,Career (2013-2026)
0ebfb1ad,E Lewis,Powerplay,2125,1618,208,134,853,131.33,21.14,52.72,76.99,Career (2013-2026)
0ecb4de6,Rehan Ahmed,Death,91,53,6,8,23,171.7,26.42,43.4,79.12,Career (2013-2026)
0ecb4de6,Rehan Ahmed,Middle,284,225,22,14,89,126.22,16.0,39.56,60.56,Career (2013-2026)
0ecb4de6,Rehan Ahmed,Powerplay,158,132,21,4,71,119.7,18.94,53.79,68.35,Career (2013-2026)
0ecf791e,S Dadswell,Middle,82,91,6,2,40,90.11,8.79,43.96,43.9,Career (2013-2026)
0ed1a112,Ganesh Satish,Middle,325,308,27,3,106,105.52,9.74,34.42,38.77,Career (2013-2026)
0ed1a112,Ganesh Satish,Powerplay,184,209,17,3,105,88.04,9.57,50.24,46.74,Career (2013-2026)
0edcb652,Subhransu Senapati,Middle,256,221,15,8,63,115.84,10.41,28.51,42.19,Career (2013-2026)
0edcb652,Subhransu Senapati,Powerplay,198,140,16,13,66,141.43,20.71,47.14,71.72,Career (2013-2026)
0f12f9df,NLTC Perera,Death,378,241,24,23,74,156.85,19.5,30.71,61.9,Career (2013-2026)
0f12f9df,NLTC Perera,Middle,218,198,10,12,82,110.1,11.11,41.41,51.38,Career (2013-2026)
0f721006,JO Holder,Death,1314,848,74,88,274,154.95,19.1,32.31,62.71,Career (2013-2026)
0f721006,JO Holder,Middle,1027,834,58,68,352,123.14,15.11,42.21,62.32,Career (2013-2026)
0f721006,JO Holder,Powerplay,190,174,24,6,94,109.2,17.24,54.02,69.47,Career (2013-2026)
0fa5042b,L Ronchi,Middle,165,129,9,6,35,127.91,11.63,27.13,43.64,Career (2013-2026)
0fa5042b,L Ronchi,Powerplay,303,215,36,13,104,140.93,22.79,48.37,73.27,Career (2013-2026)
104e88a4,AJ Hose,Death,316,173,27,19,53,182.66,26.59,30.64,70.25,Career (2013-2026)
104e88a4,AJ Hose,Middle,649,545,48,17,180,119.08,11.93,33.03,45.3,Career (2013-2026)
104e88a4,AJ Hose,Powerplay,120,127,17,0,66,94.49,13.39,51.97,56.67,Career (2013-2026)
10b58586,AR Easwaran,Death,73,46,4,3,8,158.7,15.22,17.39,46.58,Career (2013-2026)
10b58586,AR Easwaran,Middle,333,253,26,6,58,131.62,12.65,22.92,42.04,Career (2013-2026)
10b58586,AR Easwaran,Powerplay,163,140,18,6,68,116.43,17.14,48.57,66.26,Career (2013-2026)
10b79140,TS Muyeye,Middle,57,41,7,1,14,139.02,19.51,34.15,59.65,Career (2013-2026)
10b79140,TS Muyeye,Powerplay,177,132,27,2,59,134.09,21.97,44.7,67.8,Career (2013-2026)
10d64f7c,Sarul Kanwar,Powerplay,94,102,10,2,57,92.16,11.76,55.88,55.32,Career (2013-2026)
10f42013,WJ Lubbe,Death,68,40,5,4,14,170.0,22.5,35.0,64.71,Career (2013-2026)
10f42013,WJ Lubbe,Middle,275,229,20,12,90,120.09,13.97,39.3,55.27,Career (2013-2026)
10f42013,WJ Lubbe,Powerplay,190,184,21,5,93,103.26,14.13,50.54,60.0,Career (2013-2026)
11614d87,D Pretorius,Death,581,343,46,32,105,169.39,22.74,30.61,64.72,Career (2013-2026)
11614d87,D Pretorius,Middle,231,241,13,9,108,95.85,9.13,44.81,45.89,Career (2013-2026)
119678fd,KV Sharma,Death,547,364,41,28,117,150.27,18.96,32.14,60.69,Career (2013-2026)
119678fd,KV Sharma,Middle,286,268,15,13,105,106.72,10.45,39.18,48.25,Career (2013-2026)
119678fd,KV Sharma,Powerplay,49,45,8,0,22,108.89,17.78,48.89,65.31,Career (2013-2026)
11df3dc8,MJ Lumb,Middle,338,266,25,11,87,127.07,13.53,32.71,49.11,Career (2013-2026)
11df3dc8,MJ Lumb,Powerplay,850,659,107,27,324,128.98,20.33,49.17,69.41,Career (2013-2026)
1212cbec,Najibullah Zadran,Death,112,76,4,11,33,147.37,19.74,43.42,73.21,Career (2013-2026)
1212cbec,Najibullah Zadran,Middle,246,235,19,9,113,104.68,11.91,48.09,52.85,Career (2013-2026)
126e8cb3,Avneesh Sudha,Middle,57,60,4,1,23,95.0,8.33,38.33,38.6,Career (2013-2026)
126e8cb3,Avneesh Sudha,Powerplay,136,110,20,2,46,123.64,20.0,41.82,67.65,Career (2013-2026)
12ac8ca5,RI Thakur,Powerplay,39,43,7,0,26,90.7,16.28,60.47,71.79,Career (2013-2026)
12b610c2,TM Head,Death,345,197,16,21,44,175.13,18.78,22.34,55.07,Career (2013-2026)
12b610c2,TM Head,Middle,1411,984,100,70,310,143.39,17.28,31.5,58.11,Career (2013-2026)
12b610c2,TM Head,Powerplay,1530,997,195,66,435,153.46,26.18,43.63,76.86,Career (2013-2026)
12eddf28,RJ Harris,Death,124,110,7,3,44,112.73,9.09,40.0,37.1,Career (2013-2026)
137e7065,C Valente,Death,57,47,4,1,14,121.28,10.64,29.79,38.6,Career (2013-2026)
1399b39c,Anmolpreet Singh,Death,255,117,13,22,19,217.95,29.91,16.24,72.16,Career (2013-2026)
1399b39c,Anmolpreet Singh,Middle,521,408,47,11,112,127.7,14.22,27.45,48.75,Career (2013-2026)
1399b39c,Anmolpreet Singh,Powerplay,317,268,44,7,127,118.28,19.03,47.39,68.77,Career (2013-2026)
13c19f32,ND Dattani,Death,104,94,5,1,28,110.64,6.38,29.79,25.0,Career (2013-2026)
13c19f32,ND Dattani,Middle,69,95,5,0,46,72.63,5.26,48.42,28.99,Career (2013-2026)
13c19f32,ND Dattani,Powerplay,72,77,9,1,42,93.51,12.99,54.55,58.33,Career (2013-2026)
13c35c9e,TG Southee,Death,163,120,11,8,46,135.83,15.83,38.33,56.44,Career (2013-2026)
13d4fba2,Liyan Khan,Middle,49,61,2,1,25,80.33,4.92,40.98,28.57,Career (2013-2026)
13d4fba2,Liyan Khan,Powerplay,53,68,7,1,42,77.94,11.76,61.76,64.15,Career (2013-2026)
145903a5,Arjit Gupta,Death,76,51,2,7,19,149.02,17.65,37.25,65.79,Career (2013-2026)
145903a5,Arjit Gupta,Middle,152,115,10,11,53,132.17,18.26,46.09,69.74,Career (2013-2026)
145c2a1f,Govinda Poddar,Middle,245,176,17,11,51,139.2,15.91,28.98,54.69,Career (2013-2026)
145c2a1f,Govinda Poddar,Powerplay,127,136,17,0,67,93.38,12.5,49.26,53.54,Career (2013-2026)
14b14cd8,DM Bravo,Death,557,320,28,47,105,174.06,23.44,32.81,70.74,Career (2013-2026)
14b14cd8,DM Bravo,Middle,1270,1165,70,63,478,109.01,11.42,41.03,51.81,Career (2013-2026)
14b14cd8,DM Bravo,Powerplay,212,277,15,14,188,76.53,10.47,67.87,67.92,Career (2013-2026)
14c90152,S Karthik,Powerplay,80,84,8,2,45,95.24,11.9,53.57,55.0,Career (2013-2026)
14f2ce7a,Ankit Yadav,Middle,33,45,0,1,19,73.33,2.22,42.22,18.18,Career (2013-2026)
14f96089,A Zampa,Death,219,231,18,3,108,94.81,9.09,46.75,41.1,Career (2013-2026)
14f96089,A Zampa,Middle,46,61,3,0,28,75.41,4.92,45.9,26.09,Career (2013-2026)
151c258b,J Glen,Death,72,54,8,3,25,133.33,20.37,46.3,69.44,Career (2013-2026)
151c258b,J Glen,Middle,58,51,1,6,29,113.73,13.73,56.86,68.97,Career (2013-2026)
151e8077,CS Baugh,Death,68,51,5,3,19,133.33,15.69,37.25,55.88,Career (2013-2026)
1558d83b,GS Sandhu,Death,151,143,10,3,57,105.59,9.09,39.86,38.41,Career (2013-2026)
156d0ea2,SR Mukkamalla,Middle,176,153,11,7,56,115.03,11.76,36.6,48.86,Career (2013-2026)
156d0ea2,SR Mukkamalla,Powerplay,242,182,26,13,87,132.97,21.43,47.8,75.21,Career (2013-2026)
15bbe51b,Lalhmangaiha,Middle,69,114,6,0,67,60.53,5.26,58.77,34.78,Career (2013-2026)
15bbe51b,Lalhmangaiha,Powerplay,145,201,24,1,139,72.14,12.44,69.15,70.34,Career (2013-2026)
15d20a08,BH Merai,Middle,48,52,2,0,13,92.31,3.85,25.0,16.67,Career (2013-2026)
15de1f5d,WA Agar,Death,73,70,7,0,30,104.29,10.0,42.86,38.36,Career (2013-2026)
16043342,AB McDonald,Death,115,82,6,6,25,140.24,14.63,30.49,52.17,Career (2013-2026)
16043342,AB McDonald,Middle,134,135,3,5,47,99.26,5.93,34.81,31.34,Career (2013-2026)
16043342,AB McDonald,Powerplay,93,77,10,3,37,120.78,16.88,48.05,62.37,Career (2013-2026)
172dff15,C Bosch,Death,282,175,26,14,55,161.14,22.86,31.43,66.67,Career (2013-2026)
172dff15,C Bosch,Middle,217,263,8,4,109,82.51,4.56,41.44,25.81,Career (2013-2026)
172dff15,C Bosch,Powerplay,73,61,11,0,23,119.67,18.03,37.7,60.27,Career (2013-2026)
1763bc6c,X Thalaivan Sargunam,Middle,60,82,1,1,35,73.17,2.44,42.68,16.67,Career (2013-2026)
1763bc6c,X Thalaivan Sargunam,Powerplay,51,71,8,0,45,71.83,11.27,63.38,62.75,Career (2013-2026)
1777c020,Fakhar Zaman,Middle,200,149,15,7,41,134.23,14.77,27.52,51.0,Career (2013-2026)
1777c020,Fakhar Zaman,Powerplay,436,345,42,18,152,126.38,17.39,44.06,63.3,Career (2013-2026)
17aa4f1d,Aaron Jones,Death,83,46,3,8,15,180.43,23.91,32.61,72.29,Career (2013-2026)
17aa4f1d,Aaron Jones,Middle,154,144,10,6,55,106.94,11.11,38.19,49.35,Career (2013-2026)
17aa4f1d,Aaron Jones,Powerplay,76,79,12,0,41,96.2,15.19,51.9,63.16,Career (2013-2026)
17bcec2a,D Forrester,Death,112,59,10,5,14,189.83,25.42,23.73,62.5,Career (2013-2026)
17bcec2a,D Forrester,Middle,96,74,6,5,27,129.73,14.86,36.49,56.25,Career (2013-2026)
184512d1,J Gardner,Death,95,86,9,2,34,110.47,12.79,39.53,50.53,Career (2013-2026)
184512d1,J Gardner,Middle,49,45,4,2,20,108.89,13.33,44.44,57.14,Career (2013-2026)
18953b31,Abhishek Bhandari,Middle,87,61,8,3,18,142.62,18.03,29.51,57.47,Career (2013-2026)
18c78b11,RE Levi,Powerplay,62,57,9,2,32,108.77,19.3,56.14,77.42,Career (2013-2026)
18e6906e,A Choudhary,Death,53,48,2,2,13,110.42,8.33,27.08,37.74,Career (2013-2026)
18fac429,SR Patel,Death,130,73,7,12,28,178.08,26.03,38.36,76.92,Career (2013-2026)
18fac429,SR Patel,Middle,244,205,15,11,73,119.02,12.68,35.61,51.64,Career (2013-2026)
1920c721,WKD Perkins,Middle,86,66,4,6,24,130.3,15.15,36.36,60.47,Career (2013-2026)
1920c721,WKD Perkins,Powerplay,164,159,17,8,91,103.14,15.72,57.23,70.73,Career (2013-2026)
1952e660,MW Hill,Middle,125,98,6,6,32,127.55,12.24,32.65,48.0,Career (2013-2026)
1952e660,MW Hill,Powerplay,115,99,15,1,42,116.16,16.16,42.42,57.39,Career (2013-2026)
1957c6b7,LWP Wells,Middle,114,103,13,1,43,110.68,13.59,41.75,50.88,Career (2013-2026)
1957c6b7,LWP Wells,Powerplay,216,137,22,11,58,157.66,24.09,42.34,71.3,Career (2013-2026)
19b9f399,CJ Green,Death,1096,711,84,44,193,154.15,18.0,27.14,54.74,Career (2013-2026)
19b9f399,CJ Green,Middle,358,347,18,7,121,103.17,7.2,34.87,31.84,Career (2013-2026)
1a156c88,DJM Short,Death,431,229,34,25,56,188.21,25.76,24.45,66.36,Career (2013-2026)
1a156c88,DJM Short,Middle,1458,1105,118,49,331,131.95,15.11,29.95,52.54,Career (2013-2026)
1a156c88,DJM Short,Powerplay,1520,1281,184,40,594,118.66,17.49,46.37,64.21,Career (2013-2026)
1a2676c5,SA Abbott,Death,464,339,26,20,108,136.87,13.57,31.86,48.28,Career (2013-2026)
1a2676c5,SA Abbott,Middle,194,240,12,6,127,80.83,7.5,52.92,43.3,Career (2013-2026)
1abb78f8,SN Thakur,Death,271,216,24,9,81,125.46,15.28,37.5,55.35,Career (2013-2026)
1abb78f8,SN Thakur,Middle,122,104,10,4,38,117.31,13.46,36.54,52.46,Career (2013-2026)
1ac2a995,HR Walsh,Death,105,86,4,7,34,122.09,12.79,39.53,55.24,Career (2013-2026)
1ac746c8,Atharva Taide,Middle,281,218,22,6,58,128.9,12.84,26.61,44.13,Career (2013-2026)
1ac746c8,Atharva Taide,Powerplay,610,464,78,20,209,131.47,21.12,45.04,70.82,Career (2013-2026)
1ade138e,KL Cross,Death,70,67,6,1,26,104.48,10.45,38.81,42.86,Career (2013-2026)
1b04e02b,TS Rogers,Death,198,154,15,8,58,128.57,14.94,37.66,54.55,Career (2013-2026)
1b04e02b,TS Rogers,Middle,69,74,2,3,34,93.24,6.76,45.95,37.68,Career (2013-2026)
1b42a100,BS Makhanya,Middle,72,71,4,2,24,101.41,8.45,33.8,38.89,Career (2013-2026)
1b480a44,Homendro Kabrambam,Death,35,43,1,2,22,81.4,6.98,51.16,45.71,Career (2013-2026)
1b7b0fa7,Vivrant Sharma,Powerplay,83,81,14,1,48,102.47,18.52,59.26,74.7,Career (2013-2026)
1b7c4d69,M Mohammed,Death,96,55,5,7,16,174.55,21.82,29.09,64.58,Career (2013-2026)
1bae756b,ADS Fletcher,Death,505,255,28,39,59,198.04,26.27,23.14,68.51,Career (2013-2026)
1bae756b,ADS Fletcher,Middle,1678,1488,80,67,511,112.77,9.88,34.34,43.03,Career (2013-2026)
1bae756b,ADS Fletcher,Powerplay,2961,2345,334,125,1125,126.27,19.57,47.97,70.45,Career (2013-2026)
1bf2fd29,KHM James,Middle,69,63,2,5,28,109.52,11.11,44.44,55.07,Career (2013-2026)
1bf2fd29,KHM James,Powerplay,97,78,12,5,44,124.36,21.79,56.41,80.41,Career (2013-2026)
1c17e270,RV Uthappa,Death,680,404,49,40,112,168.32,22.03,27.72,64.12,Career (2013-2026)
1c17e270,RV Uthappa,Middle,2742,2130,204,118,736,128.73,15.12,34.55,55.58,Career (2013-2026)
1c17e270,RV Uthappa,Powerplay,2516,2021,319,65,933,124.49,19.0,46.17,66.22,Career (2013-2026)
1c2a64cd,A Ashish Reddy,Death,269,188,15,13,49,143.09,14.89,26.06,51.3,Career (2013-2026)
1c2a64cd,A Ashish Reddy,Middle,134,120,7,5,42,111.67,10.0,35.0,43.28,Career (2013-2026)
1c513d54,LJ Evans,Death,519,315,39,26,95,164.76,20.63,30.16,60.12,Career (2013-2026)
1c513d54,LJ Evans,Middle,1248,888,100,57,303,140.54,17.68,34.12,59.46,Career (2013-2026)
1c513d54,LJ Evans,Powerplay,386,307,48,12,146,125.73,19.54,47.56,68.39,Career (2013-2026)
1c84109e,MD Choudhary,Death,115,77,5,10,32,149.35,19.48,41.56,69.57,Career (2013-2026)
1c84109e,MD Choudhary,Middle,55,43,6,2,16,127.91,18.6,37.21,65.45,Career (2013-2026)
1c914163,Yuvraj Singh,Death,991,569,71,69,184,174.17,24.6,32.34,70.43,Career (2013-2026)
1c914163,Yuvraj Singh,Middle,1845,1626,145,83,713,113.47,14.02,43.85,58.43,Career (2013-2026)
1c914163,Yuvraj Singh,Powerplay,256,238,37,6,133,107.56,18.07,55.88,71.88,Career (2013-2026)
1d2f290a,JA Thompson,Death,183,131,10,12,50,139.69,16.79,38.17,61.2,Career (2013-2026)
1d2f290a,JA Thompson,Middle,111,81,6,6,26,137.04,14.81,32.1,54.05,Career (2013-2026)
1d8c298b,M Louis,Death,81,46,4,8,19,176.09,26.09,41.3,79.01,Career (2013-2026)
1d8c298b,M Louis,Middle,92,89,5,5,40,103.37,11.24,44.94,54.35,Career (2013-2026)
1db6e336,BS McKinney,Powerplay,122,91,13,7,48,134.07,21.98,52.75,77.05,Career (2013-2026)
1dc12ab9,SK Raina,Death,995,589,76,48,132,168.93,21.05,22.41,59.5,Career (2013-2026)
1dc12ab9,SK Raina,Middle,3408,2615,262,118,746,130.33,14.53,28.53,51.53,Career (2013-2026)
1dc12ab9,SK Raina,Powerplay,1763,1307,221,63,609,134.89,21.73,46.6,71.58,Career (2013-2026)
1dc27b6b,Al Bashid Muhammed,Middle,35,74,2,1,54,47.3,4.05,72.97,40.0,Career (2013-2026)
1dc27b6b,Al Bashid Muhammed,Powerplay,34,83,1,0,53,40.96,1.2,63.86,11.76,Career (2013-2026)
1e66c162,JD Unadkat,Death,394,264,26,22,85,149.24,18.18,32.2,59.9,Career (2013-2026)
1e66c162,JD Unadkat,Middle,89,85,9,2,37,104.71,12.94,43.53,53.93,Career (2013-2026)
1e960f2a,C Kieswetter,Middle,64,57,5,2,23,112.28,12.28,40.35,50.0,Career (2013-2026)
1e960f2a,C Kieswetter,Powerplay,122,103,12,6,52,118.45,17.48,50.49,68.85,Career (2013-2026)
1ec1998e,NAJ Wraith,Powerplay,107,97,15,1,48,110.31,16.49,49.48,61.68,Career (2013-2026)
1ee08e9a,JA Richardson,Death,255,189,17,11,66,134.92,14.81,34.92,52.55,Career (2013-2026)
1ee08e9a,JA Richardson,Middle,78,95,4,3,48,82.11,7.37,50.53,43.59,Career (2013-2026)
1efb8a28,AC Blizzard,Death,158,99,16,5,30,159.6,21.21,30.3,59.49,Career (2013-2026)
1efb8a28,AC Blizzard,Middle,245,186,15,8,52,131.72,12.37,27.96,44.08,Career (2013-2026)
1efb8a28,AC Blizzard,Powerplay,289,256,41,4,129,112.89,17.58,50.39,65.05,Career (2013-2026)
1f0b8f44,Prashanth Kumar,Middle,158,146,11,5,53,108.22,10.96,36.3,46.84,Career (2013-2026)
1f0b8f44,Prashanth Kumar,Powerplay,71,102,6,1,61,69.61,6.86,59.8,42.25,Career (2013-2026)
1f3febed,Dikshanshu Negi,Death,106,71,12,3,19,149.3,21.13,26.76,62.26,Career (2013-2026)
1f3febed,Dikshanshu Negi,Middle,173,173,13,3,65,100.0,9.25,37.57,40.46,Career (2013-2026)
1f84183a,Nikhil Chaudhary,Death,300,193,28,13,61,155.44,21.24,31.61,63.33,Career (2013-2026)
1f84183a,Nikhil Chaudhary,Middle,585,441,51,18,131,132.65,15.65,29.71,53.33,Career (2013-2026)
1f84183a,Nikhil Chaudhary,Powerplay,144,119,10,5,43,121.01,12.61,36.13,48.61,Career (2013-2026)
1fc6ef83,SD Hope,Death,468,281,32,31,88,166.55,22.42,31.32,67.09,Career (2013-2026)
1fc6ef83,SD Hope,Middle,1787,1472,94,75,457,121.4,11.48,31.05,46.22,Career (2013-2026)
1fc6ef83,SD Hope,Powerplay,1300,1029,132,50,444,126.34,17.69,43.15,63.69,Career (2013-2026)
201fef33,DB Sharma,Death,181,126,17,4,32,143.65,16.67,25.4,50.83,Career (2013-2026)
201fef33,DB Sharma,Middle,173,154,13,2,44,112.34,9.74,28.57,36.99,Career (2013-2026)
208f22ea,DJ Worrall,Death,105,107,7,1,39,98.13,7.48,36.45,32.38,Career (2013-2026)
211aeb65,KO Wickham,Middle,111,101,3,5,32,109.9,7.92,31.68,37.84,Career (2013-2026)
211aeb65,KO Wickham,Powerplay,62,64,7,2,39,96.88,14.06,60.94,64.52,Career (2013-2026)
2122c023,Nazeeb Saiyed,Middle,43,49,2,1,19,87.76,6.12,38.78,32.56,Career (2013-2026)
2123f6e8,Piyush Joshi,Middle,57,49,6,1,19,116.33,14.29,38.78,52.63,Career (2013-2026)
218d4d78,MT Renshaw,Death,323,205,20,15,60,157.56,17.07,29.27,52.63,Career (2013-2026)
218d4d78,MT Renshaw,Middle,1256,903,96,39,246,139.09,14.95,27.24,49.2,Career (2013-2026)
218d4d78,MT Renshaw,Powerplay,545,458,48,18,182,119.0,14.41,39.74,55.05,Career (2013-2026)
21d4e29b,NA Saini,Death,38,42,3,0,17,90.48,7.14,40.48,31.58,Career (2013-2026)
228bd0b0,Mayank Raghav,Middle,129,85,7,8,18,151.76,17.65,21.18,58.91,Career (2013-2026)
228bd0b0,Mayank Raghav,Powerplay,152,108,24,6,59,140.74,27.78,54.63,86.84,Career (2013-2026)
22ae3041,Fawad Ahmed,Death,49,59,3,2,30,83.05,8.47,50.85,48.98,Career (2013-2026)
22b98d7c,TW Hartley,Death,82,78,4,2,31,105.13,7.69,39.74,34.15,Career (2013-2026)
2318ba22,TLW Cooper,Death,364,240,28,16,77,151.67,18.33,32.08,57.14,Career (2013-2026)
2318ba22,TLW Cooper,Middle,773,705,61,19,280,109.65,11.35,39.72,46.31,Career (2013-2026)
2318ba22,TLW Cooper,Powerplay,300,217,34,11,99,138.25,20.74,45.62,67.33,Career (2013-2026)
2344bdd1,SR Dickson,Death,111,79,8,6,31,140.51,17.72,39.24,61.26,Career (2013-2026)
2344bdd1,SR Dickson,Middle,106,79,7,5,26,134.18,15.19,32.91,54.72,Career (2013-2026)
235c2bb6,H Klaasen,Death,1473,734,95,108,171,200.68,27.66,23.3,69.79,Career (2013-2026)
235c2bb6,H Klaasen,Middle,2713,1795,177,145,480,151.14,17.94,26.74,58.16,Career (2013-2026)
235c2bb6,H Klaasen,Powerplay,173,155,16,7,74,111.61,14.84,47.74,61.27,Career (2013-2026)
23639793,Varun Sood,Death,76,63,5,4,23,120.63,14.29,36.51,57.89,Career (2013-2026)
23639793,Varun Sood,Middle,75,87,3,2,33,86.21,5.75,37.93,32.0,Career (2013-2026)
238ce998,Q Sampson,Death,107,64,8,7,25,167.19,23.44,39.06,69.16,Career (2013-2026)
238ce998,Q Sampson,Middle,120,65,3,13,23,184.62,24.62,35.38,75.0,Career (2013-2026)
238ce998,Q Sampson,Powerplay,65,55,9,2,28,118.18,20.0,50.91,73.85,Career (2013-2026)
239f7526,Parth Sahani,Death,231,148,12,13,40,156.08,16.89,27.03,54.55,Career (2013-2026)
239f7526,Parth Sahani,Middle,474,384,34,17,119,123.44,13.28,30.99,50.21,Career (2013-2026)
239f7526,Parth Sahani,Powerplay,38,66,5,0,43,57.58,7.58,65.15,52.63,Career (2013-2026)
23ac69e6,RJ Quiney,Death,105,71,6,5,22,147.89,15.49,30.99,51.43,Career (2013-2026)
23ac69e6,RJ Quiney,Middle,338,242,17,20,81,139.67,15.29,33.47,55.62,Career (2013-2026)
23ac69e6,RJ Quiney,Powerplay,408,344,57,9,171,118.6,19.19,49.71,69.12,Career (2013-2026)
23cca426,OF Smith,Death,359,258,18,30,120,139.15,18.6,46.51,70.19,Career (2013-2026)
23cca426,OF Smith,Middle,171,142,11,12,67,120.42,16.2,47.18,67.84,Career (2013-2026)
23cca426,OF Smith,Powerplay,59,63,7,2,39,93.65,14.29,61.9,67.8,Career (2013-2026)
23eeb873,DL Chahar,Death,163,116,9,11,46,140.52,17.24,39.66,62.58,Career (2013-2026)
23eeb873,DL Chahar,Middle,100,96,4,7,47,104.17,11.46,48.96,58.0,Career (2013-2026)
243431b5,KJ O'Brien,Middle,159,111,7,11,37,143.24,16.22,33.33,59.12,Career (2013-2026)
243431b5,KJ O'Brien,Powerplay,173,151,14,9,81,114.57,15.23,53.64,63.58,Career (2013-2026)
244048f6,Arshdeep Singh,Death,38,52,4,0,30,73.08,7.69,57.69,42.11,Career (2013-2026)
245c97cb,TS Mills,Death,66,58,7,4,33,113.79,18.97,56.9,78.79,Career (2013-2026)
2461eef2,PA Reddy,Middle,244,189,16,9,46,129.1,13.23,24.34,48.36,Career (2013-2026)
2461eef2,PA Reddy,Powerplay,399,338,43,9,142,118.05,15.38,42.01,56.64,Career (2013-2026)
2498e163,JR Hopes,Death,187,135,18,1,31,138.52,14.07,22.96,41.71,Career (2013-2026)
2498e163,JR Hopes,Middle,236,182,27,4,60,129.67,17.03,32.97,55.93,Career (2013-2026)
2498e163,JR Hopes,Powerplay,201,179,28,6,96,112.29,18.99,53.63,73.63,Career (2013-2026)
249abedf,Jalaj S Saxena,Middle,57,82,2,0,37,69.51,2.44,45.12,14.04,Career (2013-2026)
249abedf,Jalaj S Saxena,Powerplay,67,87,10,0,53,77.01,11.49,60.92,59.7,Career (2013-2026)
249d60c9,AU Rashid,Death,234,160,25,9,58,146.25,21.25,36.25,65.81,Career (2013-2026)
249d60c9,AU Rashid,Middle,53,58,5,1,30,91.38,10.34,51.72,49.06,Career (2013-2026)
24bb1c2f,Haris Rauf,Death,93,92,8,4,46,101.09,13.04,50.0,60.22,Career (2013-2026)
24bb1c2f,Haris Rauf,Middle,25,45,2,0,28,55.56,4.44,62.22,32.0,Career (2013-2026)
24d94623,Ankit Sharma,Death,96,84,2,5,28,114.29,8.33,33.33,39.58,Career (2013-2026)
24d94623,Ankit Sharma,Middle,36,45,2,0,19,80.0,4.44,42.22,22.22,Career (2013-2026)
2535b30f,HD Weibgen,Middle,112,115,5,3,40,97.39,6.96,34.78,33.93,Career (2013-2026)
254c7802,Ashish Yadav,Death,119,103,9,1,27,115.53,9.71,26.21,35.29,Career (2013-2026)
254c7802,Ashish Yadav,Middle,108,89,6,4,20,121.35,11.24,22.47,44.44,Career (2013-2026)
25986786,SF Khan,Middle,105,93,5,2,23,112.9,7.53,24.73,30.48,Career (2013-2026)
25d12bb4,WD Sheridan,Death,56,53,4,0,17,105.66,7.55,32.08,28.57,Career (2013-2026)
25d7f1ac,MD Patel,Middle,364,258,33,14,80,141.09,18.22,31.01,59.34,Career (2013-2026)
25d7f1ac,MD Patel,Powerplay,444,388,52,9,183,114.43,15.72,47.16,59.01,Career (2013-2026)
25eeb281,PC Valthaty,Middle,147,118,9,9,49,124.58,15.25,41.53,61.22,Career (2013-2026)
25eeb281,PC Valthaty,Powerplay,312,278,45,10,162,112.23,19.78,58.27,76.92,Career (2013-2026)
25f7b7d6,T Banton,Death,220,109,19,14,29,201.83,30.28,26.61,72.73,Career (2013-2026)
25f7b7d6,T Banton,Middle,928,647,73,36,174,143.43,16.85,26.89,54.74,Career (2013-2026)
25f7b7d6,T Banton,Powerplay,1135,889,132,43,423,127.67,19.69,47.58,69.25,Career (2013-2026)
2669d6b7,Mohsin Khan,Death,76,61,6,3,25,124.59,14.75,40.98,55.26,Career (2013-2026)
26989d80,Shashank Singh,Death,652,341,49,41,73,191.2,26.39,21.41,67.79,Career (2013-2026)
26989d80,Shashank Singh,Middle,520,437,35,21,152,118.99,12.81,34.78,51.15,Career (2013-2026)
26989d80,Shashank Singh,Powerplay,99,79,12,2,32,125.32,17.72,40.51,60.61,Career (2013-2026)
26a85969,R Dhawan,Death,400,276,35,16,85,144.93,18.48,30.8,59.0,Career (2013-2026)
26a85969,R Dhawan,Middle,216,217,21,4,98,99.54,11.52,45.16,50.0,Career (2013-2026)
26a8b2fe,Hassan Nawaz,Death,87,50,3,9,19,174.0,24.0,38.0,75.86,Career (2013-2026)
26a8b2fe,Hassan Nawaz,Middle,173,140,13,7,51,123.57,14.29,36.43,54.34,Career (2013-2026)
26a8b2fe,Hassan Nawaz,Powerplay,37,46,4,1,28,80.43,10.87,60.87,59.46,Career (2013-2026)
26b6a4e9,SL Verma,Middle,95,57,7,5,15,166.67,21.05,26.32,61.05,Career (2013-2026)
26d041c4,Sikandar Raza,Death,568,368,45,30,127,154.35,20.38,34.51,63.38,Career (2013-2026)
26d041c4,Sikandar Raza,Middle,862,731,48,36,271,117.92,11.49,37.07,47.33,Career (2013-2026)
26d041c4,Sikandar Raza,Powerplay,110,96,14,2,49,114.58,16.67,51.04,61.82,Career (2013-2026)
26d76ad9,Virat Singh,Death,298,153,26,15,25,194.77,26.8,16.34,65.1,Career (2013-2026)
26d76ad9,Virat Singh,Middle,620,527,40,20,160,117.65,11.39,30.36,45.16,Career (2013-2026)
26d76ad9,Virat Singh,Powerplay,333,294,47,5,140,113.27,17.69,47.62,65.47,Career (2013-2026)
26e5cabf,MK Tiwary,Death,714,501,64,20,134,142.51,16.77,26.75,52.66,Career (2013-2026)
26e5cabf,MK Tiwary,Middle,1210,1092,91,33,393,110.81,11.36,35.99,46.45,Career (2013-2026)
26e5cabf,MK Tiwary,Powerplay,277,298,32,5,160,92.95,12.42,53.69,57.04,Career (2013-2026)
26ff4c29,RJ Peterson,Middle,31,44,2,1,25,70.45,6.82,56.82,45.16,Career (2013-2026)
270e4c23,MS Pepper,Middle,342,250,36,6,78,136.8,16.8,31.2,52.63,Career (2013-2026)
270e4c23,MS Pepper,Powerplay,413,358,58,13,197,115.36,19.83,55.03,75.06,Career (2013-2026)
2712898a,Sirla Srinivas,Death,69,51,6,3,18,135.29,17.65,35.29,60.87,Career (2013-2026)
2712898a,Sirla Srinivas,Middle,36,42,2,2,23,85.71,9.52,54.76,55.56,Career (2013-2026)
271f83cd,SA Yadav,Death,1188,677,119,62,209,175.48,26.74,30.87,71.38,Career (2013-2026)
271f83cd,SA Yadav,Middle,3378,2294,323,125,663,147.25,19.53,28.9,60.45,Career (2013-2026)
271f83cd,SA Yadav,Powerplay,1139,839,157,35,392,135.76,22.88,46.72,73.57,Career (2013-2026)
2728e7e9,P Dogra,Death,236,150,17,12,41,157.33,19.33,27.33,59.32,Career (2013-2026)
2728e7e9,P Dogra,Middle,701,584,31,41,212,120.03,12.33,36.3,52.78,Career (2013-2026)
2728e7e9,P Dogra,Powerplay,133,126,15,4,64,105.56,15.08,50.79,63.16,Career (2013-2026)
272d796e,BR Dunk,Death,149,113,5,6,30,131.86,9.73,26.55,37.58,Career (2013-2026)
272d796e,BR Dunk,Middle,786,623,42,29,184,126.16,11.4,29.53,43.51,Career (2013-2026)
272d796e,BR Dunk,Powerplay,1267,1047,140,34,464,121.01,16.62,44.32,60.3,Career (2013-2026)
278989a3,PJ Bhati,Middle,130,99,10,6,33,131.31,16.16,33.33,58.46,Career (2013-2026)
2795b0f6,Tanveer Ul-Haq,Death,32,42,1,1,20,76.19,4.76,47.62,31.25,Career (2013-2026)
27af6414,BJ Rohrer,Death,435,274,25,22,74,158.76,17.15,27.01,53.33,Career (2013-2026)
27af6414,BJ Rohrer,Middle,671,552,56,14,196,121.56,12.68,35.51,45.9,Career (2013-2026)
27af6414,BJ Rohrer,Powerplay,84,71,12,1,32,118.31,18.31,45.07,64.29,Career (2013-2026)
27ca3a11,C Chetty,Powerplay,57,53,9,1,30,107.55,18.87,56.6,73.68,Career (2013-2026)
27e003ce,MM Lanning,Death,70,41,8,3,14,170.73,26.83,34.15,71.43,Career (2013-2026)
27e003ce,MM Lanning,Middle,224,177,27,4,63,126.55,17.51,35.59,58.93,Career (2013-2026)
27e003ce,MM Lanning,Powerplay,306,247,42,7,117,123.89,19.84,47.37,68.63,Career (2013-2026)
2815fe50,AA Jhunjhunwala,Death,69,51,8,2,18,135.29,19.61,35.29,63.77,Career (2013-2026)
2815fe50,AA Jhunjhunwala,Middle,124,125,9,2,51,99.2,8.8,40.8,38.71,Career (2013-2026)
287ed3a0,GA Elwiss,Death,168,146,17,0,45,115.07,11.64,30.82,40.48,Career (2013-2026)
287ed3a0,GA Elwiss,Middle,143,148,13,0,55,96.62,8.78,37.16,36.36,Career (2013-2026)
28c78fb3,Harpreet Singh,Death,318,159,24,20,35,200.0,27.67,22.01,67.92,Career (2013-2026)
28c78fb3,Harpreet Singh,Middle,734,600,56,21,190,122.33,12.83,31.67,47.68,Career (2013-2026)
28c78fb3,Harpreet Singh,Powerplay,252,259,32,4,132,97.3,13.9,50.97,60.32,Career (2013-2026)
28d6c44d,E Bosch,Death,121,110,12,2,48,110.0,12.73,43.64,49.59,Career (2013-2026)
28d6c44d,E Bosch,Middle,66,72,4,2,35,91.67,8.33,48.61,42.42,Career (2013-2026)
297b26da,Yashpal Singh,Death,179,122,22,4,33,146.72,21.31,27.05,62.57,Career (2013-2026)
297b26da,Yashpal Singh,Middle,320,301,28,5,96,106.31,10.96,31.89,44.38,Career (2013-2026)
297b26da,Yashpal Singh,Powerplay,95,106,12,1,56,89.62,12.26,52.83,56.84,Career (2013-2026)
29e95537,AM Rahane,Death,567,365,49,21,89,155.34,19.18,24.38,56.79,Career (2013-2026)
29e95537,AM Rahane,Middle,2409,1925,166,61,503,125.14,11.79,26.13,42.76,Career (2013-2026)
29e95537,AM Rahane,Powerplay,3073,2472,398,78,1122,124.31,19.26,45.39,67.04,Career (2013-2026)
29ede60b,AL Davies,Death,70,43,6,3,13,162.79,20.93,30.23,60.0,Career (2013-2026)
29ede60b,AL Davies,Middle,224,185,14,3,43,121.08,9.19,23.24,33.04,Career (2013-2026)
29ede60b,AL Davies,Powerplay,230,184,37,3,86,125.0,21.74,46.74,72.17,Career (2013-2026)
2a2e6343,DT Christian,Death,1346,836,100,67,246,161.0,19.98,29.43,59.58,Career (2013-2026)
2a2e6343,DT Christian,Middle,1096,960,53,49,349,114.17,10.62,36.35,46.17,Career (2013-2026)
2a2e6343,DT Christian,Powerplay,95,145,9,3,95,65.52,8.28,65.52,56.84,Career (2013-2026)
2a6afc6f,Saurabh Kumar,Middle,42,41,4,2,21,102.44,14.63,51.22,66.67,Career (2013-2026)
2a72fd4f,Harmeet Singh,Death,98,87,9,2,38,112.64,12.64,43.68,48.98,Career (2013-2026)
2a72fd4f,Harmeet Singh,Middle,128,123,8,5,59,104.07,10.57,47.97,48.44,Career (2013-2026)
2ada2d82,S Gani,Death,90,45,8,5,9,200.0,28.89,20.0,68.89,Career (2013-2026)
2ada2d82,S Gani,Middle,133,159,5,5,75,83.65,6.29,47.17,37.59,Career (2013-2026)
2af1b6d2,AN Ahmed,Death,86,78,7,2,30,110.26,11.54,38.46,46.51,Career (2013-2026)
2b126005,KA Vaz,Middle,149,133,14,1,37,112.03,11.28,27.82,41.61,Career (2013-2026)
2b126005,KA Vaz,Powerplay,55,47,7,1,20,117.02,17.02,42.55,61.82,Career (2013-2026)
2b150c6b,SL Kalis,Death,112,75,15,2,24,149.33,22.67,32.0,64.29,Career (2013-2026)
2b150c6b,SL Kalis,Middle,186,181,20,1,76,102.76,11.6,41.99,46.24,Career (2013-2026)
2b150c6b,SL Kalis,Powerplay,129,123,19,2,66,104.88,17.07,53.66,68.22,Career (2013-2026)
2b55c3b4,JJ Peirson,Death,633,396,57,25,105,159.85,20.71,26.52,59.72,Career (2013-2026)
2b55c3b4,JJ Peirson,Middle,808,767,47,12,235,105.35,7.69,30.64,32.18,Career (2013-2026)
2b55c3b4,JJ Peirson,Powerplay,473,396,58,11,199,119.44,17.42,50.25,63.0,Career (2013-2026)
2b6e6dec,AC Gilchrist,Middle,621,430,43,38,159,144.42,18.84,36.98,64.41,Career (2013-2026)
2b6e6dec,AC Gilchrist,Powerplay,1385,1033,191,49,509,134.08,23.23,49.27,76.39,Career (2013-2026)
2b8f219a,KSA McKenzie,Middle,47,50,0,3,21,94.0,6.0,42.0,38.3,Career (2013-2026)
2b8f219a,KSA McKenzie,Powerplay,223,206,25,10,119,108.25,16.99,57.77,71.75,Career (2013-2026)
2bbab579,Arpit Vasavada,Death,106,70,10,4,19,151.43,20.0,27.14,60.38,Career (2013-2026)
2bbab579,Arpit Vasavada,Middle,205,181,16,3,49,113.26,10.5,27.07,40.0,Career (2013-2026)
2bbab579,Arpit Vasavada,Powerplay,84,67,10,3,28,125.37,19.4,41.79,69.05,Career (2013-2026)
2be41edb,MJ Guptill,Death,151,86,3,12,19,175.58,17.44,22.09,55.63,Career (2013-2026)
2be41edb,MJ Guptill,Middle,680,599,39,25,203,113.52,10.68,33.89,45.0,Career (2013-2026)
2be41edb,MJ Guptill,Powerplay,1181,1053,115,43,499,112.16,15.0,47.39,60.8,Career (2013-2026)
2c06dca9,Mandup Bhutia,Death,35,43,4,1,26,81.4,11.63,60.47,62.86,Career (2013-2026)
2c25d4f5,D Padikkal,Death,176,118,24,3,40,149.15,22.88,33.9,64.77,Career (2013-2026)
2c25d4f5,D Padikkal,Middle,1408,1043,104,66,333,135.0,16.3,31.93,57.67,Career (2013-2026)
2c25d4f5,D Padikkal,Powerplay,1466,1097,195,46,491,133.64,21.97,44.76,72.03,Career (2013-2026)
2c5fb7f6,Rakesh Thakur,Middle,54,66,2,2,30,81.82,6.06,45.45,37.04,Career (2013-2026)
2ca65aee,SJ Bryce,Death,129,109,9,3,32,118.35,11.01,29.36,41.86,Career (2013-2026)
2ca65aee,SJ Bryce,Middle,228,237,19,1,86,96.2,8.44,36.29,35.96,Career (2013-2026)
2ca65aee,SJ Bryce,Powerplay,108,99,15,1,46,109.09,16.16,46.46,61.11,Career (2013-2026)
2cd4271e,Jatin Wadhwan,Middle,248,175,18,12,53,141.71,17.14,30.29,58.06,Career (2013-2026)
2cd4271e,Jatin Wadhwan,Powerplay,218,198,31,3,101,110.1,17.17,51.01,65.14,Career (2013-2026)
2df87089,RR Biswa,Middle,34,43,4,1,28,79.07,11.63,65.12,64.71,Career (2013-2026)
2df87089,RR Biswa,Powerplay,133,147,21,2,91,90.48,15.65,61.9,72.18,Career (2013-2026)
2e0b6638,EA Burns,Death,64,53,7,1,21,120.75,15.09,39.62,53.12,Career (2013-2026)
2e0b6638,EA Burns,Middle,159,135,20,0,47,117.78,14.81,34.81,50.31,Career (2013-2026)
2e0b6638,EA Burns,Powerplay,46,42,9,0,24,109.52,21.43,57.14,78.26,Career (2013-2026)
2e11c706,BCJ Cutting,Death,1268,740,88,89,251,171.35,23.92,33.92,69.87,Career (2013-2026)
2e11c706,BCJ Cutting,Middle,648,592,38,25,239,109.46,10.64,40.37,46.6,Career (2013-2026)
2e11c706,BCJ Cutting,Powerplay,160,111,19,7,52,144.14,23.42,46.85,73.75,Career (2013-2026)
2e171977,AR Patel,Death,1141,739,68,63,187,154.4,17.73,25.3,56.97,Career (2013-2026)
2e171977,AR Patel,Middle,1325,1103,104,50,392,120.13,13.96,35.54,54.04,Career (2013-2026)
2e171977,AR Patel,Powerplay,107,98,13,2,46,109.18,15.31,46.94,59.81,Career (2013-2026)
2e2fe3e8,DP Hyatt,Middle,141,174,10,3,84,81.03,7.47,48.28,41.13,Career (2013-2026)
2e2fe3e8,DP Hyatt,Powerplay,33,61,3,0,39,54.1,4.92,63.93,36.36,Career (2013-2026)
2e802011,Vishnu Solanki,Death,285,154,25,15,33,185.06,25.97,21.43,66.67,Career (2013-2026)
2e802011,Vishnu Solanki,Middle,399,368,24,12,125,108.42,9.78,33.97,42.11,Career (2013-2026)
2e802011,Vishnu Solanki,Powerplay,150,181,17,1,95,82.87,9.94,52.49,49.33,Career (2013-2026)
2e81a32d,B Kumar,Death,359,356,32,7,154,100.84,10.96,43.26,47.35,Career (2013-2026)
2e81a32d,B Kumar,Middle,40,54,4,0,29,74.07,7.41,53.7,40.0,Career (2013-2026)
2e8994e7,JP Duminy,Death,1011,581,63,59,119,174.01,21.0,20.48,59.94,Career (2013-2026)
2e8994e7,JP Duminy,Middle,1043,1005,46,28,312,103.78,7.36,31.04,33.75,Career (2013-2026)
2e8994e7,JP Duminy,Powerplay,266,263,34,7,147,101.14,15.59,55.89,66.92,Career (2013-2026)
2eca67f5,JM Clarke,Death,188,124,18,10,49,151.61,22.58,39.52,70.21,Career (2013-2026)
2eca67f5,JM Clarke,Middle,882,647,56,40,190,136.32,14.84,29.37,52.61,Career (2013-2026)
2eca67f5,JM Clarke,Powerplay,1468,1122,179,40,501,130.84,19.52,44.65,65.12,Career (2013-2026)
2ed569a0,RD Chahar,Death,151,136,14,6,66,111.03,14.71,48.53,60.93,Career (2013-2026)
2f26ac1a,Mohammad Rizwan,Death,61,46,3,3,14,132.61,13.04,30.43,49.18,Career (2013-2026)
2f26ac1a,Mohammad Rizwan,Middle,208,187,17,5,72,111.23,11.76,38.5,47.12,Career (2013-2026)
2f26ac1a,Mohammad Rizwan,Powerplay,145,127,16,4,58,114.17,15.75,45.67,60.69,Career (2013-2026)
2f48362d,Amit Sinha,Death,135,87,10,7,26,155.17,19.54,29.89,60.74,Career (2013-2026)
2f48362d,Amit Sinha,Middle,170,187,7,6,75,90.91,6.95,40.11,37.65,Career (2013-2026)
2f49c897,Mohammed Siraj,Death,128,156,12,4,91,82.05,10.26,58.33,56.25,Career (2013-2026)
2f9a41e7,Ahmed Banday,Powerplay,80,82,8,4,48,97.56,14.63,58.54,70.0,Career (2013-2026)
2f9d0389,LH Ferguson,Death,131,102,9,6,38,128.43,14.71,37.25,54.96,Career (2013-2026)
2fcb040c,Rajat Paliwal,Death,106,75,11,1,13,141.33,16.0,17.33,47.17,Career (2013-2026)
2fcb040c,Rajat Paliwal,Middle,373,331,26,2,78,112.69,8.46,23.56,31.1,Career (2013-2026)
2fcb040c,Rajat Paliwal,Powerplay,42,40,5,0,17,105.0,12.5,42.5,47.62,Career (2013-2026)
2fda74a2,UR Kumar,Middle,70,48,3,6,17,145.83,18.75,35.42,68.57,Career (2013-2026)
30a2649b,CM Gautam,Death,101,77,12,3,30,131.17,19.48,38.96,65.35,Career (2013-2026)
30a2649b,CM Gautam,Middle,90,89,3,4,37,101.12,7.87,41.57,40.0,Career (2013-2026)
30a2649b,CM Gautam,Powerplay,85,77,8,4,43,110.39,15.58,55.84,65.88,Career (2013-2026)
30a45b23,SPD Smith,Death,1087,647,98,45,157,168.01,22.1,24.27,60.9,Career (2013-2026)
30a45b23,SPD Smith,Middle,2522,1969,179,72,544,128.09,12.75,27.63,45.52,Career (2013-2026)
30a45b23,SPD Smith,Powerplay,1428,1087,149,55,450,131.37,18.77,41.4,64.85,Career (2013-2026)
310bddc0,Punit Bisht,Death,136,53,9,12,10,256.6,39.62,18.87,79.41,Career (2013-2026)
310bddc0,Punit Bisht,Middle,208,143,23,8,52,145.45,21.68,36.36,67.31,Career (2013-2026)
310bddc0,Punit Bisht,Powerplay,143,109,20,3,47,131.19,21.1,43.12,68.53,Career (2013-2026)
314642ed,K Sinclair,Powerplay,34,48,5,0,33,70.83,10.42,68.75,58.82,Career (2013-2026)
31adb911,L Filer,Death,94,65,9,3,18,144.62,18.46,27.69,57.45,Career (2013-2026)
31ee319e,Ajay Mandal,Death,164,101,15,8,31,162.38,22.77,30.69,65.85,Career (2013-2026)
31ee319e,Ajay Mandal,Middle,50,83,2,0,43,60.24,2.41,51.81,16.0,Career (2013-2026)
3204c99f,G Coetzee,Death,85,70,3,7,30,121.43,14.29,42.86,63.53,Career (2013-2026)
321644de,AJ Healy,Powerplay,117,77,21,3,41,151.95,31.17,53.25,87.18,Career (2013-2026)
32198ae0,MC Henriques,Death,919,580,69,40,155,158.45,18.79,26.72,56.15,Career (2013-2026)
32198ae0,MC Henriques,Middle,2908,2287,215,80,682,127.15,12.9,29.82,46.08,Career (2013-2026)
32198ae0,MC Henriques,Powerplay,654,629,57,12,270,103.97,10.97,42.93,45.87,Career (2013-2026)
3241e3fd,N Pooran,Death,2464,1305,160,198,407,188.81,27.43,31.19,74.19,Career (2013-2026)
3241e3fd,N Pooran,Middle,5014,3504,279,346,1265,143.09,17.84,36.1,63.66,Career (2013-2026)
3241e3fd,N Pooran,Powerplay,1596,1107,155,106,553,144.17,23.58,49.95,78.7,Career (2013-2026)
3247d54e,S Smale,Death,63,56,5,0,15,112.5,8.93,26.79,31.75,Career (2013-2026)
3247d54e,S Smale,Middle,94,119,6,0,50,78.99,5.04,42.02,25.53,Career (2013-2026)
324a6e1e,Swarajeet Das,Middle,36,52,2,0,25,69.23,3.85,48.08,22.22,Career (2013-2026)
324b9eee,G Redmayne,Death,76,52,11,0,11,146.15,21.15,21.15,57.89,Career (2013-2026)
324b9eee,G Redmayne,Middle,321,274,38,0,87,117.15,13.87,31.75,47.35,Career (2013-2026)
324b9eee,G Redmayne,Powerplay,185,218,25,0,116,84.86,11.47,53.21,54.05,Career (2013-2026)
327b58d3,PVD Chameera,Death,53,49,3,3,23,108.16,12.24,46.94,56.6,Career (2013-2026)
33155d1b,IR Bell,Middle,157,125,10,4,35,125.6,11.2,28.0,40.76,Career (2013-2026)
33155d1b,IR Bell,Powerplay,61,51,8,1,23,119.61,17.65,45.1,62.3,Career (2013-2026)
331ea488,UT Khawaja,Death,126,79,17,2,21,159.49,24.05,26.58,63.49,Career (2013-2026)
331ea488,UT Khawaja,Middle,778,631,59,18,194,123.3,12.2,30.74,44.22,Career (2013-2026)
331ea488,UT Khawaja,Powerplay,1350,1005,193,18,420,134.33,21.0,41.79,65.19,Career (2013-2026)
3355b542,F du Plessis,Death,781,434,64,41,101,179.95,24.19,23.27,64.28,Career (2013-2026)
3355b542,F du Plessis,Middle,3280,2447,190,133,624,134.04,13.2,25.5,47.5,Career (2013-2026)
3355b542,F du Plessis,Powerplay,4574,3230,529,191,1399,141.61,22.29,43.31,71.32,Career (2013-2026)
33609a8c,Saim Ayub,Middle,300,181,12,23,52,165.75,19.34,28.73,62.0,Career (2013-2026)
33609a8c,Saim Ayub,Powerplay,265,216,31,11,105,122.69,19.44,48.61,71.7,Career (2013-2026)
33a364a6,R Bhatia,Death,286,201,23,12,64,142.29,17.41,31.84,57.34,Career (2013-2026)
33a364a6,R Bhatia,Middle,187,214,10,4,87,87.38,6.54,40.65,34.22,Career (2013-2026)
33a364a6,R Bhatia,Powerplay,69,74,7,1,34,93.24,10.81,45.95,49.28,Career (2013-2026)
33ffc3dd,R Sanjay Yadav,Death,177,128,11,10,41,138.28,16.41,32.03,58.76,Career (2013-2026)
33ffc3dd,R Sanjay Yadav,Middle,289,245,13,15,84,117.96,11.43,34.29,49.13,Career (2013-2026)
340202b0,LCN Smith,Death,52,49,3,0,14,106.12,6.12,28.57,23.08,Career (2013-2026)
34819e70,Samarth Vyas,Death,80,44,10,4,16,181.82,31.82,36.36,80.0,Career (2013-2026)
34819e70,Samarth Vyas,Middle,270,191,15,18,67,141.36,17.28,35.08,62.22,Career (2013-2026)
34819e70,Samarth Vyas,Powerplay,162,117,20,8,59,138.46,23.93,50.43,79.01,Career (2013-2026)
34b332d3,DC Drakes,Death,298,217,22,19,92,137.33,18.89,42.4,67.79,Career (2013-2026)
34b332d3,DC Drakes,Middle,59,62,2,3,31,95.16,8.06,50.0,44.07,Career (2013-2026)
34cbc9d2,Sankar Paul,Middle,43,50,2,1,19,86.0,6.0,38.0,32.56,Career (2013-2026)
350bb1b1,AF Milne,Death,117,127,5,4,56,92.13,7.09,44.09,37.61,Career (2013-2026)
35205dfc,DR Smith,Death,341,203,22,24,63,167.98,22.66,31.03,68.04,Career (2013-2026)
35205dfc,DR Smith,Middle,1545,1116,116,87,419,138.44,18.19,37.54,63.82,Career (2013-2026)
35205dfc,DR Smith,Powerplay,2065,1736,258,77,902,118.95,19.3,51.96,72.35,Career (2013-2026)
3540beff,SNJ O'Keefe,Death,149,130,13,2,49,114.62,11.54,37.69,42.95,Career (2013-2026)
3540beff,SNJ O'Keefe,Middle,125,122,8,3,51,102.46,9.02,41.8,40.0,Career (2013-2026)
3540beff,SNJ O'Keefe,Powerplay,43,41,8,0,23,104.88,19.51,56.1,74.42,Career (2013-2026)
3576e47e,S Badrinath,Death,422,278,42,12,68,151.8,19.42,24.46,56.87,Career (2013-2026)
3576e47e,S Badrinath,Middle,837,697,85,15,239,120.09,14.35,34.29,51.37,Career (2013-2026)
3576e47e,S Badrinath,Powerplay,182,237,27,1,153,76.79,11.81,64.56,62.64,Career (2013-2026)
35828bdd,AN Davidson-Richards,Death,135,112,11,2,32,120.54,11.61,28.57,41.48,Career (2013-2026)
35828bdd,AN Davidson-Richards,Middle,265,254,27,0,83,104.33,10.63,32.68,40.75,Career (2013-2026)
35828bdd,AN Davidson-Richards,Powerplay,124,131,21,0,76,94.66,16.03,58.02,67.74,Career (2013-2026)
35ccfdd4,Akash Vasisht,Death,58,42,7,1,13,138.1,19.05,30.95,58.62,Career (2013-2026)
35ccfdd4,Akash Vasisht,Middle,101,80,9,2,21,126.25,13.75,26.25,47.52,Career (2013-2026)
35eb75af,Chirag Gandhi,Death,327,207,27,16,57,157.97,20.77,27.54,62.39,Career (2013-2026)
35eb75af,Chirag Gandhi,Middle,349,333,20,6,98,104.8,7.81,29.43,33.24,Career (2013-2026)
35eb75af,Chirag Gandhi,Powerplay,59,75,6,0,37,78.67,8.0,49.33,40.68,Career (2013-2026)
35f173a0,MP Breetzke,Death,155,89,16,7,27,174.16,25.84,30.34,68.39,Career (2013-2026)
35f173a0,MP Breetzke,Middle,535,447,33,20,145,119.69,11.86,32.44,47.1,Career (2013-2026)
35f173a0,MP Breetzke,Powerplay,579,456,58,26,210,126.97,18.42,46.05,67.01,Career (2013-2026)
367e254b,R Clinton,Powerplay,38,45,3,1,25,84.44,8.89,55.56,47.37,Career (2013-2026)
36d33dd0,RR Sarwan,Middle,83,106,1,1,42,78.3,1.89,39.62,12.05,Career (2013-2026)
36d33dd0,RR Sarwan,Powerplay,45,41,6,1,19,109.76,17.07,46.34,66.67,Career (2013-2026)
36e2dc83,L Harris,Middle,108,63,15,5,26,171.43,31.75,41.27,83.33,Career (2013-2026)
36eafb02,AJ Doolan,Middle,143,130,12,3,45,110.0,11.54,34.62,46.15,Career (2013-2026)
36eafb02,AJ Doolan,Powerplay,222,204,27,1,97,108.82,13.73,47.55,51.35,Career (2013-2026)
372455c4,Q de Kock,Death,488,267,44,28,70,182.77,26.97,26.22,70.49,Career (2013-2026)
372455c4,Q de Kock,Middle,2744,1953,214,113,559,140.5,16.74,28.62,55.9,Career (2013-2026)
372455c4,Q de Kock,Powerplay,3815,2892,402,180,1332,131.92,20.12,46.06,70.46,Career (2013-2026)
378daa89,Aman Hakim Khan,Death,107,70,8,6,24,152.86,20.0,34.29,63.55,Career (2013-2026)
378daa89,Aman Hakim Khan,Middle,69,71,2,5,35,97.18,9.86,49.3,55.07,Career (2013-2026)
37b0f5f9,Bandeep Singh,Middle,109,91,9,3,28,119.78,13.19,30.77,49.54,Career (2013-2026)
37b0f5f9,Bandeep Singh,Powerplay,104,90,12,4,45,115.56,17.78,50.0,69.23,Career (2013-2026)
37fec668,Damodaran Rohit,Middle,128,120,11,4,49,106.67,12.5,40.83,53.12,Career (2013-2026)
37fec668,Damodaran Rohit,Powerplay,274,284,38,6,168,96.48,15.49,59.15,68.61,Career (2013-2026)
38c0d699,Nakul Verma,Middle,172,172,9,1,50,100.0,5.81,29.07,24.42,Career (2013-2026)
38c0d699,Nakul Verma,Powerplay,319,280,42,3,113,113.93,16.07,40.36,58.31,Career (2013-2026)
38c276e1,N McAndrew,Death,275,174,28,11,64,158.05,22.41,36.78,64.73,Career (2013-2026)
38c276e1,N McAndrew,Middle,49,41,4,0,10,119.51,9.76,24.39,32.65,Career (2013-2026)
38f548aa,Saurabh Das,Death,74,49,3,6,17,151.02,18.37,34.69,64.86,Career (2013-2026)
38f548aa,Saurabh Das,Middle,29,51,0,1,27,56.86,1.96,52.94,20.69,Career (2013-2026)
39086549,JR Philippe,Death,230,127,23,7,24,181.1,23.62,18.9,58.26,Career (2013-2026)
39086549,JR Philippe,Middle,1113,740,87,39,173,150.41,17.03,23.38,52.29,Career (2013-2026)
39086549,JR Philippe,Powerplay,1480,1212,166,33,513,122.11,16.42,42.33,58.24,Career (2013-2026)
3979b5e0,L Tucker,Middle,155,130,14,3,41,119.23,13.08,31.54,47.74,Career (2013-2026)
3979b5e0,L Tucker,Powerplay,75,67,11,0,30,111.94,16.42,44.78,58.67,Career (2013-2026)
399b0b94,CT Bancroft,Death,363,230,22,14,51,157.83,15.65,22.17,47.38,Career (2013-2026)
399b0b94,CT Bancroft,Middle,902,738,57,18,175,122.22,10.16,23.71,37.25,Career (2013-2026)
399b0b94,CT Bancroft,Powerplay,765,698,71,17,302,109.6,12.61,43.27,50.46,Career (2013-2026)
39a2dfa8,R Tewatia,Death,1310,771,117,72,223,169.91,24.51,28.92,68.7,Career (2013-2026)
39a2dfa8,R Tewatia,Middle,578,533,53,13,210,108.44,12.38,39.4,50.17,Career (2013-2026)
39d608d4,F O'Neill,Death,54,52,3,1,17,103.85,7.69,32.69,33.33,Career (2013-2026)
39ed0d2f,KS Sharma,Middle,164,131,13,6,42,125.19,14.5,32.06,53.66,Career (2013-2026)
39ed0d2f,KS Sharma,Powerplay,166,151,20,4,69,109.93,15.89,45.7,62.65,Career (2013-2026)
39f01cdb,KP Pietersen,Death,282,168,23,14,44,167.86,22.02,26.19,62.41,Career (2013-2026)
39f01cdb,KP Pietersen,Middle,1298,989,88,54,307,131.24,14.36,31.04,52.08,Career (2013-2026)
39f01cdb,KP Pietersen,Powerplay,772,593,97,19,256,130.19,19.56,43.17,65.03,Career (2013-2026)
39f82db3,DJ Harris,Middle,93,80,5,5,33,116.25,12.5,41.25,53.76,Career (2013-2026)
39f82db3,DJ Harris,Powerplay,255,253,29,5,131,100.79,13.44,51.78,57.25,Career (2013-2026)
3a02626a,AG Paunikar,Powerplay,49,58,9,0,38,84.48,15.52,65.52,73.47,Career (2013-2026)
3a0dc16e,Snehal Kauthankar,Middle,219,196,18,3,54,111.73,10.71,27.55,41.1,Career (2013-2026)
3a0dc16e,Snehal Kauthankar,Powerplay,130,139,16,1,70,93.53,12.23,50.36,53.85,Career (2013-2026)
3a60e0b5,WD Parnell,Death,249,207,22,5,68,120.29,13.04,32.85,47.39,Career (2013-2026)
3a60e0b5,WD Parnell,Middle,116,120,8,4,53,96.67,10.0,44.17,48.28,Career (2013-2026)
3a9b3866,FMK Morris,Middle,85,91,6,1,35,93.41,7.69,38.46,35.29,Career (2013-2026)
3a9e9cb2,SIR Dunkley,Death,158,89,17,5,19,177.53,24.72,21.35,62.03,Career (2013-2026)
3a9e9cb2,SIR Dunkley,Middle,586,460,59,11,140,127.39,15.22,30.43,51.54,Career (2013-2026)
3a9e9cb2,SIR Dunkley,Powerplay,622,462,93,9,203,134.63,22.08,43.94,68.49,Career (2013-2026)
3ae3f034,AUK Pathan,Middle,79,63,9,1,22,125.4,15.87,34.92,53.16,Career (2013-2026)
3ae3f034,AUK Pathan,Powerplay,102,78,15,2,34,130.77,21.79,43.59,70.59,Career (2013-2026)
3b041a12,Tamim Iqbal,Middle,50,44,3,1,13,113.64,9.09,29.55,36.0,Career (2013-2026)
3b041a12,Tamim Iqbal,Powerplay,93,96,14,0,53,96.88,14.58,55.21,60.22,Career (2013-2026)
3b16788a,Tarang Gohel,Powerplay,120,69,14,7,30,173.91,30.43,43.48,81.67,Career (2013-2026)
3b30b8c4,Amit Verma,Death,122,59,6,10,12,206.78,27.12,20.34,68.85,Career (2013-2026)
3b30b8c4,Amit Verma,Middle,259,217,13,12,68,119.35,11.52,31.34,47.88,Career (2013-2026)
3b30b8c4,Amit Verma,Powerplay,65,68,9,2,40,95.59,16.18,58.82,73.85,Career (2013-2026)
3b53243a,XC Bartlett,Death,323,213,28,13,66,151.64,19.25,30.99,58.82,Career (2013-2026)
3b53243a,XC Bartlett,Middle,193,165,13,11,74,116.97,14.55,44.85,61.14,Career (2013-2026)
3b5a9438,BAM Heath,Death,143,105,15,5,39,136.19,19.05,37.14,62.94,Career (2013-2026)
3b5a9438,BAM Heath,Middle,156,118,19,3,41,132.2,18.64,34.75,60.26,Career (2013-2026)
3b5a9438,BAM Heath,Powerplay,32,42,5,0,25,76.19,11.9,59.52,62.5,Career (2013-2026)
3b647e2b,LS Boucher,Middle,58,57,6,1,23,101.75,12.28,40.35,51.72,Career (2013-2026)
3b647e2b,LS Boucher,Powerplay,44,54,7,0,32,81.48,12.96,59.26,63.64,Career (2013-2026)
3b8e7647,SP Krishnamurthi,Death,88,56,6,4,15,157.14,17.86,26.79,54.55,Career (2013-2026)
3b8e7647,SP Krishnamurthi,Middle,383,271,18,28,97,141.33,16.97,35.79,62.66,Career (2013-2026)
3b8e7647,SP Krishnamurthi,Powerplay,167,142,19,7,75,117.61,18.31,52.82,70.66,Career (2013-2026)
3bc10d5b,Pankaj Jaswal,Death,169,88,8,15,31,192.05,26.14,35.23,72.19,Career (2013-2026)
3c28853f,Sediqullah Atal,Middle,135,89,6,9,29,151.69,16.85,32.58,57.78,Career (2013-2026)
3c28853f,Sediqullah Atal,Powerplay,108,103,7,3,44,104.85,9.71,42.72,42.59,Career (2013-2026)
3c34c9e1,S Konstas,Middle,81,91,7,1,39,89.01,8.79,42.86,41.98,Career (2013-2026)
3c34c9e1,S Konstas,Powerplay,187,137,23,5,55,136.5,20.44,40.15,65.24,Career (2013-2026)
3c3adfce,JP Wood,Powerplay,72,55,5,5,26,130.91,18.18,47.27,69.44,Career (2013-2026)
3c55c703,JG Bethell,Death,135,69,11,9,20,195.65,28.99,28.99,72.59,Career (2013-2026)
3c55c703,JG Bethell,Middle,297,244,23,11,82,121.72,13.93,33.61,53.2,Career (2013-2026)
3c55c703,JG Bethell,Powerplay,229,185,26,10,89,123.78,19.46,48.11,71.62,Career (2013-2026)
3c6ffae8,YK Pathan,Death,1349,855,106,68,239,157.78,20.35,27.95,61.68,Career (2013-2026)
3c6ffae8,YK Pathan,Middle,1925,1548,136,91,593,124.35,14.66,38.31,56.62,Career (2013-2026)
3c6ffae8,YK Pathan,Powerplay,362,249,47,16,117,145.38,25.3,46.99,78.45,Career (2013-2026)
3c79f8af,RR Rathod,Death,107,55,8,8,16,194.55,29.09,29.09,74.77,Career (2013-2026)
3c79f8af,RR Rathod,Middle,100,88,5,3,22,113.64,9.09,25.0,38.0,Career (2013-2026)
3c9b7d18,Jaydev Shah,Middle,39,45,3,2,27,86.67,11.11,60.0,61.54,Career (2013-2026)
3c9b7d18,Jaydev Shah,Powerplay,29,40,3,1,26,72.5,10.0,65.0,62.07,Career (2013-2026)
3cea23da,N Sindhu,Middle,102,83,3,6,28,122.89,10.84,33.73,47.06,Career (2013-2026)
3d284ca3,PD Salt,Death,179,112,13,9,28,159.82,19.64,25.0,59.22,Career (2013-2026)
3d284ca3,PD Salt,Middle,1188,805,81,56,218,147.58,17.02,27.08,55.56,Career (2013-2026)
3d284ca3,PD Salt,Powerplay,2635,1698,313,111,684,155.18,24.97,40.28,72.79,Career (2013-2026)
3d51cc7e,Chirag Khurana,Middle,109,88,10,0,22,123.86,11.36,25.0,36.7,Career (2013-2026)
3d51cc7e,Chirag Khurana,Powerplay,125,99,17,1,39,126.26,18.18,39.39,59.2,Career (2013-2026)
3d7e087f,SK Trivedi,Death,42,58,3,1,34,72.41,6.9,58.62,42.86,Career (2013-2026)
3d8348d0,Sibsankar Roy,Middle,285,212,31,3,49,134.43,16.04,23.11,49.82,Career (2013-2026)
3d8348d0,Sibsankar Roy,Powerplay,194,175,22,7,91,110.86,16.57,52.0,67.01,Career (2013-2026)
3d8feaf8,MR Marsh,Death,964,534,65,64,147,180.52,24.16,27.53,66.8,Career (2013-2026)
3d8feaf8,MR Marsh,Middle,2020,1537,133,88,491,131.42,14.38,31.95,52.48,Career (2013-2026)
3d8feaf8,MR Marsh,Powerplay,1474,1037,148,87,479,142.14,22.66,46.19,75.58,Career (2013-2026)
3dba85c2,WA Mota,Middle,33,48,1,0,20,68.75,2.08,41.67,12.12,Career (2013-2026)
3eac9d95,JDP Oram,Death,62,50,4,4,20,124.0,16.0,40.0,64.52,Career (2013-2026)
3eac9d95,JDP Oram,Middle,44,58,2,1,28,75.86,5.17,48.28,31.82,Career (2013-2026)
3edb58fc,AD Mascarenhas,Death,69,62,2,2,19,111.29,6.45,30.65,28.99,Career (2013-2026)
3edb58fc,AD Mascarenhas,Middle,31,43,2,0,20,72.09,4.65,46.51,25.81,Career (2013-2026)
3f659464,OP Stone,Death,24,41,3,0,27,58.54,7.32,65.85,50.0,Career (2013-2026)
3fb19989,MA Starc,Death,88,101,8,0,42,87.13,7.92,41.58,36.36,Career (2013-2026)
3fca55af,S Sohal,Middle,93,71,9,3,24,130.99,16.9,33.8,58.06,Career (2013-2026)
3fca55af,S Sohal,Powerplay,310,249,27,18,129,124.5,18.07,51.81,69.68,Career (2013-2026)
3feda4fa,RL Chase,Death,403,274,25,22,87,147.08,17.15,31.75,57.57,Career (2013-2026)
3feda4fa,RL Chase,Middle,1011,790,90,30,264,127.97,15.19,33.42,53.41,Career (2013-2026)
3feda4fa,RL Chase,Powerplay,257,233,29,9,123,110.3,16.31,52.79,66.15,Career (2013-2026)
3ff033bb,MD Shanaka,Death,567,308,43,41,101,184.09,27.27,32.79,73.72,Career (2013-2026)
3ff033bb,MD Shanaka,Middle,389,287,24,23,106,135.54,16.38,36.93,60.15,Career (2013-2026)
40737b8d,AD Chopra,Powerplay,64,48,8,3,25,133.33,22.92,52.08,78.12,Career (2013-2026)
40c1eeeb,Aniruddha Joshi,Death,244,139,21,12,30,175.54,23.74,21.58,63.93,Career (2013-2026)
40c1eeeb,Aniruddha Joshi,Middle,117,132,7,1,46,88.64,6.06,34.85,29.06,Career (2013-2026)
40caa465,T Kohli,Death,115,84,8,5,27,136.9,15.48,32.14,53.91,Career (2013-2026)
40caa465,T Kohli,Middle,335,282,25,7,78,118.79,11.35,27.66,42.39,Career (2013-2026)
40caa465,T Kohli,Powerplay,373,375,52,5,204,99.47,15.2,54.4,63.81,Career (2013-2026)
40e4cf47,MF Hurst,Middle,87,69,7,4,29,126.09,15.94,42.03,59.77,Career (2013-2026)
40e4cf47,MF Hurst,Powerplay,122,96,8,6,46,127.08,14.58,47.92,55.74,Career (2013-2026)
411cc6c6,Himalaya Barad,Powerplay,85,69,13,1,34,123.19,20.29,49.28,68.24,Career (2013-2026)
4125d931,J Suchith,Death,219,139,18,10,39,157.55,20.14,28.06,60.27,Career (2013-2026)
4125d931,J Suchith,Middle,55,75,5,0,37,73.33,6.67,49.33,36.36,Career (2013-2026)
4175d211,SK Springer,Death,161,110,12,8,37,146.36,18.18,33.64,59.63,Career (2013-2026)
4175d211,SK Springer,Middle,125,157,6,3,73,79.62,5.73,46.5,33.6,Career (2013-2026)
4180d897,JE Taylor,Death,86,76,5,5,35,113.16,13.16,46.05,58.14,Career (2013-2026)
41eb4a4f,R Vinay Kumar,Death,439,350,30,18,128,125.43,13.71,36.57,51.94,Career (2013-2026)
41eb4a4f,R Vinay Kumar,Middle,127,127,7,4,49,100.0,8.66,38.58,40.94,Career (2013-2026)
42046ec9,Amiangshu Sen,Middle,44,43,1,3,22,102.33,9.3,51.16,50.0,Career (2013-2026)
42172c3c,JT Smuts,Death,107,63,8,8,23,169.84,25.4,36.51,74.77,Career (2013-2026)
42172c3c,JT Smuts,Middle,279,218,27,8,67,127.98,16.06,30.73,55.91,Career (2013-2026)
42172c3c,JT Smuts,Powerplay,207,164,26,10,91,126.22,21.95,55.49,79.23,Career (2013-2026)
4312e0fd,NR Hobson,Death,245,148,15,15,43,165.54,20.27,29.05,61.22,Career (2013-2026)
4312e0fd,NR Hobson,Middle,245,198,23,7,72,123.74,15.15,36.36,54.69,Career (2013-2026)
4312e0fd,NR Hobson,Powerplay,64,71,6,0,30,90.14,8.45,42.25,37.5,Career (2013-2026)
4312e8f9,A Sheth,Death,182,123,16,7,38,147.97,18.7,30.89,58.24,Career (2013-2026)
4329fbb5,SR Watson,Death,602,327,45,38,85,184.1,25.38,25.99,67.77,Career (2013-2026)
4329fbb5,SR Watson,Middle,2787,1851,216,156,611,150.57,20.1,33.01,64.59,Career (2013-2026)
4329fbb5,SR Watson,Powerplay,1928,1681,228,75,881,114.69,18.02,52.41,70.64,Career (2013-2026)
436b8481,Pavan Deshpande,Death,93,64,3,7,20,145.31,15.62,31.25,58.06,Career (2013-2026)
436b8481,Pavan Deshpande,Middle,200,153,16,4,39,130.72,13.07,25.49,44.0,Career (2013-2026)
436c763a,BJ McMullen,Middle,132,105,8,4,25,125.71,11.43,23.81,42.42,Career (2013-2026)
436c763a,BJ McMullen,Powerplay,76,62,6,4,28,122.58,16.13,45.16,63.16,Career (2013-2026)
43b01577,Koripalli Sreekanth,Powerplay,41,53,6,0,33,77.36,11.32,62.26,58.54,Career (2013-2026)
44a89551,KS Bharat,Middle,309,248,18,14,85,124.6,12.9,34.27,50.49,Career (2013-2026)
44a89551,KS Bharat,Powerplay,358,363,40,11,192,98.62,14.05,52.89,63.13,Career (2013-2026)
44afbf2d,NJ Maddinson,Death,283,186,25,14,65,152.15,20.97,34.95,65.02,Career (2013-2026)
44afbf2d,NJ Maddinson,Middle,1017,838,59,46,305,121.36,12.53,36.4,50.34,Career (2013-2026)
44afbf2d,NJ Maddinson,Powerplay,963,815,119,36,442,118.16,19.02,54.23,71.86,Career (2013-2026)
451db894,Kamsha Yangfo,Middle,69,125,5,0,75,55.2,4.0,60.0,28.99,Career (2013-2026)
456f6d99,Mukhtar Ahmed,Middle,80,73,7,3,32,109.59,13.7,43.84,57.5,Career (2013-2026)
456f6d99,Mukhtar Ahmed,Powerplay,55,51,6,2,26,107.84,15.69,50.98,65.45,Career (2013-2026)
45963d9e,N Dickwella,Middle,42,54,3,0,24,77.78,5.56,44.44,28.57,Career (2013-2026)
45963d9e,N Dickwella,Powerplay,238,162,25,10,70,146.91,21.6,43.21,67.23,Career (2013-2026)
459a7b0a,R MacDonald-Gay,Death,46,41,4,2,18,112.2,14.63,43.9,60.87,Career (2013-2026)
45a43fe2,RD Gaikwad,Death,342,200,29,18,52,171.0,23.5,26.0,65.5,Career (2013-2026)
45a43fe2,RD Gaikwad,Middle,1634,1161,105,70,287,140.74,15.07,24.72,51.41,Career (2013-2026)
45a43fe2,RD Gaikwad,Powerplay,1995,1548,239,58,657,128.88,19.19,42.44,65.36,Career (2013-2026)
45a62071,T Hinds,Death,58,41,5,3,16,141.46,19.51,39.02,65.52,Career (2013-2026)
45a7e761,Shaheen Shah Afridi,Death,55,44,5,0,13,125.0,11.36,29.55,36.36,Career (2013-2026)
45eda7c8,CA Lynn,Death,675,381,41,45,102,177.17,22.57,26.77,64.3,Career (2013-2026)
45eda7c8,CA Lynn,Middle,3039,2146,190,170,686,141.61,16.78,31.97,58.57,Career (2013-2026)
45eda7c8,CA Lynn,Powerplay,3186,2304,376,143,1088,138.28,22.53,47.22,74.14,Career (2013-2026)
462411b3,JJ Bumrah,Death,67,82,4,1,37,81.71,6.1,45.12,32.84,Career (2013-2026)
465aa633,N Burger,Death,71,71,5,2,30,100.0,9.86,42.25,45.07,Career (2013-2026)
4663bd23,TL Seifert,Death,393,253,33,21,87,155.34,21.34,34.39,65.65,Career (2013-2026)
4663bd23,TL Seifert,Middle,1217,961,71,58,317,126.64,13.42,32.99,51.93,Career (2013-2026)
4663bd23,TL Seifert,Powerplay,1269,889,139,60,389,142.74,22.38,43.76,72.18,Career (2013-2026)
46a9bea1,TU Deshpande,Death,67,50,3,4,21,134.0,14.0,42.0,53.73,Career (2013-2026)
46e4a4e0,M Van Buuren,Death,107,81,9,3,25,132.1,14.81,30.86,50.47,Career (2013-2026)
46e4a4e0,M Van Buuren,Middle,226,221,16,3,82,102.26,8.6,37.1,36.28,Career (2013-2026)
46e4a4e0,M Van Buuren,Powerplay,51,54,7,0,28,94.44,12.96,51.85,54.9,Career (2013-2026)
470f446b,V Suryavanshi,Middle,334,146,20,33,39,228.77,36.3,26.71,83.23,Career (2013-2026)
470f446b,V Suryavanshi,Powerplay,665,293,59,60,112,226.96,40.61,38.23,89.62,Career (2013-2026)
479f9b04,S Milenko,Death,189,129,16,9,44,146.51,19.38,34.11,62.43,Career (2013-2026)
479f9b04,S Milenko,Middle,113,105,6,4,41,107.62,9.52,39.05,42.48,Career (2013-2026)
479f9b04,S Milenko,Powerplay,31,42,2,0,25,73.81,4.76,59.52,25.81,Career (2013-2026)
47dc9794,MW Harvey,Death,151,92,13,7,26,164.13,21.74,28.26,62.25,Career (2013-2026)
47dc9794,MW Harvey,Middle,321,312,25,5,122,102.88,9.62,39.1,40.5,Career (2013-2026)
47dc9794,MW Harvey,Powerplay,293,255,32,6,120,114.9,14.9,47.06,55.97,Career (2013-2026)
47ff3985,Salman Nizar,Death,138,74,6,12,19,186.49,24.32,25.68,69.57,Career (2013-2026)
47ff3985,Salman Nizar,Middle,42,50,1,1,21,84.0,4.0,42.0,23.81,Career (2013-2026)
481dd6dc,Abhay Negi,Death,111,67,9,6,19,165.67,22.39,28.36,64.86,Career (2013-2026)
481dd6dc,Abhay Negi,Middle,59,46,4,4,21,128.26,17.39,45.65,67.8,Career (2013-2026)
486065b3,Hassan Khan,Death,365,195,24,27,55,187.18,26.15,28.21,70.68,Career (2013-2026)
486065b3,Hassan Khan,Middle,523,407,26,36,164,128.5,15.23,40.29,61.19,Career (2013-2026)
486065b3,Hassan Khan,Powerplay,86,63,5,5,25,136.51,15.87,39.68,58.14,Career (2013-2026)
487f5721,Yash Nahar,Middle,82,60,4,5,18,136.67,15.0,30.0,56.1,Career (2013-2026)
487f5721,Yash Nahar,Powerplay,126,125,17,3,73,100.8,16.0,58.4,68.25,Career (2013-2026)
48a1d7b7,SO Hetmyer,Death,2015,1105,140,136,306,182.35,24.98,27.69,68.29,Career (2013-2026)
48a1d7b7,SO Hetmyer,Middle,2921,2104,178,155,694,138.83,15.83,32.98,56.21,Career (2013-2026)
48a1d7b7,SO Hetmyer,Powerplay,592,523,60,24,267,113.19,16.06,51.05,64.86,Career (2013-2026)
48fd7349,MEK Hussey,Death,454,261,41,18,56,173.95,22.61,21.46,59.91,Career (2013-2026)
48fd7349,MEK Hussey,Middle,1326,1061,95,37,298,124.98,12.44,28.09,45.4,Career (2013-2026)
48fd7349,MEK Hussey,Powerplay,969,906,119,19,454,106.95,15.23,50.11,60.89,Career (2013-2026)
49110249,Madhav Kaushik,Powerplay,56,51,7,2,28,109.8,17.65,54.9,71.43,Career (2013-2026)
4933f499,JP Behrendorff,Death,98,98,5,1,30,100.0,6.12,30.61,26.53,Career (2013-2026)
4948a916,Ashutosh Aman,Death,70,79,3,2,31,88.61,6.33,39.24,34.29,Career (2013-2026)
4948a916,Ashutosh Aman,Middle,32,52,1,0,25,61.54,1.92,48.08,12.5,Career (2013-2026)
495d42a5,R Ashwin,Death,505,379,42,18,120,133.25,15.83,31.66,54.65,Career (2013-2026)
495d42a5,R Ashwin,Middle,304,300,19,8,111,101.33,9.0,37.0,40.79,Career (2013-2026)
495d42a5,R Ashwin,Powerplay,78,73,11,3,44,106.85,19.18,60.27,79.49,Career (2013-2026)
4a15018a,Harsh Tyagi,Death,180,123,14,10,45,146.34,19.51,36.59,64.44,Career (2013-2026)
4a15018a,Harsh Tyagi,Middle,96,84,7,4,34,114.29,13.1,40.48,54.17,Career (2013-2026)
4a461c24,LA Dawson,Death,350,234,26,18,79,149.57,18.8,33.76,60.57,Career (2013-2026)
4a461c24,LA Dawson,Middle,113,110,8,1,38,102.73,8.18,34.55,33.63,Career (2013-2026)
4a745f65,AR Nurse,Death,301,259,16,16,110,116.22,12.36,42.47,53.16,Career (2013-2026)
4a745f65,AR Nurse,Middle,126,110,9,7,51,114.55,14.55,46.36,61.9,Career (2013-2026)
4a8a2e3b,MS Dhoni,Death,3468,1982,252,208,539,174.97,23.21,27.19,65.05,Career (2013-2026)
4a8a2e3b,MS Dhoni,Middle,1912,1903,113,56,753,100.47,8.88,39.57,41.21,Career (2013-2026)
4a8a2e3b,MS Dhoni,Powerplay,59,72,10,0,45,81.94,13.89,62.5,67.8,Career (2013-2026)
4ae1755b,HC Brook,Death,355,163,29,23,31,217.79,31.9,19.02,71.55,Career (2013-2026)
4ae1755b,HC Brook,Middle,789,524,69,33,149,150.57,19.47,28.44,60.08,Career (2013-2026)
4ae1755b,HC Brook,Powerplay,247,221,33,4,105,111.76,16.74,47.51,63.16,Career (2013-2026)
4ae89f36,Mohammed Azharuddeen,Death,100,75,5,6,26,133.33,14.67,34.67,56.0,Career (2013-2026)
4ae89f36,Mohammed Azharuddeen,Middle,138,111,5,7,32,124.32,10.81,28.83,44.93,Career (2013-2026)
4ae89f36,Mohammed Azharuddeen,Powerplay,198,198,25,5,107,100.0,15.15,54.04,65.66,Career (2013-2026)
4af886ed,Lakshay Garg,Death,93,75,4,6,26,124.0,13.33,34.67,55.91,Career (2013-2026)
4b167ede,AWJ Auguste,Middle,248,190,15,13,64,130.53,14.74,33.68,55.65,Career (2013-2026)
4b167ede,AWJ Auguste,Powerplay,207,151,24,8,72,137.09,21.19,47.68,69.57,Career (2013-2026)
4b57e452,M Vijay,Death,168,99,11,9,24,169.7,20.2,24.24,58.33,Career (2013-2026)
4b57e452,M Vijay,Middle,1072,812,72,44,256,132.02,14.29,31.53,51.49,Career (2013-2026)
4b57e452,M Vijay,Powerplay,1767,1514,202,52,737,116.71,16.78,48.68,63.38,Career (2013-2026)
4b685e2d,DW Lawrence,Death,313,188,19,15,39,166.49,18.09,20.74,53.04,Career (2013-2026)
4b685e2d,DW Lawrence,Middle,995,748,65,38,217,133.02,13.77,29.01,49.05,Career (2013-2026)
4b685e2d,DW Lawrence,Powerplay,390,308,38,15,130,126.62,17.21,42.21,62.05,Career (2013-2026)
4b788e61,A Campbell,Middle,63,86,4,0,42,73.26,4.65,48.84,25.4,Career (2013-2026)
4ba0289e,HC Knight,Death,92,43,14,2,9,213.95,37.21,20.93,73.91,Career (2013-2026)
4ba0289e,HC Knight,Middle,389,302,47,2,89,128.81,16.23,29.47,51.41,Career (2013-2026)
4ba0289e,HC Knight,Powerplay,116,114,15,1,52,101.75,14.04,45.61,56.9,Career (2013-2026)
4ba2c04d,AJ Nair,Death,99,88,9,2,35,112.5,12.5,39.77,48.48,Career (2013-2026)
4ba2c04d,AJ Nair,Middle,139,113,5,5,34,123.01,8.85,30.09,35.97,Career (2013-2026)
4c450aee,Narsingh Yadav,Middle,82,82,4,4,37,100.0,9.76,45.12,48.78,Career (2013-2026)
4c450aee,Narsingh Yadav,Powerplay,84,124,9,1,80,67.74,8.06,64.52,50.0,Career (2013-2026)
4c5d73db,CR Woakes,Death,229,189,23,6,71,121.16,15.34,37.57,55.9,Career (2013-2026)
4cb5e3d1,Bipin Saurabh,Middle,78,55,6,4,18,141.82,18.18,32.73,61.54,Career (2013-2026)
4cb5e3d1,Bipin Saurabh,Powerplay,116,107,12,4,56,108.41,14.95,52.34,62.07,Career (2013-2026)
4cfda770,Lalhruaizela,Death,75,89,5,3,45,84.27,8.99,50.56,50.67,Career (2013-2026)
4cfda770,Lalhruaizela,Middle,85,170,4,0,98,50.0,2.35,57.65,18.82,Career (2013-2026)
4cfda770,Lalhruaizela,Powerplay,47,111,3,0,78,42.34,2.7,70.27,25.53,Career (2013-2026)
4d4605e6,CL Tryon,Death,188,140,18,4,42,134.29,15.71,30.0,51.06,Career (2013-2026)
4d4605e6,CL Tryon,Middle,140,138,16,1,57,101.45,12.32,41.3,50.0,Career (2013-2026)
4d5a1617,R Bishnoi,Death,80,55,5,5,17,145.45,18.18,30.91,62.5,Career (2013-2026)
4d5a1617,R Bishnoi,Middle,163,155,7,10,69,105.16,10.97,44.52,53.99,Career (2013-2026)
4d5a1617,R Bishnoi,Powerplay,102,77,10,7,42,132.47,22.08,54.55,80.39,Career (2013-2026)
4d6d6280,Salman Butt,Middle,73,57,8,1,18,128.07,15.79,31.58,52.05,Career (2013-2026)
4d6d6280,Salman Butt,Powerplay,104,98,18,1,55,106.12,19.39,56.12,75.0,Career (2013-2026)
4d7f517e,AJ Hosein,Death,550,438,28,31,172,125.57,13.47,39.27,54.18,Career (2013-2026)
4d7f517e,AJ Hosein,Middle,283,306,17,9,135,92.48,8.5,44.12,43.11,Career (2013-2026)
4e04666c,YV Takawale,Middle,67,69,4,1,25,97.1,7.25,36.23,32.84,Career (2013-2026)
4e04666c,YV Takawale,Powerplay,164,179,24,3,113,91.62,15.08,63.13,69.51,Career (2013-2026)
4e18e961,WCF Smeed,Middle,338,222,22,19,70,152.25,18.47,31.53,59.76,Career (2013-2026)
4e18e961,WCF Smeed,Powerplay,640,490,82,20,232,130.61,20.82,47.35,70.0,Career (2013-2026)
4e6ef14f,P Litchfield,Middle,680,412,104,10,127,165.05,27.67,30.83,70.0,Career (2013-2026)
4e6ef14f,P Litchfield,Powerplay,339,279,53,7,147,121.51,21.51,52.69,74.93,Career (2013-2026)
4ec07775,RN ten Doeschate,Death,222,146,18,11,44,152.05,19.86,30.14,62.16,Career (2013-2026)
4ec07775,RN ten Doeschate,Middle,129,114,9,4,39,113.16,11.4,34.21,46.51,Career (2013-2026)
4ed49d3d,AA Herwadkar,Middle,134,140,8,3,52,95.71,7.86,37.14,37.31,Career (2013-2026)
4ed49d3d,AA Herwadkar,Powerplay,284,244,37,5,116,116.39,17.21,47.54,62.68,Career (2013-2026)
4fd09cfc,G Clark,Middle,76,52,9,1,13,146.15,19.23,25.0,55.26,Career (2013-2026)
4fd09cfc,G Clark,Powerplay,81,61,9,3,27,132.79,19.67,44.26,66.67,Career (2013-2026)
5056011d,GJ Bailey,Death,829,463,71,39,106,179.05,23.76,22.89,62.48,Career (2013-2026)
5056011d,GJ Bailey,Middle,1050,891,66,24,252,117.85,10.1,28.28,38.86,Career (2013-2026)
5056011d,GJ Bailey,Powerplay,358,351,50,3,184,101.99,15.1,52.42,60.89,Career (2013-2026)
50636767,RJ Gibson,Death,99,77,8,3,28,128.57,14.29,36.36,50.51,Career (2013-2026)
50636767,RJ Gibson,Middle,106,109,6,1,42,97.25,6.42,38.53,28.3,Career (2013-2026)
50636767,RJ Gibson,Powerplay,80,86,9,1,44,93.02,11.63,51.16,52.5,Career (2013-2026)
508a1ea7,SE Marsh,Death,556,326,40,29,80,170.55,21.17,24.54,60.07,Career (2013-2026)
508a1ea7,SE Marsh,Middle,2862,1967,231,113,543,145.5,17.49,27.61,55.97,Career (2013-2026)
508a1ea7,SE Marsh,Powerplay,1873,1735,253,25,844,107.95,16.02,48.65,62.04,Career (2013-2026)
50c6bc2b,LS Livingstone,Death,825,412,46,72,118,200.24,28.64,28.64,74.67,Career (2013-2026)
50c6bc2b,LS Livingstone,Middle,1751,1309,87,106,422,133.77,14.74,32.24,56.2,Career (2013-2026)
50c6bc2b,LS Livingstone,Powerplay,1047,775,88,66,365,135.1,19.87,47.1,71.44,Career (2013-2026)
519c30cb,CJ Gannon,Death,102,105,5,4,51,97.14,8.57,48.57,43.14,Career (2013-2026)
519c30cb,CJ Gannon,Middle,71,70,6,2,31,101.43,11.43,44.29,50.7,Career (2013-2026)
51a36d3e,GH Worker,Middle,69,64,2,4,25,107.81,9.38,39.06,46.38,Career (2013-2026)
51a3c5ef,MJ McClenaghan,Death,87,82,5,5,42,106.1,12.2,51.22,57.47,Career (2013-2026)
51a60c16,CJ Boyce,Death,323,243,22,19,94,132.92,16.87,38.68,62.54,Career (2013-2026)
51a60c16,CJ Boyce,Middle,47,70,3,0,35,67.14,4.29,50.0,25.53,Career (2013-2026)
521595e7,JEK Rew,Death,88,59,6,3,15,149.15,15.25,25.42,47.73,Career (2013-2026)
521595e7,JEK Rew,Middle,104,101,6,2,33,102.97,7.92,32.67,34.62,Career (2013-2026)
529eb9e0,OC McCoy,Death,80,79,7,5,47,101.27,15.19,59.49,72.5,Career (2013-2026)
52c952d9,T Sangha,Death,45,49,3,1,22,91.84,8.16,44.9,40.0,Career (2013-2026)
52cb36a0,Manisankar Murasingh,Death,274,136,17,18,17,201.47,25.74,12.5,64.23,Career (2013-2026)
52cb36a0,Manisankar Murasingh,Middle,226,213,12,11,82,106.1,10.8,38.5,50.44,Career (2013-2026)
52d1dbc8,BL Mooney,Death,115,52,19,2,8,221.15,40.38,15.38,76.52,Career (2013-2026)
52d1dbc8,BL Mooney,Middle,239,179,27,2,45,133.52,16.2,25.14,50.21,Career (2013-2026)
52d1dbc8,BL Mooney,Powerplay,380,339,55,3,164,112.09,17.11,48.38,62.63,Career (2013-2026)
531f0278,K Santokie,Death,88,81,3,7,41,108.64,12.35,50.62,61.36,Career (2013-2026)
5355e20a,Johnson Singh,Death,49,53,4,2,26,92.45,11.32,49.06,57.14,Career (2013-2026)
5355e20a,Johnson Singh,Middle,96,140,6,2,80,68.57,5.71,57.14,37.5,Career (2013-2026)
53bee17f,DJS Dottin,Death,214,139,20,11,47,153.96,22.3,33.81,68.22,Career (2013-2026)
53bee17f,DJS Dottin,Middle,289,236,33,9,99,122.46,17.8,41.95,64.36,Career (2013-2026)
53bee17f,DJS Dottin,Powerplay,94,100,14,1,60,94.0,15.0,60.0,65.96,Career (2013-2026)
53c5c146,Abhishek Goswami,Middle,74,40,8,4,11,185.0,30.0,27.5,75.68,Career (2013-2026)
53c5c146,Abhishek Goswami,Powerplay,96,106,12,1,58,90.57,12.26,54.72,56.25,Career (2013-2026)
53cd8da6,H Kaur,Middle,126,106,13,1,34,118.87,13.21,32.08,46.03,Career (2013-2026)
53f27a35,BB Samantray,Death,186,103,16,11,27,180.58,26.21,26.21,69.89,Career (2013-2026)
53f27a35,BB Samantray,Middle,256,231,18,7,77,110.82,10.82,33.33,44.53,Career (2013-2026)
53f27a35,BB Samantray,Powerplay,79,88,9,1,47,89.77,11.36,53.41,53.16,Career (2013-2026)
5407500f,Praveen Deshetti,Powerplay,47,45,9,0,26,104.44,20.0,57.78,76.6,Career (2013-2026)
541f85c9,SP Goswami,Death,90,71,7,2,22,126.76,12.68,30.99,44.44,Career (2013-2026)
541f85c9,SP Goswami,Middle,541,409,50,12,112,132.27,15.16,27.38,50.28,Career (2013-2026)
541f85c9,SP Goswami,Powerplay,793,614,111,13,258,129.15,20.2,42.02,65.83,Career (2013-2026)
542fd5a6,IA Cockbain,Death,65,42,5,3,11,154.76,19.05,26.19,58.46,Career (2013-2026)
542fd5a6,IA Cockbain,Middle,204,138,18,8,38,147.83,18.84,27.54,58.82,Career (2013-2026)
542fd5a6,IA Cockbain,Powerplay,83,78,8,1,29,106.41,11.54,37.18,45.78,Career (2013-2026)
5451a2c1,B Chipli,Death,100,56,11,3,10,178.57,25.0,17.86,62.0,Career (2013-2026)
5451a2c1,B Chipli,Middle,125,119,10,3,46,105.04,10.92,38.66,46.4,Career (2013-2026)
5451a2c1,B Chipli,Powerplay,55,76,7,1,49,72.37,10.53,64.47,61.82,Career (2013-2026)
5471b94a,T Flintoff,Middle,53,52,5,0,20,101.92,9.62,38.46,37.74,Career (2013-2026)
54a0e487,Parvez Ahmed,Death,52,71,3,0,35,73.24,4.23,49.3,23.08,Career (2013-2026)
54a0e487,Parvez Ahmed,Middle,23,56,2,0,39,41.07,3.57,69.64,34.78,Career (2013-2026)
54c2b697,M Pretorius,Death,76,60,4,5,26,126.67,15.0,43.33,60.53,Career (2013-2026)
54d9489d,Bibek Diyali,Middle,32,48,3,1,32,66.67,8.33,66.67,56.25,Career (2013-2026)
54d9489d,Bibek Diyali,Powerplay,92,145,11,0,93,63.45,7.59,64.14,47.83,Career (2013-2026)
557153ca,KK Cooper,Death,317,206,19,22,77,153.88,19.9,37.38,65.62,Career (2013-2026)
557153ca,KK Cooper,Middle,54,52,2,2,20,103.85,7.69,38.46,37.04,Career (2013-2026)
5574750c,JC Archer,Death,364,254,17,21,78,143.31,14.96,30.71,53.3,Career (2013-2026)
5574750c,JC Archer,Middle,68,56,4,5,26,121.43,16.07,46.43,67.65,Career (2013-2026)
564714f5,Sohraab Dhaliwal,Death,140,78,9,10,22,179.49,24.36,28.21,68.57,Career (2013-2026)
564714f5,Sohraab Dhaliwal,Middle,73,58,5,3,18,125.86,13.79,31.03,52.05,Career (2013-2026)
5663eaa5,N A Sharma,Death,62,52,4,3,19,119.23,13.46,36.54,54.84,Career (2013-2026)
5663eaa5,N A Sharma,Middle,131,99,10,5,29,132.32,15.15,29.29,53.44,Career (2013-2026)
5673a3fc,NL McCullum,Death,56,52,2,2,19,107.69,7.69,36.54,35.71,Career (2013-2026)
568473e4,MW Tromp,Death,125,71,8,9,19,176.06,23.94,26.76,68.8,Career (2013-2026)
568473e4,MW Tromp,Middle,218,172,16,11,64,126.74,15.7,37.21,59.63,Career (2013-2026)
568473e4,MW Tromp,Powerplay,57,43,4,4,22,132.56,18.6,51.16,70.18,Career (2013-2026)
56ab442f,NM Coulter-Nile,Death,298,222,18,20,98,134.23,17.12,44.14,64.43,Career (2013-2026)
56ab442f,NM Coulter-Nile,Middle,88,81,6,4,40,108.64,12.35,49.38,54.55,Career (2013-2026)
56b93d46,BJ Webster,Death,547,336,38,23,81,162.8,18.15,24.11,53.02,Career (2013-2026)
56b93d46,BJ Webster,Middle,910,837,54,28,294,108.72,9.8,35.13,42.2,Career (2013-2026)
56b93d46,BJ Webster,Powerplay,269,253,26,4,110,106.32,11.86,43.48,47.58,Career (2013-2026)
56c205b7,PJ Forrest,Death,66,56,3,3,19,117.86,10.71,33.93,45.45,Career (2013-2026)
56c205b7,PJ Forrest,Middle,252,238,14,7,89,105.88,8.82,37.39,38.89,Career (2013-2026)
56c205b7,PJ Forrest,Powerplay,160,164,19,0,78,97.56,11.59,47.56,47.5,Career (2013-2026)
5708d0b6,AV Wankhade,Death,446,267,23,28,65,167.04,19.1,24.34,58.3,Career (2013-2026)
5708d0b6,AV Wankhade,Middle,371,324,20,11,91,114.51,9.57,28.09,39.35,Career (2013-2026)
571e1d2a,Shayan Jahangir,Middle,358,238,22,22,76,150.42,18.49,31.93,61.45,Career (2013-2026)
571e1d2a,Shayan Jahangir,Powerplay,562,493,63,20,244,114.0,16.84,49.49,66.19,Career (2013-2026)
5748e866,TD Paine,Death,84,46,10,3,10,182.61,28.26,21.74,69.05,Career (2013-2026)
5748e866,TD Paine,Middle,361,297,26,8,84,121.55,11.45,28.28,42.11,Career (2013-2026)
5748e866,TD Paine,Powerplay,524,462,60,11,217,113.42,15.37,46.97,58.4,Career (2013-2026)
57590dbb,PI Walter,Death,262,172,20,15,58,152.33,20.35,33.72,64.89,Career (2013-2026)
57590dbb,PI Walter,Middle,383,306,24,21,121,125.16,14.71,39.54,57.96,Career (2013-2026)
57590dbb,PI Walter,Powerplay,142,82,17,7,29,173.17,29.27,35.37,77.46,Career (2013-2026)
5786f224,Siddhesh Wath,Middle,70,63,5,3,24,111.11,12.7,38.1,54.29,Career (2013-2026)
5786f224,Siddhesh Wath,Powerplay,95,91,16,1,51,104.4,18.68,56.04,73.68,Career (2013-2026)
57bd3ecc,Hammad Azam,Death,80,52,7,3,15,153.85,19.23,28.85,57.5,Career (2013-2026)
57bd3ecc,Hammad Azam,Middle,94,101,5,4,47,93.07,8.91,46.53,46.81,Career (2013-2026)
57ee1fde,YS Chahal,Death,38,78,0,0,43,48.72,0.0,55.13,0.0,Career (2013-2026)
57efa3be,SB Styris,Middle,88,102,7,1,44,86.27,7.84,43.14,38.64,Career (2013-2026)
58588e5a,Shubham Chaubey,Death,87,48,5,7,14,181.25,25.0,29.17,71.26,Career (2013-2026)
58588e5a,Shubham Chaubey,Middle,71,80,2,2,30,88.75,5.0,37.5,28.17,Career (2013-2026)
58717de2,E Gray,Death,69,55,6,1,15,125.45,12.73,27.27,43.48,Career (2013-2026)
588360ee,PJ Scholfield,Death,115,74,10,5,22,155.41,20.27,29.73,60.87,Career (2013-2026)
588360ee,PJ Scholfield,Middle,206,161,22,5,64,127.95,16.77,39.75,57.28,Career (2013-2026)
588360ee,PJ Scholfield,Powerplay,69,68,10,0,32,101.47,14.71,47.06,57.97,Career (2013-2026)
58c2fac4,A Athanaze,Death,67,49,3,4,14,136.73,14.29,28.57,53.73,Career (2013-2026)
58c2fac4,A Athanaze,Middle,289,269,17,13,108,107.43,11.15,40.15,50.52,Career (2013-2026)
58c2fac4,A Athanaze,Powerplay,105,108,12,3,63,97.22,13.89,58.33,62.86,Career (2013-2026)
593513d5,TIF Triffitt,Death,110,77,7,6,24,142.86,16.88,31.17,58.18,Career (2013-2026)
593513d5,TIF Triffitt,Middle,63,62,5,2,28,101.61,11.29,45.16,50.79,Career (2013-2026)
59559bc2,J Overton,Death,783,472,64,41,151,165.89,22.25,31.99,64.11,Career (2013-2026)
59559bc2,J Overton,Middle,285,239,16,14,89,119.25,12.55,37.24,51.93,Career (2013-2026)
59c8c5b5,Hemang Patel,Middle,35,51,3,0,27,68.63,5.88,52.94,34.29,Career (2013-2026)
59da1e8a,Kangabam Singh,Death,66,66,5,2,30,100.0,10.61,45.45,48.48,Career (2013-2026)
59da1e8a,Kangabam Singh,Middle,110,154,7,2,81,71.43,5.84,52.6,36.36,Career (2013-2026)
59da1e8a,Kangabam Singh,Powerplay,41,70,5,1,49,58.57,8.57,70.0,63.41,Career (2013-2026)
59ddd811,NE Bonner,Death,55,46,5,2,19,119.57,15.22,41.3,58.18,Career (2013-2026)
59ddd811,NE Bonner,Middle,183,214,11,4,99,85.51,7.01,46.26,37.16,Career (2013-2026)
59ddd811,NE Bonner,Powerplay,120,144,11,3,83,83.33,9.72,57.64,51.67,Career (2013-2026)
5a004050,Deepak Punia,Death,62,59,1,4,25,105.08,8.47,42.37,45.16,Career (2013-2026)
5a22d91c,EMDY Munaweera,Powerplay,143,134,16,6,72,106.72,16.42,53.73,69.93,Career (2013-2026)
5afd4539,MS Bisla,Middle,272,235,16,10,86,115.74,11.06,36.6,45.59,Career (2013-2026)
5afd4539,MS Bisla,Powerplay,474,434,70,11,241,109.22,18.66,55.53,73.0,Career (2013-2026)
5b627626,B Aparajith,Death,77,57,3,5,15,135.09,14.04,26.32,54.55,Career (2013-2026)
5b627626,B Aparajith,Middle,353,314,20,9,82,112.42,9.24,26.11,37.96,Career (2013-2026)
5b627626,B Aparajith,Powerplay,150,159,15,4,83,94.34,11.95,52.2,56.0,Career (2013-2026)
5b7ab5a9,CV Varun,Death,31,50,3,0,29,62.0,6.0,58.0,38.71,Career (2013-2026)
5b8c830e,KH Pandya,Death,1012,618,90,46,172,163.75,22.01,27.83,62.85,Career (2013-2026)
5b8c830e,KH Pandya,Middle,1407,1172,115,43,430,120.05,13.48,36.69,51.03,Career (2013-2026)
5b8c830e,KH Pandya,Powerplay,161,173,23,2,102,93.06,14.45,58.96,64.6,Career (2013-2026)
5bb1a1c4,I Sharma,Death,45,56,2,2,30,80.36,7.14,53.57,44.44,Career (2013-2026)
5bb5a915,M Morkel,Death,120,92,10,5,38,130.43,16.3,41.3,58.33,Career (2013-2026)
5bdcdb72,TM Dilshan,Death,209,122,20,9,30,171.31,23.77,24.59,64.11,Career (2013-2026)
5bdcdb72,TM Dilshan,Middle,513,496,49,8,204,103.43,11.49,41.13,47.56,Career (2013-2026)
5bdcdb72,TM Dilshan,Powerplay,599,527,92,10,280,113.66,19.35,53.13,71.45,Career (2013-2026)
5c30d455,G Voll,Middle,112,78,12,2,17,143.59,17.95,21.79,53.57,Career (2013-2026)
5c30d455,G Voll,Powerplay,232,186,37,1,82,124.73,20.43,44.09,66.38,Career (2013-2026)
5c766d24,Ashutosh Singh,Middle,93,92,7,1,33,101.09,8.7,35.87,36.56,Career (2013-2026)
5c766d24,Ashutosh Singh,Powerplay,65,86,6,0,42,75.58,6.98,48.84,36.92,Career (2013-2026)
5cdf8304,JA Davies,Death,103,57,11,5,17,180.7,28.07,29.82,71.84,Career (2013-2026)
5cdf8304,JA Davies,Middle,86,64,8,3,18,134.38,17.19,28.12,58.14,Career (2013-2026)
5d096f3d,RR Powar,Death,67,60,6,1,23,111.67,11.67,38.33,44.78,Career (2013-2026)
5d1e7582,BKG Mendis,Middle,59,40,4,3,11,147.5,17.5,27.5,57.63,Career (2013-2026)
5d1e7582,BKG Mendis,Powerplay,194,129,24,8,58,150.39,24.81,44.96,74.23,Career (2013-2026)
5d2eda89,S Mandhana,Death,100,52,7,6,10,192.31,25.0,19.23,64.0,Career (2013-2026)
5d2eda89,S Mandhana,Middle,352,242,41,7,66,145.45,19.83,27.27,58.52,Career (2013-2026)
5d2eda89,S Mandhana,Powerplay,456,359,69,10,172,127.02,22.01,47.91,73.68,Career (2013-2026)
5d3d423a,Girinath Reddy,Death,120,80,7,7,23,150.0,17.5,28.75,58.33,Career (2013-2026)
5d3d423a,Girinath Reddy,Middle,89,68,5,6,27,130.88,16.18,39.71,62.92,Career (2013-2026)
5d664346,TB Robinson,Middle,59,47,4,2,12,125.53,12.77,25.53,47.46,Career (2013-2026)
5d664346,TB Robinson,Powerplay,107,81,10,4,36,132.1,17.28,44.44,59.81,Career (2013-2026)
5d9a1a73,R Sharma,Death,65,73,5,3,45,89.04,10.96,61.64,58.46,Career (2013-2026)
5e3054d0,PG Dooley,Death,54,63,6,1,35,85.71,11.11,55.56,55.56,Career (2013-2026)
5ec41cd7,Jasdeep Singh,Death,56,51,5,2,22,109.8,13.73,43.14,57.14,Career (2013-2026)
5f26f677,BM Duckett,Death,151,107,16,5,42,141.12,19.63,39.25,62.25,Career (2013-2026)
5f26f677,BM Duckett,Middle,878,624,95,15,166,140.71,17.63,26.6,53.53,Career (2013-2026)
5f26f677,BM Duckett,Powerplay,867,633,119,20,274,136.97,21.96,43.29,68.74,Career (2013-2026)
5f2732f7,Aryan Juyal,Powerplay,42,47,5,1,25,89.36,12.77,53.19,61.9,Career (2013-2026)
5f317fd4,JA Prestwidge,Death,61,47,5,4,25,129.79,19.15,53.19,72.13,Career (2013-2026)
5f317fd4,JA Prestwidge,Middle,87,75,6,4,30,116.0,13.33,40.0,55.17,Career (2013-2026)
5f39537c,Ravi Teja,Death,108,76,9,5,27,142.11,18.42,35.53,61.11,Career (2013-2026)
5f39537c,Ravi Teja,Middle,38,41,1,1,14,92.68,4.88,34.15,26.32,Career (2013-2026)
5f547c8b,Rashid Khan,Death,1244,806,90,83,324,154.34,21.46,40.2,68.97,Career (2013-2026)
5f547c8b,Rashid Khan,Middle,294,227,24,17,104,129.52,18.06,45.81,67.35,Career (2013-2026)
5fa06777,IK Pathan,Death,845,537,76,37,158,157.36,21.04,29.42,62.25,Career (2013-2026)
5fa06777,IK Pathan,Middle,459,502,18,11,187,91.43,5.78,37.25,30.07,Career (2013-2026)
5fa06777,IK Pathan,Powerplay,92,69,12,2,30,133.33,20.29,43.48,65.22,Career (2013-2026)
5ffc0565,V Nigam,Death,84,48,10,4,16,175.0,29.17,33.33,76.19,Career (2013-2026)
5ffc0565,V Nigam,Middle,60,40,6,3,14,150.0,22.5,35.0,70.0,Career (2013-2026)
601398c4,Bikramkumar Das,Middle,137,108,13,1,24,126.85,12.96,22.22,42.34,Career (2013-2026)
601398c4,Bikramkumar Das,Powerplay,128,127,17,1,61,100.79,14.17,48.03,57.81,Career (2013-2026)
6020a3c6,KU Carty,Death,168,102,16,7,30,164.71,22.55,29.41,63.1,Career (2013-2026)
6020a3c6,KU Carty,Middle,425,365,26,17,135,116.44,11.78,36.99,48.47,Career (2013-2026)
6020a3c6,KU Carty,Powerplay,118,146,5,2,69,80.82,4.79,47.26,27.12,Career (2013-2026)
6033d30a,Ritwik Roy Chowdhury,Death,91,66,7,3,18,137.88,15.15,27.27,50.55,Career (2013-2026)
6033d30a,Ritwik Roy Chowdhury,Middle,115,99,11,3,38,116.16,14.14,38.38,53.91,Career (2013-2026)
6042bf26,NJ Rimmington,Death,77,71,1,4,26,108.45,7.04,36.62,36.36,Career (2013-2026)
6042bf26,NJ Rimmington,Middle,48,55,4,0,26,87.27,7.27,47.27,33.33,Career (2013-2026)
60500956,RV Patel,Death,239,133,16,14,25,179.7,22.56,18.8,61.92,Career (2013-2026)
60500956,RV Patel,Middle,85,109,6,2,55,77.98,7.34,50.46,42.35,Career (2013-2026)
605b7efa,MC Juneja,Middle,252,222,21,3,68,113.51,10.81,30.63,40.48,Career (2013-2026)
605b7efa,MC Juneja,Powerplay,69,57,10,0,22,121.05,17.54,38.6,57.97,Career (2013-2026)
6099fd3f,K Bharath Shankar,Powerplay,93,79,15,2,43,117.72,21.52,54.43,77.42,Career (2013-2026)
60aa2db3,LG Pretorius,Death,82,40,6,4,6,205.0,25.0,15.0,58.54,Career (2013-2026)
60aa2db3,LG Pretorius,Middle,432,259,33,22,55,166.8,21.24,21.24,61.11,Career (2013-2026)
60aa2db3,LG Pretorius,Powerplay,769,511,82,41,224,150.49,24.07,43.84,74.64,Career (2013-2026)
60c28835,C Kellaway,Middle,165,124,18,1,32,133.06,15.32,25.81,47.27,Career (2013-2026)
60c28835,C Kellaway,Powerplay,54,62,5,1,33,87.1,9.68,53.23,48.15,Career (2013-2026)
60c6038a,Ashish Thapa,Middle,69,128,2,0,68,53.91,1.56,53.12,11.59,Career (2013-2026)
60c6038a,Ashish Thapa,Powerplay,89,148,7,1,91,60.14,5.41,61.49,38.2,Career (2013-2026)
60f4c586,OG Robinson,Powerplay,49,40,6,2,19,122.5,20.0,47.5,73.47,Career (2013-2026)
60fbf53a,D Potgieter,Death,309,206,24,17,75,150.0,19.9,36.41,64.08,Career (2013-2026)
60fbf53a,D Potgieter,Middle,52,65,2,2,31,80.0,6.15,47.69,38.46,Career (2013-2026)
6165bca6,A Mukund,Middle,91,57,7,4,15,159.65,19.3,26.32,57.14,Career (2013-2026)
6165bca6,A Mukund,Powerplay,98,100,10,1,45,98.0,11.0,45.0,46.94,Career (2013-2026)
619aa81f,W Jaffer,Powerplay,77,89,9,1,49,86.52,11.24,55.06,54.55,Career (2013-2026)
61a3c20c,Palzor Tamang,Death,64,67,9,0,33,95.52,13.43,49.25,56.25,Career (2013-2026)
61a3c20c,Palzor Tamang,Middle,43,94,4,1,69,45.74,5.32,73.4,51.16,Career (2013-2026)
61b9410c,Langlonyamba Meitan Keishangbam,Death,58,43,3,1,7,134.88,9.3,16.28,31.03,Career (2013-2026)
61b9410c,Langlonyamba Meitan Keishangbam,Middle,86,119,4,0,53,72.27,3.36,44.54,18.6,Career (2013-2026)
61b9410c,Langlonyamba Meitan Keishangbam,Powerplay,32,60,2,0,36,53.33,3.33,60.0,25.0,Career (2013-2026)
61e93009,Shivendra Singh,Death,39,43,2,1,19,90.7,6.98,44.19,35.9,Career (2013-2026)
62175638,Karim Janat,Death,70,49,1,7,20,142.86,16.33,40.82,65.71,Career (2013-2026)
622cc511,U Kaul,Middle,68,72,5,0,21,94.44,6.94,29.17,29.41,Career (2013-2026)
622cc511,U Kaul,Powerplay,33,45,3,0,23,73.33,6.67,51.11,36.36,Career (2013-2026)
626c5379,R Sathish,Death,172,122,15,5,36,140.98,16.39,29.51,52.33,Career (2013-2026)
626c5379,R Sathish,Middle,118,111,8,3,46,106.31,9.91,41.44,42.37,Career (2013-2026)
6287d981,MJ Ackerman,Middle,91,86,5,1,27,105.81,6.98,31.4,28.57,Career (2013-2026)
6287d981,MJ Ackerman,Powerplay,88,53,12,3,21,166.04,28.3,39.62,75.0,Career (2013-2026)
62af8546,Mohammad Nabi,Death,748,465,53,47,154,160.86,21.51,33.12,66.04,Career (2013-2026)
62af8546,Mohammad Nabi,Middle,711,665,46,22,265,106.92,10.23,39.85,44.44,Career (2013-2026)
62af8546,Mohammad Nabi,Powerplay,74,52,6,4,22,142.31,19.23,42.31,64.86,Career (2013-2026)
62dad180,KB Pawan,Death,122,80,5,8,20,152.5,16.25,25.0,55.74,Career (2013-2026)
62dad180,KB Pawan,Middle,279,273,23,6,104,102.2,10.62,38.1,45.88,Career (2013-2026)
62dad180,KB Pawan,Powerplay,72,65,7,3,33,110.77,15.38,50.77,63.89,Career (2013-2026)
62e07f92,KH Devdhar,Death,156,85,17,8,25,183.53,29.41,29.41,74.36,Career (2013-2026)
62e07f92,KH Devdhar,Middle,499,430,38,14,143,116.05,12.09,33.26,47.29,Career (2013-2026)
62e07f92,KH Devdhar,Powerplay,777,660,110,9,291,117.73,18.03,44.09,63.58,Career (2013-2026)
62ef4abe,HJ Hunt,Middle,56,49,3,2,18,114.29,10.2,36.73,42.86,Career (2013-2026)
62ef4abe,HJ Hunt,Powerplay,98,94,10,2,46,104.26,12.77,48.94,53.06,Career (2013-2026)
6359ffe3,Agniv Pan,Middle,47,56,4,1,27,83.93,8.93,48.21,46.81,Career (2013-2026)
6375ef6a,Qamran Iqbal,Middle,72,68,4,4,30,105.88,11.76,44.12,55.56,Career (2013-2026)
6375ef6a,Qamran Iqbal,Powerplay,129,119,13,5,60,108.4,15.13,50.42,63.57,Career (2013-2026)
63e3b6b3,M Kapp,Death,296,178,32,10,46,166.29,23.6,25.84,63.51,Career (2013-2026)
63e3b6b3,M Kapp,Middle,603,483,62,11,152,124.84,15.11,31.47,52.07,Career (2013-2026)
63e3b6b3,M Kapp,Powerplay,85,92,10,3,55,92.39,14.13,59.78,68.24,Career (2013-2026)
641ac5ff,IS Sodhi,Death,36,44,1,2,23,81.82,6.82,52.27,44.44,Career (2013-2026)
645eaa96,Wasiqur Rahman,Death,57,48,2,3,18,118.75,10.42,37.5,45.61,Career (2013-2026)
645eaa96,Wasiqur Rahman,Middle,35,47,1,1,21,74.47,4.26,44.68,28.57,Career (2013-2026)
64677a10,UR Patel,Death,64,47,4,3,14,136.17,14.89,29.79,53.12,Career (2013-2026)
64677a10,UR Patel,Middle,48,43,2,0,9,111.63,4.65,20.93,16.67,Career (2013-2026)
64775749,RP Meredith,Death,40,42,4,0,18,95.24,9.52,42.86,40.0,Career (2013-2026)
647a48da,AJ Pienaar,Death,351,215,23,20,56,163.26,20.0,26.05,60.4,Career (2013-2026)
647a48da,AJ Pienaar,Middle,87,95,6,2,42,91.58,8.42,44.21,41.38,Career (2013-2026)
64c34cd0,Shoaib Malik,Death,378,245,24,19,56,154.29,17.55,22.86,55.56,Career (2013-2026)
64c34cd0,Shoaib Malik,Middle,1145,995,69,28,278,115.08,9.75,27.94,38.78,Career (2013-2026)
64c34cd0,Shoaib Malik,Powerplay,322,335,30,6,165,96.12,10.75,49.25,48.45,Career (2013-2026)
64d43928,Sohail Tanvir,Death,309,210,16,22,71,147.14,18.1,33.81,63.43,Career (2013-2026)
64d43928,Sohail Tanvir,Middle,152,153,10,4,64,99.35,9.15,41.83,42.11,Career (2013-2026)
64d43928,Sohail Tanvir,Powerplay,92,74,12,4,41,124.32,21.62,55.41,78.26,Career (2013-2026)
64f5120c,M Nandu,Powerplay,35,49,3,0,26,71.43,6.12,53.06,34.29,Career (2013-2026)
650d5e49,R Powell,Death,1781,951,105,148,296,187.28,26.6,31.13,73.44,Career (2013-2026)
650d5e49,R Powell,Middle,2074,1709,121,118,690,121.36,13.98,40.37,57.47,Career (2013-2026)
650d5e49,R Powell,Powerplay,204,233,15,12,148,87.55,11.59,63.52,64.71,Career (2013-2026)
6581d753,JM Kemp,Death,36,40,1,1,15,90.0,5.0,37.5,27.78,Career (2013-2026)
65b6943c,L Wood,Death,133,112,8,4,42,118.75,10.71,37.5,42.11,Career (2013-2026)
65b6943c,L Wood,Middle,39,55,3,0,26,70.91,5.45,47.27,30.77,Career (2013-2026)
65d9b6b6,A Sutherland,Death,215,116,17,11,23,185.34,24.14,19.83,62.33,Career (2013-2026)
65d9b6b6,A Sutherland,Middle,511,399,42,14,117,128.07,14.04,29.32,49.32,Career (2013-2026)
65d9b6b6,A Sutherland,Powerplay,95,78,15,0,33,121.79,19.23,42.31,63.16,Career (2013-2026)
66162077,J Bishop,Death,65,47,4,5,21,138.3,19.15,44.68,70.77,Career (2013-2026)
662c47a6,Y Nagar,Death,179,127,15,8,47,140.94,18.11,37.01,60.34,Career (2013-2026)
662c47a6,Y Nagar,Middle,144,184,9,1,82,78.26,5.43,44.57,29.17,Career (2013-2026)
662c47a6,Y Nagar,Powerplay,53,47,9,0,24,112.77,19.15,51.06,67.92,Career (2013-2026)
663b5e34,PN Mankad,Death,237,132,24,10,31,179.55,25.76,23.48,65.82,Career (2013-2026)
663b5e34,PN Mankad,Middle,416,324,42,11,99,128.4,16.36,30.56,56.25,Career (2013-2026)
663b5e34,PN Mankad,Powerplay,125,95,15,5,48,131.58,21.05,50.53,72.0,Career (2013-2026)
66b30f71,AB Dinda,Death,68,89,4,2,48,76.4,6.74,53.93,41.18,Career (2013-2026)
66cf56a5,A Mithun,Death,68,57,7,3,28,119.3,17.54,49.12,67.65,Career (2013-2026)
672d7379,KA Anderson,Middle,80,69,3,2,17,115.94,7.25,24.64,30.0,Career (2013-2026)
673314ef,Rohan Kadam,Death,109,57,9,8,18,191.23,29.82,31.58,77.06,Career (2013-2026)
673314ef,Rohan Kadam,Middle,448,342,38,13,101,130.99,14.91,29.53,51.34,Career (2013-2026)
673314ef,Rohan Kadam,Powerplay,438,362,65,6,163,120.99,19.61,45.03,67.58,Career (2013-2026)
6794586e,RD Banik,Powerplay,29,44,2,0,23,65.91,4.55,52.27,27.59,Career (2013-2026)
67b9536c,SR Hain,Death,265,163,30,7,40,162.58,22.7,24.54,61.13,Career (2013-2026)
67b9536c,SR Hain,Middle,405,391,18,6,106,103.58,6.14,27.11,26.67,Career (2013-2026)
67b9536c,SR Hain,Powerplay,111,105,15,2,56,105.71,16.19,53.33,64.86,Career (2013-2026)
68e26ec9,M Kelly,Death,128,98,11,4,36,130.61,15.31,36.73,53.12,Career (2013-2026)
68e26ec9,M Kelly,Middle,166,152,12,2,47,109.21,9.21,30.92,36.14,Career (2013-2026)
68e26ec9,M Kelly,Powerplay,214,180,35,1,89,118.89,20.0,49.44,68.22,Career (2013-2026)
69be866a,Anureet Singh,Death,94,110,6,3,54,85.45,8.18,49.09,44.68,Career (2013-2026)
69be866a,Anureet Singh,Middle,76,65,5,6,35,116.92,16.92,53.85,73.68,Career (2013-2026)
69cbffb8,Rajjakuddin Ahmed,Death,166,108,15,7,31,153.7,20.37,28.7,61.45,Career (2013-2026)
69cbffb8,Rajjakuddin Ahmed,Middle,162,121,11,11,54,133.88,18.18,44.63,67.9,Career (2013-2026)
69d03465,AT Carey,Death,260,166,27,8,48,156.63,21.08,28.92,60.0,Career (2013-2026)
69d03465,AT Carey,Middle,970,746,82,24,225,130.03,14.21,30.16,48.66,Career (2013-2026)
69d03465,AT Carey,Powerplay,788,631,91,21,265,124.88,17.75,42.0,62.18,Career (2013-2026)
6a26221c,AK Markram,Death,601,322,45,35,66,186.65,24.84,20.5,64.89,Career (2013-2026)
6a26221c,AK Markram,Middle,1699,1310,106,56,323,129.69,12.37,24.66,44.73,Career (2013-2026)
6a26221c,AK Markram,Powerplay,764,632,95,21,288,120.89,18.35,45.57,66.23,Career (2013-2026)
6a434bd3,KH Brunt,Death,41,44,3,0,16,93.18,6.82,36.36,29.27,Career (2013-2026)
6a434bd3,KH Brunt,Middle,93,107,8,0,43,86.92,7.48,40.19,34.41,Career (2013-2026)
6afb26d6,MD Mishra,Middle,81,65,6,3,23,124.62,13.85,35.38,51.85,Career (2013-2026)
6afb26d6,MD Mishra,Powerplay,129,124,17,3,69,104.03,16.13,55.65,66.67,Career (2013-2026)
6b07035d,K Alleyne,Middle,128,102,7,7,37,125.49,13.73,36.27,54.69,Career (2013-2026)
6b07035d,K Alleyne,Powerplay,205,146,18,12,65,140.41,20.55,44.52,70.24,Career (2013-2026)
6b07c151,TA Willett,Middle,53,55,1,4,27,96.36,9.09,49.09,52.83,Career (2013-2026)
6b0db726,J Andrew,Middle,168,166,10,5,66,101.2,9.04,39.76,41.67,Career (2013-2026)
6b0db726,J Andrew,Powerplay,147,119,14,8,59,123.53,18.49,49.58,70.75,Career (2013-2026)
6b19d823,A Mishra,Death,317,300,30,5,117,105.67,11.67,39.0,47.32,Career (2013-2026)
6b19d823,A Mishra,Middle,120,165,8,0,75,72.73,4.85,45.45,26.67,Career (2013-2026)
6b2ff18f,SB Dubey,Death,238,134,18,16,40,177.61,25.37,29.85,70.59,Career (2013-2026)
6b2ff18f,SB Dubey,Middle,192,173,12,6,56,110.98,10.4,32.37,43.75,Career (2013-2026)
6b71e6cf,KC Sangakkara,Death,318,204,34,9,59,155.88,21.08,28.92,59.75,Career (2013-2026)
6b71e6cf,KC Sangakkara,Middle,1457,1205,125,30,373,120.91,12.86,30.95,46.67,Career (2013-2026)
6b71e6cf,KC Sangakkara,Powerplay,815,685,123,11,334,118.98,19.56,48.76,68.47,Career (2013-2026)
6b8eb6e5,S Sreesanth,Death,34,55,6,0,41,61.82,10.91,74.55,70.59,Career (2013-2026)
6c19c6e5,YBK Jaiswal,Death,101,51,10,7,16,198.04,33.33,31.37,81.19,Career (2013-2026)
6c19c6e5,YBK Jaiswal,Middle,946,684,84,35,202,138.3,17.4,29.53,57.72,Career (2013-2026)
6c19c6e5,YBK Jaiswal,Powerplay,1895,1232,262,79,571,153.81,27.68,46.35,80.32,Career (2013-2026)
6c6591ab,PP Ojha,Death,19,47,0,0,29,40.43,0.0,61.7,0.0,Career (2013-2026)
6c6cc94c,Amandeep Khare,Death,241,136,19,13,31,177.21,23.53,22.79,63.9,Career (2013-2026)
6c6cc94c,Amandeep Khare,Middle,356,341,20,7,103,104.4,7.92,30.21,34.27,Career (2013-2026)
6c6cc94c,Amandeep Khare,Powerplay,161,177,15,3,87,90.96,10.17,49.15,48.45,Career (2013-2026)
6c79c098,DA Payne,Death,94,76,1,6,27,123.68,9.21,35.53,42.55,Career (2013-2026)
6c7a68d0,Shubham Ranjane,Death,398,229,35,18,50,173.8,23.14,21.83,62.31,Career (2013-2026)
6c7a68d0,Shubham Ranjane,Middle,495,492,31,8,157,100.61,7.93,31.91,34.75,Career (2013-2026)
6c7a68d0,Shubham Ranjane,Powerplay,117,97,12,5,47,120.62,17.53,48.45,66.67,Career (2013-2026)
6c882e9a,PBB Rajapaksa,Middle,395,292,26,21,102,135.27,16.1,34.93,58.23,Career (2013-2026)
6c882e9a,PBB Rajapaksa,Powerplay,174,118,22,9,58,147.46,26.27,49.15,81.61,Career (2013-2026)
6ceb94d0,T Kelly,Death,166,126,11,5,38,131.75,12.7,30.16,44.58,Career (2013-2026)
6ceb94d0,T Kelly,Middle,217,189,13,5,59,114.81,9.52,31.22,37.79,Career (2013-2026)
6d981899,Rana Dutta,Death,55,50,5,0,13,110.0,10.0,26.0,36.36,Career (2013-2026)
6dbcf855,VH Zol,Middle,39,41,3,0,14,95.12,7.32,34.15,30.77,Career (2013-2026)
6dbcf855,VH Zol,Powerplay,122,121,15,2,62,100.83,14.05,51.24,59.02,Career (2013-2026)
6dd8b88c,Usama Mir,Death,109,72,13,5,34,151.39,25.0,47.22,75.23,Career (2013-2026)
6dd8b88c,Usama Mir,Middle,36,59,2,1,37,61.02,5.08,62.71,38.89,Career (2013-2026)
6e6fb538,JL du Plooy,Death,348,204,32,16,56,170.59,23.53,27.45,64.37,Career (2013-2026)
6e6fb538,JL du Plooy,Middle,968,757,76,24,214,127.87,13.21,28.27,46.28,Career (2013-2026)
6e6fb538,JL du Plooy,Powerplay,492,380,53,21,176,129.47,19.47,46.32,68.7,Career (2013-2026)
6e8d1234,Vijay Sharma,Death,82,64,7,2,23,128.12,14.06,35.94,48.78,Career (2013-2026)
6eb146d2,Gurkeerat Singh,Death,380,252,34,19,78,150.79,21.03,30.95,65.79,Career (2013-2026)
6eb146d2,Gurkeerat Singh,Middle,702,602,58,24,226,116.61,13.62,37.54,53.56,Career (2013-2026)
6eb146d2,Gurkeerat Singh,Powerplay,104,86,17,2,48,120.93,22.09,55.81,76.92,Career (2013-2026)
6f02fe2a,Waseem Muhammad,Middle,443,322,22,29,113,137.58,15.84,35.09,59.14,Career (2013-2026)
6f02fe2a,Waseem Muhammad,Powerplay,779,565,76,38,249,137.88,20.18,44.07,68.29,Career (2013-2026)
6f0f39fb,Umang Sharma,Middle,140,77,12,8,14,181.82,25.97,18.18,68.57,Career (2013-2026)
6f0f39fb,Umang Sharma,Powerplay,78,60,9,2,23,130.0,18.33,38.33,61.54,Career (2013-2026)
6f2093a8,Karnajit Yumnam,Powerplay,52,88,6,0,58,59.09,6.82,65.91,46.15,Career (2013-2026)
6f4c73ce,RS Primus,Death,337,241,21,20,88,139.83,17.01,36.51,60.53,Career (2013-2026)
6f4c73ce,RS Primus,Middle,83,98,4,3,44,84.69,7.14,44.9,40.96,Career (2013-2026)
6fa5314b,Kishan Parmar,Middle,65,59,4,2,21,110.17,10.17,35.59,43.08,Career (2013-2026)
6fa5314b,Kishan Parmar,Powerplay,99,93,14,3,54,106.45,18.28,58.06,74.75,Career (2013-2026)
6fd0c8e1,JD Campbell,Middle,89,77,10,2,31,115.58,15.58,40.26,58.43,Career (2013-2026)
6ffbf04c,KM Chathli,Middle,124,90,19,1,33,137.78,22.22,36.67,66.13,Career (2013-2026)
6ffbf04c,KM Chathli,Powerplay,160,130,22,3,62,123.08,19.23,47.69,66.25,Career (2013-2026)
7023d182,AN Ghosh,Middle,49,56,4,0,22,87.5,7.14,39.29,32.65,Career (2013-2026)
7050a1e7,DB Das,Death,155,135,14,3,46,114.81,12.59,34.07,47.74,Career (2013-2026)
7050a1e7,DB Das,Middle,139,127,5,11,60,109.45,12.6,47.24,61.87,Career (2013-2026)
7050a1e7,DB Das,Powerplay,58,53,6,3,31,109.43,16.98,58.49,72.41,Career (2013-2026)
709b0bac,SS Tiwary,Death,644,421,48,28,102,152.97,18.05,24.23,55.9,Career (2013-2026)
709b0bac,SS Tiwary,Middle,1232,1099,75,44,381,112.1,10.83,34.67,45.78,Career (2013-2026)
709b0bac,SS Tiwary,Powerplay,274,238,39,3,110,115.13,17.65,46.22,63.5,Career (2013-2026)
70a9b353,Rahul Buddhi,Death,124,78,11,5,20,158.97,20.51,25.64,59.68,Career (2013-2026)
70a9b353,Rahul Buddhi,Middle,105,107,11,0,42,98.13,10.28,39.25,41.9,Career (2013-2026)
70b8fd28,A Lyth,Middle,122,92,7,6,32,132.61,14.13,34.78,52.46,Career (2013-2026)
70b8fd28,A Lyth,Powerplay,419,313,41,19,139,133.87,19.17,44.41,66.35,Career (2013-2026)
70d205c9,AT Rayudu,Death,1377,818,101,78,205,168.34,21.88,25.06,63.33,Career (2013-2026)
70d205c9,AT Rayudu,Middle,2784,2333,204,96,764,119.33,12.86,32.75,50.0,Career (2013-2026)
70d205c9,AT Rayudu,Powerplay,890,833,105,27,422,106.84,15.85,50.66,65.39,Career (2013-2026)
710dd98c,MN van Wyk,Death,66,43,7,1,10,153.49,18.6,23.26,51.52,Career (2013-2026)
710dd98c,MN van Wyk,Middle,73,64,7,0,17,114.06,10.94,26.56,38.36,Career (2013-2026)
7183799b,M Deyal,Middle,262,227,24,9,94,115.42,14.54,41.41,57.25,Career (2013-2026)
7183799b,M Deyal,Powerplay,414,279,43,23,127,148.39,23.66,45.52,74.88,Career (2013-2026)
719c5146,I Khan,Middle,48,49,4,1,20,97.96,10.2,40.82,45.83,Career (2013-2026)
71ee052e,Aanshul Gupta,Middle,107,95,5,3,27,112.63,8.42,28.42,35.51,Career (2013-2026)
71ee052e,Aanshul Gupta,Powerplay,97,104,9,2,47,93.27,10.58,45.19,49.48,Career (2013-2026)
72166006,GM Harris,Middle,203,128,25,5,34,158.59,23.44,26.56,64.04,Career (2013-2026)
72166006,GM Harris,Powerplay,132,108,19,4,54,122.22,21.3,50.0,75.76,Career (2013-2026)
721e0199,RM Ghosh,Death,59,48,5,3,22,122.92,16.67,45.83,64.41,Career (2013-2026)
721e0199,RM Ghosh,Middle,209,182,21,7,80,114.84,15.38,43.96,60.29,Career (2013-2026)
722ca1f2,Keshav Kumar,Middle,68,79,8,0,37,86.08,10.13,46.84,47.06,Career (2013-2026)
725529bc,SC Ganguly,Death,190,103,9,16,31,184.47,24.27,30.1,69.47,Career (2013-2026)
725529bc,SC Ganguly,Middle,630,642,52,17,283,98.13,10.75,44.08,49.21,Career (2013-2026)
725529bc,SC Ganguly,Powerplay,529,518,76,9,285,102.12,16.41,55.02,67.67,Career (2013-2026)
72861603,GC Smith,Death,66,40,9,1,10,165.0,25.0,25.0,63.64,Career (2013-2026)
72861603,GC Smith,Middle,299,241,26,8,78,124.07,14.11,32.37,50.84,Career (2013-2026)
72861603,GC Smith,Powerplay,374,387,59,0,209,96.64,15.25,54.01,63.1,Career (2013-2026)
72918338,AHT Donald,Powerplay,94,50,11,5,16,188.0,32.0,32.0,78.72,Career (2013-2026)
7306c48d,G Scrivens,Death,52,40,3,0,7,130.0,7.5,17.5,23.08,Career (2013-2026)
7306c48d,G Scrivens,Middle,134,133,18,0,58,100.75,13.53,43.61,53.73,Career (2013-2026)
7306c48d,G Scrivens,Powerplay,177,192,28,0,106,92.19,14.58,55.21,63.28,Career (2013-2026)
732c038e,KIC Asalanka,Death,91,59,8,5,21,154.24,22.03,35.59,68.13,Career (2013-2026)
732c038e,KIC Asalanka,Middle,201,158,9,10,45,127.22,12.03,28.48,47.76,Career (2013-2026)
736123bb,DN Wellalage,Middle,57,55,6,0,21,103.64,10.91,38.18,42.11,Career (2013-2026)
73ad96ed,DJ Hooda,Death,618,398,41,33,109,155.28,18.59,27.39,58.58,Career (2013-2026)
73ad96ed,DJ Hooda,Middle,1433,1114,85,59,325,128.64,12.93,29.17,48.43,Career (2013-2026)
73ad96ed,DJ Hooda,Powerplay,304,290,37,4,136,104.83,14.14,46.9,56.58,Career (2013-2026)
73c18486,KR Mayers,Death,339,226,20,23,81,150.0,19.03,35.84,64.31,Career (2013-2026)
73c18486,KR Mayers,Middle,916,744,48,59,300,123.12,14.38,40.32,59.61,Career (2013-2026)
73c18486,KR Mayers,Powerplay,1491,1129,169,82,613,132.06,22.23,54.3,78.34,Career (2013-2026)
73f1f6b0,TA Lammonby,Middle,80,66,7,2,23,121.21,13.64,34.85,50.0,Career (2013-2026)
740742ef,RG Sharma,Death,1527,843,127,93,227,181.14,26.1,26.93,69.81,Career (2013-2026)
740742ef,RG Sharma,Middle,3238,2643,255,108,853,122.51,13.73,32.27,51.51,Career (2013-2026)
740742ef,RG Sharma,Powerplay,2566,2031,279,123,1007,126.34,19.79,49.58,72.25,Career (2013-2026)
74bace71,Hiten Dalal,Middle,201,118,16,14,38,170.34,25.42,32.2,73.63,Career (2013-2026)
74bace71,Hiten Dalal,Powerplay,315,245,34,18,129,128.57,21.22,52.65,77.46,Career (2013-2026)
74d12124,JP Greaves,Death,45,50,4,0,22,90.0,8.0,44.0,35.56,Career (2013-2026)
74d12124,JP Greaves,Middle,116,121,8,2,50,95.87,8.26,41.32,37.93,Career (2013-2026)
74d12124,JP Greaves,Powerplay,226,168,32,5,71,134.52,22.02,42.26,69.91,Career (2013-2026)
7517d134,CA Rose,Death,149,102,14,5,29,146.08,18.63,28.43,57.72,Career (2013-2026)
75224f22,KMA Paul,Death,677,445,38,48,163,152.13,19.33,36.63,64.99,Career (2013-2026)
75224f22,KMA Paul,Middle,360,350,21,17,162,102.86,10.86,46.29,51.67,Career (2013-2026)
75224f22,KMA Paul,Powerplay,63,61,9,1,33,103.28,16.39,54.1,66.67,Career (2013-2026)
752f7486,Ishan Kishan,Death,456,239,39,29,63,190.79,28.45,26.36,72.37,Career (2013-2026)
752f7486,Ishan Kishan,Middle,1977,1371,147,96,392,144.2,17.72,28.59,58.88,Career (2013-2026)
752f7486,Ishan Kishan,Powerplay,1934,1429,249,74,671,135.34,22.6,46.96,74.46,Career (2013-2026)
756389bd,S Vidyut,Powerplay,103,76,16,2,35,135.53,23.68,46.05,73.79,Career (2013-2026)
75820733,CA Henry,Death,99,59,11,4,18,167.8,25.42,30.51,68.69,Career (2013-2026)
75820733,CA Henry,Middle,79,69,3,4,25,114.49,10.14,36.23,45.57,Career (2013-2026)
759ac88f,MM Sharma,Death,93,98,6,3,48,94.9,9.18,48.98,45.16,Career (2013-2026)
759ac88f,MM Sharma,Middle,36,47,3,1,25,76.6,8.51,53.19,50.0,Career (2013-2026)
75cbed9b,SS Eskinazi,Middle,165,135,15,1,35,122.22,11.85,25.93,40.0,Career (2013-2026)
75cbed9b,SS Eskinazi,Powerplay,412,302,46,16,128,136.42,20.53,42.38,67.96,Career (2013-2026)
76307fc7,SS Majumder,Death,50,56,3,2,27,89.29,8.93,48.21,48.0,Career (2013-2026)
76388dc8,S Badree,Death,83,85,3,2,31,97.65,5.88,36.47,28.92,Career (2013-2026)
7673c908,AC Kerr,Death,140,69,18,4,13,202.9,31.88,18.84,68.57,Career (2013-2026)
7673c908,AC Kerr,Middle,247,224,22,1,68,110.27,10.27,30.36,38.06,Career (2013-2026)
7673c908,AC Kerr,Powerplay,110,115,15,0,58,95.65,13.04,50.43,54.55,Career (2013-2026)
76a33e00,Imliwati Lemtur,Death,82,64,2,6,24,128.12,12.5,37.5,53.66,Career (2013-2026)
76a33e00,Imliwati Lemtur,Middle,19,41,0,0,22,46.34,0.0,53.66,0.0,Career (2013-2026)
77255a9e,RA Tripathi,Death,325,202,26,18,63,160.89,21.78,31.19,65.23,Career (2013-2026)
77255a9e,RA Tripathi,Middle,1291,998,100,43,301,129.36,14.33,30.16,50.97,Career (2013-2026)
77255a9e,RA Tripathi,Powerplay,1396,1032,176,46,450,135.27,21.51,43.6,70.2,Career (2013-2026)
773cec26,JN Mohammed,Death,253,187,15,12,65,135.29,14.44,34.76,52.17,Career (2013-2026)
773cec26,JN Mohammed,Middle,480,493,29,15,207,97.36,8.92,41.99,42.92,Career (2013-2026)
773cec26,JN Mohammed,Powerplay,78,94,10,1,57,82.98,11.7,60.64,58.97,Career (2013-2026)
779b7f4d,Roosh Kalaria,Death,66,52,6,3,21,126.92,17.31,40.38,63.64,Career (2013-2026)
77f6fd61,Larry Sangma,Middle,39,64,3,1,42,60.94,6.25,65.62,46.15,Career (2013-2026)
783e6111,Chirag Jani,Death,218,142,17,11,43,153.52,19.72,30.28,61.47,Career (2013-2026)
783e6111,Chirag Jani,Middle,203,167,19,5,53,121.56,14.37,31.74,52.22,Career (2013-2026)
78bb68d4,Y Cariah,Middle,51,40,4,0,8,127.5,10.0,20.0,31.37,Career (2013-2026)
78bec461,M Brown,Death,56,40,4,2,9,140.0,15.0,22.5,50.0,Career (2013-2026)
78cb83f3,KOK Williams,Death,22,48,0,0,29,45.83,0.0,60.42,0.0,Career (2013-2026)
78d516fd,Arabind Singh,Middle,46,58,4,0,25,79.31,6.9,43.1,34.78,Career (2013-2026)
78dfe704,V Permaul,Death,94,99,5,4,48,94.95,9.09,48.48,46.81,Career (2013-2026)
78fd864b,EL Arlott,Death,178,132,13,6,42,134.85,14.39,31.82,49.44,Career (2013-2026)
78fd864b,EL Arlott,Middle,50,68,2,0,29,73.53,2.94,42.65,16.0,Career (2013-2026)
78feb458,JN Hamilton,Death,86,63,5,4,18,136.51,14.29,28.57,51.16,Career (2013-2026)
78feb458,JN Hamilton,Middle,53,78,2,1,42,67.95,3.85,53.85,26.42,Career (2013-2026)
79765f6f,JS Floros,Death,105,86,11,3,34,122.09,16.28,39.53,59.05,Career (2013-2026)
79765f6f,JS Floros,Middle,75,89,1,3,35,84.27,4.49,39.33,29.33,Career (2013-2026)
7a5f232a,JA Burns,Death,198,133,12,12,42,148.87,18.05,31.58,60.61,Career (2013-2026)
7a5f232a,JA Burns,Middle,829,663,49,29,214,125.04,11.76,32.28,44.63,Career (2013-2026)
7a5f232a,JA Burns,Powerplay,259,280,29,5,150,92.5,12.14,53.57,56.37,Career (2013-2026)
7a6dc294,JC Silk,Death,1117,702,87,36,159,159.12,17.52,22.65,50.49,Career (2013-2026)
7a6dc294,JC Silk,Middle,1198,1121,78,8,327,106.87,7.67,29.17,30.05,Career (2013-2026)
7a6dc294,JC Silk,Powerplay,114,126,14,0,63,90.48,11.11,50.0,49.12,Career (2013-2026)
7a8bd078,S Gopal,Death,173,130,21,2,41,133.08,17.69,31.54,55.49,Career (2013-2026)
7a8bd078,S Gopal,Middle,62,82,5,0,38,75.61,6.1,46.34,32.26,Career (2013-2026)
7aa74830,S Arora,Death,104,62,7,8,20,167.74,24.19,32.26,73.08,Career (2013-2026)
7aa74830,S Arora,Middle,75,52,8,4,22,144.23,23.08,42.31,74.67,Career (2013-2026)
7b01ce83,L Lee,Middle,242,193,23,9,76,125.39,16.58,39.38,60.33,Career (2013-2026)
7b01ce83,L Lee,Powerplay,478,375,77,10,195,127.47,23.2,52.0,76.99,Career (2013-2026)
7b09e19c,Kaif Ahmad,Middle,129,121,14,2,49,106.61,13.22,40.5,52.71,Career (2013-2026)
7b1f2542,GL Adams,Death,204,134,17,8,30,152.24,18.66,22.39,56.86,Career (2013-2026)
7b1f2542,GL Adams,Middle,199,191,16,3,63,104.19,9.95,32.98,41.21,Career (2013-2026)
7b1f2542,GL Adams,Powerplay,118,132,16,0,70,89.39,12.12,53.03,54.24,Career (2013-2026)
7b5b6311,CV Milind,Death,123,73,10,7,24,168.49,23.29,32.88,66.67,Career (2013-2026)
7b679de5,Kartik Sharma,Death,77,44,11,3,18,175.0,31.82,40.91,80.52,Career (2013-2026)
7b679de5,Kartik Sharma,Middle,187,149,10,12,57,125.5,14.77,38.26,59.89,Career (2013-2026)
7b953689,MP Kuhnemann,Death,74,77,6,3,41,96.1,11.69,53.25,56.76,Career (2013-2026)
7ba6ef29,MN Singh,Powerplay,170,165,14,7,88,103.03,12.73,53.33,57.65,Career (2013-2026)
7bcde3fe,AM Rossington,Middle,159,115,8,9,35,138.26,14.78,30.43,54.09,Career (2013-2026)
7bcde3fe,AM Rossington,Powerplay,709,436,83,36,186,162.61,27.29,42.66,77.29,Career (2013-2026)
7bf96684,OA Shah,Death,421,281,35,18,80,149.82,18.86,28.47,58.91,Career (2013-2026)
7bf96684,OA Shah,Middle,467,441,29,15,173,105.9,9.98,39.23,44.11,Career (2013-2026)
7c503806,J Botha,Death,548,382,46,15,103,143.46,15.97,26.96,50.0,Career (2013-2026)
7c503806,J Botha,Middle,435,449,34,2,178,96.88,8.02,39.64,34.02,Career (2013-2026)
7c503806,J Botha,Powerplay,46,54,6,1,34,85.19,12.96,62.96,65.22,Career (2013-2026)
7c628737,GA Singh,Middle,82,59,8,3,21,138.98,18.64,35.59,60.98,Career (2013-2026)
7c628737,GA Singh,Powerplay,45,55,2,2,27,81.82,7.27,49.09,44.44,Career (2013-2026)
7c7d63a2,AJ Tye,Death,257,233,16,12,113,110.3,12.02,48.5,52.92,Career (2013-2026)
7c7d63a2,AJ Tye,Middle,117,90,11,5,40,130.0,17.78,44.44,63.25,Career (2013-2026)
7c8ce592,BB Ghosh,Powerplay,60,64,9,0,34,93.75,14.06,53.12,60.0,Career (2013-2026)
7c8f533d,JS Paris,Death,59,62,2,3,28,95.16,8.06,45.16,44.07,Career (2013-2026)
7c8f533d,JS Paris,Middle,43,42,2,2,18,102.38,9.52,42.86,46.51,Career (2013-2026)
7ca04294,SM Singha,Middle,62,65,6,1,30,95.38,10.77,46.15,48.39,Career (2013-2026)
7ca04294,SM Singha,Powerplay,103,130,13,1,76,79.23,10.77,58.46,56.31,Career (2013-2026)
7ca476bf,M Ahmed,Middle,63,55,2,6,29,114.55,14.55,52.73,69.84,Career (2013-2026)
7ca5e05d,RS Bopara,Death,401,239,30,20,63,167.78,20.92,26.36,59.85,Career (2013-2026)
7ca5e05d,RS Bopara,Middle,393,402,26,6,145,97.76,7.96,36.07,35.62,Career (2013-2026)
7ca5e05d,RS Bopara,Powerplay,133,155,11,3,80,85.81,9.03,51.61,46.62,Career (2013-2026)
7cc7fe19,Nitin Tanwar,Death,48,42,5,0,10,114.29,11.9,23.81,41.67,Career (2013-2026)
7cfb697c,JA Foo,Death,74,51,6,3,16,145.1,17.65,31.37,56.76,Career (2013-2026)
7d3937ed,DJ Thornely,Death,76,40,3,5,6,190.0,20.0,15.0,55.26,Career (2013-2026)
7d3937ed,DJ Thornely,Middle,46,54,2,2,25,85.19,7.41,46.3,43.48,Career (2013-2026)
7d415ea5,RT Ponting,Middle,110,124,5,3,54,88.71,6.45,43.55,34.55,Career (2013-2026)
7d415ea5,RT Ponting,Powerplay,116,147,9,2,84,78.91,7.48,57.14,41.38,Career (2013-2026)
7d608e12,DM de Silva,Middle,55,42,4,2,10,130.95,14.29,23.81,50.91,Career (2013-2026)
7d608e12,DM de Silva,Powerplay,52,44,6,1,19,118.18,15.91,43.18,57.69,Career (2013-2026)
7d92277a,Mujeeb Ur Rahman,Death,148,141,11,6,67,104.96,12.06,47.52,54.05,Career (2013-2026)
7d92277a,Mujeeb Ur Rahman,Middle,52,43,6,2,20,120.93,18.6,46.51,69.23,Career (2013-2026)
7daedf2f,KB Arun Karthik,Death,103,78,10,3,30,132.05,16.67,38.46,56.31,Career (2013-2026)
7daedf2f,KB Arun Karthik,Middle,280,255,19,6,77,109.8,9.8,30.2,40.0,Career (2013-2026)
7daedf2f,KB Arun Karthik,Powerplay,177,149,18,6,72,118.79,16.11,48.32,61.02,Career (2013-2026)
7db2113f,Sandeep Pattnaik,Middle,91,78,11,1,28,116.67,15.38,35.9,54.95,Career (2013-2026)
7db2113f,Sandeep Pattnaik,Powerplay,102,96,16,0,46,106.25,16.67,47.92,62.75,Career (2013-2026)
7dc35884,Shakib Al Hasan,Death,505,369,50,14,112,136.86,17.34,30.35,56.24,Career (2013-2026)
7dc35884,Shakib Al Hasan,Middle,1018,877,84,28,322,116.08,12.77,36.72,49.51,Career (2013-2026)
7dc35884,Shakib Al Hasan,Powerplay,163,151,22,3,78,107.95,16.56,51.66,65.03,Career (2013-2026)
7dcb9bc9,M Shahrukh Khan,Death,606,361,38,42,109,167.87,22.16,30.19,66.67,Career (2013-2026)
7dcb9bc9,M Shahrukh Khan,Middle,440,326,28,30,128,134.97,17.79,39.26,66.36,Career (2013-2026)
7dcb9bc9,M Shahrukh Khan,Powerplay,108,94,12,4,46,114.89,17.02,48.94,66.67,Career (2013-2026)
7dfb8890,S Muthusamy,Death,87,63,6,6,27,138.1,19.05,42.86,68.97,Career (2013-2026)
7dfb8890,S Muthusamy,Middle,54,65,1,1,25,83.08,3.08,38.46,18.52,Career (2013-2026)
7e435410,Shashwat Rawat,Powerplay,48,47,4,1,21,102.13,10.64,44.68,45.83,Career (2013-2026)
7eae4418,Misbah-ul-Haq,Death,70,41,2,6,12,170.73,19.51,29.27,62.86,Career (2013-2026)
7eae4418,Misbah-ul-Haq,Middle,143,146,6,5,54,97.95,7.53,36.99,37.76,Career (2013-2026)
7ef0c030,Sultan Karim,Death,29,56,2,0,34,51.79,3.57,60.71,27.59,Career (2013-2026)
7f048519,DJ Willey,Death,328,235,22,17,86,139.57,16.6,36.6,57.93,Career (2013-2026)
7f048519,DJ Willey,Middle,494,441,33,21,191,112.02,12.24,43.31,52.23,Career (2013-2026)
7f048519,DJ Willey,Powerplay,174,178,18,3,84,97.75,11.8,47.19,51.72,Career (2013-2026)
7f148ce7,AM McCarthy,Death,93,47,4,8,12,197.87,25.53,25.53,68.82,Career (2013-2026)
7f148ce7,AM McCarthy,Middle,214,197,14,10,82,108.63,12.18,41.62,54.21,Career (2013-2026)
7f148ce7,AM McCarthy,Powerplay,37,47,4,0,29,78.72,8.51,61.7,43.24,Career (2013-2026)
7f232d46,TF Rogers,Middle,168,154,13,2,45,109.09,9.74,29.22,38.1,Career (2013-2026)
7f232d46,TF Rogers,Powerplay,599,477,72,15,209,125.58,18.24,43.82,63.11,Career (2013-2026)
7f28f186,Dinesh Mor,Middle,47,47,3,1,18,100.0,8.51,38.3,38.3,Career (2013-2026)
7fa12533,MS Chapman,Middle,237,163,16,12,51,145.4,17.18,31.29,57.38,Career (2013-2026)
7fa12533,MS Chapman,Powerplay,48,55,6,1,33,87.27,12.73,60.0,62.5,Career (2013-2026)
7fca84b7,BA King,Death,310,162,13,28,40,191.36,25.31,24.69,70.97,Career (2013-2026)
7fca84b7,BA King,Middle,914,644,72,48,213,141.93,18.63,33.07,63.02,Career (2013-2026)
7fca84b7,BA King,Powerplay,1179,1037,146,48,569,113.69,18.71,54.87,73.96,Career (2013-2026)
800d2d97,JM Sharma,Death,724,378,53,52,102,191.53,27.78,26.98,72.38,Career (2013-2026)
800d2d97,JM Sharma,Middle,926,652,76,49,240,142.02,19.17,36.81,64.58,Career (2013-2026)
800d2d97,JM Sharma,Powerplay,436,366,57,10,179,119.13,18.31,48.91,66.06,Career (2013-2026)
802fdccf,Rahul Dalal,Middle,183,169,10,7,62,108.28,10.06,36.69,44.81,Career (2013-2026)
802fdccf,Rahul Dalal,Powerplay,46,41,6,1,18,112.2,17.07,43.9,65.22,Career (2013-2026)
8053c798,Aarya Desai,Powerplay,37,45,6,0,26,82.22,13.33,57.78,64.86,Career (2013-2026)
805b89d7,RP Sharma,Death,123,80,9,5,17,153.75,17.5,21.25,53.66,Career (2013-2026)
805b89d7,RP Sharma,Middle,177,151,16,3,46,117.22,12.58,30.46,46.33,Career (2013-2026)
806c4e58,CP Jewell,Middle,417,343,29,12,108,121.57,11.95,31.49,45.08,Career (2013-2026)
806c4e58,CP Jewell,Powerplay,720,570,92,14,249,126.32,18.6,43.68,62.78,Career (2013-2026)
808f425a,JP Faulkner,Death,770,575,46,29,163,133.91,13.04,28.35,46.49,Career (2013-2026)
808f425a,JP Faulkner,Middle,247,259,6,8,94,95.37,5.41,36.29,29.15,Career (2013-2026)
808f425a,JP Faulkner,Powerplay,69,53,8,2,22,130.19,18.87,41.51,63.77,Career (2013-2026)
80ffea17,Upendra Yadav,Death,148,81,10,10,18,182.72,24.69,22.22,67.57,Career (2013-2026)
80ffea17,Upendra Yadav,Middle,221,212,15,5,70,104.25,9.43,33.02,40.72,Career (2013-2026)
80ffea17,Upendra Yadav,Powerplay,168,156,21,4,79,107.69,16.03,50.64,64.29,Career (2013-2026)
81049310,J Yadav,Death,72,63,2,3,19,114.29,7.94,30.16,36.11,Career (2013-2026)
81c36ee9,M Jansen,Death,582,402,32,37,141,144.78,17.16,35.07,60.14,Career (2013-2026)
81c36ee9,M Jansen,Middle,290,258,21,12,107,112.4,12.79,41.47,53.79,Career (2013-2026)
8291f939,AL Menaria,Death,117,97,12,3,39,120.62,15.46,40.21,56.41,Career (2013-2026)
8291f939,AL Menaria,Middle,387,362,21,17,141,106.91,10.5,38.95,48.06,Career (2013-2026)
8291f939,AL Menaria,Powerplay,129,105,18,3,51,122.86,20.0,48.57,69.77,Career (2013-2026)
8305580c,MA Carberry,Middle,254,171,25,9,54,148.54,19.88,31.58,60.63,Career (2013-2026)
8305580c,MA Carberry,Powerplay,45,67,6,0,45,67.16,8.96,67.16,53.33,Career (2013-2026)
83558266,A King,Death,117,116,4,4,51,100.86,6.9,43.97,34.19,Career (2013-2026)
839b6d2e,Saurabh Rawat,Middle,179,178,9,5,59,100.56,7.87,33.15,36.87,Career (2013-2026)
839b6d2e,Saurabh Rawat,Powerplay,60,59,6,1,26,101.69,11.86,44.07,50.0,Career (2013-2026)
83c3e8e3,SH Johnson,Death,69,58,10,2,30,118.97,20.69,51.72,75.36,Career (2013-2026)
83d17bbc,MW Forde,Death,95,66,6,8,32,143.94,21.21,48.48,75.79,Career (2013-2026)
83d17bbc,MW Forde,Middle,62,55,6,2,26,112.73,14.55,47.27,58.06,Career (2013-2026)
84085032,Eknath Kerkar,Middle,104,97,4,2,25,107.22,6.19,25.77,26.92,Career (2013-2026)
84085032,Eknath Kerkar,Powerplay,65,76,7,1,43,85.53,10.53,56.58,52.31,Career (2013-2026)
844e79d1,D Brevis,Death,482,231,20,49,65,208.66,29.87,28.14,77.59,Career (2013-2026)
844e79d1,D Brevis,Middle,1398,975,74,100,344,143.38,17.85,35.28,64.09,Career (2013-2026)
844e79d1,D Brevis,Powerplay,359,328,39,13,163,109.45,15.85,49.7,65.18,Career (2013-2026)
8479a24a,KK Jennings,Middle,51,40,5,0,12,127.5,12.5,30.0,39.22,Career (2013-2026)
8479a24a,KK Jennings,Powerplay,122,93,12,6,44,131.18,19.35,47.31,68.85,Career (2013-2026)
84d9c311,Ashutosh Sharma,Death,421,224,33,29,64,187.95,27.68,28.57,72.68,Career (2013-2026)
84d9c311,Ashutosh Sharma,Middle,252,177,15,17,65,142.37,18.08,36.72,64.29,Career (2013-2026)
84d9c311,Ashutosh Sharma,Powerplay,119,68,18,4,26,175.0,32.35,38.24,80.67,Career (2013-2026)
855a210c,AP Tare,Death,183,124,14,9,40,147.58,18.55,32.26,60.11,Career (2013-2026)
855a210c,AP Tare,Middle,575,424,63,14,135,135.61,18.16,31.84,58.43,Career (2013-2026)
855a210c,AP Tare,Powerplay,590,480,74,13,211,122.92,18.12,43.96,63.39,Career (2013-2026)
85aae393,Iqbal Abdulla,Death,136,106,16,2,38,128.3,16.98,35.85,55.88,Career (2013-2026)
85aae393,Iqbal Abdulla,Middle,137,167,12,1,79,82.04,7.78,47.31,39.42,Career (2013-2026)
85aae393,Iqbal Abdulla,Powerplay,52,47,5,3,27,110.64,17.02,57.45,73.08,Career (2013-2026)
85ad2217,DS Smith,Middle,73,63,9,2,31,115.87,17.46,49.21,65.75,Career (2013-2026)
85b3fab2,T Stubbs,Death,1189,624,85,69,117,190.54,24.68,18.75,63.41,Career (2013-2026)
85b3fab2,T Stubbs,Middle,1030,885,48,41,264,116.38,10.06,29.83,42.52,Career (2013-2026)
85b3fab2,T Stubbs,Powerplay,93,97,9,2,48,95.88,11.34,49.48,51.61,Career (2013-2026)
85ce4231,CL Griffith,Death,87,57,8,3,14,152.63,19.3,24.56,57.47,Career (2013-2026)
85ce4231,CL Griffith,Middle,105,79,11,3,24,132.91,17.72,30.38,59.05,Career (2013-2026)
85ce4231,CL Griffith,Powerplay,162,129,20,5,59,125.58,19.38,45.74,67.9,Career (2013-2026)
85dcb721,TJ Moores,Death,123,83,4,11,34,148.19,18.07,40.96,66.67,Career (2013-2026)
85dcb721,TJ Moores,Middle,126,94,7,8,34,134.04,15.96,36.17,60.32,Career (2013-2026)
85e6ccde,Babul Kumar,Middle,193,184,17,2,68,104.89,10.33,36.96,41.45,Career (2013-2026)
85e6ccde,Babul Kumar,Powerplay,220,183,34,4,90,120.22,20.77,49.18,72.73,Career (2013-2026)
85ec8e33,SS Iyer,Death,1014,538,76,67,128,188.48,26.58,23.79,69.63,Career (2013-2026)
85ec8e33,SS Iyer,Middle,3041,2196,200,144,620,138.48,15.66,28.23,54.72,Career (2013-2026)
85ec8e33,SS Iyer,Powerplay,1391,1182,179,35,564,117.68,18.1,47.72,66.57,Career (2013-2026)
864c199e,AC Voges,Death,374,242,29,10,44,154.55,16.12,18.18,47.06,Career (2013-2026)
864c199e,AC Voges,Middle,781,695,57,7,207,112.37,9.21,29.78,34.57,Career (2013-2026)
864c199e,AC Voges,Powerplay,98,98,11,1,44,100.0,12.24,44.9,51.02,Career (2013-2026)
8685f676,Vaibhav Singh Panwar,Death,58,41,1,4,11,141.46,12.2,26.83,48.28,Career (2013-2026)
8685f676,Vaibhav Singh Panwar,Middle,109,115,7,1,37,94.78,6.96,32.17,31.19,Career (2013-2026)
86a98b15,Shubham Pundir,Death,115,71,14,3,15,161.97,23.94,21.13,64.35,Career (2013-2026)
86a98b15,Shubham Pundir,Middle,284,262,20,9,93,108.4,11.07,35.5,47.18,Career (2013-2026)
86a98b15,Shubham Pundir,Powerplay,53,68,8,0,42,77.94,11.76,61.76,60.38,Career (2013-2026)
86b4bf88,MJ Swepson,Death,103,94,10,3,43,109.57,13.83,45.74,56.31,Career (2013-2026)
86dc8f2e,JH Kallis,Death,469,267,46,21,68,175.66,25.09,25.47,66.1,Career (2013-2026)
86dc8f2e,JH Kallis,Middle,1202,1194,78,20,399,100.67,8.21,33.42,35.94,Career (2013-2026)
86dc8f2e,JH Kallis,Powerplay,1403,1304,198,23,672,107.59,16.95,51.53,66.29,Career (2013-2026)
86e0f3f0,WL Madsen,Death,65,44,6,1,11,147.73,15.91,25.0,46.15,Career (2013-2026)
86e0f3f0,WL Madsen,Middle,248,195,25,2,54,127.18,13.85,27.69,45.16,Career (2013-2026)
86e0f3f0,WL Madsen,Powerplay,68,72,6,1,34,94.44,9.72,47.22,44.12,Career (2013-2026)
86f84b37,AM Tribe,Middle,35,44,1,0,17,79.55,2.27,38.64,11.43,Career (2013-2026)
86f84b37,AM Tribe,Powerplay,106,84,13,3,38,126.19,19.05,45.24,66.04,Career (2013-2026)
871e9faf,Basil Thampi,Death,63,58,4,3,26,108.62,12.07,44.83,53.97,Career (2013-2026)
872b03f7,A Badoni,Death,670,405,51,32,102,165.43,20.49,25.19,59.1,Career (2013-2026)
872b03f7,A Badoni,Middle,630,525,50,19,178,120.0,13.14,33.9,49.84,Career (2013-2026)
872b03f7,A Badoni,Powerplay,145,122,17,6,63,118.85,18.85,51.64,71.72,Career (2013-2026)
875909c0,AB Fudadin,Middle,115,107,4,5,41,107.48,8.41,38.32,40.0,Career (2013-2026)
875909c0,AB Fudadin,Powerplay,49,59,5,1,32,83.05,10.17,54.24,53.06,Career (2013-2026)
876dbe2d,DR Mousley,Death,119,93,6,6,33,127.96,12.9,35.48,50.42,Career (2013-2026)
876dbe2d,DR Mousley,Middle,155,193,10,1,87,80.31,5.7,45.08,29.68,Career (2013-2026)
87b455da,Zafar Ali,Powerplay,69,56,10,2,30,123.21,21.43,53.57,75.36,Career (2013-2026)
87e562a9,DJ Bravo,Death,2043,1225,133,127,358,166.78,21.22,29.22,63.34,Career (2013-2026)
87e562a9,DJ Bravo,Middle,1410,1377,88,51,586,102.4,10.09,42.56,46.67,Career (2013-2026)
87e562a9,DJ Bravo,Powerplay,205,196,25,6,109,104.59,15.82,55.61,66.34,Career (2013-2026)
8812869d,Nikhil Gangta,Death,100,81,12,2,33,123.46,17.28,40.74,60.0,Career (2013-2026)
8812869d,Nikhil Gangta,Middle,240,189,20,6,55,126.98,13.76,29.1,48.33,Career (2013-2026)
881a9bdd,S Chanderpaul,Powerplay,30,45,4,0,28,66.67,8.89,62.22,53.33,Career (2013-2026)
88209c84,JK Lalor,Death,102,106,7,2,42,96.23,8.49,39.62,39.22,Career (2013-2026)
88209c84,JK Lalor,Middle,38,55,3,0,28,69.09,5.45,50.91,31.58,Career (2013-2026)
8820c9ef,JS Lenton,Death,88,55,5,3,11,160.0,14.55,20.0,43.18,Career (2013-2026)
8820c9ef,JS Lenton,Middle,34,40,3,1,22,85.0,10.0,55.0,52.94,Career (2013-2026)
88626ed2,AA Jangoo,Middle,228,243,8,10,98,93.83,7.41,40.33,40.35,Career (2013-2026)
88626ed2,AA Jangoo,Powerplay,219,234,23,6,130,93.59,12.39,55.56,58.45,Career (2013-2026)
8891669e,CD Hinchliffe,Death,67,74,4,1,31,90.54,6.76,41.89,32.84,Career (2013-2026)
8891669e,CD Hinchliffe,Middle,29,41,1,0,16,70.73,2.44,39.02,13.79,Career (2013-2026)
88fccd6c,SM Pollock,Death,80,42,8,5,13,190.48,30.95,30.95,77.5,Career (2013-2026)
88fccd6c,SM Pollock,Middle,66,63,4,3,24,104.76,11.11,38.1,51.52,Career (2013-2026)
890946a0,NV Ojha,Death,419,304,26,26,117,137.83,17.11,38.49,62.05,Career (2013-2026)
890946a0,NV Ojha,Middle,808,657,50,38,241,122.98,13.39,36.68,52.97,Career (2013-2026)
890946a0,NV Ojha,Powerplay,770,717,88,34,411,107.39,17.02,57.32,72.21,Career (2013-2026)
894b2d25,MJ Potts,Death,86,61,9,2,16,140.98,18.03,26.23,55.81,Career (2013-2026)
8963ee49,Rishav Das,Middle,139,149,8,2,57,93.29,6.71,38.26,31.65,Career (2013-2026)
8963ee49,Rishav Das,Powerplay,202,162,31,0,64,124.69,19.14,39.51,61.39,Career (2013-2026)
896d78ad,AD Mathews,Death,425,276,30,19,70,153.99,17.75,25.36,55.06,Career (2013-2026)
896d78ad,AD Mathews,Middle,289,282,14,9,100,102.48,8.16,35.46,38.06,Career (2013-2026)
898e628d,B Doggett,Death,76,75,5,2,35,101.33,9.33,46.67,42.11,Career (2013-2026)
8998a68f,Sumit Kumar,Death,304,202,28,15,70,150.5,21.29,34.65,66.45,Career (2013-2026)
8998a68f,Sumit Kumar,Middle,274,252,22,11,107,108.73,13.1,42.46,56.2,Career (2013-2026)
8998a68f,Sumit Kumar,Powerplay,68,70,9,1,35,97.14,14.29,50.0,61.76,Career (2013-2026)
89bbc67a,SW Bates,Middle,137,129,10,2,38,106.2,9.3,29.46,37.96,Career (2013-2026)
89bbc67a,SW Bates,Powerplay,204,189,29,2,89,107.94,16.4,47.09,62.75,Career (2013-2026)
89f64c19,LMP Simmons,Death,262,152,16,18,43,172.37,22.37,28.29,65.65,Career (2013-2026)
89f64c19,LMP Simmons,Middle,1599,1246,93,87,455,128.33,14.45,36.52,55.91,Career (2013-2026)
89f64c19,LMP Simmons,Powerplay,1941,1702,227,77,905,114.04,17.86,53.17,70.58,Career (2013-2026)
8a0ae9da,EC Sen,Death,88,54,6,6,17,162.96,22.22,31.48,68.18,Career (2013-2026)
8a0ae9da,EC Sen,Middle,205,161,15,9,59,127.33,14.91,36.65,55.61,Career (2013-2026)
8a0ae9da,EC Sen,Powerplay,58,65,9,1,41,89.23,15.38,63.08,72.41,Career (2013-2026)
8a58cc2a,Sagun Kamat,Middle,232,205,18,8,73,113.17,12.68,35.61,51.72,Career (2013-2026)
8a58cc2a,Sagun Kamat,Powerplay,149,167,22,1,92,89.22,13.77,55.09,63.09,Career (2013-2026)
8a75e999,Babar Azam,Middle,128,121,8,3,42,105.79,9.09,34.71,39.06,Career (2013-2026)
8a75e999,Babar Azam,Powerplay,109,134,11,0,71,81.34,8.21,52.99,40.37,Career (2013-2026)
8abdf100,CJ Anderson,Death,424,269,21,34,101,157.62,20.45,37.55,67.92,Career (2013-2026)
8abdf100,CJ Anderson,Middle,583,567,38,24,255,102.82,10.93,44.97,50.77,Career (2013-2026)
8abdf100,CJ Anderson,Powerplay,86,109,10,3,69,78.9,11.93,63.3,67.44,Career (2013-2026)
8ac93ca2,P Chopra,Death,146,100,16,2,29,146.0,18.0,29.0,52.05,Career (2013-2026)
8ac93ca2,P Chopra,Middle,488,385,37,15,114,126.75,13.51,29.61,48.77,Career (2013-2026)
8ac93ca2,P Chopra,Powerplay,492,472,56,7,210,104.24,13.35,44.49,54.07,Career (2013-2026)
8b3e9c7c,PP Shaw,Death,78,47,8,4,17,165.96,25.53,36.17,71.79,Career (2013-2026)
8b3e9c7c,PP Shaw,Middle,749,486,57,39,127,154.12,19.75,26.13,61.68,Career (2013-2026)
8b3e9c7c,PP Shaw,Powerplay,1783,1192,240,64,509,149.58,25.5,42.7,75.38,Career (2013-2026)
8b470bea,Subramanian Anand,Middle,109,103,8,2,34,105.83,9.71,33.01,40.37,Career (2013-2026)
8b470bea,Subramanian Anand,Powerplay,48,43,5,2,24,111.63,16.28,55.81,66.67,Career (2013-2026)
8b5b6769,Harbhajan Singh,Death,639,434,58,35,166,147.24,21.43,38.25,69.17,Career (2013-2026)
8b5b6769,Harbhajan Singh,Middle,201,206,18,8,106,97.57,12.62,51.46,59.7,Career (2013-2026)
8b5b6769,Harbhajan Singh,Powerplay,114,79,15,3,32,144.3,22.78,40.51,68.42,Career (2013-2026)
8ba8195d,V Sehwag,Middle,1062,615,96,55,156,172.68,24.55,25.37,67.23,Career (2013-2026)
8ba8195d,V Sehwag,Powerplay,1597,1114,230,46,497,143.36,24.78,44.61,74.89,Career (2013-2026)
8bdac857,JW Wells,Death,1121,732,102,26,175,153.14,17.49,23.91,50.31,Career (2013-2026)
8bdac857,JW Wells,Middle,1546,1409,104,24,445,109.72,9.08,31.58,36.22,Career (2013-2026)
8bdac857,JW Wells,Powerplay,268,271,31,1,126,98.89,11.81,46.49,48.51,Career (2013-2026)
8be38ec4,Digvijay Rangi,Death,66,43,6,3,11,153.49,20.93,25.58,63.64,Career (2013-2026)
8c5775f3,D van Niekerk,Death,79,61,9,2,22,129.51,18.03,36.07,60.76,Career (2013-2026)
8c5775f3,D van Niekerk,Middle,173,161,20,0,57,107.45,12.42,35.4,46.24,Career (2013-2026)
8c5775f3,D van Niekerk,Powerplay,72,73,12,1,43,98.63,17.81,58.9,75.0,Career (2013-2026)
8c6958d9,Codanda Ajit Karthik,Powerplay,58,53,6,1,24,109.43,13.21,45.28,51.72,Career (2013-2026)
8cf9814c,Mohammed Shami,Death,131,115,11,6,54,113.91,14.78,46.96,61.07,Career (2013-2026)
8d2c70ad,Kuldeep Yadav,Death,205,225,17,3,101,91.11,8.89,44.89,41.95,Career (2013-2026)
8d2c70ad,Kuldeep Yadav,Middle,29,50,3,0,30,58.0,6.0,60.0,41.38,Career (2013-2026)
8d5d991e,Qais Ahmad,Death,114,98,6,7,43,116.33,13.27,43.88,57.89,Career (2013-2026)
8d5d991e,Qais Ahmad,Middle,67,72,3,5,41,93.06,11.11,56.94,62.69,Career (2013-2026)
8d742853,GM Hennessy,Death,36,42,2,0,17,85.71,4.76,40.48,22.22,Career (2013-2026)
8d83e97a,VA Jagadeesh,Powerplay,36,45,3,0,19,80.0,6.67,42.22,33.33,Career (2013-2026)
8da6dbf1,Sagar Trivedi,Death,40,45,2,1,19,88.89,6.67,42.22,35.0,Career (2013-2026)
8db7f47f,RJW Topley,Death,64,54,8,1,24,118.52,16.67,44.44,59.38,Career (2013-2026)
8dfc706f,Shoaib Mohammed Khan,Death,54,42,3,3,14,128.57,14.29,33.33,55.56,Career (2013-2026)
8e02f42b,Aditya Garhwal,Middle,61,66,4,0,21,92.42,6.06,31.82,26.23,Career (2013-2026)
8e02f42b,Aditya Garhwal,Powerplay,201,164,30,5,84,122.56,21.34,51.22,74.63,Career (2013-2026)
8e3cb0e9,JJS Sangha,Death,126,77,13,6,25,163.64,24.68,32.47,69.84,Career (2013-2026)
8e3cb0e9,JJS Sangha,Middle,500,446,29,11,149,112.11,8.97,33.41,36.4,Career (2013-2026)
8e3cb0e9,JJS Sangha,Powerplay,256,220,28,4,93,116.36,14.55,42.27,53.12,Career (2013-2026)
8e48d9a3,Himalay Agarwal,Middle,145,157,6,3,57,92.36,5.73,36.31,28.97,Career (2013-2026)
8e514b4c,Abdul Samad,Death,690,395,41,51,114,174.68,23.29,28.86,68.12,Career (2013-2026)
8e514b4c,Abdul Samad,Middle,512,419,29,28,156,122.2,13.6,37.23,55.47,Career (2013-2026)
8e514b4c,Abdul Samad,Powerplay,85,72,15,1,40,118.06,22.22,55.56,77.65,Career (2013-2026)
8e5a4e1d,Parth Kohli,Middle,35,51,2,0,22,68.63,3.92,43.14,22.86,Career (2013-2026)
8e5b6ee3,Jayanta Sagatpam,Middle,45,60,4,0,28,75.0,6.67,46.67,35.56,Career (2013-2026)
8ee36b18,P Nissanka,Middle,143,87,10,7,20,164.37,19.54,22.99,57.34,Career (2013-2026)
8ee36b18,P Nissanka,Powerplay,378,218,43,20,86,173.39,28.9,39.45,77.25,Career (2013-2026)
8f3fde65,LC Hatcher,Death,40,44,1,3,26,90.91,9.09,59.09,55.0,Career (2013-2026)
8f607eea,NA Rathva,Death,60,45,8,2,22,133.33,22.22,48.89,73.33,Career (2013-2026)
8f607eea,NA Rathva,Middle,100,106,10,0,39,94.34,9.43,36.79,40.0,Career (2013-2026)
8f607eea,NA Rathva,Powerplay,116,74,16,4,29,156.76,27.03,39.19,75.86,Career (2013-2026)
8f6dd463,Azmatullah Omarzai,Death,119,74,8,8,26,160.81,21.62,35.14,67.23,Career (2013-2026)
8f6dd463,Azmatullah Omarzai,Middle,265,196,12,16,58,135.2,14.29,29.59,54.34,Career (2013-2026)
8f938a32,DJ Bell-Drummond,Middle,44,46,3,0,17,95.65,6.52,36.96,27.27,Career (2013-2026)
8f938a32,DJ Bell-Drummond,Powerplay,100,78,10,3,31,128.21,16.67,39.74,58.0,Career (2013-2026)
8fd1a8f5,DW Steyn,Death,164,152,14,3,63,107.89,11.18,41.45,45.12,Career (2013-2026)
90065d86,Kunal Dabas,Middle,48,49,5,0,20,97.96,10.2,40.82,41.67,Career (2013-2026)
90065d86,Kunal Dabas,Powerplay,25,41,2,0,23,60.98,4.88,56.1,32.0,Career (2013-2026)
903560ed,MT Steketee,Death,136,116,7,7,52,117.24,12.07,44.83,51.47,Career (2013-2026)
903560ed,MT Steketee,Middle,63,80,4,2,42,78.75,7.5,52.5,44.44,Career (2013-2026)
904585d1,Vikas Hathwala,Death,133,91,11,5,23,146.15,17.58,25.27,55.64,Career (2013-2026)
904585d1,Vikas Hathwala,Middle,207,197,18,4,75,105.08,11.17,38.07,46.38,Career (2013-2026)
90a3c0dc,Ankit Lamba,Death,62,46,3,3,15,134.78,13.04,32.61,48.39,Career (2013-2026)
90a3c0dc,Ankit Lamba,Middle,342,336,31,5,131,101.79,10.71,38.99,45.03,Career (2013-2026)
90a3c0dc,Ankit Lamba,Powerplay,340,313,39,10,164,108.63,15.65,52.4,63.53,Career (2013-2026)
90d6cdea,TB de Bruyn,Middle,156,118,8,8,34,132.2,13.56,28.81,51.28,Career (2013-2026)
90d6cdea,TB de Bruyn,Powerplay,104,108,13,2,61,96.3,13.89,56.48,61.54,Career (2013-2026)
90de905a,K Gowtham,Death,291,172,20,19,56,169.19,22.67,32.56,66.67,Career (2013-2026)
90de905a,K Gowtham,Middle,131,96,6,8,30,136.46,14.58,31.25,54.96,Career (2013-2026)
90de905a,K Gowtham,Powerplay,54,41,7,2,18,131.71,21.95,43.9,74.07,Career (2013-2026)
90edaaa9,S Rana,Death,68,50,7,0,12,136.0,14.0,24.0,41.18,Career (2013-2026)
90f47cf2,MH Wessels,Middle,125,104,8,4,35,120.19,11.54,33.65,44.8,Career (2013-2026)
90f47cf2,MH Wessels,Powerplay,80,78,13,0,40,102.56,16.67,51.28,65.0,Career (2013-2026)
910dd54e,A Capsey,Death,127,75,17,3,21,169.33,26.67,28.0,67.72,Career (2013-2026)
910dd54e,A Capsey,Middle,424,335,53,4,112,126.57,17.01,33.43,55.66,Career (2013-2026)
910dd54e,A Capsey,Powerplay,321,270,44,6,128,118.89,18.52,47.41,66.04,Career (2013-2026)
911d04ad,Gurinder Singh,Death,282,176,16,19,47,160.23,19.89,26.7,63.12,Career (2013-2026)
911d04ad,Gurinder Singh,Middle,154,170,5,5,65,90.59,5.88,38.24,32.47,Career (2013-2026)
9170ff49,Parvez Rasool,Death,128,96,9,5,29,133.33,14.58,30.21,51.56,Career (2013-2026)
9170ff49,Parvez Rasool,Middle,228,205,19,5,67,111.22,11.71,32.68,46.49,Career (2013-2026)
919a3be2,RR Pant,Death,1095,540,93,78,157,202.78,31.67,29.07,76.71,Career (2013-2026)
919a3be2,RR Pant,Middle,2490,1807,207,103,573,137.8,17.16,31.71,58.07,Career (2013-2026)
919a3be2,RR Pant,Powerplay,737,551,94,26,251,133.76,21.78,45.55,72.18,Career (2013-2026)
91a260d3,Manzoor Dar,Middle,75,74,6,3,33,101.35,12.16,44.59,56.0,Career (2013-2026)
91a4a398,Z Khan,Death,108,109,11,2,51,99.08,11.93,46.79,51.85,Career (2013-2026)
91cd48e0,JF Smith,Middle,84,52,5,6,17,161.54,21.15,32.69,66.67,Career (2013-2026)
91ffa6c6,JD Ryder,Middle,158,156,12,3,56,101.28,9.62,35.9,41.77,Career (2013-2026)
91ffa6c6,JD Ryder,Powerplay,460,346,61,13,164,132.95,21.39,47.4,70.0,Career (2013-2026)
9219eff0,JDS Neesham,Death,362,261,38,11,88,138.7,18.77,33.72,60.22,Career (2013-2026)
9219eff0,JDS Neesham,Middle,437,379,27,16,131,115.3,11.35,34.56,46.68,Career (2013-2026)
9219eff0,JDS Neesham,Powerplay,68,62,9,2,33,109.68,17.74,53.23,70.59,Career (2013-2026)
922e1b19,Z Crawley,Death,139,73,10,10,19,190.41,27.4,26.03,71.94,Career (2013-2026)
922e1b19,Z Crawley,Middle,387,323,25,12,103,119.81,11.46,31.89,44.44,Career (2013-2026)
922e1b19,Z Crawley,Powerplay,611,481,84,15,225,127.03,20.58,46.78,69.72,Career (2013-2026)
92673ce8,Arkaprabha Sinha,Middle,35,52,1,1,27,67.31,3.85,51.92,28.57,Career (2013-2026)
92673ce8,Arkaprabha Sinha,Powerplay,83,82,9,1,37,101.22,12.2,45.12,50.6,Career (2013-2026)
92780e2f,JU Goolie,Death,81,63,7,3,22,128.57,15.87,34.92,56.79,Career (2013-2026)
92780e2f,JU Goolie,Middle,52,69,4,0,33,75.36,5.8,47.83,30.77,Career (2013-2026)
92aeac25,AD Hales,Death,348,192,31,20,52,181.25,26.56,27.08,70.11,Career (2013-2026)
92aeac25,AD Hales,Middle,1854,1365,112,98,425,135.82,15.38,31.14,55.88,Career (2013-2026)
92aeac25,AD Hales,Powerplay,3364,2390,402,136,1066,140.75,22.51,44.6,72.06,Career (2013-2026)
92b94582,J Grewcock,Death,74,62,7,0,14,119.35,11.29,22.58,37.84,Career (2013-2026)
92cf79a8,SR Taylor,Death,100,73,9,1,17,136.99,13.7,23.29,42.0,Career (2013-2026)
92cf79a8,SR Taylor,Middle,159,166,10,3,63,95.78,7.83,37.95,36.48,Career (2013-2026)
92cf79a8,SR Taylor,Powerplay,157,198,18,3,123,79.29,10.61,62.12,57.32,Career (2013-2026)
92d07362,Rohan Prem,Middle,233,191,12,11,54,121.99,12.04,28.27,48.93,Career (2013-2026)
92d07362,Rohan Prem,Powerplay,125,124,21,0,66,100.81,16.94,53.23,67.2,Career (2013-2026)
9309e81f,Kshitij Patel,Middle,47,40,3,1,12,117.5,10.0,30.0,38.3,Career (2013-2026)
9385de2e,SS Prabhudessai,Death,222,136,17,12,39,163.24,21.32,28.68,63.06,Career (2013-2026)
9385de2e,SS Prabhudessai,Middle,323,252,25,13,95,128.17,15.08,37.7,55.11,Career (2013-2026)
9385de2e,SS Prabhudessai,Powerplay,47,41,8,0,18,114.63,19.51,43.9,68.09,Career (2013-2026)
93b4fc78,MK Pandey,Death,981,609,68,46,140,161.08,18.72,22.99,55.86,Career (2013-2026)
93b4fc78,MK Pandey,Middle,2706,2259,181,91,715,119.79,12.04,31.65,46.93,Career (2013-2026)
93b4fc78,MK Pandey,Powerplay,1334,1163,169,30,566,114.7,17.11,48.67,64.17,Career (2013-2026)
9418198b,P Simran Singh,Death,122,70,12,6,19,174.29,25.71,27.14,68.85,Career (2013-2026)
9418198b,P Simran Singh,Middle,1026,641,76,59,178,160.06,21.06,27.77,64.13,Career (2013-2026)
9418198b,P Simran Singh,Powerplay,1719,1188,207,79,549,144.7,24.07,46.21,75.74,Career (2013-2026)
94253925,GH Vihari,Death,108,89,12,0,28,121.35,13.48,31.46,44.44,Career (2013-2026)
94253925,GH Vihari,Middle,389,351,23,13,118,110.83,10.26,33.62,43.7,Career (2013-2026)
94253925,GH Vihari,Powerplay,361,336,53,2,156,107.44,16.37,46.43,62.05,Career (2013-2026)
944533a5,KK Nair,Death,468,267,36,27,73,175.28,23.6,27.34,65.38,Career (2013-2026)
944533a5,KK Nair,Middle,1423,1112,125,39,336,127.97,14.75,30.22,51.58,Career (2013-2026)
944533a5,KK Nair,Powerplay,1023,755,136,34,355,135.5,22.52,47.02,73.12,Career (2013-2026)
94d7f855,C de Grandhomme,Death,332,218,21,19,69,152.29,18.35,31.65,59.64,Career (2013-2026)
94d7f855,C de Grandhomme,Middle,479,368,35,22,132,130.16,15.49,35.87,56.78,Career (2013-2026)
94d7f855,C de Grandhomme,Powerplay,69,50,7,3,21,138.0,20.0,42.0,66.67,Career (2013-2026)
94eac556,CJ McKay,Death,77,65,5,2,20,118.46,10.77,30.77,41.56,Career (2013-2026)
957532de,S Aravind,Death,57,56,6,0,22,101.79,10.71,39.29,42.11,Career (2013-2026)
95a15317,CG Benjamin,Death,112,76,9,6,28,147.37,19.74,36.84,64.29,Career (2013-2026)
95a15317,CG Benjamin,Middle,80,79,5,3,33,101.27,10.13,41.77,47.5,Career (2013-2026)
95a15317,CG Benjamin,Powerplay,41,45,6,0,27,91.11,13.33,60.0,58.54,Career (2013-2026)
95a2ea61,S Anirudha,Death,140,87,9,8,23,160.92,19.54,26.44,60.0,Career (2013-2026)
95a2ea61,S Anirudha,Middle,73,75,3,2,22,97.33,6.67,29.33,32.88,Career (2013-2026)
95a2ea61,S Anirudha,Powerplay,70,64,13,0,36,109.38,20.31,56.25,74.29,Career (2013-2026)
95a5e066,MG Erasmus,Death,78,54,8,2,17,144.44,18.52,31.48,56.41,Career (2013-2026)
95a5e066,MG Erasmus,Middle,296,266,21,7,92,111.28,10.53,34.59,42.57,Career (2013-2026)
95a5e066,MG Erasmus,Powerplay,54,68,6,2,43,79.41,11.76,63.24,66.67,Career (2013-2026)
9601c534,SD Lad,Death,145,98,11,8,29,147.96,19.39,29.59,63.45,Career (2013-2026)
9601c534,SD Lad,Middle,476,403,41,13,135,118.11,13.4,33.5,50.84,Career (2013-2026)
9601c534,SD Lad,Powerplay,158,142,15,7,75,111.27,15.49,52.82,64.56,Career (2013-2026)
961b8ff1,TP Alsop,Death,213,110,15,13,25,193.64,25.45,22.73,64.79,Career (2013-2026)
961b8ff1,TP Alsop,Middle,143,146,6,3,51,97.95,6.16,34.93,29.37,Career (2013-2026)
961b8ff1,TP Alsop,Powerplay,64,66,10,0,37,96.97,15.15,56.06,62.5,Career (2013-2026)
96477053,Hokaito Zhimomi,Death,83,66,8,3,27,125.76,16.67,40.91,60.24,Career (2013-2026)
96477053,Hokaito Zhimomi,Middle,35,86,0,0,54,40.7,0.0,62.79,0.0,Career (2013-2026)
96824e68,CP Tremain,Death,70,57,6,2,23,122.81,14.04,40.35,51.43,Career (2013-2026)
96fd40ae,A Nehra,Death,41,62,3,1,36,66.13,6.45,58.06,43.9,Career (2013-2026)
970ddd24,Suryansh Shedge,Death,120,55,7,11,14,218.18,32.73,25.45,78.33,Career (2013-2026)
970ddd24,Suryansh Shedge,Middle,107,65,4,8,15,164.62,18.46,23.08,59.81,Career (2013-2026)
97188292,JR Dean,Middle,124,101,4,10,45,122.77,13.86,44.55,61.29,Career (2013-2026)
97188292,JR Dean,Powerplay,126,101,10,9,56,124.75,18.81,55.45,74.6,Career (2013-2026)
971cb321,E Jones,Death,184,137,15,8,48,134.31,16.79,35.04,58.7,Career (2013-2026)
971cb321,E Jones,Middle,346,337,34,6,144,102.67,11.87,42.73,49.71,Career (2013-2026)
971cb321,E Jones,Powerplay,189,193,24,0,89,97.93,12.44,46.11,50.79,Career (2013-2026)
972f217b,BJ Jacobs,Middle,51,52,2,3,24,98.08,9.62,46.15,50.98,Career (2013-2026)
9765545f,Ankit Kumar,Middle,49,40,6,0,14,122.5,15.0,35.0,48.98,Career (2013-2026)
9765545f,Ankit Kumar,Powerplay,60,46,9,1,19,130.43,21.74,41.3,70.0,Career (2013-2026)
977b841a,SSJ Brooks,Death,186,100,10,14,26,186.0,24.0,26.0,66.67,Career (2013-2026)
977b841a,SSJ Brooks,Middle,641,503,44,25,163,127.44,13.72,32.41,50.86,Career (2013-2026)
977b841a,SSJ Brooks,Powerplay,146,163,17,3,90,89.57,12.27,55.21,58.9,Career (2013-2026)
97b0e4ff,SC van Schalkwyk,Death,68,73,5,1,32,93.15,8.22,43.84,38.24,Career (2013-2026)
97b0e4ff,SC van Schalkwyk,Middle,62,45,5,4,18,137.78,20.0,40.0,70.97,Career (2013-2026)
97bdec3d,G Motie,Death,85,66,5,4,25,128.79,13.64,37.88,51.76,Career (2013-2026)
97bdec3d,G Motie,Middle,45,67,2,1,38,67.16,4.48,56.72,31.11,Career (2013-2026)
97c06e86,Mangal Mahrour,Death,78,48,7,3,12,162.5,20.83,25.0,58.97,Career (2013-2026)
97c06e86,Mangal Mahrour,Middle,133,130,9,5,53,102.31,10.77,40.77,49.62,Career (2013-2026)
97c06e86,Mangal Mahrour,Powerplay,131,168,17,1,98,77.98,10.71,58.33,56.49,Career (2013-2026)
983f2f61,Swapnil Singh,Death,222,161,15,11,48,137.89,16.15,29.81,56.76,Career (2013-2026)
983f2f61,Swapnil Singh,Middle,329,288,19,16,107,114.24,12.15,37.15,52.28,Career (2013-2026)
985b57b1,Rajesh Singh,Middle,79,69,6,4,29,114.49,14.49,42.03,60.76,Career (2013-2026)
9868bc75,BMAJ Mendis,Middle,54,66,1,1,27,81.82,3.03,40.91,18.52,Career (2013-2026)
9889da93,Samarth Singh,Death,100,62,5,6,12,161.29,17.74,19.35,56.0,Career (2013-2026)
9889da93,Samarth Singh,Middle,186,158,10,6,42,117.72,10.13,26.58,40.86,Career (2013-2026)
9889da93,Samarth Singh,Powerplay,323,312,44,7,165,103.53,16.35,52.88,67.49,Career (2013-2026)
989889ff,JP Inglis,Death,352,202,40,15,63,174.26,27.23,31.19,71.02,Career (2013-2026)
989889ff,JP Inglis,Middle,1357,962,106,47,247,141.06,15.9,25.68,52.03,Career (2013-2026)
989889ff,JP Inglis,Powerplay,1055,746,116,42,311,141.42,21.18,41.69,67.87,Career (2013-2026)
98ae73b1,PP Chawla,Death,653,507,64,23,197,128.8,17.16,38.86,60.34,Career (2013-2026)
98ae73b1,PP Chawla,Middle,323,316,20,14,140,102.22,10.76,44.3,50.77,Career (2013-2026)
99464591,MJ North,Death,92,58,7,5,15,158.62,20.69,25.86,63.04,Career (2013-2026)
99464591,MJ North,Middle,217,207,15,2,72,104.83,8.21,34.78,33.18,Career (2013-2026)
99464591,MJ North,Powerplay,130,128,14,3,66,101.56,13.28,51.56,56.92,Career (2013-2026)
9948e262,HE van der Dussen,Death,123,83,5,7,23,148.19,14.46,27.71,50.41,Career (2013-2026)
9948e262,HE van der Dussen,Middle,581,487,30,26,164,119.3,11.5,33.68,47.5,Career (2013-2026)
9948e262,HE van der Dussen,Powerplay,736,548,61,38,219,134.31,18.07,39.96,64.13,Career (2013-2026)
99812d10,H Graham,Death,253,172,28,4,46,147.09,18.6,26.74,53.75,Career (2013-2026)
99812d10,H Graham,Middle,146,155,11,0,55,94.19,7.1,35.48,30.14,Career (2013-2026)
99b75528,JC Buttler,Death,1124,575,86,74,141,195.48,27.83,24.52,70.11,Career (2013-2026)
99b75528,JC Buttler,Middle,3317,2323,251,143,687,142.79,16.96,29.57,56.14,Career (2013-2026)
99b75528,JC Buttler,Powerplay,3030,2167,372,118,979,139.82,22.61,45.18,72.48,Career (2013-2026)
99d63244,KM Jadhav,Death,700,482,51,34,143,145.23,17.63,29.67,58.29,Career (2013-2026)
99d63244,KM Jadhav,Middle,940,769,84,24,251,122.24,14.04,32.64,51.06,Career (2013-2026)
99d63244,KM Jadhav,Powerplay,247,248,35,4,134,99.6,15.73,54.03,66.4,Career (2013-2026)
99e23670,S Molineux,Death,73,68,6,1,23,107.35,10.29,33.82,41.1,Career (2013-2026)
99e23670,S Molineux,Middle,114,108,10,1,37,105.56,10.19,34.26,40.35,Career (2013-2026)
99ed60f8,JPR Scantlebury-Searles,Death,150,104,14,9,46,144.23,22.12,44.23,73.33,Career (2013-2026)
99ed60f8,JPR Scantlebury-Searles,Middle,23,48,1,0,28,47.92,2.08,58.33,17.39,Career (2013-2026)
9a06679d,CD Hartley,Death,58,55,5,0,17,105.45,9.09,30.91,34.48,Career (2013-2026)
9a09c4b2,Sinan Khadir,Middle,34,44,4,0,22,77.27,9.09,50.0,47.06,Career (2013-2026)
9a0e4ca5,SE Gotch,Death,89,73,5,4,27,121.92,12.33,36.99,49.44,Career (2013-2026)
9a0e4ca5,SE Gotch,Middle,215,223,10,4,77,96.41,6.28,34.53,29.77,Career (2013-2026)
9a0e4ca5,SE Gotch,Powerplay,73,72,9,1,37,101.39,13.89,51.39,57.53,Career (2013-2026)
9a158001,Azhar Mahmood,Death,137,98,14,6,41,139.8,20.41,41.84,67.15,Career (2013-2026)
9a158001,Azhar Mahmood,Middle,244,191,23,7,63,127.75,15.71,32.98,54.92,Career (2013-2026)
9a2d95ac,Aditya Kaushik,Middle,254,211,15,9,61,120.38,11.37,28.91,44.88,Career (2013-2026)
9a2d95ac,Aditya Kaushik,Powerplay,272,266,28,6,119,102.26,12.78,44.74,54.41,Career (2013-2026)
9a2fc964,BC Fortuin,Death,129,130,12,1,53,99.23,10.0,40.77,41.86,Career (2013-2026)
9a46c4e5,GD Phillips,Death,510,267,24,44,76,191.01,25.47,28.46,70.59,Career (2013-2026)
9a46c4e5,GD Phillips,Middle,1085,883,66,52,315,122.88,13.36,35.67,53.09,Career (2013-2026)
9a46c4e5,GD Phillips,Powerplay,892,695,92,42,331,128.35,19.28,47.63,69.51,Career (2013-2026)
9a963804,LE Plunkett,Death,36,43,2,0,16,83.72,4.65,37.21,22.22,Career (2013-2026)
9ab63e7b,Mohammad Hafeez,Death,121,75,8,7,19,161.33,20.0,25.33,61.16,Career (2013-2026)
9ab63e7b,Mohammad Hafeez,Middle,421,424,26,12,167,99.29,8.96,39.39,41.81,Career (2013-2026)
9ab63e7b,Mohammad Hafeez,Powerplay,277,326,34,5,194,84.97,11.96,59.51,59.93,Career (2013-2026)
9ad3a550,Sumit Singh,Middle,77,78,5,4,39,98.72,11.54,50.0,57.14,Career (2013-2026)
9b0d5e52,Sanjeet Desai,Middle,43,47,1,2,17,91.49,6.38,36.17,37.21,Career (2013-2026)
9b0d5e52,Sanjeet Desai,Powerplay,38,41,2,2,20,92.68,9.76,48.78,52.63,Career (2013-2026)
9b3bcca4,A Wellington,Death,100,67,16,0,21,149.25,23.88,31.34,64.0,Career (2013-2026)
9b3bcca4,A Wellington,Middle,103,95,12,2,40,108.42,14.74,42.11,58.25,Career (2013-2026)
9b4935c8,CJ Ferguson,Death,386,264,27,15,70,146.21,15.91,26.52,51.3,Career (2013-2026)
9b4935c8,CJ Ferguson,Middle,1157,965,85,21,256,119.9,10.98,26.53,40.28,Career (2013-2026)
9b4935c8,CJ Ferguson,Powerplay,437,404,54,5,186,108.17,14.6,46.04,56.29,Career (2013-2026)
9b6e1b3f,J Fraser-McGurk,Death,97,75,5,4,27,129.33,12.0,36.0,45.36,Career (2013-2026)
9b6e1b3f,J Fraser-McGurk,Middle,712,473,37,49,163,150.53,18.18,34.46,62.08,Career (2013-2026)
9b6e1b3f,J Fraser-McGurk,Powerplay,928,608,88,57,276,152.63,23.85,45.39,74.78,Career (2013-2026)
9c20688d,Shashank Chandrakar,Middle,204,142,16,11,48,143.66,19.01,33.8,63.73,Career (2013-2026)
9c20688d,Shashank Chandrakar,Powerplay,392,293,42,14,126,133.79,19.11,43.0,64.29,Career (2013-2026)
9c53babc,Piyush Tanwar,Middle,38,41,1,1,13,92.68,4.88,31.71,26.32,Career (2013-2026)
9c53babc,Piyush Tanwar,Powerplay,72,58,8,3,26,124.14,18.97,44.83,69.44,Career (2013-2026)
9c643d7b,JM Coles,Death,124,81,17,2,23,153.09,23.46,28.4,64.52,Career (2013-2026)
9c643d7b,JM Coles,Middle,229,167,20,7,50,137.13,16.17,29.94,53.28,Career (2013-2026)
9c821d2e,RA Herman,Middle,280,210,20,12,68,133.33,15.24,32.38,54.29,Career (2013-2026)
9c821d2e,RA Herman,Powerplay,235,223,30,6,128,105.38,16.14,57.4,66.38,Career (2013-2026)
9c8448ba,OJ Peake,Death,76,41,6,4,10,185.37,24.39,24.39,63.16,Career (2013-2026)
9c8448ba,OJ Peake,Middle,104,91,9,3,31,114.29,13.19,34.07,51.92,Career (2013-2026)
9c86350f,H Desai,Middle,53,46,5,2,18,115.22,15.22,39.13,60.38,Career (2013-2026)
9c86350f,H Desai,Powerplay,292,242,45,6,122,120.66,21.07,50.41,73.97,Career (2013-2026)
9c9af282,Naseem Shah,Death,62,44,3,4,14,140.91,15.91,31.82,58.06,Career (2013-2026)
9c9f8dbc,H Davids,Death,57,47,1,4,15,121.28,10.64,31.91,49.12,Career (2013-2026)
9c9f8dbc,H Davids,Middle,125,119,11,1,45,105.04,10.08,37.82,40.0,Career (2013-2026)
9c9f8dbc,H Davids,Powerplay,43,46,4,1,24,93.48,10.87,52.17,51.16,Career (2013-2026)
9cab5daf,NRJ Young,Death,81,62,3,6,28,130.65,14.52,45.16,59.26,Career (2013-2026)
9cab5daf,NRJ Young,Middle,55,74,1,3,40,74.32,5.41,54.05,40.0,Career (2013-2026)
9caf69a1,WG Jacks,Death,156,64,9,14,10,243.75,35.94,15.62,76.92,Career (2013-2026)
9caf69a1,WG Jacks,Middle,999,650,61,64,193,153.69,19.23,29.69,62.86,Career (2013-2026)
9caf69a1,WG Jacks,Powerplay,1612,1020,183,82,437,158.04,25.98,42.84,75.93,Career (2013-2026)
9cb8d7a6,Imad Wasim,Death,711,479,65,28,145,148.43,19.42,30.27,60.2,Career (2013-2026)
9cb8d7a6,Imad Wasim,Middle,502,538,31,10,213,93.31,7.62,39.59,36.65,Career (2013-2026)
9cd9e3f4,Denish Das,Middle,70,98,1,1,40,71.43,2.04,40.82,14.29,Career (2013-2026)
9cd9e3f4,Denish Das,Powerplay,155,158,16,4,81,98.1,12.66,51.27,56.77,Career (2013-2026)
9d3940b3,Himanshu Rana,Death,90,46,10,4,11,195.65,30.43,23.91,71.11,Career (2013-2026)
9d3940b3,Himanshu Rana,Middle,398,337,43,5,116,118.1,14.24,34.42,50.75,Career (2013-2026)
9d3940b3,Himanshu Rana,Powerplay,320,275,40,10,142,116.36,18.18,51.64,68.75,Career (2013-2026)
9d430b40,SP Narine,Death,631,483,43,43,218,130.64,17.81,45.13,68.15,Career (2013-2026)
9d430b40,SP Narine,Middle,964,676,53,75,280,142.6,18.93,41.42,68.67,Career (2013-2026)
9d430b40,SP Narine,Powerplay,1940,1240,224,117,620,156.45,27.5,50.0,82.37,Career (2013-2026)
9d450c28,C Hemraj,Middle,287,220,22,13,75,130.45,15.91,34.09,57.84,Career (2013-2026)
9d450c28,C Hemraj,Powerplay,613,543,62,30,291,112.89,16.94,53.59,69.82,Career (2013-2026)
9d6e1d80,TA Griffith,Middle,48,52,3,0,19,92.31,5.77,36.54,25.0,Career (2013-2026)
9d6e1d80,TA Griffith,Powerplay,51,43,6,2,23,118.6,18.6,53.49,70.59,Career (2013-2026)
9d80c5e1,S Nadeem,Death,68,102,4,1,58,66.67,4.9,56.86,32.35,Career (2013-2026)
9de62878,Shadab Khan,Death,199,118,14,13,36,168.64,22.88,30.51,67.34,Career (2013-2026)
9de62878,Shadab Khan,Middle,302,259,14,12,85,116.6,10.04,32.82,42.38,Career (2013-2026)
9e29431f,Pragnay Reddy,Powerplay,42,63,4,2,46,66.67,9.52,73.02,66.67,Career (2013-2026)
9e62632a,Karanveer Kaushal,Middle,112,96,10,5,43,116.67,15.62,44.79,62.5,Career (2013-2026)
9e62632a,Karanveer Kaushal,Powerplay,262,210,25,18,116,124.76,20.48,55.24,79.39,Career (2013-2026)
9e7225b0,Saurav Chauhan,Middle,164,115,9,9,31,142.61,15.65,26.96,54.88,Career (2013-2026)
9e7225b0,Saurav Chauhan,Powerplay,69,81,9,0,39,85.19,11.11,48.15,52.17,Career (2013-2026)
9e85455c,MS Harris,Middle,286,233,13,14,73,122.75,11.59,31.33,47.55,Career (2013-2026)
9e85455c,MS Harris,Powerplay,719,616,94,13,296,116.72,17.37,48.05,63.14,Career (2013-2026)
9eb1455b,NT Ellis,Death,322,269,26,10,98,119.7,13.38,36.43,50.93,Career (2013-2026)
9eb1455b,NT Ellis,Middle,95,80,9,3,37,118.75,15.0,46.25,56.84,Career (2013-2026)
9ed95736,Naushad Shaikh,Death,159,100,11,7,21,159.0,18.0,21.0,54.09,Career (2013-2026)
9ed95736,Naushad Shaikh,Middle,485,412,40,8,125,117.72,11.65,30.34,42.89,Career (2013-2026)
9ed95736,Naushad Shaikh,Powerplay,88,97,9,1,46,90.72,10.31,47.42,47.73,Career (2013-2026)
9f77963a,Gulbadin Naib,Death,152,79,10,10,18,192.41,25.32,22.78,65.79,Career (2013-2026)
9f77963a,Gulbadin Naib,Middle,241,172,18,11,59,140.12,16.86,34.3,57.26,Career (2013-2026)
9f77963a,Gulbadin Naib,Powerplay,45,50,3,0,25,90.0,6.0,50.0,26.67,Career (2013-2026)
9fc0ef64,PJ Sangwan,Death,102,80,13,3,35,127.5,20.0,43.75,68.63,Career (2013-2026)
9fd83fec,Mohammed Taha,Middle,46,41,4,2,17,112.2,14.63,41.46,60.87,Career (2013-2026)
9fe56f2b,Samarth Seth,Middle,104,79,9,2,16,131.65,13.92,20.25,46.15,Career (2013-2026)
9fe56f2b,Samarth Seth,Powerplay,161,162,24,3,93,99.38,16.67,57.41,70.81,Career (2013-2026)
9ffd1ac1,T Bavuma,Middle,57,42,2,3,8,135.71,11.9,19.05,45.61,Career (2013-2026)
a00e1842,Writtick Chatterjee,Middle,148,109,11,5,27,135.78,14.68,24.77,50.0,Career (2013-2026)
a03bba42,T Shamsi,Death,46,72,3,0,37,63.89,4.17,51.39,26.09,Career (2013-2026)
a0d66374,T Pradeep,Death,107,62,5,10,23,172.58,24.19,37.1,74.77,Career (2013-2026)
a0d832c0,Vinoop Manoharan,Middle,88,74,7,3,26,118.92,13.51,35.14,52.27,Career (2013-2026)
a0f612b6,TD Andrews,Death,95,56,8,6,21,169.64,25.0,37.5,71.58,Career (2013-2026)
a12e1d51,SL Malinga,Death,88,97,6,5,54,90.72,11.34,55.67,61.36,Career (2013-2026)
a139c379,DN Wyatt,Middle,582,403,73,11,135,144.42,20.84,33.5,61.51,Career (2013-2026)
a139c379,DN Wyatt,Powerplay,607,499,91,5,230,121.64,19.24,46.09,64.91,Career (2013-2026)
a15618fe,JM Vince,Death,367,214,26,16,46,171.5,19.63,21.5,54.5,Career (2013-2026)
a15618fe,JM Vince,Middle,2149,1580,174,64,451,136.01,15.06,28.54,50.26,Career (2013-2026)
a15618fe,JM Vince,Powerplay,2409,1904,310,46,819,126.52,18.7,43.01,62.93,Career (2013-2026)
a1765140,Mrunal Devdhar,Middle,212,194,17,3,61,109.28,10.31,31.44,40.57,Career (2013-2026)
a1765140,Mrunal Devdhar,Powerplay,541,415,68,17,180,130.36,20.48,43.37,69.13,Career (2013-2026)
a1b69936,DG Bedingham,Middle,107,97,7,1,25,110.31,8.25,25.77,31.78,Career (2013-2026)
a1b69936,DG Bedingham,Powerplay,172,141,22,2,57,121.99,17.02,40.43,58.14,Career (2013-2026)
a1d053dd,SS Cottrell,Death,148,107,9,11,52,138.32,18.69,48.6,68.92,Career (2013-2026)
a1f1829d,K Goel,Middle,28,42,1,1,24,66.67,4.76,57.14,35.71,Career (2013-2026)
a1f1829d,K Goel,Powerplay,160,161,13,7,86,99.38,12.42,53.42,58.75,Career (2013-2026)
a22fb7b5,PM Nevill,Death,130,112,9,2,41,116.07,9.82,36.61,36.92,Career (2013-2026)
a22fb7b5,PM Nevill,Middle,136,153,10,0,59,88.89,6.54,38.56,29.41,Career (2013-2026)
a22fb7b5,PM Nevill,Powerplay,59,51,9,0,24,115.69,17.65,47.06,61.02,Career (2013-2026)
a2421394,AC Agar,Death,575,429,31,28,137,134.03,13.75,31.93,50.78,Career (2013-2026)
a2421394,AC Agar,Middle,258,266,11,10,111,96.99,7.89,41.73,40.31,Career (2013-2026)
a24be938,VR Iyer,Death,535,314,42,33,90,170.38,23.89,28.66,68.41,Career (2013-2026)
a24be938,VR Iyer,Middle,1125,864,84,42,265,130.21,14.58,30.67,52.27,Career (2013-2026)
a24be938,VR Iyer,Powerplay,918,658,118,36,307,139.51,23.4,46.66,74.95,Career (2013-2026)
a28132bd,FC Wilson,Death,50,46,5,0,13,108.7,10.87,28.26,40.0,Career (2013-2026)
a28132bd,FC Wilson,Middle,129,140,12,0,55,92.14,8.57,39.29,37.21,Career (2013-2026)
a28132bd,FC Wilson,Powerplay,46,56,7,0,32,82.14,12.5,57.14,60.87,Career (2013-2026)
a316d663,GC Viljoen,Death,115,110,10,4,51,104.55,12.73,46.36,55.65,Career (2013-2026)
a316d663,GC Viljoen,Middle,98,89,4,6,36,110.11,11.24,40.45,53.06,Career (2013-2026)
a343262c,JE Root,Death,176,112,14,6,23,157.14,17.86,20.54,52.27,Career (2013-2026)
a343262c,JE Root,Middle,573,466,43,9,108,122.96,11.16,23.18,39.44,Career (2013-2026)
a343262c,JE Root,Powerplay,560,423,68,14,177,132.39,19.39,41.84,63.57,Career (2013-2026)
a3690f55,Khuzaima Tanveer,Death,88,41,7,6,11,214.63,31.71,26.83,72.73,Career (2013-2026)
a386e91b,PD Collingwood,Death,136,77,6,10,22,176.62,20.78,28.57,61.76,Career (2013-2026)
a386e91b,PD Collingwood,Middle,152,143,10,4,52,106.29,9.79,36.36,42.11,Career (2013-2026)
a392328e,SU Shrivastava,Middle,121,127,9,0,43,95.28,7.09,33.86,29.75,Career (2013-2026)
a392328e,SU Shrivastava,Powerplay,67,56,10,0,22,119.64,17.86,39.29,59.7,Career (2013-2026)
a3b0600d,Aniket Verma,Death,143,77,8,12,24,185.71,25.97,31.17,72.73,Career (2013-2026)
a3b0600d,Aniket Verma,Middle,155,103,8,13,41,150.49,20.39,39.81,70.97,Career (2013-2026)
a3ce3d1d,SJ Erwee,Powerplay,47,40,5,2,20,117.5,17.5,50.0,68.09,Career (2013-2026)
a446c7be,Vivek Singh,Death,135,85,12,6,25,158.82,21.18,29.41,62.22,Career (2013-2026)
a446c7be,Vivek Singh,Middle,326,262,22,11,81,124.43,12.6,30.92,47.24,Career (2013-2026)
a446c7be,Vivek Singh,Powerplay,595,428,68,32,214,139.02,23.36,50.0,77.98,Career (2013-2026)
a454fa21,Saahil Jain,Middle,91,95,9,2,45,95.79,11.58,47.37,52.75,Career (2013-2026)
a457cfb5,Mayank Dagar,Death,47,57,2,1,26,82.46,5.26,45.61,29.79,Career (2013-2026)
a45a5e8d,AM Nayar,Death,401,247,39,16,68,162.35,22.27,27.53,62.84,Career (2013-2026)
a45a5e8d,AM Nayar,Middle,341,352,19,9,141,96.88,7.95,40.06,38.12,Career (2013-2026)
a45a5e8d,AM Nayar,Powerplay,65,73,8,1,42,89.04,12.33,57.53,58.46,Career (2013-2026)
a4cc73aa,SV Samson,Death,1004,528,76,66,133,190.15,26.89,25.19,69.72,Career (2013-2026)
a4cc73aa,SV Samson,Middle,3210,2329,199,155,658,137.83,15.2,28.25,53.77,Career (2013-2026)
a4cc73aa,SV Samson,Powerplay,1913,1518,242,63,722,126.02,20.09,47.56,70.36,Career (2013-2026)
a4e37e47,S Dube,Death,1095,645,71,76,195,169.77,22.79,30.23,67.58,Career (2013-2026)
a4e37e47,S Dube,Middle,1567,1183,93,92,413,132.46,15.64,34.91,58.97,Career (2013-2026)
a4e37e47,S Dube,Powerplay,41,59,3,1,35,69.49,6.78,59.32,43.9,Career (2013-2026)
a55e0360,CP Savage,Death,209,135,14,13,42,154.81,20.0,31.11,64.11,Career (2013-2026)
a55e0360,CP Savage,Middle,60,48,6,2,18,125.0,16.67,37.5,60.0,Career (2013-2026)
a6004ded,Rohan Kunnummal,Middle,121,106,8,3,33,114.15,10.38,31.13,41.32,Career (2013-2026)
a6004ded,Rohan Kunnummal,Powerplay,225,206,31,4,103,109.22,16.99,50.0,65.78,Career (2013-2026)
a61bcb94,K Pierre,Death,70,57,6,3,23,122.81,15.79,40.35,60.0,Career (2013-2026)
a63563c0,Diwesh Pathania,Death,156,110,10,8,34,141.82,16.36,30.91,56.41,Career (2013-2026)
a63d0c5a,SD Parris,Middle,104,104,3,6,42,100.0,8.65,40.38,46.15,Career (2013-2026)
a63d0c5a,SD Parris,Powerplay,97,96,5,8,59,101.04,13.54,61.46,70.1,Career (2013-2026)
a64608ec,Rishabh Chouhan,Death,135,98,9,6,33,137.76,15.31,33.67,53.33,Career (2013-2026)
a64608ec,Rishabh Chouhan,Middle,90,83,8,3,33,108.43,13.25,39.76,55.56,Career (2013-2026)
a6a04501,Rohit Shah,Middle,57,70,3,0,26,81.43,4.29,37.14,21.05,Career (2013-2026)
a6a04501,Rohit Shah,Powerplay,27,47,3,0,30,57.45,6.38,63.83,44.44,Career (2013-2026)
a6a50969,Arpit Gaud,Powerplay,93,80,9,6,46,116.25,18.75,57.5,77.42,Career (2013-2026)
a6bab2a9,K Gore,Death,64,45,7,2,16,142.22,20.0,35.56,62.5,Career (2013-2026)
a6bab2a9,K Gore,Middle,85,75,4,3,23,113.33,9.33,30.67,40.0,Career (2013-2026)
a6bab2a9,K Gore,Powerplay,170,128,19,6,58,132.81,19.53,45.31,65.88,Career (2013-2026)
a717c88e,Sanjay Raghunath,Powerplay,68,61,11,1,31,111.48,19.67,50.82,73.53,Career (2013-2026)
a73f1f24,Rajesh Mohanty,Death,50,54,2,3,28,92.59,9.26,51.85,52.0,Career (2013-2026)
a756e61a,SB Harper,Death,121,83,10,6,32,145.78,19.28,38.55,62.81,Career (2013-2026)
a756e61a,SB Harper,Middle,824,621,52,30,190,132.69,13.2,30.6,47.09,Career (2013-2026)
a756e61a,SB Harper,Powerplay,1059,787,116,33,319,134.56,18.93,40.53,62.51,Career (2013-2026)
a757b0d8,KA Pollard,Death,5210,2837,355,374,834,183.64,25.7,29.4,70.33,Career (2013-2026)
a757b0d8,KA Pollard,Middle,3901,3127,211,247,1268,124.75,14.65,40.55,59.63,Career (2013-2026)
a757b0d8,KA Pollard,Powerplay,156,158,15,7,91,98.73,13.92,57.59,65.38,Career (2013-2026)
a76d10ba,TM Srivastava,Middle,132,107,8,7,35,123.36,14.02,32.71,56.06,Career (2013-2026)
a76d10ba,TM Srivastava,Powerplay,48,55,7,0,33,87.27,12.73,60.0,58.33,Career (2013-2026)
a7b20d59,Naren Reddy,Death,82,43,5,6,7,190.7,25.58,16.28,68.29,Career (2013-2026)
a818c1be,TA Boult,Death,296,219,19,19,91,135.16,17.35,41.55,64.19,Career (2013-2026)
a81e957f,Suryakant Pradhan,Death,86,48,6,6,16,179.17,25.0,33.33,69.77,Career (2013-2026)
a84468fe,DJ Jacobs,Powerplay,102,116,10,5,72,87.93,12.93,62.07,68.63,Career (2013-2026)
a90e53ec,MW Short,Death,404,253,34,15,68,159.68,19.37,26.88,55.94,Career (2013-2026)
a90e53ec,MW Short,Middle,1617,1156,97,73,316,139.88,14.71,27.34,51.08,Career (2013-2026)
a90e53ec,MW Short,Powerplay,2271,1571,240,99,665,144.56,21.58,42.33,68.43,Career (2013-2026)
a97c8ec2,PWH de Silva,Death,151,112,13,5,39,134.82,16.07,34.82,54.3,Career (2013-2026)
a97c8ec2,PWH de Silva,Middle,288,220,24,9,77,130.91,15.0,35.0,52.08,Career (2013-2026)
a9d2dab9,S Fanning,Powerplay,106,69,11,5,26,153.62,23.19,37.68,69.81,Career (2013-2026)
a9fd84fb,M Markande,Death,97,80,9,2,29,121.25,13.75,36.25,49.48,Career (2013-2026)
aa5d8c9e,A Tomar,Powerplay,33,53,4,0,36,62.26,7.55,67.92,48.48,Career (2013-2026)
aa8d28ae,D Wiese,Death,740,466,51,46,152,158.8,20.82,32.62,64.86,Career (2013-2026)
aa8d28ae,D Wiese,Middle,267,261,15,8,99,102.3,8.81,37.93,40.45,Career (2013-2026)
aaa1b522,TL Suman,Death,144,108,10,6,33,133.33,14.81,30.56,52.78,Career (2013-2026)
aaa1b522,TL Suman,Middle,347,286,23,14,107,121.33,12.94,37.41,50.72,Career (2013-2026)
aaa1b522,TL Suman,Powerplay,185,181,22,6,103,102.21,15.47,56.91,67.03,Career (2013-2026)
aad0c365,Nithish Kumar Reddy,Death,259,134,12,22,33,193.28,25.37,24.63,69.5,Career (2013-2026)
aad0c365,Nithish Kumar Reddy,Middle,522,386,37,24,120,135.23,15.8,31.09,55.94,Career (2013-2026)
aad0c365,Nithish Kumar Reddy,Powerplay,98,117,7,3,63,83.76,8.55,53.85,46.94,Career (2013-2026)
ab01e323,SA Zaib,Middle,86,73,5,3,22,117.81,10.96,30.14,44.19,Career (2013-2026)
ab21795b,BAD Manenti,Death,65,60,4,1,19,108.33,8.33,31.67,33.85,Career (2013-2026)
ab21795b,BAD Manenti,Middle,55,67,0,2,30,82.09,2.99,44.78,21.82,Career (2013-2026)
ab636882,Mitesh Patel,Middle,70,51,7,1,12,137.25,15.69,23.53,48.57,Career (2013-2026)
ab636882,Mitesh Patel,Powerplay,79,75,10,1,34,105.33,14.67,45.33,58.23,Career (2013-2026)
ab6b1c45,AL Phehlukwayo,Death,89,60,7,5,22,148.33,20.0,36.67,65.17,Career (2013-2026)
ab6b1c45,AL Phehlukwayo,Middle,61,69,6,2,37,88.41,11.59,53.62,59.02,Career (2013-2026)
ab89348d,MF Maharoof,Death,135,89,9,7,30,151.69,17.98,33.71,57.78,Career (2013-2026)
ab965cad,HWR Cartwright,Death,777,483,61,37,146,160.87,20.29,30.23,59.97,Career (2013-2026)
ab965cad,HWR Cartwright,Middle,1112,952,71,44,349,116.81,12.08,36.66,49.28,Career (2013-2026)
ab965cad,HWR Cartwright,Powerplay,321,311,38,5,150,103.22,13.83,48.23,56.7,Career (2013-2026)
abb83e27,JM Bairstow,Death,265,144,14,22,48,184.03,25.0,33.33,70.94,Career (2013-2026)
abb83e27,JM Bairstow,Middle,1290,922,101,59,313,139.91,17.35,33.95,58.76,Career (2013-2026)
abb83e27,JM Bairstow,Powerplay,1579,1109,202,60,489,142.38,23.62,44.09,73.97,Career (2013-2026)
abc9f8a4,FG Kemp,Death,225,147,16,12,49,153.06,19.05,33.33,60.44,Career (2013-2026)
abc9f8a4,FG Kemp,Middle,208,193,18,1,58,107.77,9.84,30.05,37.5,Career (2013-2026)
abc9f8a4,FG Kemp,Powerplay,79,67,12,0,28,117.91,17.91,41.79,60.76,Career (2013-2026)
abfeb126,M Kartik,Death,78,76,3,1,19,102.63,5.26,25.0,23.08,Career (2013-2026)
ac56b5a7,AC Jayangani,Powerplay,51,75,9,0,54,68.0,12.0,72.0,70.59,Career (2013-2026)
ac5ae4af,I Udana,Death,74,47,4,7,21,157.45,23.4,44.68,78.38,Career (2013-2026)
ac64c2ef,Raghav Dhawan,Middle,71,50,5,2,11,142.0,14.0,22.0,45.07,Career (2013-2026)
ac688e55,G Roelofsen,Middle,93,80,4,3,25,116.25,8.75,31.25,36.56,Career (2013-2026)
ac688e55,G Roelofsen,Powerplay,103,93,14,1,48,110.75,16.13,51.61,60.19,Career (2013-2026)
acc1aeda,SP Jackson,Death,328,206,19,21,56,159.22,19.42,27.18,61.59,Career (2013-2026)
acc1aeda,SP Jackson,Middle,576,444,46,24,142,129.73,15.77,31.98,56.94,Career (2013-2026)
acc1aeda,SP Jackson,Powerplay,226,229,34,3,125,98.69,16.16,54.59,68.14,Career (2013-2026)
acdc62f5,A Nortje,Death,111,98,12,2,44,113.27,14.29,44.9,54.05,Career (2013-2026)
acee4cc4,Imran Tahir,Death,120,117,10,4,55,102.56,11.97,47.01,53.33,Career (2013-2026)
acee4cc4,Imran Tahir,Middle,31,42,4,0,27,73.81,9.52,64.29,51.61,Career (2013-2026)
ad1e02b4,Prashant Gupta,Middle,211,163,17,6,43,129.45,14.11,26.38,49.29,Career (2013-2026)
ad1e02b4,Prashant Gupta,Powerplay,193,156,33,1,69,123.72,21.79,44.23,71.5,Career (2013-2026)
ad212f96,RF Higgins,Death,60,42,7,1,12,142.86,19.05,28.57,56.67,Career (2013-2026)
ad3b6e95,Abishek Porel,Middle,328,238,23,12,59,137.82,14.71,24.79,50.0,Career (2013-2026)
ad3b6e95,Abishek Porel,Powerplay,432,293,56,15,123,147.44,24.23,41.98,72.69,Career (2013-2026)
ad427b5c,Lalit Yadav,Death,446,275,49,18,82,162.18,24.36,29.82,68.16,Career (2013-2026)
ad427b5c,Lalit Yadav,Middle,361,325,30,10,121,111.08,12.31,37.23,49.86,Career (2013-2026)
ad72e8cc,Lakhan Singh,Middle,93,64,6,5,18,145.31,17.19,28.12,58.06,Career (2013-2026)
ad72e8cc,Lakhan Singh,Powerplay,172,144,26,2,63,119.44,19.44,43.75,67.44,Career (2013-2026)
ad9c32a2,DJ Malan,Death,116,73,9,6,19,158.9,20.55,26.03,62.07,Career (2013-2026)
ad9c32a2,DJ Malan,Middle,782,618,61,26,193,126.54,14.08,31.23,51.15,Career (2013-2026)
ad9c32a2,DJ Malan,Powerplay,675,600,78,16,272,112.5,15.67,45.33,60.44,Career (2013-2026)
ada15e88,PSP Handscomb,Death,330,215,19,14,49,153.49,15.35,22.79,48.48,Career (2013-2026)
ada15e88,PSP Handscomb,Middle,629,551,40,13,160,114.16,9.62,29.04,37.84,Career (2013-2026)
ada15e88,PSP Handscomb,Powerplay,306,304,41,2,147,100.66,14.14,48.36,57.52,Career (2013-2026)
addbde6c,N Saini,Middle,185,169,16,2,55,109.47,10.65,32.54,41.08,Career (2013-2026)
addbde6c,N Saini,Powerplay,180,172,24,1,87,104.65,14.53,50.58,56.67,Career (2013-2026)
adf454e9,Rahul Singh,Death,78,40,6,5,10,195.0,27.5,25.0,69.23,Career (2013-2026)
adf454e9,Rahul Singh,Middle,275,207,20,10,60,132.85,14.49,28.99,50.91,Career (2013-2026)
adf454e9,Rahul Singh,Powerplay,260,160,40,7,63,162.5,29.38,39.38,77.69,Career (2013-2026)
ae091d39,SA Asnodkar,Middle,195,165,24,2,58,118.18,15.76,35.15,55.38,Career (2013-2026)
ae091d39,SA Asnodkar,Powerplay,392,312,50,13,155,125.64,20.19,49.68,70.92,Career (2013-2026)
ae78bc32,MS Gony,Death,169,105,11,12,40,160.95,21.9,38.1,68.64,Career (2013-2026)
aed9ac31,K Lion-Cachet,Death,73,42,9,2,11,173.81,26.19,26.19,65.75,Career (2013-2026)
aed9ac31,K Lion-Cachet,Middle,65,59,8,0,21,110.17,13.56,35.59,49.23,Career (2013-2026)
aedc3b7c,NS Naik,Death,206,152,14,7,41,135.53,13.82,26.97,47.57,Career (2013-2026)
aedc3b7c,NS Naik,Middle,270,213,19,12,71,126.76,14.55,33.33,54.81,Career (2013-2026)
aedc3b7c,NS Naik,Powerplay,42,48,4,1,23,87.5,10.42,47.92,52.38,Career (2013-2026)
af2c687b,C Munro,Death,731,415,64,39,116,176.14,24.82,27.95,67.03,Career (2013-2026)
af2c687b,C Munro,Middle,2760,2168,168,125,682,127.31,13.51,31.46,51.52,Career (2013-2026)
af2c687b,C Munro,Powerplay,2680,2104,291,120,1003,127.38,19.53,47.67,70.3,Career (2013-2026)
af5b6464,N Bidaisee,Death,95,60,6,7,19,158.33,21.67,31.67,69.47,Career (2013-2026)
af5b6464,N Bidaisee,Middle,42,54,1,1,23,77.78,3.7,42.59,23.81,Career (2013-2026)
af863475,Bhanu Pania,Death,133,90,10,6,28,147.78,17.78,31.11,57.14,Career (2013-2026)
af863475,Bhanu Pania,Middle,67,86,2,4,45,77.91,6.98,52.33,47.76,Career (2013-2026)
afa78c3a,CS Delport,Middle,153,126,5,11,53,121.43,12.7,42.06,56.21,Career (2013-2026)
afa78c3a,CS Delport,Powerplay,202,178,31,4,95,113.48,19.66,53.37,73.27,Career (2013-2026)
afa7e784,MS Wade,Death,478,294,35,20,69,162.59,18.71,23.47,54.39,Career (2013-2026)
afa7e784,MS Wade,Middle,1663,1193,119,62,327,139.4,15.17,27.41,50.99,Career (2013-2026)
afa7e784,MS Wade,Powerplay,1562,1136,181,45,444,137.5,19.89,39.08,63.64,Career (2013-2026)
afab6988,Piyush Singh,Powerplay,41,52,4,1,31,78.85,9.62,59.62,53.66,Career (2013-2026)
afe3355a,AR Bawne,Death,138,86,11,8,30,160.47,22.09,34.88,66.67,Career (2013-2026)
afe3355a,AR Bawne,Middle,81,84,6,1,30,96.43,8.33,35.71,37.04,Career (2013-2026)
afe57f7a,SC Williams,Middle,116,85,9,5,28,136.47,16.47,32.94,56.9,Career (2013-2026)
b0081e62,K Lewis,Middle,169,144,2,16,67,117.36,12.5,46.53,61.54,Career (2013-2026)
b0081e62,K Lewis,Powerplay,389,309,40,23,167,125.89,20.39,54.05,76.61,Career (2013-2026)
b0482a1d,Tilak Varma,Death,636,316,51,44,82,201.27,30.06,25.95,73.58,Career (2013-2026)
b0482a1d,Tilak Varma,Middle,1367,1024,93,58,303,133.5,14.75,29.59,52.67,Career (2013-2026)
b0482a1d,Tilak Varma,Powerplay,375,304,38,14,133,123.36,17.11,43.75,62.93,Career (2013-2026)
b05e45e4,AE Jones,Death,123,75,16,1,15,164.0,22.67,20.0,56.91,Career (2013-2026)
b05e45e4,AE Jones,Middle,472,347,55,4,98,136.02,17.0,28.24,51.69,Career (2013-2026)
b05e45e4,AE Jones,Powerplay,194,198,29,0,100,97.98,14.65,50.51,59.79,Career (2013-2026)
b0946605,AS Joseph,Death,232,213,14,12,97,108.92,12.21,45.54,55.17,Career (2013-2026)
b0946605,AS Joseph,Middle,91,100,8,3,52,91.0,11.0,52.0,54.95,Career (2013-2026)
b0c772ee,BJ Haddin,Death,98,66,9,3,19,148.48,18.18,28.79,55.1,Career (2013-2026)
b0c772ee,BJ Haddin,Middle,285,202,20,15,69,141.09,17.33,34.16,59.65,Career (2013-2026)
b0c772ee,BJ Haddin,Powerplay,185,157,21,5,82,117.83,16.56,52.23,61.62,Career (2013-2026)
b0eaaac6,Ali Khan,Death,63,72,3,3,35,87.5,8.33,48.61,47.62,Career (2013-2026)
b0f2baf4,Sanvir Singh,Death,227,117,19,13,24,194.02,27.35,20.51,67.84,Career (2013-2026)
b11d8647,Ashwin Hebbar,Middle,355,316,30,9,111,112.34,12.34,35.13,49.01,Career (2013-2026)
b11d8647,Ashwin Hebbar,Powerplay,539,398,59,24,173,135.43,20.85,43.47,70.5,Career (2013-2026)
b13c506b,Joshua Ozukum,Middle,72,62,5,3,25,116.13,12.9,40.32,52.78,Career (2013-2026)
b13c506b,Joshua Ozukum,Powerplay,121,109,21,0,56,111.01,19.27,51.38,69.42,Career (2013-2026)
b1451597,LR Shukla,Death,219,164,19,9,57,133.54,17.07,34.76,59.36,Career (2013-2026)
b1451597,LR Shukla,Middle,184,181,14,7,84,101.66,11.6,46.41,53.26,Career (2013-2026)
b17e2f24,KL Rahul,Death,924,516,76,48,116,179.07,24.03,22.48,64.07,Career (2013-2026)
b17e2f24,KL Rahul,Middle,2589,1868,173,102,461,138.6,14.72,24.68,50.37,Career (2013-2026)
b17e2f24,KL Rahul,Powerplay,2628,2005,287,104,857,131.07,19.5,42.74,67.43,Career (2013-2026)
b2570b38,RV Gomez,Death,137,101,12,6,36,135.64,17.82,35.64,61.31,Career (2013-2026)
b2570b38,RV Gomez,Middle,37,41,1,3,24,90.24,9.76,58.54,59.46,Career (2013-2026)
b2664905,TT Beaumont,Middle,388,316,42,5,105,122.78,14.87,33.23,51.03,Career (2013-2026)
b2664905,TT Beaumont,Powerplay,466,397,78,5,201,117.38,20.91,50.63,73.39,Career (2013-2026)
b274dbbd,ER Dwivedi,Death,100,62,10,4,14,161.29,22.58,22.58,64.0,Career (2013-2026)
b274dbbd,ER Dwivedi,Middle,163,136,13,5,48,119.85,13.24,35.29,50.31,Career (2013-2026)
b274dbbd,ER Dwivedi,Powerplay,57,56,7,2,31,101.79,16.07,55.36,70.18,Career (2013-2026)
b2a55ac1,Utkarsh Singh,Middle,69,51,10,0,14,135.29,19.61,27.45,57.97,Career (2013-2026)
b2a55ac1,Utkarsh Singh,Powerplay,61,59,10,0,29,103.39,16.95,49.15,65.57,Career (2013-2026)
b2a79f17,B Laughlin,Death,92,125,7,1,66,73.6,6.4,52.8,36.96,Career (2013-2026)
b2b4f545,A Mhatre,Middle,157,85,9,12,20,184.71,24.71,23.53,68.79,Career (2013-2026)
b2b4f545,A Mhatre,Powerplay,275,145,42,11,57,189.66,36.55,39.31,85.09,Career (2013-2026)
b2b50355,L Balaji,Death,35,45,2,1,25,77.78,6.67,55.56,40.0,Career (2013-2026)
b32b1661,Jyotsnil Singh,Powerplay,77,63,5,5,31,122.22,15.87,49.21,64.94,Career (2013-2026)
b34e0c77,S Glenn,Death,91,85,8,1,34,107.06,10.59,40.0,41.76,Career (2013-2026)
b34e4b15,L Shaw,Death,102,58,11,4,15,175.86,25.86,25.86,66.67,Career (2013-2026)
b34e4b15,L Shaw,Middle,88,72,8,2,24,122.22,13.89,33.33,50.0,Career (2013-2026)
b3bad3f2,NR Kumar,Middle,120,105,5,6,43,114.29,10.48,40.95,46.67,Career (2013-2026)
b410bd3d,S Lamichhane,Death,49,49,2,1,20,100.0,6.12,40.82,28.57,Career (2013-2026)
b4296080,Milind Kumar,Death,284,193,26,9,49,147.15,18.13,25.39,55.63,Career (2013-2026)
b4296080,Milind Kumar,Middle,607,550,43,17,191,110.36,10.91,34.73,45.14,Career (2013-2026)
b4296080,Milind Kumar,Powerplay,121,129,14,4,73,93.8,13.95,56.59,66.12,Career (2013-2026)
b4587494,Rohit Rayudu,Middle,56,58,3,1,22,96.55,6.9,37.93,32.14,Career (2013-2026)
b4b99816,Shubman Gill,Death,526,321,37,28,77,163.86,20.25,23.99,60.08,Career (2013-2026)
b4b99816,Shubman Gill,Middle,2370,1600,172,91,377,148.12,16.44,23.56,52.07,Career (2013-2026)
b4b99816,Shubman Gill,Powerplay,2337,1770,300,58,719,132.03,20.23,40.62,66.24,Career (2013-2026)
b4f5c2d9,KL Nagarkoti,Death,43,45,4,0,17,95.56,8.89,37.78,37.21,Career (2013-2026)
b52ffbbd,FA Allen,Death,781,472,54,53,165,165.47,22.67,34.96,68.37,Career (2013-2026)
b52ffbbd,FA Allen,Middle,315,296,18,15,131,106.42,11.15,44.26,51.43,Career (2013-2026)
b552a935,AC Thomas,Death,43,54,2,1,24,79.63,5.56,44.44,32.56,Career (2013-2026)
b5797845,Priyansh Arya,Middle,297,161,16,25,44,184.47,25.47,27.33,72.05,Career (2013-2026)
b5797845,Priyansh Arya,Powerplay,878,486,99,52,194,180.66,31.07,39.92,80.64,Career (2013-2026)
b57f8a9a,BJ Hodge,Death,1074,638,86,51,153,168.34,21.47,23.98,60.52,Career (2013-2026)
b57f8a9a,BJ Hodge,Middle,1577,1329,111,55,472,118.66,12.49,35.52,49.08,Career (2013-2026)
b57f8a9a,BJ Hodge,Powerplay,431,411,60,7,225,104.87,16.3,54.74,65.43,Career (2013-2026)
b58b7db6,GSNFG Jayasuriya,Middle,142,122,13,4,42,116.39,13.93,34.43,53.52,Career (2013-2026)
b58b7db6,GSNFG Jayasuriya,Powerplay,123,128,16,3,75,96.09,14.84,58.59,66.67,Career (2013-2026)
b5da6c24,PA Patel,Death,95,71,9,2,21,133.8,15.49,29.58,50.53,Career (2013-2026)
b5da6c24,PA Patel,Middle,934,782,78,20,238,119.44,12.53,30.43,46.25,Career (2013-2026)
b5da6c24,PA Patel,Powerplay,2226,1769,334,37,832,125.83,20.97,47.03,69.99,Career (2013-2026)
b5f7bae6,Vikrant Rajput,Middle,117,97,7,5,30,120.62,12.37,30.93,49.57,Career (2013-2026)
b61a3e1a,LRPL Taylor,Death,511,336,36,29,108,152.08,19.35,32.14,62.23,Career (2013-2026)
b61a3e1a,LRPL Taylor,Middle,1010,973,49,32,370,103.8,8.32,38.03,38.42,Career (2013-2026)
b61a3e1a,LRPL Taylor,Powerplay,383,355,38,14,188,107.89,14.65,52.96,61.62,Career (2013-2026)
b63ab531,LA Pomersbach,Death,99,65,8,4,16,152.31,18.46,24.62,56.57,Career (2013-2026)
b63ab531,LA Pomersbach,Middle,286,242,24,10,98,118.18,14.05,40.5,54.55,Career (2013-2026)
b63ab531,LA Pomersbach,Powerplay,370,294,45,12,145,125.85,19.39,49.32,68.11,Career (2013-2026)
b63e358a,RK Bhui,Death,378,160,26,31,31,236.25,35.62,19.38,76.72,Career (2013-2026)
b63e358a,RK Bhui,Middle,480,371,15,30,106,129.38,12.13,28.57,50.0,Career (2013-2026)
b63e358a,RK Bhui,Powerplay,78,95,11,1,56,82.11,12.63,58.95,64.1,Career (2013-2026)
b681e71e,GJ Maxwell,Death,1491,791,126,93,234,188.5,27.69,29.58,71.23,Career (2013-2026)
b681e71e,GJ Maxwell,Middle,4130,2759,297,223,886,149.69,18.85,32.11,61.16,Career (2013-2026)
b681e71e,GJ Maxwell,Powerplay,955,668,114,36,289,142.96,22.46,43.26,70.37,Career (2013-2026)
b690f34a,AA Barot,Middle,166,94,12,10,15,176.6,23.4,15.96,65.06,Career (2013-2026)
b690f34a,AA Barot,Powerplay,147,110,21,3,46,133.64,21.82,41.82,69.39,Career (2013-2026)
b720a5d6,DB Ravi Teja,Death,278,197,28,8,57,141.12,18.27,28.93,57.55,Career (2013-2026)
b720a5d6,DB Ravi Teja,Middle,493,448,43,9,155,110.04,11.61,34.6,45.84,Career (2013-2026)
b720a5d6,DB Ravi Teja,Powerplay,134,182,15,1,106,73.63,8.79,58.24,49.25,Career (2013-2026)
b76a2178,M Dindyal,Powerplay,79,60,6,6,31,131.67,20.0,51.67,75.95,Career (2013-2026)
b76b2d25,Sachin Kumar,Death,72,61,7,2,23,118.03,14.75,37.7,55.56,Career (2013-2026)
b76b2d25,Sachin Kumar,Middle,49,45,5,0,16,108.89,11.11,35.56,40.82,Career (2013-2026)
b7892352,Pankaj Shaw,Middle,40,42,4,0,16,95.24,9.52,38.1,40.0,Career (2013-2026)
b7b09ba5,S Descarte,Middle,62,56,3,3,24,110.71,10.71,42.86,48.39,Career (2013-2026)
b8a55852,BB McCullum,Death,308,163,23,20,38,188.96,26.38,23.31,68.83,Career (2013-2026)
b8a55852,BB McCullum,Middle,1868,1407,137,90,476,132.76,16.13,33.83,58.24,Career (2013-2026)
b8a55852,BB McCullum,Powerplay,2475,1870,285,112,910,132.35,21.23,48.66,73.21,Career (2013-2026)
b8b024c7,Ninad Kadam,Middle,35,47,2,0,21,74.47,4.26,44.68,22.86,Career (2013-2026)
b8cc58c9,RR Hendricks,Death,192,104,16,12,26,184.62,26.92,25.0,70.83,Career (2013-2026)
b8cc58c9,RR Hendricks,Middle,490,404,36,12,111,121.29,11.88,27.48,44.08,Career (2013-2026)
b8cc58c9,RR Hendricks,Powerplay,330,337,32,12,180,97.92,13.06,53.41,60.61,Career (2013-2026)
b8d490fd,AJ Finch,Death,727,417,62,38,115,174.34,23.98,27.58,65.47,Career (2013-2026)
b8d490fd,AJ Finch,Middle,2360,1819,160,99,599,129.74,14.24,32.93,52.29,Career (2013-2026)
b8d490fd,AJ Finch,Powerplay,2383,1998,290,62,943,119.27,17.62,47.2,64.29,Career (2013-2026)
b93a5d0b,Kolla Sumanth,Death,82,70,4,3,22,117.14,10.0,31.43,41.46,Career (2013-2026)
b93a5d0b,Kolla Sumanth,Middle,69,67,4,0,17,102.99,5.97,25.37,23.19,Career (2013-2026)
b970a03f,M Klinger,Death,196,111,17,7,23,176.58,21.62,20.72,56.12,Career (2013-2026)
b970a03f,M Klinger,Middle,668,581,42,15,178,114.97,9.81,30.64,38.62,Career (2013-2026)
b970a03f,M Klinger,Powerplay,946,871,118,11,405,108.61,14.81,46.5,56.87,Career (2013-2026)
ba5e1069,R Ravindra,Death,109,54,7,8,12,201.85,27.78,22.22,69.72,Career (2013-2026)
ba5e1069,R Ravindra,Middle,469,300,30,23,69,156.33,17.67,23.0,55.01,Career (2013-2026)
ba5e1069,R Ravindra,Powerplay,587,378,74,21,144,155.29,25.13,38.1,71.89,Career (2013-2026)
ba607b88,V Kohli,Death,1573,835,119,93,192,188.38,25.39,22.99,65.73,Career (2013-2026)
ba607b88,V Kohli,Middle,4286,3407,290,137,953,125.8,12.53,27.97,46.24,Career (2013-2026)
ba607b88,V Kohli,Powerplay,3487,2688,438,87,1113,129.72,19.53,41.41,65.21,Career (2013-2026)
ba9258a7,TB Abell,Death,99,57,9,4,13,173.68,22.81,22.81,60.61,Career (2013-2026)
ba9258a7,TB Abell,Middle,615,482,61,8,131,127.59,14.32,27.18,47.48,Career (2013-2026)
ba9258a7,TB Abell,Powerplay,363,314,40,7,144,115.61,14.97,45.86,55.65,Career (2013-2026)
bab78fa2,J Da Silva,Death,96,64,7,4,13,150.0,17.19,20.31,54.17,Career (2013-2026)
bab78fa2,J Da Silva,Middle,245,231,19,7,95,106.06,11.26,41.13,48.16,Career (2013-2026)
bab78fa2,J Da Silva,Powerplay,134,136,12,3,61,98.53,11.03,44.85,49.25,Career (2013-2026)
bb18be76,SK Warne,Death,137,132,10,4,56,103.79,10.61,42.42,46.72,Career (2013-2026)
bb18be76,SK Warne,Middle,61,82,4,2,44,74.39,7.32,53.66,45.9,Career (2013-2026)
bb345e0b,G Gambhir,Death,292,197,29,8,56,148.22,18.78,28.43,56.16,Career (2013-2026)
bb345e0b,G Gambhir,Middle,1724,1406,158,19,384,122.62,12.59,27.31,43.27,Career (2013-2026)
bb345e0b,G Gambhir,Powerplay,2427,2029,331,35,901,119.62,18.04,44.41,63.21,Career (2013-2026)
bb351c23,MM Ali,Death,591,347,39,43,114,170.32,23.63,32.85,70.05,Career (2013-2026)
bb351c23,MM Ali,Middle,1593,1231,94,86,437,129.41,14.62,35.5,55.99,Career (2013-2026)
bb351c23,MM Ali,Powerplay,588,567,58,25,312,103.7,14.64,55.03,64.97,Career (2013-2026)
bb965e9a,PK Garg,Death,155,98,16,5,27,158.16,21.43,27.55,60.65,Career (2013-2026)
bb965e9a,PK Garg,Middle,314,271,22,8,82,115.87,11.07,30.26,43.31,Career (2013-2026)
bb965e9a,PK Garg,Powerplay,126,129,9,6,68,97.67,11.63,52.71,57.14,Career (2013-2026)
bbbc7d28,Prashant Awasthi,Middle,59,44,4,2,8,134.09,13.64,18.18,47.46,Career (2013-2026)
bbce4647,EP Gulbis,Death,187,136,16,6,43,137.5,16.18,31.62,53.48,Career (2013-2026)
bbce4647,EP Gulbis,Middle,126,109,13,2,43,115.6,13.76,39.45,50.79,Career (2013-2026)
bbce4647,EP Gulbis,Powerplay,73,56,6,3,25,130.36,16.07,44.64,57.53,Career (2013-2026)
bbd41817,AD Russell,Death,3734,1935,236,333,683,192.97,29.41,35.3,78.79,Career (2013-2026)
bbd41817,AD Russell,Middle,2847,2018,202,207,902,141.08,20.27,44.7,72.01,Career (2013-2026)
bbd41817,AD Russell,Powerplay,175,100,16,15,48,175.0,31.0,48.0,88.0,Career (2013-2026)
bbe1525d,R Southby,Death,43,46,5,0,19,93.48,10.87,41.3,46.51,Career (2013-2026)
bbff906c,CAK Walton,Death,119,84,6,8,32,141.67,16.67,38.1,60.5,Career (2013-2026)
bbff906c,CAK Walton,Middle,817,602,48,47,209,135.71,15.78,34.72,58.02,Career (2013-2026)
bbff906c,CAK Walton,Powerplay,1054,988,124,33,521,106.68,15.89,52.73,65.84,Career (2013-2026)
bc2d4f2e,W Sutherland,Death,448,316,24,23,107,141.77,14.87,33.86,52.23,Career (2013-2026)
bc2d4f2e,W Sutherland,Middle,300,248,17,12,92,120.97,11.69,37.1,46.67,Career (2013-2026)
bc67cc22,Bavanaka Sandeep,Death,206,123,7,14,23,167.48,17.07,18.7,54.37,Career (2013-2026)
bc67cc22,Bavanaka Sandeep,Middle,434,395,27,10,119,109.87,9.37,30.13,38.71,Career (2013-2026)
bc67cc22,Bavanaka Sandeep,Powerplay,56,71,3,2,37,78.87,7.04,52.11,42.86,Career (2013-2026)
bc6d8229,Kumar Deobrat,Death,190,121,14,12,39,157.02,21.49,32.23,67.37,Career (2013-2026)
bc6d8229,Kumar Deobrat,Middle,195,166,14,9,64,117.47,13.86,38.55,56.41,Career (2013-2026)
bc6d8229,Kumar Deobrat,Powerplay,89,80,15,2,48,111.25,21.25,60.0,80.9,Career (2013-2026)
bc761d00,Robin Bist,Middle,75,80,6,0,29,93.75,7.5,36.25,32.0,Career (2013-2026)
bc761d00,Robin Bist,Powerplay,48,72,5,0,43,66.67,6.94,59.72,41.67,Career (2013-2026)
bc773eeb,JM Bird,Death,83,95,5,0,36,87.37,5.26,37.89,24.1,Career (2013-2026)
bc969efb,A Gardner,Death,69,46,8,2,16,150.0,21.74,34.78,63.77,Career (2013-2026)
bc969efb,A Gardner,Middle,348,258,36,9,84,134.88,17.44,32.56,56.9,Career (2013-2026)
bca46fdb,Abhishek Yadav,Middle,117,102,10,4,36,114.71,13.73,35.29,54.7,Career (2013-2026)
bcce309e,WPUJC Vaas,Death,59,53,2,2,18,111.32,7.55,33.96,33.9,Career (2013-2026)
bcf325d2,Dhruv Jurel,Death,523,300,33,33,71,174.33,22.0,23.67,63.1,Career (2013-2026)
bcf325d2,Dhruv Jurel,Middle,578,430,49,24,139,134.42,16.98,32.33,58.82,Career (2013-2026)
bcf325d2,Dhruv Jurel,Powerplay,163,108,17,10,50,150.93,25.0,46.3,78.53,Career (2013-2026)
bd16343f,HS Joshi,Middle,39,42,2,1,15,92.86,7.14,35.71,35.9,Career (2013-2026)
bd17b45f,STR Binny,Death,596,379,40,29,95,157.26,18.21,25.07,56.04,Career (2013-2026)
bd17b45f,STR Binny,Middle,641,580,46,21,229,110.52,11.55,39.48,48.36,Career (2013-2026)
bd17b45f,STR Binny,Powerplay,31,40,5,0,25,77.5,12.5,62.5,64.52,Career (2013-2026)
bd54eef5,N Jagadeesan,Death,183,129,15,7,33,141.86,17.05,25.58,55.74,Career (2013-2026)
bd54eef5,N Jagadeesan,Middle,466,373,33,17,115,124.93,13.4,30.83,50.21,Career (2013-2026)
bd54eef5,N Jagadeesan,Powerplay,308,309,38,7,163,99.68,14.56,52.75,62.99,Career (2013-2026)
bd74f1a7,Rishabh Tiwari,Middle,156,114,14,4,30,136.84,15.79,26.32,51.28,Career (2013-2026)
bd74f1a7,Rishabh Tiwari,Powerplay,194,152,28,3,64,127.63,20.39,42.11,67.01,Career (2013-2026)
bd77eb62,A Symonds,Death,293,184,17,17,48,159.24,18.48,26.09,58.02,Career (2013-2026)
bd77eb62,A Symonds,Middle,609,484,45,24,178,125.83,14.26,36.78,53.2,Career (2013-2026)
bd77eb62,A Symonds,Powerplay,72,82,12,0,51,87.8,14.63,62.2,66.67,Career (2013-2026)
bd920a2c,M Wright,Death,99,79,7,4,30,125.32,13.92,37.97,52.53,Career (2013-2026)
bd920a2c,M Wright,Middle,283,220,18,12,70,128.64,13.64,31.82,50.88,Career (2013-2026)
bd920a2c,M Wright,Powerplay,118,109,11,4,55,108.26,13.76,50.46,57.63,Career (2013-2026)
bd93fea4,PM Siddle,Death,85,92,7,3,50,92.39,10.87,54.35,54.12,Career (2013-2026)
bdadf7da,JL Denly,Death,68,58,5,0,18,117.24,8.62,31.03,29.41,Career (2013-2026)
bdadf7da,JL Denly,Middle,458,420,29,15,162,109.05,10.48,38.57,44.98,Career (2013-2026)
bdadf7da,JL Denly,Powerplay,272,262,30,7,140,103.82,14.12,53.44,59.56,Career (2013-2026)
bdecece1,Ramachandran Ragupathy,Powerplay,80,80,8,3,45,100.0,13.75,56.25,62.5,Career (2013-2026)
be150fc8,EA Perry,Death,193,117,16,9,30,164.96,21.37,25.64,61.14,Career (2013-2026)
be150fc8,EA Perry,Middle,403,304,46,7,90,132.57,17.43,29.61,56.08,Career (2013-2026)
be150fc8,EA Perry,Powerplay,172,171,26,2,93,100.58,16.37,54.39,67.44,Career (2013-2026)
be24ead0,Ramandeep Singh,Death,287,164,18,20,46,175.0,23.17,28.05,66.9,Career (2013-2026)
be24ead0,Ramandeep Singh,Middle,172,147,9,9,56,117.01,12.24,38.1,52.33,Career (2013-2026)
be69e09d,BL Couch,Death,81,80,6,5,46,101.25,13.75,57.5,66.67,Career (2013-2026)
be768595,MJ Cosgrove,Middle,33,41,2,1,20,80.49,7.32,48.78,42.42,Career (2013-2026)
be768595,MJ Cosgrove,Powerplay,47,42,6,1,21,111.9,16.67,50.0,63.83,Career (2013-2026)
be85b12d,RA Lewis,Death,85,58,3,6,18,146.55,15.52,31.03,56.47,Career (2013-2026)
be869ccf,GHS Garton,Death,82,67,7,4,32,122.39,16.42,47.76,63.41,Career (2013-2026)
be869ccf,GHS Garton,Middle,116,108,11,3,50,107.41,12.96,46.3,53.45,Career (2013-2026)
bee290b6,Suboth Bhati,Death,91,50,7,8,21,182.0,30.0,42.0,83.52,Career (2013-2026)
bf1d7d3e,Mahmudullah,Middle,77,60,4,4,20,128.33,13.33,33.33,51.95,Career (2013-2026)
bf6e03ea,K V Sasikanth,Death,182,135,12,9,43,134.81,15.56,31.85,56.04,Career (2013-2026)
bf6e03ea,K V Sasikanth,Middle,23,43,1,0,25,53.49,2.33,58.14,17.39,Career (2013-2026)
bf74b130,FH Allen,Middle,956,449,47,88,111,212.92,30.07,24.72,74.9,Career (2013-2026)
bf74b130,FH Allen,Powerplay,1524,936,172,80,379,162.82,26.92,40.49,76.64,Career (2013-2026)
bf814547,K Verreynne,Death,141,73,13,8,20,193.15,28.77,27.4,70.92,Career (2013-2026)
bf814547,K Verreynne,Middle,195,168,9,8,53,116.07,10.12,31.55,43.08,Career (2013-2026)
bf814547,K Verreynne,Powerplay,255,197,32,5,82,129.44,18.78,41.62,61.96,Career (2013-2026)
bfa0fa33,D Perrin,Middle,130,83,15,3,20,156.63,21.69,24.1,60.0,Career (2013-2026)
bfa0fa33,D Perrin,Powerplay,269,250,42,3,139,107.6,18.0,55.6,69.14,Career (2013-2026)
c03c6200,DJG Sammy,Death,799,530,44,55,183,150.75,18.68,34.53,63.33,Career (2013-2026)
c03c6200,DJG Sammy,Middle,469,460,23,25,217,101.96,10.43,47.17,51.6,Career (2013-2026)
c03e2850,M Vohra,Death,137,68,11,10,19,201.47,30.88,27.94,75.91,Career (2013-2026)
c03e2850,M Vohra,Middle,744,568,48,32,179,130.99,14.08,31.51,51.61,Career (2013-2026)
c03e2850,M Vohra,Powerplay,1212,965,135,45,453,125.6,18.65,46.94,66.83,Career (2013-2026)
c03f1114,KD Karthik,Death,2097,1220,188,109,341,171.89,24.34,27.95,67.05,Career (2013-2026)
c03f1114,KD Karthik,Middle,3113,2491,295,75,828,124.97,14.85,33.24,52.36,Career (2013-2026)
c03f1114,KD Karthik,Powerplay,529,516,72,9,274,102.52,15.7,53.1,64.65,Career (2013-2026)
c05edf8e,Harpreet Brar,Death,295,208,22,13,65,141.83,16.83,31.25,56.27,Career (2013-2026)
c05edf8e,Harpreet Brar,Middle,44,74,4,1,48,59.46,6.76,64.86,50.0,Career (2013-2026)
c0c411cb,Naveen-ul-Haq,Death,150,149,13,4,73,100.67,11.41,48.99,50.67,Career (2013-2026)
c10a99ec,MD Rahmatullah,Death,70,48,6,3,13,145.83,18.75,27.08,60.0,Career (2013-2026)
c10a99ec,MD Rahmatullah,Middle,175,139,9,10,45,125.9,13.67,32.37,54.86,Career (2013-2026)
c122ab7f,J Brown,Middle,300,165,22,23,57,181.82,27.27,34.55,75.33,Career (2013-2026)
c122ab7f,J Brown,Powerplay,755,554,73,47,291,136.28,21.66,52.53,76.03,Career (2013-2026)
c13e34f4,Haider Ali,Middle,49,42,6,1,16,116.67,16.67,38.1,61.22,Career (2013-2026)
c13e34f4,Haider Ali,Powerplay,21,43,2,0,29,48.84,4.65,67.44,38.1,Career (2013-2026)
c14721ab,Sayan Mondal,Middle,82,66,3,2,17,124.24,7.58,25.76,29.27,Career (2013-2026)
c14721ab,Sayan Mondal,Powerplay,55,57,8,0,31,96.49,14.04,54.39,58.18,Career (2013-2026)
c15e2193,FY Fazal,Death,44,41,5,0,13,107.32,12.2,31.71,45.45,Career (2013-2026)
c15e2193,FY Fazal,Middle,264,224,20,3,58,117.86,10.27,25.89,37.12,Career (2013-2026)
c15e2193,FY Fazal,Powerplay,323,327,36,4,157,98.78,12.23,48.01,52.01,Career (2013-2026)
c16d4035,SW Billings,Death,745,444,67,36,137,167.79,23.2,30.86,64.97,Career (2013-2026)
c16d4035,SW Billings,Middle,2287,1730,173,79,531,132.2,14.57,30.69,50.98,Career (2013-2026)
c16d4035,SW Billings,Powerplay,494,470,58,4,201,105.11,13.19,42.77,51.82,Career (2013-2026)
c18496e1,Bipul Sharma,Death,264,170,15,15,47,155.29,17.65,27.65,56.82,Career (2013-2026)
c18496e1,Bipul Sharma,Middle,264,230,17,10,82,114.78,11.74,35.65,48.48,Career (2013-2026)
c1d3515b,AV Rajput,Middle,82,63,6,5,28,130.16,17.46,44.44,65.85,Career (2013-2026)
c1d3515b,AV Rajput,Powerplay,37,44,4,0,23,84.09,9.09,52.27,43.24,Career (2013-2026)
c224c5ef,Abhimanyu Rana,Middle,77,51,4,5,17,150.98,17.65,33.33,59.74,Career (2013-2026)
c224c5ef,Abhimanyu Rana,Powerplay,153,164,20,2,88,93.29,13.41,53.66,60.13,Career (2013-2026)
c2294408,Pallav Kumar Das,Middle,111,91,9,3,25,121.98,13.19,27.47,48.65,Career (2013-2026)
c2294408,Pallav Kumar Das,Powerplay,468,315,57,21,145,148.57,24.76,46.03,75.64,Career (2013-2026)
c2554b59,ME Bouchier,Death,88,68,10,0,18,129.41,14.71,26.47,45.45,Career (2013-2026)
c2554b59,ME Bouchier,Middle,456,353,49,7,104,129.18,15.86,29.46,52.19,Career (2013-2026)
c2554b59,ME Bouchier,Powerplay,406,345,60,6,167,117.68,19.13,48.41,67.98,Career (2013-2026)
c2aaa4be,YB Kothari,Powerplay,49,68,7,0,42,72.06,10.29,61.76,57.14,Career (2013-2026)
c2ce55cb,Akash Bhandari,Death,78,65,6,3,25,120.0,13.85,38.46,53.85,Career (2013-2026)
c2dd89ea,BR Sharath,Death,76,40,7,5,14,190.0,30.0,35.0,76.32,Career (2013-2026)
c2dd89ea,BR Sharath,Middle,110,117,6,3,44,94.02,7.69,37.61,38.18,Career (2013-2026)
c2dd89ea,BR Sharath,Powerplay,103,103,14,1,59,100.0,14.56,57.28,60.19,Career (2013-2026)
c2ed5822,Lalhruai Ralte,Death,34,49,2,0,28,69.39,4.08,57.14,23.53,Career (2013-2026)
c38d3503,Shivam Mavi,Death,51,62,4,2,36,82.26,9.68,58.06,54.9,Career (2013-2026)
c3a96caf,Mandeep Singh,Death,699,427,62,28,103,163.7,21.08,24.12,59.51,Career (2013-2026)
c3a96caf,Mandeep Singh,Middle,1142,918,86,27,256,124.4,12.31,27.89,44.31,Career (2013-2026)
c3a96caf,Mandeep Singh,Powerplay,989,819,140,20,390,120.76,19.54,47.62,68.76,Career (2013-2026)
c3b93a03,J Blackwood,Middle,241,273,9,11,135,88.28,7.33,49.45,42.32,Career (2013-2026)
c3b93a03,J Blackwood,Powerplay,98,115,12,1,67,85.22,11.3,58.26,55.1,Career (2013-2026)
c3d1402f,RP Singh,Death,51,73,2,1,37,69.86,4.11,50.68,27.45,Career (2013-2026)
c3d35165,JA Morkel,Death,645,420,39,39,123,153.57,18.57,29.29,60.47,Career (2013-2026)
c3d35165,JA Morkel,Middle,320,272,20,16,113,117.65,13.24,41.54,55.0,Career (2013-2026)
c3f37533,Hari Nishaanth,Middle,228,159,10,15,45,143.4,15.72,28.3,57.02,Career (2013-2026)
c3f37533,Hari Nishaanth,Powerplay,439,363,52,15,170,120.94,18.46,46.83,67.88,Career (2013-2026)
c3f7898b,TP Ludeman,Death,65,52,6,2,18,125.0,15.38,34.62,55.38,Career (2013-2026)
c3f7898b,TP Ludeman,Middle,323,262,27,8,87,123.28,13.36,33.21,48.3,Career (2013-2026)
c3f7898b,TP Ludeman,Powerplay,536,436,54,19,198,122.94,16.74,45.41,61.57,Career (2013-2026)
c41043e6,BR McDermott,Death,665,362,41,44,97,183.7,23.48,26.8,64.36,Career (2013-2026)
c41043e6,BR McDermott,Middle,1865,1312,119,85,364,142.15,15.55,27.74,52.87,Career (2013-2026)
c41043e6,BR McDermott,Powerplay,1028,901,102,37,432,114.1,15.43,47.95,61.28,Career (2013-2026)
c42aaf71,M Manhas,Death,244,186,18,7,54,131.18,13.44,29.03,46.72,Career (2013-2026)
c42aaf71,M Manhas,Middle,307,303,24,5,116,101.32,9.57,38.28,41.04,Career (2013-2026)
c42aaf71,M Manhas,Powerplay,60,63,7,2,39,95.24,14.29,61.9,66.67,Career (2013-2026)
c4487b84,AB de Villiers,Death,1974,891,143,147,190,221.55,32.55,21.32,73.66,Career (2013-2026)
c4487b84,AB de Villiers,Middle,2745,2102,191,97,599,130.59,13.7,28.5,49.03,Career (2013-2026)
c4487b84,AB de Villiers,Powerplay,779,644,106,20,314,120.96,19.57,48.76,69.83,Career (2013-2026)
c478e8e7,Shasheem Rathour,Middle,85,79,5,2,22,107.59,8.86,27.85,37.65,Career (2013-2026)
c478e8e7,Shasheem Rathour,Powerplay,153,147,20,3,78,104.08,15.65,53.06,64.05,Career (2013-2026)
c4d9634c,RRS Cornwall,Death,119,85,1,11,34,140.0,14.12,40.0,58.82,Career (2013-2026)
c4d9634c,RRS Cornwall,Middle,314,186,13,32,74,168.82,24.19,39.78,77.71,Career (2013-2026)
c4d9634c,RRS Cornwall,Powerplay,1088,741,121,71,391,146.83,25.91,52.77,83.64,Career (2013-2026)
c59d8f8a,KA Hope,Powerplay,54,52,6,1,25,103.85,13.46,48.08,55.56,Career (2013-2026)
c5aef772,R Shepherd,Death,1244,666,81,100,220,186.79,27.18,33.03,74.28,Career (2013-2026)
c5aef772,R Shepherd,Middle,405,354,28,25,173,114.41,14.97,48.87,64.69,Career (2013-2026)
c5cc48bc,MJJ Critchley,Death,197,114,14,11,33,172.81,21.93,28.95,61.93,Career (2013-2026)
c5cc48bc,MJJ Critchley,Middle,187,198,8,6,74,94.44,7.07,37.37,36.36,Career (2013-2026)
c5e415aa,CA Wakim,Powerplay,45,48,6,0,26,93.75,12.5,54.17,53.33,Career (2013-2026)
c5f40e35,SW Currie,Death,95,75,11,1,28,126.67,16.0,37.33,52.63,Career (2013-2026)
c6272773,Shivam Chauhan,Death,65,49,6,1,12,132.65,14.29,24.49,46.15,Career (2013-2026)
c6272773,Shivam Chauhan,Middle,400,326,37,9,110,122.7,14.11,33.74,50.5,Career (2013-2026)
c6272773,Shivam Chauhan,Powerplay,162,134,26,2,67,120.9,20.9,50.0,71.6,Career (2013-2026)
c64b7c5b,BF Smith,Middle,247,188,28,8,70,131.38,19.15,37.23,64.78,Career (2013-2026)
c64b7c5b,BF Smith,Powerplay,637,515,103,8,250,123.69,21.55,48.54,72.21,Career (2013-2026)
c64c2443,J Syed Mohammad,Death,61,49,8,1,18,124.49,18.37,36.73,62.3,Career (2013-2026)
c64c2443,J Syed Mohammad,Middle,112,115,9,3,50,97.39,10.43,43.48,48.21,Career (2013-2026)
c654af19,R McLaren,Death,69,58,7,1,19,118.97,13.79,32.76,49.28,Career (2013-2026)
c654af19,R McLaren,Middle,78,95,6,0,40,82.11,6.32,42.11,30.77,Career (2013-2026)
c6625a26,CE Dean,Death,101,84,11,0,21,120.24,13.1,25.0,43.56,Career (2013-2026)
c6625a26,CE Dean,Middle,118,123,11,0,46,95.93,8.94,37.4,37.29,Career (2013-2026)
c66c73f9,E Threlkeld,Death,51,57,4,0,24,89.47,7.02,42.11,31.37,Career (2013-2026)
c69a7b5c,AS Raut,Death,188,167,15,6,62,112.57,12.57,37.13,51.06,Career (2013-2026)
c69a7b5c,AS Raut,Middle,186,176,16,3,66,105.68,10.8,37.5,44.09,Career (2013-2026)
c6da6ebf,AJ Freeborn,Death,84,80,9,0,29,105.0,11.25,36.25,42.86,Career (2013-2026)
c6da6ebf,AJ Freeborn,Middle,73,71,9,0,31,102.82,12.68,43.66,49.32,Career (2013-2026)
c6e10e5c,NK Patel,Middle,39,42,3,0,16,92.86,7.14,38.1,30.77,Career (2013-2026)
c6e10e5c,NK Patel,Powerplay,45,55,8,0,35,81.82,14.55,63.64,71.11,Career (2013-2026)
c707b358,B Rahman,Powerplay,26,50,1,1,34,52.0,4.0,68.0,38.46,Career (2013-2026)
c740ea83,RM Patidar,Death,434,198,26,41,56,219.19,33.84,28.28,80.65,Career (2013-2026)
c740ea83,RM Patidar,Middle,1717,1020,95,116,240,168.33,20.69,23.53,62.67,Career (2013-2026)
c740ea83,RM Patidar,Powerplay,593,504,81,8,221,117.66,17.66,43.85,62.73,Career (2013-2026)
c7bdb5b5,NJ Reardon,Death,336,205,16,24,64,163.9,19.51,31.22,61.9,Career (2013-2026)
c7bdb5b5,NJ Reardon,Middle,366,342,28,8,135,107.02,10.53,39.47,43.72,Career (2013-2026)
c8179c68,SB Jakati,Death,65,67,5,2,30,97.01,10.45,44.78,49.23,Career (2013-2026)
c834c290,JL Smith,Middle,276,185,19,14,48,149.19,17.84,25.95,57.97,Career (2013-2026)
c834c290,JL Smith,Powerplay,435,287,41,26,121,151.57,23.34,42.16,73.56,Career (2013-2026)
c88bc84a,Miles Hammond,Middle,77,75,7,0,26,102.67,9.33,34.67,36.36,Career (2013-2026)
c88bc84a,Miles Hammond,Powerplay,102,72,13,4,35,141.67,23.61,48.61,74.51,Career (2013-2026)
c88c8a7d,Akshay Wadkar,Middle,225,216,15,1,61,104.17,7.41,28.24,29.33,Career (2013-2026)
c88c8a7d,Akshay Wadkar,Powerplay,101,116,13,0,57,87.07,11.21,49.14,51.49,Career (2013-2026)
c8f5f961,Anuj Rawat,Death,300,173,23,20,49,173.41,24.86,28.32,70.67,Career (2013-2026)
c8f5f961,Anuj Rawat,Middle,342,274,26,15,100,124.82,14.96,36.5,56.73,Career (2013-2026)
c8f5f961,Anuj Rawat,Powerplay,261,283,28,8,160,92.23,12.72,56.54,61.3,Career (2013-2026)
c90346a0,D Jansen,Death,78,61,7,3,20,127.87,16.39,32.79,58.97,Career (2013-2026)
c910e89d,Kshitiz Sharma,Death,93,42,16,2,7,221.43,42.86,16.67,81.72,Career (2013-2026)
c910e89d,Kshitiz Sharma,Middle,131,127,11,7,67,103.15,14.17,52.76,65.65,Career (2013-2026)
c915ee65,Soaeb Tai,Death,48,40,4,0,12,120.0,10.0,30.0,33.33,Career (2013-2026)
c96a215f,JS Lehmann,Death,154,120,16,3,42,128.33,15.83,35.0,53.25,Career (2013-2026)
c96a215f,JS Lehmann,Middle,127,141,9,0,51,90.07,6.38,36.17,28.35,Career (2013-2026)
c96a215f,JS Lehmann,Powerplay,60,51,9,0,19,117.65,17.65,37.25,60.0,Career (2013-2026)
c96f6ac5,PWA Mulder,Death,371,217,25,23,58,170.97,22.12,26.73,64.15,Career (2013-2026)
c96f6ac5,PWA Mulder,Middle,389,337,27,14,114,115.43,12.17,33.83,49.36,Career (2013-2026)
c96f6ac5,PWA Mulder,Powerplay,149,127,21,3,64,117.32,18.9,50.39,68.46,Career (2013-2026)
c995d726,CA Ingram,Death,349,202,28,21,63,172.77,24.26,31.19,68.19,Career (2013-2026)
c995d726,CA Ingram,Middle,999,851,80,32,303,117.39,13.16,35.61,51.25,Career (2013-2026)
c995d726,CA Ingram,Powerplay,275,277,31,10,154,99.28,14.8,55.6,66.91,Career (2013-2026)
c9cac448,T Mishra,Powerplay,31,44,2,1,25,70.45,6.82,56.82,45.16,Career (2013-2026)
c9d6f9f2,Uvais Ahmad,Death,143,58,14,11,13,246.55,43.1,22.41,85.31,Career (2013-2026)
c9d6f9f2,Uvais Ahmad,Middle,54,54,2,2,17,100.0,7.41,31.48,37.04,Career (2013-2026)
ca099aeb,Ranjeet Nikam,Death,35,40,0,2,20,87.5,5.0,50.0,34.29,Career (2013-2026)
ca5acfa4,TM McGrath,Middle,59,60,7,0,27,98.33,11.67,45.0,47.46,Career (2013-2026)
ca82673d,L Kishan Singha,Death,53,55,2,1,22,96.36,5.45,40.0,26.42,Career (2013-2026)
ca82673d,L Kishan Singha,Middle,26,42,1,1,26,61.9,4.76,61.9,38.46,Career (2013-2026)
cad00a4d,RR Rossouw,Death,199,104,11,16,27,191.35,25.96,25.96,70.35,Career (2013-2026)
cad00a4d,RR Rossouw,Middle,1018,774,75,54,288,131.52,16.67,37.21,61.3,Career (2013-2026)
cad00a4d,RR Rossouw,Powerplay,560,461,77,15,228,121.48,19.96,49.46,71.07,Career (2013-2026)
cad40f5e,BA Carse,Death,112,91,9,4,33,123.08,14.29,36.26,53.57,Career (2013-2026)
cad40f5e,BA Carse,Middle,50,45,4,1,16,111.11,11.11,35.56,44.0,Career (2013-2026)
caf69bf7,DR Sams,Death,901,562,58,59,209,160.32,20.82,37.19,65.04,Career (2013-2026)
caf69bf7,DR Sams,Middle,547,449,30,27,170,121.83,12.69,37.86,51.55,Career (2013-2026)
cb08b611,JI Rodrigues,Death,81,42,13,0,7,192.86,30.95,16.67,64.2,Career (2013-2026)
cb08b611,JI Rodrigues,Middle,301,213,39,0,59,141.31,18.31,27.7,51.83,Career (2013-2026)
cb08b611,JI Rodrigues,Powerplay,214,183,34,1,87,116.94,19.13,47.54,66.36,Career (2013-2026)
cb461421,Divyang Hinganekar,Death,98,56,8,4,12,175.0,21.43,21.43,57.14,Career (2013-2026)
cb4f31e2,Bandaru Ayyappa,Death,101,69,5,7,25,146.38,17.39,36.23,61.39,Career (2013-2026)
cb54a1d6,J Seymour,Death,69,43,6,4,18,160.47,23.26,41.86,69.57,Career (2013-2026)
cb54a1d6,J Seymour,Middle,39,42,2,1,16,92.86,7.14,38.1,35.9,Career (2013-2026)
cb932841,AKS Bains,Middle,115,111,8,3,42,103.6,9.91,37.84,43.48,Career (2013-2026)
cb932841,AKS Bains,Powerplay,312,245,45,6,105,127.35,20.82,42.86,69.23,Career (2013-2026)
cbf58a86,SK Rasheed,Middle,57,55,5,0,15,103.64,9.09,27.27,35.09,Career (2013-2026)
cbf58a86,SK Rasheed,Powerplay,72,69,9,2,39,104.35,15.94,56.52,66.67,Career (2013-2026)
cc1e8c68,UT Yadav,Death,257,212,19,14,93,121.23,15.57,43.87,62.26,Career (2013-2026)
cc8531c2,Vishal Kushwah,Death,211,102,11,19,29,206.86,29.41,28.43,74.88,Career (2013-2026)
cc8531c2,Vishal Kushwah,Middle,78,79,3,6,43,98.73,11.39,54.43,61.54,Career (2013-2026)
cc9c8722,Chintapalli Kranthi Kumar,Middle,91,67,8,4,21,135.82,17.91,31.34,61.54,Career (2013-2026)
cca50cd6,LJ Wright,Death,191,117,24,5,36,163.25,24.79,30.77,65.97,Career (2013-2026)
cca50cd6,LJ Wright,Middle,474,359,38,17,114,132.03,15.32,31.75,53.59,Career (2013-2026)
cca50cd6,LJ Wright,Powerplay,833,644,106,22,300,129.35,19.88,46.58,66.75,Career (2013-2026)
ccae927b,Azim Kazi,Death,184,125,10,10,36,147.2,16.0,28.8,54.35,Career (2013-2026)
ccae927b,Azim Kazi,Middle,221,201,14,10,74,109.95,11.94,36.82,52.49,Career (2013-2026)
ccc04a61,Rajat Dey,Death,204,119,10,14,29,171.43,20.17,24.37,60.78,Career (2013-2026)
ccc04a61,Rajat Dey,Middle,224,189,12,9,60,118.52,11.11,31.75,45.54,Career (2013-2026)
ccc04a61,Rajat Dey,Powerplay,60,49,7,2,21,122.45,18.37,42.86,66.67,Career (2013-2026)
cd62f670,MK Villiers,Death,129,107,10,2,33,120.56,11.21,30.84,40.31,Career (2013-2026)
cd62f670,MK Villiers,Middle,45,53,4,0,27,84.91,7.55,50.94,35.56,Career (2013-2026)
cd8d2859,DG Nalkande,Death,68,73,3,4,36,93.15,9.59,49.32,52.94,Career (2013-2026)
cdb82f1c,S Ecclestone,Death,234,147,21,11,40,159.18,21.77,27.21,64.1,Career (2013-2026)
cdb82f1c,S Ecclestone,Middle,69,84,5,2,40,82.14,8.33,47.62,46.38,Career (2013-2026)
cde96d97,EJ Villani,Middle,87,69,14,0,25,126.09,20.29,36.23,64.37,Career (2013-2026)
cde96d97,EJ Villani,Powerplay,92,83,14,1,42,110.84,18.07,50.6,67.39,Career (2013-2026)
ce2b42ae,Darshan Misal,Death,159,111,9,9,32,143.24,16.22,28.83,56.6,Career (2013-2026)
ce2b42ae,Darshan Misal,Middle,176,214,9,4,93,82.24,6.07,43.46,34.09,Career (2013-2026)
ce820073,Sandeep Sharma,Death,68,86,4,0,34,79.07,4.65,39.53,23.53,Career (2013-2026)
cf494ffe,PR Stirling,Middle,159,125,14,5,40,127.2,15.2,32.0,54.09,Career (2013-2026)
cf494ffe,PR Stirling,Powerplay,277,216,31,14,112,128.24,20.83,51.85,75.09,Career (2013-2026)
cf59b3f0,Urvil Patel,Middle,238,158,25,10,56,150.63,22.15,35.44,67.23,Career (2013-2026)
cf59b3f0,Urvil Patel,Powerplay,560,329,68,26,126,170.21,28.57,38.3,76.43,Career (2013-2026)
cf73ad76,JEC Franklin,Death,215,137,18,9,34,156.93,19.71,24.82,58.6,Career (2013-2026)
cf73ad76,JEC Franklin,Middle,243,234,7,11,86,103.85,7.69,36.75,38.68,Career (2013-2026)
cf73ad76,JEC Franklin,Powerplay,79,93,10,1,53,84.95,11.83,56.99,58.23,Career (2013-2026)
cf9d3356,Chetan Bist,Death,138,97,9,6,25,142.27,15.46,25.77,52.17,Career (2013-2026)
cf9d3356,Chetan Bist,Middle,229,223,11,8,75,102.69,8.52,33.63,40.17,Career (2013-2026)
cf9d3356,Chetan Bist,Powerplay,99,85,13,2,38,116.47,17.65,44.71,64.65,Career (2013-2026)
d014d5ac,SE Rutherford,Death,1507,834,94,124,294,180.7,26.14,35.25,74.32,Career (2013-2026)
d014d5ac,SE Rutherford,Middle,1639,1339,100,91,548,122.4,14.26,40.93,57.72,Career (2013-2026)
d014d5ac,SE Rutherford,Powerplay,117,126,15,4,77,92.86,15.08,61.11,71.79,Career (2013-2026)
d027ba9f,KS Williamson,Death,562,328,53,19,58,171.34,21.95,17.68,58.01,Career (2013-2026)
d027ba9f,KS Williamson,Middle,1536,1247,103,50,372,123.18,12.27,29.83,46.35,Career (2013-2026)
d027ba9f,KS Williamson,Powerplay,753,759,98,11,389,99.21,14.36,51.25,60.82,Career (2013-2026)
d0513f63,CL White,Death,606,367,39,34,78,165.12,19.89,21.25,59.41,Career (2013-2026)
d0513f63,CL White,Middle,1359,1152,84,48,380,117.97,11.46,32.99,45.92,Career (2013-2026)
d0513f63,CL White,Powerplay,574,598,64,11,312,95.99,12.54,52.17,56.1,Career (2013-2026)
d0540390,Nauman Anwar,Middle,62,44,4,3,12,140.91,15.91,27.27,54.84,Career (2013-2026)
d0540390,Nauman Anwar,Powerplay,141,135,18,3,78,104.44,15.56,57.78,63.83,Career (2013-2026)
d11f0758,Kishan Lyngdoh,Middle,101,72,12,1,17,140.28,18.06,23.61,53.47,Career (2013-2026)
d11f0758,Kishan Lyngdoh,Powerplay,117,89,18,3,44,131.46,23.6,49.44,76.92,Career (2013-2026)
d1305df0,AGS Gous,Death,292,161,17,21,39,181.37,23.6,24.22,66.44,Career (2013-2026)
d1305df0,AGS Gous,Middle,837,564,50,48,158,148.4,17.38,28.01,58.3,Career (2013-2026)
d1305df0,AGS Gous,Powerplay,777,600,103,28,299,129.5,21.83,49.83,74.65,Career (2013-2026)
d1523761,D Ramdin,Death,426,291,29,21,84,146.39,17.18,28.87,56.81,Career (2013-2026)
d1523761,D Ramdin,Middle,860,806,42,33,280,106.7,9.31,34.74,42.56,Career (2013-2026)
d1523761,D Ramdin,Powerplay,279,254,36,5,120,109.84,16.14,47.24,62.37,Career (2013-2026)
d162e895,Suryansh Raina,Powerplay,71,42,8,4,16,169.05,28.57,38.1,78.87,Career (2013-2026)
d167edd3,SM Boland,Death,67,76,6,0,32,88.16,7.89,42.11,35.82,Career (2013-2026)
d18f9182,DPMD Jayawardene,Death,375,238,40,10,60,157.56,21.01,25.21,58.67,Career (2013-2026)
d18f9182,DPMD Jayawardene,Middle,923,827,74,18,285,111.61,11.12,34.46,43.77,Career (2013-2026)
d18f9182,DPMD Jayawardene,Powerplay,748,614,108,18,308,121.82,20.52,50.16,72.19,Career (2013-2026)
d1988788,Rohan Mustafa,Middle,106,89,12,2,40,119.1,15.73,44.94,56.6,Career (2013-2026)
d1988788,Rohan Mustafa,Powerplay,269,212,38,10,115,126.89,22.64,54.25,78.81,Career (2013-2026)
d1a60072,N Wadhera,Death,198,115,12,17,42,172.17,25.22,36.52,75.76,Career (2013-2026)
d1a60072,N Wadhera,Middle,654,467,57,30,163,140.04,18.63,34.9,62.39,Career (2013-2026)
d1a60072,N Wadhera,Powerplay,60,57,5,3,29,105.26,14.04,50.88,63.33,Career (2013-2026)
d1c36f5c,JJ Roy,Death,147,99,12,7,30,148.48,19.19,30.3,61.22,Career (2013-2026)
d1c36f5c,JJ Roy,Middle,982,765,86,33,248,128.37,15.56,32.42,55.19,Career (2013-2026)
d1c36f5c,JJ Roy,Powerplay,1845,1432,230,62,664,128.84,20.39,46.37,70.03,Career (2013-2026)
d1f63ad5,AR Kumar,Middle,73,77,7,1,34,94.81,10.39,44.16,46.58,Career (2013-2026)
d1f8b722,Shubham Sharma,Middle,64,78,3,0,30,82.05,3.85,38.46,18.75,Career (2013-2026)
d1f8b722,Shubham Sharma,Powerplay,136,114,20,2,54,119.3,19.3,47.37,67.65,Career (2013-2026)
d2550980,Anand Singh,Middle,197,174,19,7,79,113.22,14.94,45.4,59.9,Career (2013-2026)
d2550980,Anand Singh,Powerplay,310,249,51,4,124,124.5,22.09,49.8,73.55,Career (2013-2026)
d2763568,DR Gibson,Death,149,89,20,2,24,167.42,24.72,26.97,61.74,Career (2013-2026)
d2763568,DR Gibson,Middle,259,195,40,2,81,132.82,21.54,41.54,66.41,Career (2013-2026)
d2763568,DR Gibson,Powerplay,149,109,21,4,50,136.7,22.94,45.87,72.48,Career (2013-2026)
d28a7a2a,U U Bose,Middle,120,118,8,4,49,101.69,10.17,41.53,46.67,Career (2013-2026)
d28a7a2a,U U Bose,Powerplay,297,249,39,11,136,119.28,20.08,54.62,74.75,Career (2013-2026)
d29be810,AW O'Brien,Death,62,58,3,2,26,106.9,8.62,44.83,38.71,Career (2013-2026)
d2a6c0e6,EJG Morgan,Death,671,421,40,43,130,159.38,19.71,30.88,62.3,Career (2013-2026)
d2a6c0e6,EJG Morgan,Middle,1229,1039,89,53,406,118.29,13.67,39.08,54.84,Career (2013-2026)
d2a6c0e6,EJG Morgan,Powerplay,242,266,30,5,155,90.98,13.16,58.27,61.98,Career (2013-2026)
d2a989fc,DS Kulkarni,Death,162,155,16,3,67,104.52,12.26,43.23,50.62,Career (2013-2026)
d2c2b2d5,SR Tendulkar,Death,224,137,28,6,38,163.5,24.82,27.74,66.07,Career (2013-2026)
d2c2b2d5,SR Tendulkar,Middle,967,829,93,13,265,116.65,12.79,31.97,46.54,Career (2013-2026)
d2c2b2d5,SR Tendulkar,Powerplay,1143,982,175,10,475,116.4,18.84,48.37,66.49,Career (2013-2026)
d2d15439,Aayan Afzal Khan,Death,62,48,3,3,12,129.17,12.5,25.0,48.39,Career (2013-2026)
d2d15439,Aayan Afzal Khan,Middle,31,47,0,1,25,65.96,2.13,53.19,19.35,Career (2013-2026)
d2d4bb0a,TR Birt,Death,152,93,20,5,35,163.44,26.88,37.63,72.37,Career (2013-2026)
d2d4bb0a,TR Birt,Middle,361,261,22,19,94,138.31,15.71,36.02,55.96,Career (2013-2026)
d2d4bb0a,TR Birt,Powerplay,134,98,13,7,45,136.73,20.41,45.92,70.15,Career (2013-2026)
d2e67105,Pargat Singh,Middle,65,54,7,1,17,120.37,14.81,31.48,52.31,Career (2013-2026)
d2e67105,Pargat Singh,Powerplay,91,94,14,0,51,96.81,14.89,54.26,61.54,Career (2013-2026)
d30c6f81,Vishvaraj Jadeja,Death,92,57,9,4,16,161.4,22.81,28.07,65.22,Career (2013-2026)
d30c6f81,Vishvaraj Jadeja,Middle,130,116,10,1,31,112.07,9.48,26.72,35.38,Career (2013-2026)
d30c6f81,Vishvaraj Jadeja,Powerplay,93,93,11,2,48,100.0,13.98,51.61,60.22,Career (2013-2026)
d32cf49a,HK Matthews,Death,84,51,12,1,12,164.71,25.49,23.53,64.29,Career (2013-2026)
d32cf49a,HK Matthews,Middle,377,326,46,4,127,115.64,15.34,38.96,55.17,Career (2013-2026)
d32cf49a,HK Matthews,Powerplay,460,408,73,3,204,112.75,18.63,50.0,67.39,Career (2013-2026)
d346d939,RA Whiteley,Death,231,140,17,14,48,165.0,22.14,34.29,65.8,Career (2013-2026)
d346d939,RA Whiteley,Middle,176,176,13,3,66,100.0,9.09,37.5,39.77,Career (2013-2026)
d34a2268,MDE Holden,Death,81,70,8,0,22,115.71,11.43,31.43,39.51,Career (2013-2026)
d34a2268,MDE Holden,Middle,540,410,57,6,121,131.71,15.37,29.51,48.89,Career (2013-2026)
d34a2268,MDE Holden,Powerplay,372,282,54,3,108,131.91,20.21,38.3,62.9,Career (2013-2026)
d3885f28,Techi Neri,Middle,20,45,0,0,25,44.44,0.0,55.56,0.0,Career (2013-2026)
d38c03d4,Kunal Chandela,Death,97,64,9,4,19,151.56,20.31,29.69,61.86,Career (2013-2026)
d38c03d4,Kunal Chandela,Middle,108,105,8,3,41,102.86,10.48,39.05,46.3,Career (2013-2026)
d38c03d4,Kunal Chandela,Powerplay,34,51,4,0,30,66.67,7.84,58.82,47.06,Career (2013-2026)
d3a1c63d,T de Zorzi,Middle,72,47,8,3,18,153.19,23.4,38.3,69.44,Career (2013-2026)
d3a1c63d,T de Zorzi,Powerplay,117,99,18,2,49,118.18,20.2,49.49,71.79,Career (2013-2026)
d3a3e82d,AB Barath,Middle,71,78,4,0,26,91.03,5.13,33.33,22.54,Career (2013-2026)
d3a3e82d,AB Barath,Powerplay,104,107,13,2,54,97.2,14.02,50.47,61.54,Career (2013-2026)
d3c1f849,Deepraj Gaonkar,Death,78,65,6,3,24,120.0,13.85,36.92,53.85,Career (2013-2026)
d3c1f849,Deepraj Gaonkar,Middle,176,157,17,5,63,112.1,14.01,40.13,55.68,Career (2013-2026)
d405c0d5,AM Hardie,Death,445,255,31,24,65,174.51,21.57,25.49,60.22,Career (2013-2026)
d405c0d5,AM Hardie,Middle,922,731,60,36,238,126.13,13.13,32.56,49.46,Career (2013-2026)
d405c0d5,AM Hardie,Powerplay,372,316,45,7,141,117.72,16.46,44.62,59.68,Career (2013-2026)
d4753890,Rongsen Jonathan,Death,56,50,2,2,15,112.0,8.0,30.0,35.71,Career (2013-2026)
d4753890,Rongsen Jonathan,Middle,263,236,20,10,90,111.44,12.71,38.14,53.23,Career (2013-2026)
d4753890,Rongsen Jonathan,Powerplay,174,188,22,2,101,92.55,12.77,53.72,57.47,Career (2013-2026)
d4f9dbd4,CA Pujara,Death,140,99,11,6,26,141.41,17.17,26.26,57.14,Career (2013-2026)
d4f9dbd4,CA Pujara,Middle,462,350,45,10,100,132.0,15.71,28.57,51.95,Career (2013-2026)
d4f9dbd4,CA Pujara,Powerplay,411,437,64,4,251,94.05,15.56,57.44,68.13,Career (2013-2026)
d5130a30,B Sai Sudharsan,Death,323,161,24,22,34,200.62,28.57,21.12,70.59,Career (2013-2026)
d5130a30,B Sai Sudharsan,Middle,1350,938,114,38,205,143.92,16.2,21.86,50.67,Career (2013-2026)
d5130a30,B Sai Sudharsan,Powerplay,1060,778,141,24,311,136.25,21.21,39.97,66.79,Career (2013-2026)
d5bbb6a2,J Anderson,Powerplay,32,41,5,0,26,78.05,12.2,63.41,62.5,Career (2013-2026)
d644b8b2,Joseph Lalthankhuma,Middle,45,61,2,1,30,73.77,4.92,49.18,31.11,Career (2013-2026)
d67d5f00,DA Miller,Death,2500,1433,164,160,372,174.46,22.61,25.96,64.64,Career (2013-2026)
d67d5f00,DA Miller,Middle,3010,2496,217,99,834,120.59,12.66,33.41,48.57,Career (2013-2026)
d67d5f00,DA Miller,Powerplay,197,199,18,8,107,98.99,13.07,53.77,60.91,Career (2013-2026)
d68e7f48,R Rampaul,Death,107,103,5,5,46,103.88,9.71,44.66,46.73,Career (2013-2026)
d6a9af83,PA Franklin,Death,49,51,3,0,17,96.08,5.88,33.33,24.49,Career (2013-2026)
d6ac52e8,Akhilesh Sahani,Death,143,105,11,6,34,136.19,16.19,32.38,55.94,Career (2013-2026)
d6ac52e8,Akhilesh Sahani,Middle,36,56,1,1,29,64.29,3.57,51.79,27.78,Career (2013-2026)
d6ac52e8,Akhilesh Sahani,Powerplay,42,44,3,2,22,95.45,11.36,50.0,57.14,Career (2013-2026)
d7017798,A Raghuvanshi,Death,137,84,13,6,20,163.1,22.62,23.81,64.23,Career (2013-2026)
d7017798,A Raghuvanshi,Middle,483,354,43,15,96,136.44,16.38,27.12,54.24,Career (2013-2026)
d7017798,A Raghuvanshi,Powerplay,339,241,35,17,107,140.66,21.58,44.4,71.39,Career (2013-2026)
d7725664,RA Reifer,Death,404,286,23,24,94,141.26,16.43,32.87,58.42,Career (2013-2026)
d7725664,RA Reifer,Middle,407,410,30,10,162,99.27,9.76,39.51,44.23,Career (2013-2026)
d7725664,RA Reifer,Powerplay,57,91,7,1,61,62.64,8.79,67.03,59.65,Career (2013-2026)
d7b3a420,Jaskaran Singh,Death,128,76,5,11,26,168.42,21.05,34.21,67.19,Career (2013-2026)
d7b754d4,SJ Johnson,Powerplay,87,76,10,4,40,114.47,18.42,52.63,73.56,Career (2013-2026)
d7c6af50,DL Vettori,Death,140,121,12,3,43,115.7,12.4,35.54,47.14,Career (2013-2026)
d7c6af50,DL Vettori,Middle,67,82,4,2,39,81.71,7.32,47.56,41.79,Career (2013-2026)
d7ff1adc,CR Knott,Death,56,53,6,0,20,105.66,11.32,37.74,42.86,Career (2013-2026)
d7ff1adc,CR Knott,Middle,179,141,25,2,53,126.95,19.15,37.59,62.57,Career (2013-2026)
d8360178,CJL Rogers,Powerplay,35,40,4,1,26,87.5,12.5,65.0,62.86,Career (2013-2026)
d83c2dbe,K Pooran,Middle,66,41,7,3,12,160.98,24.39,29.27,69.7,Career (2013-2026)
d83c2dbe,K Pooran,Powerplay,150,86,20,7,35,174.42,31.4,40.7,81.33,Career (2013-2026)
d84378a4,M Kaif,Death,54,45,4,1,18,120.0,11.11,40.0,40.74,Career (2013-2026)
d84378a4,M Kaif,Middle,183,167,14,5,66,109.58,11.38,39.52,46.99,Career (2013-2026)
d851756a,MS Hooda,Middle,83,90,5,0,29,92.22,5.56,32.22,24.1,Career (2013-2026)
d85b0f8b,M Gilkes,Death,129,95,10,4,33,135.79,14.74,34.74,49.61,Career (2013-2026)
d85b0f8b,M Gilkes,Middle,383,304,25,13,105,125.99,12.5,34.54,46.48,Career (2013-2026)
d85b0f8b,M Gilkes,Powerplay,619,516,77,16,251,119.96,18.02,48.64,65.27,Career (2013-2026)
d8699ab7,ML Hayden,Death,96,50,9,5,12,192.0,28.0,24.0,68.75,Career (2013-2026)
d8699ab7,ML Hayden,Middle,443,330,33,19,108,134.24,15.76,32.73,55.53,Career (2013-2026)
d8699ab7,ML Hayden,Powerplay,686,524,95,21,257,130.92,22.14,49.05,73.76,Career (2013-2026)
d8a90827,Shubham Khajuria,Middle,149,108,5,9,31,137.96,12.96,28.7,49.66,Career (2013-2026)
d8a90827,Shubham Khajuria,Powerplay,170,165,21,3,83,103.03,14.55,50.3,60.0,Career (2013-2026)
d8b2f218,BB Sran,Death,55,47,5,1,16,117.02,12.77,34.04,47.27,Career (2013-2026)
d8d67045,Akshat Raghuwanshi,Middle,53,48,2,2,15,110.42,8.33,31.25,37.74,Career (2013-2026)
d8f59089,Shafali Verma,Powerplay,134,86,20,2,30,155.81,25.58,34.88,68.66,Career (2013-2026)
d901964b,CJ Borgas,Middle,91,99,7,0,40,91.92,7.07,40.4,30.77,Career (2013-2026)
d9273ee7,MP Stoinis,Death,1958,1075,144,124,286,182.14,24.93,26.6,67.42,Career (2013-2026)
d9273ee7,MP Stoinis,Middle,3007,2338,213,125,784,128.61,14.46,33.53,53.28,Career (2013-2026)
d9273ee7,MP Stoinis,Powerplay,1495,1308,183,38,656,114.3,16.9,50.15,64.21,Career (2013-2026)
d9792701,SE Thomas,Middle,33,43,2,1,22,76.74,6.98,51.16,42.42,Career (2013-2026)
da4a1e46,M Spoors,Middle,55,58,3,2,26,94.83,8.62,44.83,43.64,Career (2013-2026)
da934ee8,MK Lomror,Death,426,252,32,24,66,169.05,22.22,26.19,63.85,Career (2013-2026)
da934ee8,MK Lomror,Middle,691,574,45,26,185,120.38,12.37,32.23,48.63,Career (2013-2026)
da934ee8,MK Lomror,Powerplay,224,212,27,8,117,105.66,16.51,55.19,69.64,Career (2013-2026)
db31895a,AS Rajpoot,Death,41,58,3,2,37,70.69,8.62,63.79,58.54,Career (2013-2026)
db481029,Sunny Patel,Death,53,40,5,0,10,132.5,12.5,25.0,37.74,Career (2013-2026)
db584dad,CH Gayle,Death,855,426,54,70,106,200.7,29.11,24.88,74.39,Career (2013-2026)
db584dad,CH Gayle,Middle,3115,2068,138,255,722,150.63,19.0,34.91,66.84,Career (2013-2026)
db584dad,CH Gayle,Powerplay,4051,3127,434,245,1697,129.55,21.71,54.27,79.14,Career (2013-2026)
dbe50b21,HH Pandya,Death,1666,963,114,113,274,173.0,23.57,28.45,68.07,Career (2013-2026)
dbe50b21,HH Pandya,Middle,1440,1106,105,62,370,130.2,15.1,33.45,55.0,Career (2013-2026)
dbe50b21,HH Pandya,Powerplay,245,253,38,1,137,96.84,15.42,54.15,64.49,Career (2013-2026)
dc2f959a,SO Dowrich,Middle,49,48,3,2,20,102.08,10.42,41.67,48.98,Career (2013-2026)
dc2f959a,SO Dowrich,Powerplay,91,83,12,2,41,109.64,16.87,49.4,65.93,Career (2013-2026)
dc501d26,Nilesh Lamichaney,Powerplay,71,104,8,0,63,68.27,7.69,60.58,45.07,Career (2013-2026)
dc9dd038,Sachin Baby,Death,419,248,35,22,64,168.95,22.98,25.81,64.92,Career (2013-2026)
dc9dd038,Sachin Baby,Middle,772,625,51,23,167,123.52,11.84,26.72,44.3,Career (2013-2026)
dc9dd038,Sachin Baby,Powerplay,64,76,11,0,46,84.21,14.47,60.53,68.75,Career (2013-2026)
dcabd6bc,BKEL Milantha,Middle,66,55,6,1,20,120.0,12.73,36.36,45.45,Career (2013-2026)
dcce6f09,DA Warner,Death,896,499,79,42,121,179.56,24.25,24.25,63.39,Career (2013-2026)
dcce6f09,DA Warner,Middle,3354,2475,247,117,704,135.52,14.71,28.44,50.39,Career (2013-2026)
dcce6f09,DA Warner,Powerplay,4202,3141,524,128,1411,133.78,20.76,44.92,68.16,Career (2013-2026)
dcf81436,S Kaul,Death,32,49,2,0,29,65.31,4.08,59.18,25.0,Career (2013-2026)
dd09ff8e,B Lee,Death,186,148,14,10,65,125.68,16.22,43.92,62.37,Career (2013-2026)
dd73b2ff,AR Pandey,Middle,75,55,10,2,21,136.36,21.82,38.18,69.33,Career (2013-2026)
dd7e9b3b,YV Dhull,Middle,160,152,13,3,52,105.26,10.53,34.21,43.75,Career (2013-2026)
dd7e9b3b,YV Dhull,Powerplay,82,108,10,1,65,75.93,10.19,60.19,56.1,Career (2013-2026)
dd8439ed,Saurabh Wakaskar,Middle,123,82,6,8,22,150.0,17.07,26.83,58.54,Career (2013-2026)
dd8439ed,Saurabh Wakaskar,Powerplay,84,64,10,3,28,131.25,20.31,43.75,69.05,Career (2013-2026)
dd86ec0b,LD Pfeffer,Middle,52,49,4,1,18,106.12,10.2,36.73,42.31,Career (2013-2026)
dd967d0d,Lee Yong Lepcha,Middle,24,64,1,0,43,37.5,1.56,67.19,16.67,Career (2013-2026)
dda5aae5,JK Fuller,Death,99,68,11,1,20,145.59,17.65,29.41,50.51,Career (2013-2026)
dda5aae5,JK Fuller,Middle,59,63,5,0,23,93.65,7.94,36.51,33.9,Career (2013-2026)
ddc0828d,A Flintoff,Death,65,42,7,2,13,154.76,21.43,30.95,61.54,Career (2013-2026)
ddc0828d,A Flintoff,Middle,57,58,3,1,20,98.28,6.9,34.48,31.58,Career (2013-2026)
dddca1d6,SB Wagh,Death,50,57,3,1,24,87.72,7.02,42.11,36.0,Career (2013-2026)
dde809f3,Techi Doria,Middle,62,117,4,0,72,52.99,3.42,61.54,25.81,Career (2013-2026)
dde809f3,Techi Doria,Powerplay,163,175,23,1,93,93.14,13.71,53.14,60.12,Career (2013-2026)
dded65e7,IR Jaggi,Death,141,105,13,4,28,134.29,16.19,26.67,53.9,Career (2013-2026)
dded65e7,IR Jaggi,Middle,393,281,39,10,75,139.86,17.44,26.69,54.96,Career (2013-2026)
dded65e7,IR Jaggi,Powerplay,138,129,22,0,62,106.98,17.05,48.06,63.77,Career (2013-2026)
de00b96c,Mayank Mishra,Death,28,45,2,1,28,62.22,6.67,62.22,50.0,Career (2013-2026)
de098678,RA Clarke,Middle,112,127,11,1,57,88.19,9.45,44.88,44.64,Career (2013-2026)
de4b0555,R Shukla,Death,36,40,4,1,21,90.0,12.5,52.5,61.11,Career (2013-2026)
de69af96,SFM Devine,Death,97,72,5,4,17,134.72,12.5,23.61,45.36,Career (2013-2026)
de69af96,SFM Devine,Middle,334,273,23,15,102,122.34,13.92,37.36,54.49,Career (2013-2026)
de69af96,SFM Devine,Powerplay,275,224,37,6,103,122.77,19.2,45.98,66.91,Career (2013-2026)
de8cce37,VVS Laxman,Middle,92,73,9,1,17,126.03,13.7,23.29,45.65,Career (2013-2026)
de8cce37,VVS Laxman,Powerplay,187,188,24,4,99,99.47,14.89,52.66,64.17,Career (2013-2026)
de8d3876,M Rawat,Death,140,107,12,5,35,130.84,15.89,32.71,55.71,Career (2013-2026)
de8d3876,M Rawat,Middle,150,149,10,2,46,100.67,8.05,30.87,34.67,Career (2013-2026)
dec8e038,J Theron,Death,72,60,4,4,24,120.0,13.33,40.0,55.56,Career (2013-2026)
ded9240e,PJ Cummins,Death,594,385,30,42,139,154.29,18.7,36.1,62.63,Career (2013-2026)
ded9240e,PJ Cummins,Middle,242,185,21,13,80,130.81,18.38,43.24,66.94,Career (2013-2026)
df064e1a,Ravi Bishnoi,Death,51,71,4,2,47,71.83,8.45,66.2,54.9,Career (2013-2026)
df5a6881,DP Conway,Death,191,120,20,4,20,159.17,20.0,16.67,54.45,Career (2013-2026)
df5a6881,DP Conway,Middle,1118,810,90,37,214,138.02,15.68,26.42,52.06,Career (2013-2026)
df5a6881,DP Conway,Powerplay,1115,894,143,25,392,124.72,18.79,43.85,64.75,Career (2013-2026)
df60a57a,O Peters,Middle,112,94,4,8,43,119.15,12.77,45.74,57.14,Career (2013-2026)
df72675b,P Thamaraikannan,Death,49,55,4,1,25,89.09,9.09,45.45,44.9,Career (2013-2026)
dfc4d8b5,KW Richardson,Death,258,233,17,6,81,110.73,9.87,34.76,40.31,Career (2013-2026)
dfc4d8b5,KW Richardson,Middle,133,112,10,7,55,118.75,15.18,49.11,61.65,Career (2013-2026)
dfc887dc,Swarupam Purkayastha,Powerplay,82,118,11,0,72,69.49,9.32,61.02,53.66,Career (2013-2026)
dff806f4,NJ Carey,Death,120,75,17,1,19,160.0,24.0,25.33,61.67,Career (2013-2026)
dff806f4,NJ Carey,Middle,106,105,11,0,41,100.95,10.48,39.05,41.51,Career (2013-2026)
e00a9155,SD Heazlett,Death,91,45,9,5,11,202.22,31.11,24.44,72.53,Career (2013-2026)
e00a9155,SD Heazlett,Middle,361,308,14,14,90,117.21,9.09,29.22,38.78,Career (2013-2026)
e00a9155,SD Heazlett,Powerplay,388,325,45,14,161,119.38,18.15,49.54,68.04,Career (2013-2026)
e012ad13,KOA Powell,Middle,42,65,2,0,32,64.62,3.08,49.23,19.05,Career (2013-2026)
e012ad13,KOA Powell,Powerplay,155,128,18,4,59,121.09,17.19,46.09,61.94,Career (2013-2026)
e0407c01,IC Pandey,Death,42,40,2,3,21,105.0,12.5,52.5,61.9,Career (2013-2026)
e0557f7f,DE Bernard,Middle,41,46,3,2,26,89.13,10.87,56.52,58.54,Career (2013-2026)
e06f7116,Sujit Nayak,Middle,25,43,2,0,25,58.14,4.65,58.14,32.0,Career (2013-2026)
e087956b,BA Stokes,Death,207,128,16,10,35,161.72,20.31,27.34,59.9,Career (2013-2026)
e087956b,BA Stokes,Middle,578,441,41,21,132,131.07,14.06,29.93,50.17,Career (2013-2026)
e087956b,BA Stokes,Powerplay,292,234,36,9,111,124.79,19.23,47.44,67.81,Career (2013-2026)
e148e6bd,PR Veer,Death,47,40,4,2,18,117.5,15.0,45.0,59.57,Career (2013-2026)
e19307f3,SN Luff,Death,90,62,8,3,16,145.16,17.74,25.81,55.56,Career (2013-2026)
e19307f3,SN Luff,Middle,130,113,15,2,42,115.04,15.04,37.17,55.38,Career (2013-2026)
e19307f3,SN Luff,Powerplay,52,49,9,0,24,106.12,18.37,48.98,69.23,Career (2013-2026)
e1b9f3a9,BJ Dwarshuis,Death,611,377,37,35,105,162.07,19.1,27.85,58.59,Career (2013-2026)
e1b9f3a9,BJ Dwarshuis,Middle,171,155,12,6,64,110.32,11.61,41.29,49.12,Career (2013-2026)
e1d1b294,HH Gibbs,Death,84,55,7,3,11,152.73,18.18,20.0,54.76,Career (2013-2026)
e1d1b294,HH Gibbs,Middle,578,520,46,14,199,111.15,11.54,38.27,46.37,Career (2013-2026)
e1d1b294,HH Gibbs,Powerplay,762,641,94,28,341,118.88,19.03,53.2,71.39,Career (2013-2026)
e1e7f950,Akshay Karnewar,Death,156,110,15,6,39,141.82,19.09,35.45,61.54,Career (2013-2026)
e1e7f950,Akshay Karnewar,Middle,148,135,12,6,63,109.63,13.33,46.67,56.76,Career (2013-2026)
e219f17a,M du Preez,Middle,117,125,10,2,52,93.6,9.6,41.6,44.44,Career (2013-2026)
e2b74f6e,AV Kolhar,Powerplay,80,74,9,0,26,108.11,12.16,35.14,45.0,Career (2013-2026)
e2db2409,M Ashwin,Death,63,77,2,2,34,81.82,5.19,44.16,31.75,Career (2013-2026)
e342e5fb,CR Brathwaite,Death,796,499,50,57,176,159.52,21.44,35.27,68.09,Career (2013-2026)
e342e5fb,CR Brathwaite,Middle,412,407,24,21,193,101.23,11.06,47.42,53.88,Career (2013-2026)
e3626fb1,Pratik Desai,Powerplay,62,44,4,4,19,140.91,18.18,43.18,64.52,Career (2013-2026)
e3751ee2,Ishaan Gadekar,Powerplay,131,92,18,4,43,142.39,23.91,46.74,73.28,Career (2013-2026)
e38bce7a,MG Bracewell,Death,137,105,8,6,34,130.48,13.33,32.38,49.64,Career (2013-2026)
e38bce7a,MG Bracewell,Middle,201,168,16,6,56,119.64,13.1,33.33,49.75,Career (2013-2026)
e3bf8356,KR Patterson,Middle,447,386,26,12,113,115.8,9.84,29.27,39.37,Career (2013-2026)
e3bf8356,KR Patterson,Powerplay,776,630,80,17,258,123.17,15.4,40.95,54.38,Career (2013-2026)
e3f143c1,KJ Cottoy,Death,83,63,5,5,25,131.75,15.87,39.68,60.24,Career (2013-2026)
e4332bbf,Debasish Samantray,Middle,44,41,3,0,10,107.32,7.32,24.39,27.27,Career (2013-2026)
e49574d6,Sedezhalie Rupero,Middle,53,93,3,1,57,56.99,4.3,61.29,33.96,Career (2013-2026)
e49574d6,Sedezhalie Rupero,Powerplay,108,120,14,0,66,90.0,11.67,55.0,51.85,Career (2013-2026)
e4a0deae,MJ Santner,Death,325,220,19,17,60,147.73,16.36,27.27,54.77,Career (2013-2026)
e4a0deae,MJ Santner,Middle,239,228,13,9,93,104.82,9.65,40.79,44.35,Career (2013-2026)
e4bfcaad,Shivam Bhambri,Middle,185,154,16,5,50,120.13,13.64,32.47,50.81,Career (2013-2026)
e4bfcaad,Shivam Bhambri,Powerplay,154,120,15,8,58,128.33,19.17,48.33,70.13,Career (2013-2026)
e4cdf230,AS Roy,Death,256,136,14,16,27,188.24,22.06,19.85,59.38,Career (2013-2026)
e4cdf230,AS Roy,Middle,59,64,5,1,29,92.19,9.38,45.31,44.07,Career (2013-2026)
e53af640,Shivam Chaudhary,Death,66,49,9,1,21,134.69,20.41,42.86,63.64,Career (2013-2026)
e53af640,Shivam Chaudhary,Middle,251,224,13,8,69,112.05,9.38,30.8,39.84,Career (2013-2026)
e53af640,Shivam Chaudhary,Powerplay,269,229,40,5,117,117.47,19.65,51.09,70.63,Career (2013-2026)
e5437608,GF Linde,Death,228,137,21,13,47,166.42,24.82,34.31,71.05,Career (2013-2026)
e5437608,GF Linde,Middle,335,269,16,24,120,124.54,14.87,44.61,62.09,Career (2013-2026)
e57ded95,Rohit Dahiya,Death,58,52,4,1,17,111.54,9.62,32.69,37.93,Career (2013-2026)
e5b17517,IECM Wong,Death,139,104,8,6,37,133.65,13.46,35.58,48.92,Career (2013-2026)
e5b17517,IECM Wong,Middle,59,77,2,1,35,76.62,3.9,45.45,23.73,Career (2013-2026)
e5d452d7,Saif Badar,Middle,152,118,8,9,42,128.81,14.41,35.59,56.58,Career (2013-2026)
e5d452d7,Saif Badar,Powerplay,77,77,10,2,42,100.0,15.58,54.55,67.53,Career (2013-2026)
e60f81c9,L Wolvaardt,Death,271,161,31,6,35,168.32,22.98,21.74,59.04,Career (2013-2026)
e60f81c9,L Wolvaardt,Middle,630,544,70,3,166,115.81,13.42,30.51,47.3,Career (2013-2026)
e60f81c9,L Wolvaardt,Powerplay,364,329,53,3,159,110.64,17.02,48.33,63.19,Career (2013-2026)
e62dd25d,K Rabada,Death,225,208,15,11,95,108.17,12.5,45.67,56.0,Career (2013-2026)
e62dd25d,K Rabada,Middle,78,84,10,1,43,92.86,13.1,51.19,58.97,Career (2013-2026)
e635a5dd,Dhruv Raval,Middle,91,70,9,2,20,130.0,15.71,28.57,52.75,Career (2013-2026)
e635a5dd,Dhruv Raval,Powerplay,283,204,42,6,90,138.73,23.53,44.12,72.08,Career (2013-2026)
e66732f8,RD Rickelton,Death,214,118,20,13,33,181.36,27.97,27.97,73.83,Career (2013-2026)
e66732f8,RD Rickelton,Middle,994,567,59,73,152,175.31,23.28,26.81,67.81,Career (2013-2026)
e66732f8,RD Rickelton,Powerplay,1593,1034,168,87,440,154.06,24.66,42.55,74.95,Career (2013-2026)
e69dbbef,KL George,Death,92,108,9,0,49,85.19,8.33,45.37,39.13,Career (2013-2026)
e69dbbef,KL George,Middle,37,49,5,0,28,75.51,10.2,57.14,54.05,Career (2013-2026)
e6e9b619,Tanmay Agarwal,Middle,311,246,26,6,63,126.42,13.01,25.61,45.02,Career (2013-2026)
e6e9b619,Tanmay Agarwal,Powerplay,569,477,69,11,192,119.29,16.77,40.25,60.11,Career (2013-2026)
e6f0408a,RH Priest,Powerplay,90,72,15,2,38,125.0,23.61,52.78,80.0,Career (2013-2026)
e6f36f83,SJ Taylor,Middle,56,54,5,0,18,103.7,9.26,33.33,35.71,Career (2013-2026)
e734d090,CN Ackermann,Middle,85,84,7,1,33,101.19,9.52,39.29,40.0,Career (2013-2026)
e793a8ed,Chaitanya Bishnoi,Death,92,65,4,6,19,141.54,15.38,29.23,56.52,Career (2013-2026)
e793a8ed,Chaitanya Bishnoi,Middle,342,295,28,7,86,115.93,11.86,29.15,45.03,Career (2013-2026)
e793a8ed,Chaitanya Bishnoi,Powerplay,373,324,49,7,151,115.12,17.28,46.6,63.81,Career (2013-2026)
e798611a,HM Amla,Death,197,88,18,13,19,223.86,35.23,21.59,76.14,Career (2013-2026)
e798611a,HM Amla,Middle,409,337,26,10,84,121.36,10.68,24.93,40.1,Career (2013-2026)
e798611a,HM Amla,Powerplay,453,388,53,10,165,116.75,16.24,42.53,60.04,Career (2013-2026)
e7de4f6b,RR Emrit,Death,235,173,12,13,57,135.84,14.45,32.95,53.62,Career (2013-2026)
e7de4f6b,RR Emrit,Middle,37,52,2,1,27,71.15,5.77,51.92,37.84,Career (2013-2026)
e85f3659,Dhruv Patel,Powerplay,39,40,5,1,22,97.5,15.0,55.0,66.67,Career (2013-2026)
e86754b2,TK Curran,Death,1019,606,94,47,182,168.15,23.27,30.03,64.57,Career (2013-2026)
e86754b2,TK Curran,Middle,379,346,35,6,122,109.54,11.85,35.26,46.44,Career (2013-2026)
e87aeca2,J Hermann,Death,156,87,9,10,25,179.31,21.84,28.74,61.54,Career (2013-2026)
e87aeca2,J Hermann,Middle,421,339,35,12,111,124.19,13.86,32.74,50.36,Career (2013-2026)
e87aeca2,J Hermann,Powerplay,362,361,49,6,195,100.28,15.24,54.02,64.09,Career (2013-2026)
e87cc53a,JR Banik,Powerplay,27,49,3,0,34,55.1,6.12,69.39,44.44,Career (2013-2026)
e8a552ef,Usman Khan,Middle,108,106,10,2,45,101.89,11.32,42.45,48.15,Career (2013-2026)
e8a552ef,Usman Khan,Powerplay,83,52,10,4,22,159.62,26.92,42.31,77.11,Career (2013-2026)
e938e1bc,P Kumar,Death,328,293,19,16,126,111.95,11.95,43.0,52.44,Career (2013-2026)
e938e1bc,P Kumar,Middle,47,52,4,3,32,90.38,13.46,61.54,72.34,Career (2013-2026)
e93b6c95,G Singh,Death,75,46,4,5,14,163.04,19.57,30.43,61.33,Career (2013-2026)
e93b6c95,G Singh,Middle,76,87,5,1,36,87.36,6.9,41.38,34.21,Career (2013-2026)
e94915e6,SM Curran,Death,1030,564,72,67,153,182.62,24.65,27.13,66.99,Career (2013-2026)
e94915e6,SM Curran,Middle,1713,1345,109,76,442,127.36,13.75,32.86,52.07,Career (2013-2026)
e94915e6,SM Curran,Powerplay,339,325,40,9,168,104.31,15.08,51.69,63.13,Career (2013-2026)
e94bc520,OJ Pope,Death,85,55,5,2,10,154.55,12.73,18.18,37.65,Career (2013-2026)
e94bc520,OJ Pope,Middle,219,191,16,3,56,114.66,9.95,29.32,37.44,Career (2013-2026)
e94bc520,OJ Pope,Powerplay,65,69,8,1,36,94.2,13.04,52.17,58.46,Career (2013-2026)
e94d2d50,NA McSweeney,Death,130,62,17,5,12,209.68,35.48,19.35,75.38,Career (2013-2026)
e94d2d50,NA McSweeney,Middle,429,372,33,7,118,115.32,10.75,31.72,40.56,Career (2013-2026)
e94d2d50,NA McSweeney,Powerplay,271,260,27,3,112,104.23,11.54,43.08,46.49,Career (2013-2026)
e95951b8,Henan Nazir,Middle,45,51,2,0,15,88.24,3.92,29.41,17.78,Career (2013-2026)
e9987a94,C Overton,Death,136,89,10,5,19,152.81,16.85,21.35,51.47,Career (2013-2026)
e9aaf862,M De Villiers,Middle,91,73,7,2,22,124.66,12.33,30.14,43.96,Career (2013-2026)
e9aaf862,M De Villiers,Powerplay,54,53,11,0,33,101.89,20.75,62.26,81.48,Career (2013-2026)
e9cb8d60,Nitesh Sedai,Middle,85,106,5,1,45,80.19,5.66,42.45,30.59,Career (2013-2026)
e9cb8d60,Nitesh Sedai,Powerplay,91,89,13,1,49,102.25,15.73,55.06,63.74,Career (2013-2026)
ea544967,N de Klerk,Death,126,67,9,8,16,188.06,25.37,23.88,66.67,Career (2013-2026)
ea544967,N de Klerk,Middle,94,94,9,1,39,100.0,10.64,41.49,44.68,Career (2013-2026)
eaa76d3c,C Green,Death,296,171,24,13,33,173.1,21.64,19.3,58.78,Career (2013-2026)
eaa76d3c,C Green,Middle,570,418,34,28,123,136.36,14.83,29.43,53.33,Career (2013-2026)
eaa76d3c,C Green,Powerplay,269,190,33,8,73,141.58,21.58,38.42,66.91,Career (2013-2026)
eade4650,DJ Mitchell,Death,140,101,9,4,25,138.61,12.87,24.75,42.86,Career (2013-2026)
eade4650,DJ Mitchell,Middle,310,251,22,9,70,123.51,12.35,27.89,45.81,Career (2013-2026)
eade4650,DJ Mitchell,Powerplay,122,100,14,2,38,122.0,16.0,38.0,55.74,Career (2013-2026)
eb67df8f,Aditya Waghmode,Middle,88,62,6,5,18,141.94,17.74,29.03,61.36,Career (2013-2026)
eb67df8f,Aditya Waghmode,Powerplay,176,115,21,7,44,153.04,24.35,38.26,71.59,Career (2013-2026)
eb87663e,Jyothi Sai Krishna,Middle,46,61,4,0,31,75.41,6.56,50.82,34.78,Career (2013-2026)
ebcfef83,Himmat Singh,Death,283,173,20,16,45,163.58,20.81,26.01,62.19,Career (2013-2026)
ebcfef83,Himmat Singh,Middle,323,305,20,13,116,105.9,10.82,38.03,48.92,Career (2013-2026)
ebcfef83,Himmat Singh,Powerplay,85,63,13,2,31,134.92,23.81,49.21,75.29,Career (2013-2026)
ebf25cf2,Priyank Panchal,Middle,363,302,31,5,79,120.2,11.92,26.16,42.42,Career (2013-2026)
ebf25cf2,Priyank Panchal,Powerplay,542,416,64,18,180,130.29,19.71,43.27,67.16,Career (2013-2026)
eca0c288,A Bramble,Middle,34,43,3,0,21,79.07,6.98,48.84,35.29,Career (2013-2026)
ed2711ea,EM McCaughan,Powerplay,44,55,5,0,28,80.0,9.09,50.91,45.45,Career (2013-2026)
ed5a5510,P Dubey,Death,87,83,4,3,31,104.82,8.43,37.35,39.08,Career (2013-2026)
ed5a5510,P Dubey,Middle,36,44,5,0,23,81.82,11.36,52.27,55.56,Career (2013-2026)
ed90abe4,AP Devcich,Middle,158,130,16,4,50,121.54,15.38,38.46,55.7,Career (2013-2026)
ed90abe4,AP Devcich,Powerplay,68,61,8,1,26,111.48,14.75,42.62,55.88,Career (2013-2026)
edb3d4f8,KC Cariappa,Death,47,40,0,5,20,117.5,12.5,50.0,63.83,Career (2013-2026)
edc7ddb6,J Weatherald,Death,162,86,12,13,29,188.37,29.07,33.72,77.78,Career (2013-2026)
edc7ddb6,J Weatherald,Middle,902,631,67,44,201,142.95,17.59,31.85,58.98,Career (2013-2026)
edc7ddb6,J Weatherald,Powerplay,1112,941,137,28,437,118.17,17.53,46.44,64.39,Career (2013-2026)
ee2ac9d7,Marimuthu Vikneshwaran,Death,79,75,4,4,33,105.33,10.67,44.0,50.63,Career (2013-2026)
ee2ac9d7,Marimuthu Vikneshwaran,Middle,57,71,4,1,36,80.28,7.04,50.7,38.6,Career (2013-2026)
ee8f1a6d,Azam Khan,Death,315,165,24,26,55,190.91,30.3,33.33,80.0,Career (2013-2026)
ee8f1a6d,Azam Khan,Middle,537,436,42,29,185,123.17,16.28,42.43,63.69,Career (2013-2026)
ee8f1a6d,Azam Khan,Powerplay,144,107,17,7,53,134.58,22.43,49.53,76.39,Career (2013-2026)
eea6b7f1,SP Fleming,Middle,76,55,10,1,19,138.18,20.0,34.55,60.53,Career (2013-2026)
eea6b7f1,SP Fleming,Powerplay,120,110,17,2,61,109.09,17.27,55.45,66.67,Career (2013-2026)
eef2536f,Avesh Khan,Death,76,63,8,3,32,120.63,17.46,50.79,65.79,Career (2013-2026)
ef13bd20,KM Mack,Middle,67,62,6,0,21,108.06,9.68,33.87,35.82,Career (2013-2026)
ef33e040,RG Hazarika,Powerplay,58,46,9,0,18,126.09,19.57,39.13,62.07,Career (2013-2026)
ef39fc7f,T Webster,Middle,174,150,13,8,62,116.0,14.0,41.33,57.47,Career (2013-2026)
ef39fc7f,T Webster,Powerplay,223,222,29,7,132,100.45,16.22,59.46,70.85,Career (2013-2026)
ef9acbcc,C Esterhuizen,Middle,197,179,13,4,53,110.06,9.5,29.61,38.58,Career (2013-2026)
ef9acbcc,C Esterhuizen,Powerplay,179,178,21,6,101,100.56,15.17,56.74,67.04,Career (2013-2026)
efc04be7,Noor Ahmad,Death,101,107,6,4,56,94.39,9.35,52.34,47.52,Career (2013-2026)
efc04be7,Noor Ahmad,Middle,25,42,1,1,27,59.52,4.76,64.29,40.0,Career (2013-2026)
efd1a0ef,Jay Gohil,Death,86,51,7,6,16,168.63,25.49,31.37,74.42,Career (2013-2026)
efd1a0ef,Jay Gohil,Middle,51,42,3,3,17,121.43,14.29,40.48,58.82,Career (2013-2026)
f05167d2,HJ Armitage,Death,117,112,9,0,35,104.46,8.04,31.25,30.77,Career (2013-2026)
f05167d2,HJ Armitage,Middle,300,265,31,0,74,113.21,11.7,27.92,41.33,Career (2013-2026)
f05167d2,HJ Armitage,Powerplay,134,144,18,0,73,93.06,12.5,50.69,53.73,Career (2013-2026)
f05d1564,BJ Holt,Middle,58,53,3,3,23,109.43,11.32,43.4,51.72,Career (2013-2026)
f05fe9b1,JA Simpson,Death,114,60,12,4,14,190.0,26.67,23.33,63.16,Career (2013-2026)
f05fe9b1,JA Simpson,Middle,67,70,9,0,31,95.71,12.86,44.29,53.73,Career (2013-2026)
f079e8fe,Jay Bista,Middle,251,188,16,11,51,133.51,14.36,27.13,51.79,Career (2013-2026)
f079e8fe,Jay Bista,Powerplay,516,378,80,8,160,136.51,23.28,42.33,71.32,Career (2013-2026)
f088b960,SN Khan,Death,431,261,50,14,74,165.13,24.52,28.35,65.89,Career (2013-2026)
f088b960,SN Khan,Middle,416,390,36,8,139,106.67,11.28,35.64,46.15,Career (2013-2026)
f088b960,SN Khan,Powerplay,179,125,24,7,59,143.2,24.8,47.2,77.09,Career (2013-2026)
f0af99a7,D Ferreira,Death,966,484,53,84,148,199.59,28.31,30.58,74.12,Career (2013-2026)
f0af99a7,D Ferreira,Middle,715,535,57,38,210,133.64,17.76,39.25,63.78,Career (2013-2026)
f0b4e47d,G Wareham,Death,211,132,22,5,27,159.85,20.45,20.45,55.92,Career (2013-2026)
f0b4e47d,G Wareham,Middle,115,117,11,0,44,98.29,9.4,37.61,38.26,Career (2013-2026)
f0ec8597,TM Beaton,Death,124,76,8,5,15,163.16,17.11,19.74,50.0,Career (2013-2026)
f0ec8597,TM Beaton,Middle,70,52,6,2,16,134.62,15.38,30.77,51.43,Career (2013-2026)
f10e94c4,AD Nath,Death,144,115,13,3,38,125.22,13.91,33.04,48.61,Career (2013-2026)
f10e94c4,AD Nath,Middle,462,406,35,12,149,113.79,11.58,36.7,45.89,Career (2013-2026)
f10e94c4,AD Nath,Powerplay,184,155,21,4,62,118.71,16.13,40.0,58.7,Career (2013-2026)
f13d3eba,KE Bryce,Death,100,101,8,0,40,99.01,7.92,39.6,32.0,Career (2013-2026)
f13d3eba,KE Bryce,Middle,226,185,24,2,63,122.16,14.05,34.05,47.79,Career (2013-2026)
f13d3eba,KE Bryce,Powerplay,57,66,7,0,36,86.36,10.61,54.55,49.12,Career (2013-2026)
f1809c03,Tanay Thyagarajan,Death,92,65,9,4,25,141.54,20.0,38.46,65.22,Career (2013-2026)
f19ccfad,Washington Sundar,Death,538,347,45,22,95,155.04,19.31,27.38,57.99,Career (2013-2026)
f19ccfad,Washington Sundar,Middle,611,554,44,14,176,110.29,10.47,31.77,42.55,Career (2013-2026)
f19ccfad,Washington Sundar,Powerplay,315,244,38,8,98,129.1,18.85,40.16,63.49,Career (2013-2026)
f1a7f596,Abhinav Dixit,Middle,44,48,1,1,15,91.67,4.17,31.25,22.73,Career (2013-2026)
f1c61793,JD Wildermuth,Death,226,150,9,16,50,150.67,16.67,33.33,58.41,Career (2013-2026)
f1c61793,JD Wildermuth,Middle,144,125,5,8,48,115.2,10.4,38.4,47.22,Career (2013-2026)
f1c61793,JD Wildermuth,Powerplay,142,107,12,7,46,132.71,17.76,42.99,63.38,Career (2013-2026)
f1f99156,TH David,Death,2204,1202,122,175,367,183.36,24.71,30.53,69.78,Career (2013-2026)
f1f99156,TH David,Middle,1783,1320,132,87,443,135.08,16.59,33.56,58.89,Career (2013-2026)
f1f99156,TH David,Powerplay,95,70,13,4,35,135.71,24.29,50.0,80.0,Career (2013-2026)
f21043a5,MDKJ Perera,Middle,218,187,17,4,59,116.58,11.23,31.55,42.2,Career (2013-2026)
f21043a5,MDKJ Perera,Powerplay,344,224,48,11,90,153.57,26.34,40.18,75.0,Career (2013-2026)
f21b0b6a,Gourav Choudhury,Powerplay,61,48,9,2,25,127.08,22.92,52.08,78.69,Career (2013-2026)
f233bbb4,ST Jayasuriya,Middle,254,166,23,12,55,153.01,21.08,33.13,64.57,Career (2013-2026)
f233bbb4,ST Jayasuriya,Powerplay,514,366,61,27,196,140.44,24.04,53.55,78.99,Career (2013-2026)
f2397e48,Codi Yusuf,Death,39,40,3,0,13,97.5,7.5,32.5,30.77,Career (2013-2026)
f24c6701,M Theekshana,Death,68,70,4,3,33,97.14,10.0,47.14,50.0,Career (2013-2026)
f29185a1,Abhishek Sharma,Death,282,177,23,14,45,159.32,20.9,25.42,62.41,Career (2013-2026)
f29185a1,Abhishek Sharma,Middle,1189,691,67,88,188,172.07,22.43,27.21,66.95,Career (2013-2026)
f29185a1,Abhishek Sharma,Powerplay,1786,1115,209,93,475,160.18,27.09,42.6,78.05,Career (2013-2026)
f2c936d7,MJ Owen,Death,75,60,10,1,25,125.0,18.33,41.67,61.33,Career (2013-2026)
f2c936d7,MJ Owen,Middle,373,196,25,29,60,190.31,27.55,30.61,73.46,Career (2013-2026)
f2c936d7,MJ Owen,Powerplay,1084,570,97,80,223,190.18,31.05,39.12,80.07,Career (2013-2026)
f2dbbff5,Ravikumar Samarth,Middle,76,62,7,1,14,122.58,12.9,22.58,44.74,Career (2013-2026)
f2dbbff5,Ravikumar Samarth,Powerplay,72,80,7,1,42,90.0,10.0,52.5,47.22,Career (2013-2026)
f3171936,BW Hilfenhaus,Death,117,107,6,5,48,109.35,10.28,44.86,46.15,Career (2013-2026)
f32012f4,M Bryant,Death,418,217,34,27,69,192.63,28.11,31.8,71.29,Career (2013-2026)
f32012f4,M Bryant,Middle,558,423,38,23,139,131.91,14.42,32.86,51.97,Career (2013-2026)
f32012f4,M Bryant,Powerplay,763,593,102,21,281,128.67,20.74,47.39,69.99,Career (2013-2026)
f3982af9,DP Hughes,Death,298,204,17,15,63,146.08,15.69,30.88,53.02,Career (2013-2026)
f3982af9,DP Hughes,Middle,1137,898,87,28,253,126.61,12.81,28.17,45.38,Career (2013-2026)
f3982af9,DP Hughes,Powerplay,1104,967,133,17,431,114.17,15.51,44.57,57.43,Career (2013-2026)
f3a18a0c,NR Sciver,Death,100,60,7,6,16,166.67,21.67,26.67,64.0,Career (2013-2026)
f3a18a0c,NR Sciver,Middle,272,214,32,1,62,127.1,15.42,28.97,49.26,Career (2013-2026)
f3a18a0c,NR Sciver,Powerplay,76,73,14,0,41,104.11,19.18,56.16,73.68,Career (2013-2026)
f3abd0c9,DR Briggs,Death,89,56,10,3,19,158.93,23.21,33.93,65.17,Career (2013-2026)
f3ba1bdc,Rex Rajkumar,Middle,126,120,6,4,48,105.0,8.33,40.0,38.1,Career (2013-2026)
f3cb53a1,MV Boucher,Death,235,147,18,11,39,159.86,19.73,26.53,58.72,Career (2013-2026)
f3cb53a1,MV Boucher,Middle,137,138,11,2,55,99.28,9.42,39.86,40.88,Career (2013-2026)
f422728b,H Kerr,Death,174,138,5,7,37,126.09,8.7,26.81,35.63,Career (2013-2026)
f422728b,H Kerr,Middle,199,166,14,6,59,119.88,12.05,35.54,46.23,Career (2013-2026)
f4427cc6,SM Whiteman,Death,70,51,6,2,18,137.25,15.69,35.29,51.43,Career (2013-2026)
f4427cc6,SM Whiteman,Middle,212,199,9,6,63,106.53,7.54,31.66,33.96,Career (2013-2026)
f4427cc6,SM Whiteman,Powerplay,362,307,44,9,147,117.92,17.26,47.88,63.54,Career (2013-2026)
f4cb4f53,AP Majumdar,Middle,132,117,10,2,37,112.82,10.26,31.62,39.39,Career (2013-2026)
f4cd319e,Abhisek Das,Middle,45,43,0,2,11,104.65,4.65,25.58,26.67,Career (2013-2026)
f4cd319e,Abhisek Das,Powerplay,92,95,10,1,44,96.84,11.58,46.32,50.0,Career (2013-2026)
f5180fe6,MG Johnson,Death,161,150,9,7,64,107.33,10.67,42.67,48.45,Career (2013-2026)
f52fc698,ZN Carter,Middle,70,54,3,7,29,129.63,18.52,53.7,77.14,Career (2013-2026)
f52fc698,ZN Carter,Powerplay,114,80,10,9,44,142.5,23.75,55.0,82.46,Career (2013-2026)
f543b251,Het Patel,Middle,85,113,4,1,47,75.22,4.42,41.59,25.88,Career (2013-2026)
f54c8804,RGL Carters,Death,155,122,9,5,36,127.05,11.48,29.51,42.58,Career (2013-2026)
f54c8804,RGL Carters,Middle,113,139,5,1,58,81.29,4.32,41.73,23.01,Career (2013-2026)
f5715b48,Ali Naseer,Middle,49,47,3,1,15,104.26,8.51,31.91,36.73,Career (2013-2026)
f59e9ac9,Anmol Malhotra,Middle,52,46,6,1,19,113.04,15.22,41.3,57.69,Career (2013-2026)
f5cf7ae0,Nakul Sharma,Death,54,43,3,3,18,125.58,13.95,41.86,55.56,Career (2013-2026)
f5cf7ae0,Nakul Sharma,Middle,96,73,6,6,31,131.51,16.44,42.47,62.5,Career (2013-2026)
f62772e5,P Negi,Death,462,309,31,22,87,149.51,17.15,28.16,55.41,Career (2013-2026)
f62772e5,P Negi,Middle,140,139,11,5,63,100.72,11.51,45.32,52.86,Career (2013-2026)
f6b0bd10,Kuldeep Gehi,Powerplay,104,72,10,6,32,144.44,22.22,44.44,73.08,Career (2013-2026)
f6f60dca,Pramod Chandila,Death,75,63,6,3,26,119.05,14.29,41.27,56.0,Career (2013-2026)
f6f60dca,Pramod Chandila,Middle,120,104,15,2,46,115.38,16.35,44.23,60.0,Career (2013-2026)
f705d984,Fabid Ahmed,Death,154,127,5,7,37,121.26,9.45,29.13,40.26,Career (2013-2026)
f705d984,Fabid Ahmed,Middle,53,83,1,1,42,63.86,2.41,50.6,18.87,Career (2013-2026)
f708a0bc,GB Hogg,Death,60,63,3,1,22,95.24,6.35,34.92,30.0,Career (2013-2026)
f732f3e7,Ian Dev Singh,Death,82,58,11,1,15,141.38,20.69,25.86,60.98,Career (2013-2026)
f732f3e7,Ian Dev Singh,Middle,177,164,17,3,61,107.93,12.2,37.2,48.59,Career (2013-2026)
f732f3e7,Ian Dev Singh,Powerplay,114,128,18,0,71,89.06,14.06,55.47,63.16,Career (2013-2026)
f752db61,JL Pattinson,Death,88,71,5,4,24,123.94,12.68,33.8,50.0,Career (2013-2026)
f782103d,Shashwat Kohli,Powerplay,38,43,6,0,25,88.37,13.95,58.14,63.16,Career (2013-2026)
f787e0eb,J Edwards,Death,148,109,13,6,42,135.78,17.43,38.53,59.46,Career (2013-2026)
f787e0eb,J Edwards,Middle,328,273,23,12,96,120.15,12.82,35.16,50.0,Career (2013-2026)
f787e0eb,J Edwards,Powerplay,384,331,45,4,136,116.01,14.8,41.09,53.12,Career (2013-2026)
f7ce1f24,Ravi Chauhan,Middle,326,286,27,6,90,113.99,11.54,31.47,44.17,Career (2013-2026)
f7ce1f24,Ravi Chauhan,Powerplay,362,298,48,4,113,121.48,17.45,37.92,59.67,Career (2013-2026)
f834dcfc,L Ngidi,Death,36,44,1,2,23,81.82,6.82,52.27,44.44,Career (2013-2026)
f836b33d,T Kohler-Cadmore,Death,164,134,12,6,46,122.39,13.43,34.33,51.22,Career (2013-2026)
f836b33d,T Kohler-Cadmore,Middle,888,663,43,50,203,133.94,14.03,30.62,53.15,Career (2013-2026)
f836b33d,T Kohler-Cadmore,Powerplay,828,652,96,32,315,126.99,19.63,48.31,69.57,Career (2013-2026)
f842c2cf,MJ Clarke,Powerplay,76,64,11,0,29,118.75,17.19,45.31,57.89,Career (2013-2026)
f846de6a,MN Samuels,Death,193,119,14,13,40,162.18,22.69,33.61,69.43,Career (2013-2026)
f846de6a,MN Samuels,Middle,677,606,41,28,233,111.72,11.39,38.45,49.04,Career (2013-2026)
f846de6a,MN Samuels,Powerplay,221,201,32,6,112,109.95,18.91,55.72,74.21,Career (2013-2026)
f89d3b11,Sameer Rizvi,Death,188,92,11,16,21,204.35,29.35,22.83,74.47,Career (2013-2026)
f89d3b11,Sameer Rizvi,Middle,429,315,33,22,112,136.19,17.46,35.56,61.54,Career (2013-2026)
f89d3b11,Sameer Rizvi,Powerplay,20,43,3,0,34,46.51,6.98,79.07,60.0,Career (2013-2026)
f8fd6e3f,Ahmed Shehzad,Powerplay,115,119,14,2,69,96.64,13.45,57.98,59.13,Career (2013-2026)
f93b43dd,SK Patel,Middle,191,173,19,4,65,110.4,13.29,37.57,52.36,Career (2013-2026)
f93b43dd,SK Patel,Powerplay,221,219,26,6,117,100.91,14.61,53.42,63.35,Career (2013-2026)
f986ca1a,HV Patel,Death,228,172,15,12,59,132.56,15.7,34.3,57.89,Career (2013-2026)
f986ca1a,HV Patel,Middle,243,178,13,18,74,136.52,17.42,41.57,65.84,Career (2013-2026)
f986ca1a,HV Patel,Powerplay,481,316,66,21,150,152.22,27.53,47.47,81.08,Career (2013-2026)
f9900488,P Prafullomani,Middle,81,103,3,3,50,78.64,5.83,48.54,37.04,Career (2013-2026)
f9900488,P Prafullomani,Powerplay,86,127,12,1,85,67.72,10.24,66.93,62.79,Career (2013-2026)
f992200b,Akash Parkar,Death,30,40,2,0,18,75.0,5.0,45.0,26.67,Career (2013-2026)
f9d99806,Tajinder Singh,Death,356,201,38,18,63,177.11,27.86,31.34,73.03,Career (2013-2026)
f9d99806,Tajinder Singh,Middle,325,233,27,13,70,139.48,17.17,30.04,57.23,Career (2013-2026)
f9d99806,Tajinder Singh,Powerplay,71,62,6,4,29,114.52,16.13,46.77,67.61,Career (2013-2026)
f9e6e7ef,Shahbaz Ahmed,Death,448,304,25,28,96,147.37,17.43,31.58,59.82,Career (2013-2026)
f9e6e7ef,Shahbaz Ahmed,Middle,422,391,25,12,138,107.93,9.46,35.29,40.76,Career (2013-2026)
f9f21866,Pratham Singh,Middle,355,263,31,11,71,134.98,15.97,27.0,53.52,Career (2013-2026)
f9f21866,Pratham Singh,Powerplay,443,384,54,9,162,115.36,16.41,42.19,60.95,Career (2013-2026)
fa433be6,M Labuschagne,Death,139,93,8,7,29,149.46,16.13,31.18,53.24,Career (2013-2026)
fa433be6,M Labuschagne,Middle,334,261,25,2,51,127.97,10.34,19.54,33.53,Career (2013-2026)
fa433be6,M Labuschagne,Powerplay,170,177,23,0,87,96.05,12.99,49.15,54.12,Career (2013-2026)
fa463154,AB Agarkar,Death,125,94,9,3,22,132.98,12.77,23.4,43.2,Career (2013-2026)
fa463154,AB Agarkar,Middle,34,47,3,0,25,72.34,6.38,53.19,35.29,Career (2013-2026)
faa7365d,DR Shorey,Middle,284,260,16,12,102,109.23,10.77,39.23,47.89,Career (2013-2026)
faa7365d,DR Shorey,Powerplay,157,153,22,2,78,102.61,15.69,50.98,63.69,Career (2013-2026)
facb9086,SD Chitnis,Death,46,41,3,1,12,112.2,9.76,29.27,39.13,Career (2013-2026)
facb9086,SD Chitnis,Middle,55,46,7,1,19,119.57,17.39,41.3,61.82,Career (2013-2026)
fb0d68b4,AI Ross,Death,780,470,59,40,124,165.96,21.06,26.38,61.03,Career (2013-2026)
fb0d68b4,AI Ross,Middle,1361,1141,92,38,352,119.28,11.39,30.85,43.79,Career (2013-2026)
fb0d68b4,AI Ross,Powerplay,114,145,12,1,80,78.62,8.97,55.17,47.37,Career (2013-2026)
fb2d1dda,N Rana,Death,668,355,54,47,106,188.17,28.45,29.86,74.55,Career (2013-2026)
fb2d1dda,N Rana,Middle,2788,1987,219,144,669,140.31,18.27,33.67,62.41,Career (2013-2026)
fb2d1dda,N Rana,Powerplay,998,850,138,35,467,117.41,20.35,54.94,76.35,Career (2013-2026)
fb3a1c89,Anurag Sarangi,Middle,47,53,4,0,20,88.68,7.55,37.74,34.04,Career (2013-2026)
fb3a1c89,Anurag Sarangi,Powerplay,137,113,19,3,55,121.24,19.47,48.67,68.61,Career (2013-2026)
fb496f7a,K Lesporis,Middle,63,59,4,3,25,106.78,11.86,42.37,53.97,Career (2013-2026)
fb501329,J Tromp,Middle,55,52,4,1,15,105.77,9.62,28.85,40.0,Career (2013-2026)
fb66ce1f,CH Morris,Death,545,330,35,31,83,165.15,20.0,25.15,59.82,Career (2013-2026)
fb66ce1f,CH Morris,Middle,161,134,12,7,55,120.15,14.18,41.04,55.9,Career (2013-2026)
fc3d382b,Asfan Khan,Death,63,47,4,3,15,134.04,14.89,31.91,53.97,Career (2013-2026)
fc3d382b,Asfan Khan,Middle,42,78,2,1,50,53.85,3.85,64.1,33.33,Career (2013-2026)
fc55ec67,MR Adair,Death,82,65,7,2,21,126.15,13.85,32.31,48.78,Career (2013-2026)
fc60e81a,B Parsons,Middle,90,67,4,4,16,134.33,11.94,23.88,44.44,Career (2013-2026)
fc60e81a,B Parsons,Powerplay,134,116,14,5,55,115.52,16.38,47.41,64.18,Career (2013-2026)
fc8c6088,RH Bhatt,Middle,65,58,3,3,22,112.07,10.34,37.93,46.15,Career (2013-2026)
fcc21ace,A Kamboj,Death,64,56,5,2,20,114.29,12.5,35.71,50.0,Career (2013-2026)
fcd1dd35,Ayush Jamwal,Death,62,51,5,3,21,121.57,15.69,41.18,61.29,Career (2013-2026)
fd2bf2a0,Umar Akmal,Death,82,62,2,6,19,132.26,12.9,30.65,53.66,Career (2013-2026)
fd2bf2a0,Umar Akmal,Middle,155,141,11,6,56,109.93,12.06,39.72,51.61,Career (2013-2026)
fd835ab3,DJ Hussey,Death,628,389,35,40,115,161.44,19.28,29.56,60.51,Career (2013-2026)
fd835ab3,DJ Hussey,Middle,1378,1187,97,42,408,116.09,11.71,34.37,46.44,Career (2013-2026)
fd835ab3,DJ Hussey,Powerplay,202,182,26,5,93,110.99,17.03,51.1,66.34,Career (2013-2026)
fdd837ba,TP Ward,Powerplay,144,112,16,5,50,128.57,18.75,44.64,65.28,Career (2013-2026)
fdedb37c,SM Katich,Death,91,68,7,2,19,133.82,13.24,27.94,43.96,Career (2013-2026)
fdedb37c,SM Katich,Middle,227,183,18,4,53,124.04,12.02,28.96,42.29,Career (2013-2026)
fdedb37c,SM Katich,Powerplay,302,230,40,8,106,131.3,20.87,46.09,68.87,Career (2013-2026)
fdf8d681,SM Gugale,Powerplay,69,72,12,0,42,95.83,16.67,58.33,69.57,Career (2013-2026)
fe11caa6,WP Saha,Death,590,386,43,24,98,152.85,17.36,25.39,53.56,Career (2013-2026)
fe11caa6,WP Saha,Middle,1270,1118,87,30,350,113.6,10.47,31.31,41.57,Career (2013-2026)
fe11caa6,WP Saha,Powerplay,1635,1232,220,50,569,132.71,21.92,46.19,72.17,Career (2013-2026)
fe366f34,C Connolly,Death,325,162,22,22,34,200.62,27.16,20.99,67.69,Career (2013-2026)
fe366f34,C Connolly,Middle,649,453,35,39,144,143.27,16.34,31.79,57.63,Career (2013-2026)
fe366f34,C Connolly,Powerplay,359,312,41,14,171,115.06,17.63,54.81,69.08,Career (2013-2026)
fe473dc2,Ishwar Chaudhary,Death,43,57,3,1,31,75.44,7.02,54.39,41.86,Career (2013-2026)
fe5f2e48,RL Jangid,Death,59,43,5,2,12,137.21,16.28,27.91,54.24,Career (2013-2026)
fe5f2e48,RL Jangid,Middle,176,159,11,3,47,110.69,8.81,29.56,35.23,Career (2013-2026)
fe608a7e,KR Singh,Death,111,77,7,7,28,144.16,18.18,36.36,63.06,Career (2013-2026)
fe608a7e,KR Singh,Middle,33,46,1,0,16,71.74,2.17,34.78,12.12,Career (2013-2026)
fe763256,Y Venugopal Rao,Death,387,251,32,17,68,154.18,19.52,27.09,59.43,Career (2013-2026)
fe763256,Y Venugopal Rao,Middle,522,488,36,20,200,106.97,11.48,40.98,50.57,Career (2013-2026)
fe763256,Y Venugopal Rao,Powerplay,76,97,9,0,58,78.35,9.28,59.79,47.37,Career (2013-2026)
fe93fd9d,RA Jadeja,Death,1922,1280,141,83,331,150.16,17.5,25.86,55.25,Career (2013-2026)
fe93fd9d,RA Jadeja,Middle,1447,1310,99,35,466,110.46,10.23,35.57,41.88,Career (2013-2026)
fe93fd9d,RA Jadeja,Powerplay,157,109,24,4,50,144.04,25.69,45.87,76.43,Career (2013-2026)
fee3c48a,EJM Cowan,Powerplay,43,46,5,0,21,93.48,10.87,45.65,46.51,Career (2013-2026)
fef92afc,SC Kuggeleijn,Death,104,81,6,3,21,128.4,11.11,25.93,40.38,Career (2013-2026)
ff014c34,HG Munsey,Middle,77,52,8,2,14,148.08,19.23,26.92,57.14,Career (2013-2026)
ff014c34,HG Munsey,Powerplay,45,52,5,1,31,86.54,11.54,59.62,57.78,Career (2013-2026)
ff077124,Kamran Akmal,Middle,185,139,14,9,50,133.09,16.55,35.97,59.46,Career (2013-2026)
ff077124,Kamran Akmal,Powerplay,125,112,17,4,62,111.61,18.75,55.36,73.6,Career (2013-2026)
ff154ecd,JM Cox,Death,426,227,31,25,57,187.67,24.67,25.11,64.32,Career (2013-2026)
ff154ecd,JM Cox,Middle,1093,837,78,38,247,130.59,13.86,29.51,49.41,Career (2013-2026)
ff154ecd,JM Cox,Powerplay,438,390,57,10,191,112.31,17.18,48.97,65.75,Career (2013-2026)
ff1e12a0,AJ Turner,Death,1021,587,70,54,144,173.94,21.12,24.53,59.16,Career (2013-2026)
ff1e12a0,AJ Turner,Middle,1724,1236,122,68,362,139.48,15.37,29.29,51.97,Career (2013-2026)
ff1e12a0,AJ Turner,Powerplay,125,125,11,1,53,100.0,9.6,42.4,40.0,Career (2013-2026)
ff1e68fa,B Indrajith,Middle,64,66,3,0,15,96.97,4.55,22.73,18.75,Career (2013-2026)
ff1e68fa,B Indrajith,Powerplay,46,61,4,0,30,75.41,6.56,49.18,34.78,Career (2013-2026)
ff9c2522,Abhishek Thakuri,Middle,42,52,4,0,25,80.77,7.69,48.08,38.1,Career (2013-2026)
ff9c2522,Abhishek Thakuri,Powerplay,74,73,11,0,38,101.37,15.07,52.05,59.46,Career (2013-2026)
ffe699c0,CJ Jordan,Death,775,504,53,42,162,153.77,18.85,32.14,59.87,Career (2013-2026)
ffe699c0,CJ Jordan,Middle,157,194,8,4,90,80.93,6.19,46.39,35.67,Career (2013-2026)
fffa744b,Naman Dhir,Death,296,153,28,17,37,193.46,29.41,24.18,72.3,Career (2013-2026)
fffa744b,Naman Dhir,Middle,278,185,21,14,49,150.27,18.92,26.49,60.43,Career (2013-2026)
fffa744b,Naman Dhir,Powerplay,175,123,20,8,57,142.28,22.76,46.34,73.14,Career (2013-2026)
