batter_canonical_id,batter_canonical_name,phase,runs_scored,balls_faced,fours,sixes,dot_balls,strike_rate,boundary_pct,dot_pct,boundary_runs_pct,window
003d49e6,JJ Bazley,Death,48,32,4,2,10,150.0,18.75,31.25,58.33,Recent Form (2024-2026)
00823a96,KL Gordon,Death,24,27,2,0,14,88.89,7.41,51.85,33.33,Recent Form (2024-2026)
00ea847a,MA Agarwal,Middle,66,41,8,1,10,160.98,21.95,24.39,57.58,Recent Form (2024-2026)
00ea847a,MA Agarwal,Powerplay,88,75,10,2,37,117.33,16.0,49.33,59.09,Recent Form (2024-2026)
02181d9a,EL Lamb,Death,76,48,8,1,7,158.33,18.75,14.58,50.0,Recent Form (2024-2026)
02181d9a,EL Lamb,Middle,181,148,19,0,38,122.3,12.84,25.68,41.99,Recent Form (2024-2026)
02181d9a,EL Lamb,Powerplay,107,88,13,0,28,121.59,14.77,31.82,48.6,Recent Form (2024-2026)
0475a86b,JL Jonassen,Death,166,98,21,5,27,169.39,26.53,27.55,68.67,Recent Form (2024-2026)
0475a86b,JL Jonassen,Middle,176,160,15,2,57,110.0,10.62,35.62,40.91,Recent Form (2024-2026)
0475a86b,JL Jonassen,Powerplay,35,30,5,0,12,116.67,16.67,40.0,57.14,Recent Form (2024-2026)
04a418e8,R Parag,Death,229,129,19,16,45,177.52,27.13,34.88,75.11,Recent Form (2024-2026)
04a418e8,R Parag,Middle,859,562,51,53,164,152.85,18.51,29.18,60.77,Recent Form (2024-2026)
04a418e8,R Parag,Powerplay,191,127,22,12,63,150.39,26.77,49.61,83.77,Recent Form (2024-2026)
06c2de82,L Gregory,Death,165,116,10,9,40,142.24,16.38,34.48,56.97,Recent Form (2024-2026)
06c2de82,L Gregory,Middle,51,51,6,0,19,100.0,11.76,37.25,47.06,Recent Form (2024-2026)
06cad4f0,A Sharafu,Death,103,73,11,3,24,141.1,19.18,32.88,60.19,Recent Form (2024-2026)
06cad4f0,A Sharafu,Middle,322,257,20,15,81,125.29,13.62,31.52,52.8,Recent Form (2024-2026)
06cad4f0,A Sharafu,Powerplay,48,49,8,0,30,97.96,16.33,61.22,66.67,Recent Form (2024-2026)
074acfb4,Asif Khan,Death,25,25,2,0,9,100.0,8.0,36.0,32.0,Recent Form (2024-2026)
074acfb4,Asif Khan,Middle,30,29,0,2,12,103.45,6.9,41.38,40.0,Recent Form (2024-2026)
08548b13,PHKD Mendis,Death,34,30,2,0,8,113.33,6.67,26.67,23.53,Recent Form (2024-2026)
08548b13,PHKD Mendis,Middle,73,44,6,3,12,165.91,20.45,27.27,57.53,Recent Form (2024-2026)
0890552f,A Manohar,Death,43,31,2,3,11,138.71,16.13,35.48,60.47,Recent Form (2024-2026)
0890552f,A Manohar,Middle,27,40,1,1,23,67.5,5.0,57.5,37.04,Recent Form (2024-2026)
090c0213,A Lister,Death,51,34,8,0,10,150.0,23.53,29.41,62.75,Recent Form (2024-2026)
090c0213,A Lister,Middle,25,25,1,1,9,100.0,8.0,36.0,40.0,Recent Form (2024-2026)
0994d0ae,V Shankar,Death,60,46,5,1,9,130.43,13.04,19.57,43.33,Recent Form (2024-2026)
0994d0ae,V Shankar,Middle,110,90,7,3,24,122.22,11.11,26.67,41.82,Recent Form (2024-2026)
0994d0ae,V Shankar,Powerplay,31,27,3,1,13,114.81,14.81,48.15,58.06,Recent Form (2024-2026)
09a9d073,J Charles,Middle,504,344,26,37,116,146.51,18.31,33.72,64.68,Recent Form (2024-2026)
09a9d073,J Charles,Powerplay,953,681,108,55,357,139.94,23.94,52.42,79.96,Recent Form (2024-2026)
0a476045,S Dhawan,Middle,51,38,4,2,10,134.21,15.79,26.32,54.9,Recent Form (2024-2026)
0a476045,S Dhawan,Powerplay,99,80,14,2,38,123.75,20.0,47.5,68.69,Recent Form (2024-2026)
0a4c6dfd,Arshad Khan,Death,72,48,4,5,18,150.0,18.75,37.5,63.89,Recent Form (2024-2026)
0a4c6dfd,Arshad Khan,Middle,52,32,2,5,13,162.5,21.88,40.62,73.08,Recent Form (2024-2026)
0a509d6b,RK Singh,Death,378,191,38,21,51,197.91,30.89,26.7,73.54,Recent Form (2024-2026)
0a509d6b,RK Singh,Middle,292,252,21,8,84,115.87,11.51,33.33,45.21,Recent Form (2024-2026)
0b60eb09,KA Maharaj,Death,53,61,4,2,31,86.89,9.84,50.82,52.83,Recent Form (2024-2026)
0b60eb09,KA Maharaj,Middle,29,55,2,1,37,52.73,5.45,67.27,48.28,Recent Form (2024-2026)
0bacade8,Rahmanullah Gurbaz,Middle,292,179,10,24,57,163.13,18.99,31.84,63.01,Recent Form (2024-2026)
0bacade8,Rahmanullah Gurbaz,Powerplay,628,428,48,45,200,146.73,21.73,46.73,73.57,Recent Form (2024-2026)
0bec3a6c,BAC Howell,Death,64,49,5,2,15,130.61,14.29,30.61,50.0,Recent Form (2024-2026)
0bec3a6c,BAC Howell,Middle,38,33,2,2,13,115.15,12.12,39.39,52.63,Recent Form (2024-2026)
0c694738,AZ Monaghan,Death,70,68,9,0,31,102.94,13.24,45.59,51.43,Recent Form (2024-2026)
0c694738,AZ Monaghan,Middle,64,50,4,2,19,128.0,12.0,38.0,43.75,Recent Form (2024-2026)
0c94f480,UBT Chand,Death,71,54,5,3,18,131.48,14.81,33.33,53.52,Recent Form (2024-2026)
0c94f480,UBT Chand,Middle,273,224,21,7,67,121.88,12.5,29.91,46.15,Recent Form (2024-2026)
0c94f480,UBT Chand,Powerplay,205,181,27,7,95,113.26,18.78,52.49,73.17,Recent Form (2024-2026)
0e56c514,HJ Manenti,Middle,44,46,3,2,23,95.65,10.87,50.0,54.55,Recent Form (2024-2026)
0ea54eca,O Davies,Middle,127,111,6,4,37,114.41,9.01,33.33,37.8,Recent Form (2024-2026)
0ebb3444,L Scott,Death,107,56,8,5,6,191.07,23.21,10.71,57.94,Recent Form (2024-2026)
0ebb3444,L Scott,Middle,224,171,20,5,58,130.99,14.62,33.92,49.11,Recent Form (2024-2026)
0ebb3444,L Scott,Powerplay,66,52,4,5,23,126.92,17.31,44.23,69.7,Recent Form (2024-2026)
0ebfb1ad,E Lewis,Middle,240,146,6,26,59,164.38,21.92,40.41,75.0,Recent Form (2024-2026)
0ebfb1ad,E Lewis,Powerplay,276,267,25,16,156,103.37,15.36,58.43,71.01,Recent Form (2024-2026)
0ecb4de6,Rehan Ahmed,Death,85,43,6,8,18,197.67,32.56,41.86,84.71,Recent Form (2024-2026)
0ecb4de6,Rehan Ahmed,Middle,259,203,19,14,82,127.59,16.26,40.39,61.78,Recent Form (2024-2026)
0ecb4de6,Rehan Ahmed,Powerplay,104,88,14,2,47,118.18,18.18,53.41,65.38,Recent Form (2024-2026)
0edcb652,Subhransu Senapati,Middle,31,25,2,1,7,124.0,12.0,28.0,45.16,Recent Form (2024-2026)
0f1d9054,S Brathwaite,Powerplay,20,29,2,1,20,68.97,10.34,68.97,70.0,Recent Form (2024-2026)
0f721006,JO Holder,Death,536,350,25,38,114,153.14,18.0,32.57,61.19,Recent Form (2024-2026)
0f721006,JO Holder,Middle,423,310,24,31,129,136.45,17.74,41.61,66.67,Recent Form (2024-2026)
104e88a4,AJ Hose,Death,68,37,4,4,8,183.78,21.62,21.62,58.82,Recent Form (2024-2026)
104e88a4,AJ Hose,Middle,62,70,5,1,31,88.57,8.57,44.29,41.94,Recent Form (2024-2026)
107c26fb,KT Maphaka,Death,32,33,3,2,20,96.97,15.15,60.61,75.0,Recent Form (2024-2026)
10b79140,TS Muyeye,Middle,49,34,6,1,12,144.12,20.59,35.29,61.22,Recent Form (2024-2026)
10b79140,TS Muyeye,Powerplay,174,126,27,2,56,138.1,23.02,44.44,68.97,Recent Form (2024-2026)
10f42013,WJ Lubbe,Middle,151,120,13,5,43,125.83,15.0,35.83,54.3,Recent Form (2024-2026)
10f42013,WJ Lubbe,Powerplay,25,35,2,1,21,71.43,8.57,60.0,56.0,Recent Form (2024-2026)
11614d87,D Pretorius,Death,304,165,25,17,45,184.24,25.45,27.27,66.45,Recent Form (2024-2026)
11614d87,D Pretorius,Middle,118,124,6,5,55,95.16,8.87,44.35,45.76,Recent Form (2024-2026)
12b610c2,TM Head,Middle,465,283,40,25,77,164.31,22.97,27.21,66.67,Recent Form (2024-2026)
12b610c2,TM Head,Powerplay,1222,678,160,63,278,180.24,32.89,41.0,83.31,Recent Form (2024-2026)
13c19f32,ND Dattani,Death,45,38,2,0,11,118.42,5.26,28.95,17.78,Recent Form (2024-2026)
13c19f32,ND Dattani,Middle,17,28,1,0,15,60.71,3.57,53.57,23.53,Recent Form (2024-2026)
13c35c9e,TG Southee,Death,57,40,4,4,17,142.5,20.0,42.5,70.18,Recent Form (2024-2026)
14b14cd8,DM Bravo,Middle,57,60,4,2,27,95.0,10.0,45.0,49.12,Recent Form (2024-2026)
14f96089,A Zampa,Death,22,30,1,0,15,73.33,3.33,50.0,18.18,Recent Form (2024-2026)
1558d83b,GS Sandhu,Death,47,41,3,0,13,114.63,7.32,31.71,25.53,Recent Form (2024-2026)
156d0ea2,SR Mukkamalla,Middle,176,153,11,7,56,115.03,11.76,36.6,48.86,Recent Form (2024-2026)
156d0ea2,SR Mukkamalla,Powerplay,242,182,26,13,87,132.97,21.43,47.8,75.21,Recent Form (2024-2026)
172dff15,C Bosch,Death,169,104,15,9,34,162.5,23.08,32.69,67.46,Recent Form (2024-2026)
172dff15,C Bosch,Middle,37,63,1,0,32,58.73,1.59,50.79,10.81,Recent Form (2024-2026)
1777c020,Fakhar Zaman,Middle,199,147,15,7,40,135.37,14.97,27.21,51.26,Recent Form (2024-2026)
1777c020,Fakhar Zaman,Powerplay,434,339,42,18,148,128.02,17.7,43.66,63.59,Recent Form (2024-2026)
17aa4f1d,Aaron Jones,Death,83,46,3,8,15,180.43,23.91,32.61,72.29,Recent Form (2024-2026)
17aa4f1d,Aaron Jones,Middle,154,144,10,6,55,106.94,11.11,38.19,49.35,Recent Form (2024-2026)
17aa4f1d,Aaron Jones,Powerplay,76,79,12,0,41,96.2,15.19,51.9,63.16,Recent Form (2024-2026)
17bcec2a,D Forrester,Death,112,59,10,5,14,189.83,25.42,23.73,62.5,Recent Form (2024-2026)
17bcec2a,D Forrester,Middle,96,74,6,5,27,129.73,14.86,36.49,56.25,Recent Form (2024-2026)
184512d1,J Gardner,Death,37,42,5,0,20,88.1,11.9,47.62,54.05,Recent Form (2024-2026)
184512d1,J Gardner,Middle,25,25,2,1,11,100.0,12.0,44.0,56.0,Recent Form (2024-2026)
1957c6b7,LWP Wells,Middle,75,66,9,1,29,113.64,15.15,43.94,56.0,Recent Form (2024-2026)
1957c6b7,LWP Wells,Powerplay,121,82,13,6,38,147.56,23.17,46.34,72.73,Recent Form (2024-2026)
19b9f399,CJ Green,Death,361,221,25,18,55,163.35,19.46,24.89,57.62,Recent Form (2024-2026)
19b9f399,CJ Green,Middle,162,133,12,3,40,121.8,11.28,30.08,40.74,Recent Form (2024-2026)
1a156c88,DJM Short,Middle,66,52,6,3,23,126.92,17.31,44.23,63.64,Recent Form (2024-2026)
1a156c88,DJM Short,Powerplay,106,77,14,4,34,137.66,23.38,44.16,75.47,Recent Form (2024-2026)
1a2676c5,SA Abbott,Death,37,39,2,0,14,94.87,5.13,35.9,21.62,Recent Form (2024-2026)
1abb78f8,SN Thakur,Death,52,46,6,1,19,113.04,15.22,41.3,57.69,Recent Form (2024-2026)
1ac746c8,Atharva Taide,Middle,50,31,5,2,6,161.29,22.58,19.35,64.0,Recent Form (2024-2026)
1ac746c8,Atharva Taide,Powerplay,90,58,15,1,22,155.17,27.59,37.93,73.33,Recent Form (2024-2026)
1b04e02b,TS Rogers,Death,83,57,6,4,18,145.61,17.54,31.58,57.83,Recent Form (2024-2026)
1b42a100,BS Makhanya,Middle,30,33,1,1,12,90.91,6.06,36.36,33.33,Recent Form (2024-2026)
1bae756b,ADS Fletcher,Death,204,93,9,18,18,219.35,29.03,19.35,70.59,Recent Form (2024-2026)
1bae756b,ADS Fletcher,Middle,551,425,30,27,135,129.65,13.41,31.76,51.18,Recent Form (2024-2026)
1bae756b,ADS Fletcher,Powerplay,905,704,105,35,324,128.55,19.89,46.02,69.61,Recent Form (2024-2026)
1bf2fd29,KHM James,Middle,62,59,2,4,26,105.08,10.17,44.07,51.61,Recent Form (2024-2026)
1bf2fd29,KHM James,Powerplay,97,78,12,5,44,124.36,21.79,56.41,80.41,Recent Form (2024-2026)
1c513d54,LJ Evans,Death,147,90,9,9,30,163.33,20.0,33.33,61.22,Recent Form (2024-2026)
1c513d54,LJ Evans,Middle,340,266,26,16,101,127.82,15.79,37.97,58.82,Recent Form (2024-2026)
1c513d54,LJ Evans,Powerplay,21,26,3,0,15,80.77,11.54,57.69,57.14,Recent Form (2024-2026)
1c84109e,MD Choudhary,Death,115,77,5,10,32,149.35,19.48,41.56,69.57,Recent Form (2024-2026)
1c84109e,MD Choudhary,Middle,55,43,6,2,16,127.91,18.6,37.21,65.45,Recent Form (2024-2026)
1d2f290a,JA Thompson,Death,70,47,3,5,17,148.94,17.02,36.17,60.0,Recent Form (2024-2026)
1d8c298b,M Louis,Death,81,46,4,8,19,176.09,26.09,41.3,79.01,Recent Form (2024-2026)
1d8c298b,M Louis,Middle,92,89,5,5,40,103.37,11.24,44.94,54.35,Recent Form (2024-2026)
1d8c298b,M Louis,Powerplay,46,29,7,2,16,158.62,31.03,55.17,86.96,Recent Form (2024-2026)
1db6e336,BS McKinney,Powerplay,122,91,13,7,48,134.07,21.98,52.75,77.05,Recent Form (2024-2026)
1e66c162,JD Unadkat,Death,29,25,2,1,10,116.0,12.0,40.0,48.28,Recent Form (2024-2026)
1ec1998e,NAJ Wraith,Powerplay,107,97,15,1,48,110.31,16.49,49.48,61.68,Recent Form (2024-2026)
1ee08e9a,JA Richardson,Death,41,32,2,2,11,128.12,12.5,34.38,48.78,Recent Form (2024-2026)
1f84183a,Nikhil Chaudhary,Death,208,142,18,10,48,146.48,19.72,33.8,63.46,Recent Form (2024-2026)
1f84183a,Nikhil Chaudhary,Middle,491,365,41,16,104,134.52,15.62,28.49,52.95,Recent Form (2024-2026)
1f84183a,Nikhil Chaudhary,Powerplay,128,107,10,4,39,119.63,13.08,36.45,50.0,Recent Form (2024-2026)
1fc6ef83,SD Hope,Death,255,168,21,14,58,151.79,20.83,34.52,65.88,Recent Form (2024-2026)
1fc6ef83,SD Hope,Middle,1090,867,55,46,247,125.72,11.65,28.49,45.5,Recent Form (2024-2026)
1fc6ef83,SD Hope,Powerplay,839,657,83,34,282,127.7,17.81,42.92,63.89,Recent Form (2024-2026)
201fef33,DB Sharma,Death,142,96,14,4,24,147.92,18.75,25.0,56.34,Recent Form (2024-2026)
201fef33,DB Sharma,Middle,135,116,10,2,31,116.38,10.34,26.72,38.52,Recent Form (2024-2026)
211aeb65,KO Wickham,Middle,102,92,3,4,27,110.87,7.61,29.35,35.29,Recent Form (2024-2026)
211aeb65,KO Wickham,Powerplay,52,54,7,1,32,96.3,14.81,59.26,65.38,Recent Form (2024-2026)
218d4d78,MT Renshaw,Middle,437,252,35,22,63,173.41,22.62,25.0,62.24,Recent Form (2024-2026)
218d4d78,MT Renshaw,Powerplay,157,113,7,11,44,138.94,15.93,38.94,59.87,Recent Form (2024-2026)
2344bdd1,SR Dickson,Death,111,79,8,6,31,140.51,17.72,39.24,61.26,Recent Form (2024-2026)
2344bdd1,SR Dickson,Middle,106,79,7,5,26,134.18,15.19,32.91,54.72,Recent Form (2024-2026)
235c2bb6,H Klaasen,Death,810,410,55,58,103,197.56,27.56,25.12,70.12,Recent Form (2024-2026)
235c2bb6,H Klaasen,Middle,1605,1136,107,81,336,141.29,16.55,29.58,56.95,Recent Form (2024-2026)
235c2bb6,H Klaasen,Powerplay,78,81,7,3,43,96.3,12.35,53.09,58.97,Recent Form (2024-2026)
235e4ed9,N Timmers,Powerplay,26,28,2,0,14,92.86,7.14,50.0,30.77,Recent Form (2024-2026)
23638956,SR Harmer,Middle,27,25,3,0,8,108.0,12.0,32.0,44.44,Recent Form (2024-2026)
238ce998,Q Sampson,Death,107,64,8,7,25,167.19,23.44,39.06,69.16,Recent Form (2024-2026)
238ce998,Q Sampson,Middle,120,65,3,13,23,184.62,24.62,35.38,75.0,Recent Form (2024-2026)
238ce998,Q Sampson,Powerplay,65,55,9,2,28,118.18,20.0,50.91,73.85,Recent Form (2024-2026)
23cca426,OF Smith,Death,59,47,3,4,21,125.53,14.89,44.68,61.02,Recent Form (2024-2026)
23cca426,OF Smith,Middle,39,43,4,1,23,90.7,11.63,53.49,56.41,Recent Form (2024-2026)
23eeb873,DL Chahar,Death,56,39,5,3,17,143.59,20.51,43.59,67.86,Recent Form (2024-2026)
245c97cb,TS Mills,Death,58,38,7,3,16,152.63,26.32,42.11,79.31,Recent Form (2024-2026)
249d60c9,AU Rashid,Death,93,69,7,5,26,134.78,17.39,37.68,62.37,Recent Form (2024-2026)
24bb1c2f,Haris Rauf,Death,70,66,7,2,30,106.06,13.64,45.45,57.14,Recent Form (2024-2026)
24bb1c2f,Haris Rauf,Middle,24,43,2,0,27,55.81,4.65,62.79,33.33,Recent Form (2024-2026)
2535b30f,HD Weibgen,Death,41,25,2,3,9,164.0,20.0,36.0,63.41,Recent Form (2024-2026)
2535b30f,HD Weibgen,Middle,112,115,5,3,40,97.39,6.96,34.78,33.93,Recent Form (2024-2026)
2535b30f,HD Weibgen,Powerplay,24,27,1,1,13,88.89,7.41,48.15,41.67,Recent Form (2024-2026)
25d7f1ac,MD Patel,Death,38,28,2,3,13,135.71,17.86,46.43,68.42,Recent Form (2024-2026)
25d7f1ac,MD Patel,Middle,363,253,33,14,76,143.48,18.58,30.04,59.5,Recent Form (2024-2026)
25d7f1ac,MD Patel,Powerplay,382,330,45,8,152,115.76,16.06,46.06,59.69,Recent Form (2024-2026)
25f7b7d6,T Banton,Death,208,98,17,14,24,212.24,31.63,24.49,73.08,Recent Form (2024-2026)
25f7b7d6,T Banton,Middle,674,466,58,25,126,144.64,17.81,27.04,56.68,Recent Form (2024-2026)
25f7b7d6,T Banton,Powerplay,575,445,73,18,207,129.21,20.45,46.52,69.57,Recent Form (2024-2026)
26989d80,Shashank Singh,Death,465,230,35,30,45,202.17,28.26,19.57,68.82,Recent Form (2024-2026)
26989d80,Shashank Singh,Middle,337,258,21,17,82,130.62,14.73,31.78,55.19,Recent Form (2024-2026)
26989d80,Shashank Singh,Powerplay,34,25,6,0,10,136.0,24.0,40.0,70.59,Recent Form (2024-2026)
26a8b2fe,Hassan Nawaz,Death,87,50,3,9,19,174.0,24.0,38.0,75.86,Recent Form (2024-2026)
26a8b2fe,Hassan Nawaz,Middle,173,140,13,7,51,123.57,14.29,36.43,54.34,Recent Form (2024-2026)
26a8b2fe,Hassan Nawaz,Powerplay,37,46,4,1,28,80.43,10.87,60.87,59.46,Recent Form (2024-2026)
26d041c4,Sikandar Raza,Death,256,181,20,12,65,141.44,17.68,35.91,59.38,Recent Form (2024-2026)
26d041c4,Sikandar Raza,Middle,402,355,20,19,135,113.24,10.99,38.03,48.26,Recent Form (2024-2026)
26d041c4,Sikandar Raza,Powerplay,74,58,12,1,32,127.59,22.41,55.17,72.97,Recent Form (2024-2026)
270e4c23,MS Pepper,Middle,211,162,18,4,46,130.25,13.58,28.4,45.5,Recent Form (2024-2026)
270e4c23,MS Pepper,Powerplay,244,226,32,8,127,107.96,17.7,56.19,72.13,Recent Form (2024-2026)
271f83cd,SA Yadav,Death,178,95,15,13,34,187.37,29.47,35.79,77.53,Recent Form (2024-2026)
271f83cd,SA Yadav,Middle,967,598,94,44,177,161.71,23.08,29.6,66.18,Recent Form (2024-2026)
271f83cd,SA Yadav,Powerplay,245,172,29,12,81,142.44,23.84,47.09,76.73,Recent Form (2024-2026)
272d796e,BR Dunk,Powerplay,82,69,9,3,33,118.84,17.39,47.83,65.85,Recent Form (2024-2026)
27e003ce,MM Lanning,Death,70,41,8,3,14,170.73,26.83,34.15,71.43,Recent Form (2024-2026)
27e003ce,MM Lanning,Middle,224,177,27,4,63,126.55,17.51,35.59,58.93,Recent Form (2024-2026)
27e003ce,MM Lanning,Powerplay,306,247,42,7,117,123.89,19.84,47.37,68.63,Recent Form (2024-2026)
28147cdc,BD Macdonald,Middle,38,31,2,2,11,122.58,12.9,35.48,52.63,Recent Form (2024-2026)
287ed3a0,GA Elwiss,Death,92,80,10,0,27,115.0,12.5,33.75,43.48,Recent Form (2024-2026)
287ed3a0,GA Elwiss,Middle,41,57,3,0,27,71.93,5.26,47.37,29.27,Recent Form (2024-2026)
287ed3a0,GA Elwiss,Powerplay,19,25,2,0,13,76.0,8.0,52.0,42.11,Recent Form (2024-2026)
28c78fb3,Harpreet Singh,Death,40,26,1,3,7,153.85,15.38,26.92,55.0,Recent Form (2024-2026)
28c78fb3,Harpreet Singh,Middle,36,36,3,1,14,100.0,11.11,38.89,50.0,Recent Form (2024-2026)
28c78fb3,Harpreet Singh,Powerplay,34,42,5,0,25,80.95,11.9,59.52,58.82,Recent Form (2024-2026)
28d6c44d,E Bosch,Middle,24,27,2,0,12,88.89,7.41,44.44,33.33,Recent Form (2024-2026)
29e253dd,Iftikhar Ahmed,Middle,48,37,3,4,18,129.73,18.92,48.65,75.0,Recent Form (2024-2026)
29e676b0,R Moonsamy,Powerplay,14,27,0,1,19,51.85,3.7,70.37,42.86,Recent Form (2024-2026)
29e95537,AM Rahane,Middle,497,380,30,20,104,130.79,13.16,27.37,48.29,Recent Form (2024-2026)
29e95537,AM Rahane,Powerplay,679,451,78,33,193,150.55,24.61,42.79,75.11,Recent Form (2024-2026)
29ede60b,AL Davies,Middle,35,26,3,1,7,134.62,15.38,26.92,51.43,Recent Form (2024-2026)
29ede60b,AL Davies,Powerplay,132,101,22,2,49,130.69,23.76,48.51,75.76,Recent Form (2024-2026)
2a72fd4f,Harmeet Singh,Death,67,67,5,1,29,100.0,8.96,43.28,38.81,Recent Form (2024-2026)
2a72fd4f,Harmeet Singh,Middle,108,109,7,4,56,99.08,10.09,51.38,48.15,Recent Form (2024-2026)
2b150c6b,SL Kalis,Death,96,65,12,2,20,147.69,21.54,30.77,62.5,Recent Form (2024-2026)
2b150c6b,SL Kalis,Middle,169,162,19,1,68,104.32,12.35,41.98,48.52,Recent Form (2024-2026)
2b150c6b,SL Kalis,Powerplay,79,87,12,1,51,90.8,14.94,58.62,68.35,Recent Form (2024-2026)
2b55c3b4,JJ Peirson,Death,105,51,7,7,10,205.88,27.45,19.61,66.67,Recent Form (2024-2026)
2b55c3b4,JJ Peirson,Middle,84,79,5,1,21,106.33,7.59,26.58,30.95,Recent Form (2024-2026)
2b55c3b4,JJ Peirson,Powerplay,36,43,5,0,24,83.72,11.63,55.81,55.56,Recent Form (2024-2026)
2b8f219a,KSA McKenzie,Powerplay,98,60,10,7,29,163.33,28.33,48.33,83.67,Recent Form (2024-2026)
2c25d4f5,D Padikkal,Middle,390,262,32,19,74,148.85,19.47,28.24,62.05,Recent Form (2024-2026)
2c25d4f5,D Padikkal,Powerplay,335,215,39,18,93,155.81,26.51,43.26,78.81,Recent Form (2024-2026)
2c693be3,HP Gawli,Powerplay,43,32,5,1,11,134.38,18.75,34.38,60.47,Recent Form (2024-2026)
2ca65aee,SJ Bryce,Death,46,44,4,0,16,104.55,9.09,36.36,34.78,Recent Form (2024-2026)
2ca65aee,SJ Bryce,Middle,110,123,10,1,54,89.43,8.94,43.9,41.82,Recent Form (2024-2026)
2ca65aee,SJ Bryce,Powerplay,40,39,5,0,17,102.56,12.82,43.59,50.0,Recent Form (2024-2026)
2cec2a92,Abbas Afridi,Death,34,25,1,3,11,136.0,16.0,44.0,64.71,Recent Form (2024-2026)
2dac322b,D Nedd,Middle,28,28,1,2,13,100.0,10.71,46.43,57.14,Recent Form (2024-2026)
2e171977,AR Patel,Death,199,129,10,12,29,154.26,17.05,22.48,56.28,Recent Form (2024-2026)
2e171977,AR Patel,Middle,406,295,40,17,107,137.63,19.32,36.27,64.53,Recent Form (2024-2026)
2e171977,AR Patel,Powerplay,66,54,8,2,25,122.22,18.52,46.3,66.67,Recent Form (2024-2026)
2e81a32d,B Kumar,Death,73,64,7,2,29,114.06,14.06,45.31,54.79,Recent Form (2024-2026)
2e81a32d,B Kumar,Middle,18,29,2,0,19,62.07,6.9,65.52,44.44,Recent Form (2024-2026)
2eca67f5,JM Clarke,Death,49,35,4,2,11,140.0,17.14,31.43,57.14,Recent Form (2024-2026)
2eca67f5,JM Clarke,Middle,338,274,19,15,87,123.36,12.41,31.75,49.11,Recent Form (2024-2026)
2eca67f5,JM Clarke,Powerplay,533,371,73,12,158,143.67,22.91,42.59,68.29,Recent Form (2024-2026)
2f26ac1a,Mohammad Rizwan,Death,61,46,3,3,14,132.61,13.04,30.43,49.18,Recent Form (2024-2026)
2f26ac1a,Mohammad Rizwan,Middle,208,187,17,5,72,111.23,11.76,38.5,47.12,Recent Form (2024-2026)
2f26ac1a,Mohammad Rizwan,Powerplay,145,127,16,4,58,114.17,15.75,45.67,60.69,Recent Form (2024-2026)
2f9d0389,LH Ferguson,Death,38,38,3,1,17,100.0,10.53,44.74,47.37,Recent Form (2024-2026)
30a45b23,SPD Smith,Death,120,66,6,8,12,181.82,21.21,18.18,60.0,Recent Form (2024-2026)
30a45b23,SPD Smith,Middle,560,358,40,28,92,156.42,18.99,25.7,58.57,Recent Form (2024-2026)
30a45b23,SPD Smith,Powerplay,664,482,59,32,195,137.76,18.88,40.46,64.46,Recent Form (2024-2026)
31adb911,L Filer,Death,40,26,5,1,7,153.85,23.08,26.92,65.0,Recent Form (2024-2026)
31ca7a9c,Ethan D'Souza,Death,36,29,5,1,13,124.14,20.69,44.83,72.22,Recent Form (2024-2026)
31ca7a9c,Ethan D'Souza,Middle,25,33,1,0,14,75.76,3.03,42.42,16.0,Recent Form (2024-2026)
3204c99f,G Coetzee,Death,77,56,3,7,23,137.5,17.86,41.07,70.13,Recent Form (2024-2026)
3204c99f,G Coetzee,Middle,11,27,1,0,19,40.74,3.7,70.37,36.36,Recent Form (2024-2026)
32198ae0,MC Henriques,Death,38,28,3,2,12,135.71,17.86,42.86,63.16,Recent Form (2024-2026)
32198ae0,MC Henriques,Middle,323,260,26,7,79,124.23,12.69,30.38,45.2,Recent Form (2024-2026)
32198ae0,MC Henriques,Powerplay,60,64,5,1,29,93.75,9.38,45.31,43.33,Recent Form (2024-2026)
3241e3fd,N Pooran,Death,1053,535,77,84,164,196.82,30.09,30.65,77.11,Recent Form (2024-2026)
3241e3fd,N Pooran,Middle,2456,1741,142,161,613,141.07,17.4,35.21,62.46,Recent Form (2024-2026)
3241e3fd,N Pooran,Powerplay,1080,718,109,71,347,150.42,25.07,48.33,79.81,Recent Form (2024-2026)
3247d54e,S Smale,Death,63,56,5,0,15,112.5,8.93,26.79,31.75,Recent Form (2024-2026)
3247d54e,S Smale,Middle,94,119,6,0,50,78.99,5.04,42.02,25.53,Recent Form (2024-2026)
324b9eee,G Redmayne,Death,55,35,9,0,7,157.14,25.71,20.0,65.45,Recent Form (2024-2026)
324b9eee,G Redmayne,Middle,198,146,27,0,42,135.62,18.49,28.77,54.55,Recent Form (2024-2026)
324b9eee,G Redmayne,Powerplay,142,189,17,0,106,75.13,8.99,56.08,47.89,Recent Form (2024-2026)
331ea488,UT Khawaja,Middle,56,35,5,2,8,160.0,20.0,22.86,57.14,Recent Form (2024-2026)
331ea488,UT Khawaja,Powerplay,73,44,7,3,10,165.91,22.73,22.73,63.01,Recent Form (2024-2026)
3355b542,F du Plessis,Death,113,64,9,6,14,176.56,23.44,21.88,63.72,Recent Form (2024-2026)
3355b542,F du Plessis,Middle,857,555,47,47,128,154.41,16.94,23.06,54.84,Recent Form (2024-2026)
3355b542,F du Plessis,Powerplay,1676,1087,187,85,456,154.19,25.02,41.95,75.06,Recent Form (2024-2026)
33609a8c,Saim Ayub,Middle,75,47,2,5,8,159.57,14.89,17.02,50.67,Recent Form (2024-2026)
34b332d3,DC Drakes,Death,64,56,6,3,27,114.29,16.07,48.21,65.62,Recent Form (2024-2026)
350bb1b1,AF Milne,Death,64,76,3,2,37,84.21,6.58,48.68,37.5,Recent Form (2024-2026)
35828bdd,AN Davidson-Richards,Death,57,43,6,0,10,132.56,13.95,23.26,42.11,Recent Form (2024-2026)
35828bdd,AN Davidson-Richards,Middle,154,149,18,0,56,103.36,12.08,37.58,46.75,Recent Form (2024-2026)
35828bdd,AN Davidson-Richards,Powerplay,121,120,21,0,68,100.83,17.5,56.67,69.42,Recent Form (2024-2026)
35f173a0,MP Breetzke,Death,67,46,8,1,15,145.65,19.57,32.61,56.72,Recent Form (2024-2026)
35f173a0,MP Breetzke,Middle,360,301,21,13,97,119.6,11.3,32.23,45.0,Recent Form (2024-2026)
35f173a0,MP Breetzke,Powerplay,301,247,27,12,108,121.86,15.79,43.72,59.8,Recent Form (2024-2026)
367e254b,R Clinton,Powerplay,38,45,3,1,25,84.44,8.89,55.56,47.37,Recent Form (2024-2026)
372455c4,Q de Kock,Death,202,117,16,14,38,172.65,25.64,32.48,73.27,Recent Form (2024-2026)
372455c4,Q de Kock,Middle,1083,742,75,52,201,145.96,17.12,27.09,56.51,Recent Form (2024-2026)
372455c4,Q de Kock,Powerplay,1462,1077,139,84,499,135.75,20.71,46.33,72.5,Recent Form (2024-2026)
38c276e1,N McAndrew,Death,54,29,8,1,9,186.21,31.03,31.03,70.37,Recent Form (2024-2026)
39086549,JR Philippe,Middle,226,146,18,9,37,154.79,18.49,25.34,55.75,Recent Form (2024-2026)
39086549,JR Philippe,Powerplay,220,192,28,4,89,114.58,16.67,46.35,61.82,Recent Form (2024-2026)
393f2ae3,RD John,Death,61,36,8,2,11,169.44,27.78,30.56,72.13,Recent Form (2024-2026)
399b0b94,CT Bancroft,Middle,84,77,5,1,20,109.09,7.79,25.97,30.95,Recent Form (2024-2026)
399b0b94,CT Bancroft,Powerplay,90,87,8,2,36,103.45,11.49,41.38,48.89,Recent Form (2024-2026)
39a2dfa8,R Tewatia,Death,354,212,37,17,69,166.98,25.47,32.55,70.62,Recent Form (2024-2026)
39a2dfa8,R Tewatia,Middle,123,106,13,3,40,116.04,15.09,37.74,56.91,Recent Form (2024-2026)
39d608d4,F O'Neill,Death,54,52,3,1,17,103.85,7.69,32.69,33.33,Recent Form (2024-2026)
3a9b3866,FMK Morris,Middle,40,44,2,1,16,90.91,6.82,36.36,35.0,Recent Form (2024-2026)
3a9e9cb2,SIR Dunkley,Middle,264,184,27,7,54,143.48,18.48,29.35,56.82,Recent Form (2024-2026)
3a9e9cb2,SIR Dunkley,Powerplay,367,286,56,5,133,128.32,21.33,46.5,69.21,Recent Form (2024-2026)
3b53243a,XC Bartlett,Death,195,122,15,10,35,159.84,20.49,28.69,61.54,Recent Form (2024-2026)
3b53243a,XC Bartlett,Middle,123,98,6,10,45,125.51,16.33,45.92,68.29,Recent Form (2024-2026)
3b5a9438,BAM Heath,Death,78,68,6,3,27,114.71,13.24,39.71,53.85,Recent Form (2024-2026)
3b5a9438,BAM Heath,Middle,60,52,7,0,17,115.38,13.46,32.69,46.67,Recent Form (2024-2026)
3b8e7647,SP Krishnamurthi,Death,88,56,6,4,15,157.14,17.86,26.79,54.55,Recent Form (2024-2026)
3b8e7647,SP Krishnamurthi,Middle,383,271,18,28,97,141.33,16.97,35.79,62.66,Recent Form (2024-2026)
3b8e7647,SP Krishnamurthi,Powerplay,167,142,19,7,75,117.61,18.31,52.82,70.66,Recent Form (2024-2026)
3c28853f,Sediqullah Atal,Middle,135,89,6,9,29,151.69,16.85,32.58,57.78,Recent Form (2024-2026)
3c28853f,Sediqullah Atal,Powerplay,108,103,7,3,44,104.85,9.71,42.72,42.59,Recent Form (2024-2026)
3c34c9e1,S Konstas,Middle,81,91,7,1,39,89.01,8.79,42.86,41.98,Recent Form (2024-2026)
3c34c9e1,S Konstas,Powerplay,187,137,23,5,55,136.5,20.44,40.15,65.24,Recent Form (2024-2026)
3c3adfce,JP Wood,Powerplay,72,55,5,5,26,130.91,18.18,47.27,69.44,Recent Form (2024-2026)
3c55c703,JG Bethell,Death,135,69,11,9,20,195.65,28.99,28.99,72.59,Recent Form (2024-2026)
3c55c703,JG Bethell,Middle,297,244,23,11,82,121.72,13.93,33.61,53.2,Recent Form (2024-2026)
3c55c703,JG Bethell,Powerplay,219,172,25,10,83,127.33,20.35,48.26,73.06,Recent Form (2024-2026)
3cea23da,N Sindhu,Middle,34,27,1,2,10,125.93,11.11,37.04,47.06,Recent Form (2024-2026)
3d284ca3,PD Salt,Death,86,54,3,6,12,159.26,16.67,22.22,55.81,Recent Form (2024-2026)
3d284ca3,PD Salt,Middle,624,430,38,33,122,145.12,16.51,28.37,56.09,Recent Form (2024-2026)
3d284ca3,PD Salt,Powerplay,1286,841,146,59,356,152.91,24.38,42.33,72.94,Recent Form (2024-2026)
3d8feaf8,MR Marsh,Death,113,65,11,7,22,173.85,27.69,33.85,76.11,Recent Form (2024-2026)
3d8feaf8,MR Marsh,Middle,819,520,64,48,161,157.5,21.54,30.96,66.42,Recent Form (2024-2026)
3d8feaf8,MR Marsh,Powerplay,1095,699,110,70,307,156.65,25.75,43.92,78.54,Recent Form (2024-2026)
3f659464,OP Stone,Death,22,32,3,0,20,68.75,9.38,62.5,54.55,Recent Form (2024-2026)
3feda4fa,RL Chase,Death,146,104,8,8,35,140.38,15.38,33.65,54.79,Recent Form (2024-2026)
3feda4fa,RL Chase,Middle,415,315,40,10,98,131.75,15.87,31.11,53.01,Recent Form (2024-2026)
3feda4fa,RL Chase,Powerplay,131,105,19,4,57,124.76,21.9,54.29,76.34,Recent Form (2024-2026)
3ff033bb,MD Shanaka,Death,516,246,39,40,73,209.76,32.11,29.67,76.74,Recent Form (2024-2026)
3ff033bb,MD Shanaka,Middle,216,149,10,16,53,144.97,17.45,35.57,62.96,Recent Form (2024-2026)
40e4cf47,MF Hurst,Middle,87,69,7,4,29,126.09,15.94,42.03,59.77,Recent Form (2024-2026)
40e4cf47,MF Hurst,Powerplay,122,96,8,6,46,127.08,14.58,47.92,55.74,Recent Form (2024-2026)
4175d211,SK Springer,Death,62,35,5,3,8,177.14,22.86,22.86,61.29,Recent Form (2024-2026)
4175d211,SK Springer,Middle,43,63,3,0,32,68.25,4.76,50.79,27.91,Recent Form (2024-2026)
4312e0fd,NR Hobson,Death,124,72,9,7,17,172.22,22.22,23.61,62.9,Recent Form (2024-2026)
4312e0fd,NR Hobson,Middle,100,86,13,1,35,116.28,16.28,40.7,58.0,Recent Form (2024-2026)
436c763a,BJ McMullen,Middle,132,105,8,4,25,125.71,11.43,23.81,42.42,Recent Form (2024-2026)
436c763a,BJ McMullen,Powerplay,76,62,6,4,28,122.58,16.13,45.16,63.16,Recent Form (2024-2026)
44afbf2d,NJ Maddinson,Death,55,41,4,3,17,134.15,17.07,41.46,61.82,Recent Form (2024-2026)
44afbf2d,NJ Maddinson,Middle,73,46,2,6,13,158.7,17.39,28.26,60.27,Recent Form (2024-2026)
456f6d99,Mukhtar Ahmed,Death,65,39,4,4,10,166.67,20.51,25.64,61.54,Recent Form (2024-2026)
456f6d99,Mukhtar Ahmed,Middle,39,35,3,2,15,111.43,14.29,42.86,61.54,Recent Form (2024-2026)
459a7b0a,R MacDonald-Gay,Death,25,25,4,0,13,100.0,16.0,52.0,64.0,Recent Form (2024-2026)
45a43fe2,RD Gaikwad,Death,118,66,10,7,19,178.79,25.76,28.79,69.49,Recent Form (2024-2026)
45a43fe2,RD Gaikwad,Middle,397,319,22,13,87,124.45,10.97,27.27,41.81,Recent Form (2024-2026)
45a43fe2,RD Gaikwad,Powerplay,527,382,69,14,156,137.96,21.73,40.84,68.31,Recent Form (2024-2026)
45a62071,T Hinds,Death,53,36,4,3,13,147.22,19.44,36.11,64.15,Recent Form (2024-2026)
45eda7c8,CA Lynn,Middle,197,116,19,9,35,169.83,24.14,30.17,65.99,Recent Form (2024-2026)
45eda7c8,CA Lynn,Powerplay,211,155,22,10,70,136.13,20.65,45.16,70.14,Recent Form (2024-2026)
465aa633,N Burger,Death,58,52,4,2,20,111.54,11.54,38.46,48.28,Recent Form (2024-2026)
4663bd23,TL Seifert,Death,241,153,20,12,48,157.52,20.92,31.37,63.07,Recent Form (2024-2026)
4663bd23,TL Seifert,Middle,960,686,58,52,216,139.94,16.03,31.49,56.67,Recent Form (2024-2026)
4663bd23,TL Seifert,Powerplay,1118,723,121,57,297,154.63,24.62,41.08,73.88,Recent Form (2024-2026)
46e4a4e0,M Van Buuren,Death,30,25,2,0,5,120.0,8.0,20.0,26.67,Recent Form (2024-2026)
46e4a4e0,M Van Buuren,Middle,81,93,5,0,38,87.1,5.38,40.86,24.69,Recent Form (2024-2026)
46e4a4e0,M Van Buuren,Powerplay,20,26,2,0,13,76.92,7.69,50.0,40.0,Recent Form (2024-2026)
470f446b,V Suryavanshi,Middle,334,146,20,33,39,228.77,36.3,26.71,83.23,Recent Form (2024-2026)
470f446b,V Suryavanshi,Powerplay,665,293,59,60,112,226.96,40.61,38.23,89.62,Recent Form (2024-2026)
47dc9794,MW Harvey,Middle,70,78,7,0,36,89.74,8.97,46.15,40.0,Recent Form (2024-2026)
47dc9794,MW Harvey,Powerplay,35,28,6,0,13,125.0,21.43,46.43,68.57,Recent Form (2024-2026)
486065b3,Hassan Khan,Death,365,195,24,27,55,187.18,26.15,28.21,70.68,Recent Form (2024-2026)
486065b3,Hassan Khan,Middle,523,407,26,36,164,128.5,15.23,40.29,61.19,Recent Form (2024-2026)
486065b3,Hassan Khan,Powerplay,86,63,5,5,25,136.51,15.87,39.68,58.14,Recent Form (2024-2026)
48a1d7b7,SO Hetmyer,Death,770,427,59,49,119,180.33,25.29,27.87,68.83,Recent Form (2024-2026)
48a1d7b7,SO Hetmyer,Middle,1290,815,80,80,247,158.28,19.63,30.31,62.02,Recent Form (2024-2026)
48a1d7b7,SO Hetmyer,Powerplay,133,125,7,8,63,106.4,12.0,50.4,57.14,Recent Form (2024-2026)
495d42a5,R Ashwin,Middle,94,84,6,4,33,111.9,11.9,39.29,51.06,Recent Form (2024-2026)
4a461c24,LA Dawson,Death,202,125,14,13,40,161.6,21.6,32.0,66.34,Recent Form (2024-2026)
4a461c24,LA Dawson,Middle,74,64,7,0,18,115.62,10.94,28.12,37.84,Recent Form (2024-2026)
4a8a2e3b,MS Dhoni,Death,337,189,25,25,58,178.31,26.46,30.69,74.18,Recent Form (2024-2026)
4a8a2e3b,MS Dhoni,Middle,20,29,1,0,13,68.97,3.45,44.83,20.0,Recent Form (2024-2026)
4ae1755b,HC Brook,Death,170,77,14,12,17,220.78,33.77,22.08,75.29,Recent Form (2024-2026)
4ae1755b,HC Brook,Middle,369,233,33,17,67,158.37,21.46,28.76,63.41,Recent Form (2024-2026)
4ae1755b,HC Brook,Powerplay,106,81,15,2,34,130.86,20.99,41.98,67.92,Recent Form (2024-2026)
4b167ede,AWJ Auguste,Middle,239,183,15,12,61,130.6,14.75,33.33,55.23,Recent Form (2024-2026)
4b167ede,AWJ Auguste,Powerplay,203,141,24,8,65,143.97,22.7,46.1,70.94,Recent Form (2024-2026)
4b685e2d,DW Lawrence,Death,267,157,17,13,31,170.06,19.11,19.75,54.68,Recent Form (2024-2026)
4b685e2d,DW Lawrence,Middle,732,541,50,26,148,135.3,14.05,27.36,48.63,Recent Form (2024-2026)
4b685e2d,DW Lawrence,Powerplay,179,152,14,7,60,117.76,13.82,39.47,54.75,Recent Form (2024-2026)
4ba0289e,HC Knight,Death,90,39,14,2,7,230.77,41.03,17.95,75.56,Recent Form (2024-2026)
4ba0289e,HC Knight,Middle,163,140,16,1,44,116.43,12.14,31.43,42.94,Recent Form (2024-2026)
4d4605e6,CL Tryon,Death,119,87,12,3,28,136.78,17.24,32.18,55.46,Recent Form (2024-2026)
4d4605e6,CL Tryon,Middle,101,87,13,1,33,116.09,16.09,37.93,57.43,Recent Form (2024-2026)
4d7f517e,AJ Hosein,Death,257,191,18,12,70,134.55,15.71,36.65,56.03,Recent Form (2024-2026)
4d7f517e,AJ Hosein,Middle,98,92,4,5,35,106.52,9.78,38.04,46.94,Recent Form (2024-2026)
4e18e961,WCF Smeed,Middle,181,133,17,6,46,136.09,17.29,34.59,57.46,Recent Form (2024-2026)
4e18e961,WCF Smeed,Powerplay,277,213,34,10,104,130.05,20.66,48.83,70.76,Recent Form (2024-2026)
4e6ef14f,P Litchfield,Middle,485,283,74,9,86,171.38,29.33,30.39,72.16,Recent Form (2024-2026)
4e6ef14f,P Litchfield,Powerplay,277,215,45,7,114,128.84,24.19,53.02,80.14,Recent Form (2024-2026)
4fd09cfc,G Clark,Middle,76,52,9,1,13,146.15,19.23,25.0,55.26,Recent Form (2024-2026)
4fd09cfc,G Clark,Powerplay,81,61,9,3,27,132.79,19.67,44.26,66.67,Recent Form (2024-2026)
50c6bc2b,LS Livingstone,Death,433,224,26,35,61,193.3,27.23,27.23,72.52,Recent Form (2024-2026)
50c6bc2b,LS Livingstone,Middle,566,473,26,30,157,119.66,11.84,33.19,50.18,Recent Form (2024-2026)
50c6bc2b,LS Livingstone,Powerplay,183,151,19,9,75,121.19,18.54,49.67,71.04,Recent Form (2024-2026)
519c30cb,CJ Gannon,Death,75,72,3,4,33,104.17,9.72,45.83,48.0,Recent Form (2024-2026)
519c30cb,CJ Gannon,Middle,27,32,1,1,14,84.38,6.25,43.75,37.04,Recent Form (2024-2026)
51a60c16,CJ Boyce,Death,57,37,4,3,11,154.05,18.92,29.73,59.65,Recent Form (2024-2026)
521595e7,JEK Rew,Death,88,59,6,3,15,149.15,15.25,25.42,47.73,Recent Form (2024-2026)
521595e7,JEK Rew,Middle,104,101,6,2,33,102.97,7.92,32.67,34.62,Recent Form (2024-2026)
521595e7,JEK Rew,Powerplay,47,35,8,0,12,134.29,22.86,34.29,68.09,Recent Form (2024-2026)
529eb9e0,OC McCoy,Death,37,36,3,3,24,102.78,16.67,66.67,81.08,Recent Form (2024-2026)
52d1dbc8,BL Mooney,Death,77,32,12,2,3,240.62,43.75,9.38,77.92,Recent Form (2024-2026)
52d1dbc8,BL Mooney,Middle,163,133,14,2,34,122.56,12.03,25.56,41.72,Recent Form (2024-2026)
52d1dbc8,BL Mooney,Powerplay,289,273,43,2,139,105.86,16.48,50.92,63.67,Recent Form (2024-2026)
53bee17f,DJS Dottin,Death,104,78,11,3,27,133.33,17.95,34.62,59.62,Recent Form (2024-2026)
53bee17f,DJS Dottin,Middle,65,66,7,2,34,98.48,13.64,51.52,61.54,Recent Form (2024-2026)
5574750c,JC Archer,Death,120,94,5,7,33,127.66,12.77,35.11,51.67,Recent Form (2024-2026)
5574750c,JC Archer,Middle,47,42,3,3,20,111.9,14.29,47.62,63.83,Recent Form (2024-2026)
568473e4,MW Tromp,Death,125,71,8,9,19,176.06,23.94,26.76,68.8,Recent Form (2024-2026)
568473e4,MW Tromp,Middle,218,172,16,11,64,126.74,15.7,37.21,59.63,Recent Form (2024-2026)
568473e4,MW Tromp,Powerplay,57,43,4,4,22,132.56,18.6,51.16,70.18,Recent Form (2024-2026)
56b93d46,BJ Webster,Death,68,45,6,1,12,151.11,15.56,26.67,44.12,Recent Form (2024-2026)
56b93d46,BJ Webster,Middle,161,132,9,7,41,121.97,12.12,31.06,48.45,Recent Form (2024-2026)
56b93d46,BJ Webster,Powerplay,104,82,9,3,27,126.83,14.63,32.93,51.92,Recent Form (2024-2026)
5708d0b6,AV Wankhade,Middle,48,29,2,3,5,165.52,17.24,17.24,54.17,Recent Form (2024-2026)
571e1d2a,Shayan Jahangir,Middle,322,203,20,22,67,158.62,20.69,33.0,65.84,Recent Form (2024-2026)
571e1d2a,Shayan Jahangir,Powerplay,434,391,48,15,194,111.0,16.11,49.62,64.98,Recent Form (2024-2026)
57590dbb,PI Walter,Death,75,57,5,5,23,131.58,17.54,40.35,66.67,Recent Form (2024-2026)
57590dbb,PI Walter,Middle,220,161,10,16,61,136.65,16.15,37.89,61.82,Recent Form (2024-2026)
57590dbb,PI Walter,Powerplay,131,72,15,7,24,181.94,30.56,33.33,77.86,Recent Form (2024-2026)
57bd3ecc,Hammad Azam,Death,69,41,5,3,9,168.29,19.51,21.95,55.07,Recent Form (2024-2026)
57bd3ecc,Hammad Azam,Middle,86,85,5,4,39,101.18,10.59,45.88,51.16,Recent Form (2024-2026)
58717de2,E Gray,Death,49,40,5,0,10,122.5,12.5,25.0,40.82,Recent Form (2024-2026)
58717de2,E Gray,Middle,24,30,2,0,14,80.0,6.67,46.67,33.33,Recent Form (2024-2026)
588360ee,PJ Scholfield,Death,93,59,8,4,16,157.63,20.34,27.12,60.22,Recent Form (2024-2026)
588360ee,PJ Scholfield,Middle,150,115,17,3,46,130.43,17.39,40.0,57.33,Recent Form (2024-2026)
588360ee,PJ Scholfield,Powerplay,69,68,10,0,32,101.47,14.71,47.06,57.97,Recent Form (2024-2026)
58c2fac4,A Athanaze,Middle,187,174,10,9,70,107.47,10.92,40.23,50.27,Recent Form (2024-2026)
58c2fac4,A Athanaze,Powerplay,74,77,7,3,45,96.1,12.99,58.44,62.16,Recent Form (2024-2026)
59559bc2,J Overton,Death,481,286,43,24,86,168.18,23.43,30.07,65.7,Recent Form (2024-2026)
59559bc2,J Overton,Middle,192,174,10,9,69,110.34,10.92,39.66,48.96,Recent Form (2024-2026)
5b8c830e,KH Pandya,Death,213,141,16,11,44,151.06,19.15,31.21,61.03,Recent Form (2024-2026)
5b8c830e,KH Pandya,Middle,263,208,24,8,74,126.44,15.38,35.58,54.75,Recent Form (2024-2026)
5b8c830e,KH Pandya,Powerplay,29,32,2,1,17,90.62,9.38,53.12,48.28,Recent Form (2024-2026)
5c30d455,G Voll,Middle,112,78,12,2,17,143.59,17.95,21.79,53.57,Recent Form (2024-2026)
5c30d455,G Voll,Powerplay,232,186,37,1,82,124.73,20.43,44.09,66.38,Recent Form (2024-2026)
5cdf8304,JA Davies,Death,86,47,9,4,12,182.98,27.66,25.53,69.77,Recent Form (2024-2026)
5cdf8304,JA Davies,Middle,61,44,6,2,12,138.64,18.18,27.27,59.02,Recent Form (2024-2026)
5d2eda89,S Mandhana,Middle,104,77,13,0,20,135.06,16.88,25.97,50.0,Recent Form (2024-2026)
5d2eda89,S Mandhana,Powerplay,149,114,18,6,55,130.7,21.05,48.25,72.48,Recent Form (2024-2026)
5d664346,TB Robinson,Middle,59,47,4,2,12,125.53,12.77,25.53,47.46,Recent Form (2024-2026)
5d664346,TB Robinson,Powerplay,107,81,10,4,36,132.1,17.28,44.44,59.81,Recent Form (2024-2026)
5ec41cd7,Jasdeep Singh,Death,56,51,5,2,22,109.8,13.73,43.14,57.14,Recent Form (2024-2026)
5ec41cd7,Jasdeep Singh,Middle,17,35,1,0,21,48.57,2.86,60.0,23.53,Recent Form (2024-2026)
5f26f677,BM Duckett,Death,52,38,6,1,14,136.84,18.42,36.84,57.69,Recent Form (2024-2026)
5f26f677,BM Duckett,Middle,356,232,41,8,58,153.45,21.12,25.0,59.55,Recent Form (2024-2026)
5f26f677,BM Duckett,Powerplay,564,405,79,16,189,139.26,23.46,46.67,73.05,Recent Form (2024-2026)
5f547c8b,Rashid Khan,Death,351,220,24,24,87,159.55,21.82,39.55,68.38,Recent Form (2024-2026)
5f547c8b,Rashid Khan,Middle,135,100,12,8,48,135.0,20.0,48.0,71.11,Recent Form (2024-2026)
5ffc0565,V Nigam,Death,84,48,10,4,16,175.0,29.17,33.33,76.19,Recent Form (2024-2026)
5ffc0565,V Nigam,Middle,60,40,6,3,14,150.0,22.5,35.0,70.0,Recent Form (2024-2026)
6020a3c6,KU Carty,Death,138,77,11,7,19,179.22,23.38,24.68,62.32,Recent Form (2024-2026)
6020a3c6,KU Carty,Middle,343,305,22,12,113,112.46,11.15,37.05,46.65,Recent Form (2024-2026)
6020a3c6,KU Carty,Powerplay,103,124,5,2,57,83.06,5.65,45.97,31.07,Recent Form (2024-2026)
60aa2db3,LG Pretorius,Death,82,40,6,4,6,205.0,25.0,15.0,58.54,Recent Form (2024-2026)
60aa2db3,LG Pretorius,Middle,432,259,33,22,55,166.8,21.24,21.24,61.11,Recent Form (2024-2026)
60aa2db3,LG Pretorius,Powerplay,769,511,82,41,224,150.49,24.07,43.84,74.64,Recent Form (2024-2026)
60c28835,C Kellaway,Middle,132,92,16,1,24,143.48,18.48,26.09,53.03,Recent Form (2024-2026)
60c28835,C Kellaway,Powerplay,40,47,3,1,25,85.11,8.51,53.19,45.0,Recent Form (2024-2026)
60f4c586,OG Robinson,Middle,25,34,1,0,14,73.53,2.94,41.18,16.0,Recent Form (2024-2026)
60f4c586,OG Robinson,Powerplay,49,40,6,2,19,122.5,20.0,47.5,73.47,Recent Form (2024-2026)
60fbf53a,D Potgieter,Death,224,149,21,9,51,150.34,20.13,34.23,61.61,Recent Form (2024-2026)
60fbf53a,D Potgieter,Middle,50,61,2,2,29,81.97,6.56,47.54,40.0,Recent Form (2024-2026)
62175638,Karim Janat,Death,54,35,1,6,16,154.29,20.0,45.71,74.07,Recent Form (2024-2026)
62175638,Karim Janat,Middle,31,26,2,2,13,119.23,15.38,50.0,64.52,Recent Form (2024-2026)
6287d981,MJ Ackerman,Middle,83,77,5,1,24,107.79,7.79,31.17,31.33,Recent Form (2024-2026)
6287d981,MJ Ackerman,Powerplay,88,53,12,3,21,166.04,28.3,39.62,75.0,Recent Form (2024-2026)
62af8546,Mohammad Nabi,Death,144,96,8,10,32,150.0,18.75,33.33,63.89,Recent Form (2024-2026)
62af8546,Mohammad Nabi,Middle,96,109,7,1,45,88.07,7.34,41.28,35.42,Recent Form (2024-2026)
63e3b6b3,M Kapp,Death,159,94,17,6,21,169.15,24.47,22.34,65.41,Recent Form (2024-2026)
63e3b6b3,M Kapp,Middle,337,264,32,6,71,127.65,14.39,26.89,48.66,Recent Form (2024-2026)
63e3b6b3,M Kapp,Powerplay,65,63,7,3,36,103.17,15.87,57.14,70.77,Recent Form (2024-2026)
647a48da,AJ Pienaar,Death,298,172,20,18,42,173.26,22.09,24.42,63.09,Recent Form (2024-2026)
647a48da,AJ Pienaar,Middle,45,60,3,1,31,75.0,6.67,51.67,40.0,Recent Form (2024-2026)
650d5e49,R Powell,Death,943,501,52,82,169,188.22,26.75,33.73,74.23,Recent Form (2024-2026)
650d5e49,R Powell,Middle,883,719,64,43,281,122.81,14.88,39.08,58.21,Recent Form (2024-2026)
650d5e49,R Powell,Powerplay,55,58,3,3,30,94.83,10.34,51.72,54.55,Recent Form (2024-2026)
65b6943c,L Wood,Death,49,41,2,2,17,119.51,9.76,41.46,40.82,Recent Form (2024-2026)
65d9b6b6,A Sutherland,Death,189,98,16,10,20,192.86,26.53,20.41,65.61,Recent Form (2024-2026)
65d9b6b6,A Sutherland,Middle,457,357,38,12,106,128.01,14.01,29.69,49.02,Recent Form (2024-2026)
65d9b6b6,A Sutherland,Powerplay,87,65,15,0,27,133.85,23.08,41.54,68.97,Recent Form (2024-2026)
672d7379,KA Anderson,Middle,46,43,2,1,13,106.98,6.98,30.23,30.43,Recent Form (2024-2026)
67b9536c,SR Hain,Death,47,41,5,0,12,114.63,12.2,29.27,42.55,Recent Form (2024-2026)
67b9536c,SR Hain,Middle,87,80,3,2,22,108.75,6.25,27.5,27.59,Recent Form (2024-2026)
68e26ec9,M Kelly,Middle,70,67,4,1,21,104.48,7.46,31.34,31.43,Recent Form (2024-2026)
68e26ec9,M Kelly,Powerplay,84,78,14,0,42,107.69,17.95,53.85,66.67,Recent Form (2024-2026)
69d03465,AT Carey,Middle,47,29,4,2,7,162.07,20.69,24.14,59.57,Recent Form (2024-2026)
69d03465,AT Carey,Powerplay,98,57,13,3,21,171.93,28.07,36.84,71.43,Recent Form (2024-2026)
6a26221c,AK Markram,Death,292,157,22,18,34,185.99,25.48,21.66,67.12,Recent Form (2024-2026)
6a26221c,AK Markram,Middle,750,578,47,22,136,129.76,11.94,23.53,42.67,Recent Form (2024-2026)
6a26221c,AK Markram,Powerplay,620,464,79,19,199,133.62,21.12,42.89,69.35,Recent Form (2024-2026)
6b07035d,K Alleyne,Middle,128,101,7,7,36,126.73,13.86,35.64,54.69,Recent Form (2024-2026)
6b07035d,K Alleyne,Powerplay,205,146,18,12,65,140.41,20.55,44.52,70.24,Recent Form (2024-2026)
6b0db726,J Andrew,Death,35,25,4,1,9,140.0,20.0,36.0,62.86,Recent Form (2024-2026)
6b0db726,J Andrew,Middle,168,166,10,5,66,101.2,9.04,39.76,41.67,Recent Form (2024-2026)
6b0db726,J Andrew,Powerplay,147,119,14,8,59,123.53,18.49,49.58,70.75,Recent Form (2024-2026)
6b2ff18f,SB Dubey,Death,191,104,13,13,26,183.65,25.0,25.0,68.06,Recent Form (2024-2026)
6b2ff18f,SB Dubey,Middle,58,52,5,2,20,111.54,13.46,38.46,55.17,Recent Form (2024-2026)
6c19c6e5,YBK Jaiswal,Middle,427,306,35,15,82,139.54,16.34,26.8,53.86,Recent Form (2024-2026)
6c19c6e5,YBK Jaiswal,Powerplay,953,579,127,45,254,164.59,29.71,43.87,81.64,Recent Form (2024-2026)
6c79c098,DA Payne,Death,50,47,1,2,18,106.38,6.38,38.3,32.0,Recent Form (2024-2026)
6c7a68d0,Shubham Ranjane,Death,264,153,17,16,37,172.55,21.57,24.18,62.12,Recent Form (2024-2026)
6c7a68d0,Shubham Ranjane,Middle,343,335,21,6,106,102.39,8.06,31.64,34.99,Recent Form (2024-2026)
6c7a68d0,Shubham Ranjane,Powerplay,85,66,8,4,30,128.79,18.18,45.45,65.88,Recent Form (2024-2026)
6c882e9a,PBB Rajapaksa,Middle,104,85,5,7,35,122.35,14.12,41.18,59.62,Recent Form (2024-2026)
6d9560f3,Maaz Sadaqat,Powerplay,35,33,4,1,17,106.06,15.15,51.52,62.86,Recent Form (2024-2026)
6dd8b88c,Usama Mir,Death,52,43,6,2,24,120.93,18.6,55.81,69.23,Recent Form (2024-2026)
6dd8b88c,Usama Mir,Middle,17,34,1,1,25,50.0,5.88,73.53,58.82,Recent Form (2024-2026)
6e6fb538,JL du Plooy,Death,106,62,8,5,15,170.97,20.97,24.19,58.49,Recent Form (2024-2026)
6e6fb538,JL du Plooy,Middle,433,339,35,12,98,127.73,13.86,28.91,48.96,Recent Form (2024-2026)
6e6fb538,JL du Plooy,Powerplay,205,199,22,6,101,103.02,14.07,50.75,60.49,Recent Form (2024-2026)
6ef38020,J Wadia,Death,24,26,2,0,12,92.31,7.69,46.15,33.33,Recent Form (2024-2026)
6f02fe2a,Waseem Muhammad,Middle,148,121,8,7,42,122.31,12.4,34.71,50.0,Recent Form (2024-2026)
6f02fe2a,Waseem Muhammad,Powerplay,396,294,40,18,125,134.69,19.73,42.52,67.68,Recent Form (2024-2026)
6f4c73ce,RS Primus,Death,59,36,4,5,14,163.89,25.0,38.89,77.97,Recent Form (2024-2026)
6f4c73ce,RS Primus,Middle,18,25,1,0,11,72.0,4.0,44.0,22.22,Recent Form (2024-2026)
6fd0c8e1,JD Campbell,Middle,63,49,7,2,19,128.57,18.37,38.78,63.49,Recent Form (2024-2026)
6ffbf04c,KM Chathli,Middle,119,78,19,1,25,152.56,25.64,32.05,68.91,Recent Form (2024-2026)
6ffbf04c,KM Chathli,Powerplay,160,130,22,3,62,123.08,19.23,47.69,66.25,Recent Form (2024-2026)
70b8fd28,A Lyth,Powerplay,78,73,9,2,36,106.85,15.07,49.32,61.54,Recent Form (2024-2026)
72166006,GM Harris,Death,78,28,5,7,2,278.57,42.86,7.14,79.49,Recent Form (2024-2026)
72166006,GM Harris,Middle,164,102,19,5,26,160.78,23.53,25.49,64.63,Recent Form (2024-2026)
72166006,GM Harris,Powerplay,85,69,11,4,38,123.19,21.74,55.07,80.0,Recent Form (2024-2026)
721e0199,RM Ghosh,Death,35,29,3,2,14,120.69,17.24,48.28,68.57,Recent Form (2024-2026)
721e0199,RM Ghosh,Middle,129,113,11,6,51,114.16,15.04,45.13,62.02,Recent Form (2024-2026)
72918338,AHT Donald,Middle,65,33,6,5,14,196.97,33.33,42.42,83.08,Recent Form (2024-2026)
72918338,AHT Donald,Powerplay,94,50,11,5,16,188.0,32.0,32.0,78.72,Recent Form (2024-2026)
7306c48d,G Scrivens,Middle,113,103,16,0,42,109.71,15.53,40.78,56.64,Recent Form (2024-2026)
7306c48d,G Scrivens,Powerplay,152,152,25,0,80,100.0,16.45,52.63,65.79,Recent Form (2024-2026)
732c038e,KIC Asalanka,Death,65,43,5,4,16,151.16,20.93,37.21,67.69,Recent Form (2024-2026)
732c038e,KIC Asalanka,Middle,141,107,7,7,29,131.78,13.08,27.1,49.65,Recent Form (2024-2026)
736123bb,DN Wellalage,Middle,57,55,6,0,21,103.64,10.91,38.18,42.11,Recent Form (2024-2026)
73ad96ed,DJ Hooda,Middle,93,83,8,1,25,112.05,10.84,30.12,40.86,Recent Form (2024-2026)
73ad96ed,DJ Hooda,Powerplay,48,39,7,1,19,123.08,20.51,48.72,70.83,Recent Form (2024-2026)
73c18486,KR Mayers,Death,157,91,13,12,37,172.53,27.47,40.66,78.98,Recent Form (2024-2026)
73c18486,KR Mayers,Middle,379,297,17,25,111,127.61,14.14,37.37,57.52,Recent Form (2024-2026)
73c18486,KR Mayers,Powerplay,563,410,61,33,219,137.32,22.93,53.41,78.51,Recent Form (2024-2026)
740742ef,RG Sharma,Middle,378,257,37,17,78,147.08,21.01,30.35,66.14,Recent Form (2024-2026)
740742ef,RG Sharma,Powerplay,698,460,67,46,215,151.74,24.57,46.74,77.94,Recent Form (2024-2026)
74d12124,JP Greaves,Middle,82,82,7,1,33,100.0,9.76,40.24,41.46,Recent Form (2024-2026)
74d12124,JP Greaves,Powerplay,147,95,19,4,31,154.74,24.21,32.63,68.03,Recent Form (2024-2026)
75224f22,KMA Paul,Death,192,113,16,12,39,169.91,24.78,34.51,70.83,Recent Form (2024-2026)
75224f22,KMA Paul,Middle,131,141,10,2,61,92.91,8.51,43.26,39.69,Recent Form (2024-2026)
752f7486,Ishan Kishan,Death,168,85,16,10,22,197.65,30.59,25.88,73.81,Recent Form (2024-2026)
752f7486,Ishan Kishan,Middle,596,370,50,27,83,161.08,20.81,22.43,60.74,Recent Form (2024-2026)
752f7486,Ishan Kishan,Powerplay,512,322,62,26,138,159.01,27.33,42.86,78.91,Recent Form (2024-2026)
75820733,CA Henry,Death,99,59,11,4,18,167.8,25.42,30.51,68.69,Recent Form (2024-2026)
75820733,CA Henry,Middle,79,69,3,4,25,114.49,10.14,36.23,45.57,Recent Form (2024-2026)
75cbed9b,SS Eskinazi,Middle,59,47,7,0,13,125.53,14.89,27.66,47.46,Recent Form (2024-2026)
75cbed9b,SS Eskinazi,Powerplay,75,59,10,2,25,127.12,20.34,42.37,69.33,Recent Form (2024-2026)
7673c908,AC Kerr,Death,70,31,8,4,8,225.81,38.71,25.81,80.0,Recent Form (2024-2026)
7673c908,AC Kerr,Middle,98,94,7,1,33,104.26,8.51,35.11,34.69,Recent Form (2024-2026)
7673c908,AC Kerr,Powerplay,77,80,10,0,40,96.25,12.5,50.0,51.95,Recent Form (2024-2026)
77255a9e,RA Tripathi,Middle,80,72,5,2,22,111.11,9.72,30.56,40.0,Recent Form (2024-2026)
77255a9e,RA Tripathi,Powerplay,140,100,19,5,46,140.0,24.0,46.0,75.71,Recent Form (2024-2026)
77b1aa15,Harshit Rana,Death,30,32,4,1,19,93.75,15.62,59.38,73.33,Recent Form (2024-2026)
783e6111,Chirag Jani,Middle,39,27,5,1,8,144.44,22.22,29.63,66.67,Recent Form (2024-2026)
78fd864b,EL Arlott,Death,91,69,8,3,25,131.88,15.94,36.23,54.95,Recent Form (2024-2026)
78fd864b,EL Arlott,Middle,24,29,1,0,10,82.76,3.45,34.48,16.67,Recent Form (2024-2026)
78feb458,JN Hamilton,Death,86,62,5,4,17,138.71,14.52,27.42,51.16,Recent Form (2024-2026)
78feb458,JN Hamilton,Middle,26,38,1,0,19,68.42,2.63,50.0,15.38,Recent Form (2024-2026)
79f8472d,Mohammad Mohsin,Middle,26,27,1,2,15,96.3,11.11,55.56,61.54,Recent Form (2024-2026)
7a6dc294,JC Silk,Death,94,53,8,3,9,177.36,20.75,16.98,53.19,Recent Form (2024-2026)
7a6dc294,JC Silk,Middle,113,121,7,1,43,93.39,6.61,35.54,30.09,Recent Form (2024-2026)
7aa74830,S Arora,Death,88,48,5,8,15,183.33,27.08,31.25,77.27,Recent Form (2024-2026)
7aa74830,S Arora,Middle,31,28,4,1,14,110.71,17.86,50.0,70.97,Recent Form (2024-2026)
7b01ce83,L Lee,Middle,27,32,4,0,18,84.38,12.5,56.25,59.26,Recent Form (2024-2026)
7b01ce83,L Lee,Powerplay,156,125,22,5,70,124.8,21.6,56.0,75.64,Recent Form (2024-2026)
7b1f2542,GL Adams,Death,75,57,7,1,14,131.58,14.04,24.56,45.33,Recent Form (2024-2026)
7b1f2542,GL Adams,Middle,40,44,3,0,16,90.91,6.82,36.36,30.0,Recent Form (2024-2026)
7b1f2542,GL Adams,Powerplay,37,43,5,0,24,86.05,11.63,55.81,54.05,Recent Form (2024-2026)
7b44eb3e,Shivang Kumar,Death,41,29,6,1,12,141.38,24.14,41.38,73.17,Recent Form (2024-2026)
7b679de5,Kartik Sharma,Death,77,44,11,3,18,175.0,31.82,40.91,80.52,Recent Form (2024-2026)
7b679de5,Kartik Sharma,Middle,187,149,10,12,57,125.5,14.77,38.26,59.89,Recent Form (2024-2026)
7b953689,MP Kuhnemann,Death,47,41,3,3,20,114.63,14.63,48.78,63.83,Recent Form (2024-2026)
7bcde3fe,AM Rossington,Powerplay,133,100,15,6,48,133.0,21.0,48.0,72.18,Recent Form (2024-2026)
7ca5e05d,RS Bopara,Middle,25,30,1,0,11,83.33,3.33,36.67,16.0,Recent Form (2024-2026)
7d92277a,Mujeeb Ur Rahman,Death,52,45,4,2,18,115.56,13.33,40.0,53.85,Recent Form (2024-2026)
7dc35884,Shakib Al Hasan,Death,65,45,8,2,17,144.44,22.22,37.78,67.69,Recent Form (2024-2026)
7dc35884,Shakib Al Hasan,Middle,279,218,26,9,77,127.98,16.06,35.32,56.63,Recent Form (2024-2026)
7dc35884,Shakib Al Hasan,Powerplay,49,44,7,1,23,111.36,18.18,52.27,69.39,Recent Form (2024-2026)
7dcb9bc9,M Shahrukh Khan,Death,119,68,5,9,15,175.0,20.59,22.06,62.18,Recent Form (2024-2026)
7dcb9bc9,M Shahrukh Khan,Middle,222,131,17,15,40,169.47,24.43,30.53,71.17,Recent Form (2024-2026)
7dfb8890,S Muthusamy,Death,31,31,2,1,13,100.0,9.68,41.94,45.16,Recent Form (2024-2026)
7e435410,Shashwat Rawat,Powerplay,40,31,4,1,11,129.03,16.13,35.48,55.0,Recent Form (2024-2026)
7f048519,DJ Willey,Death,139,103,11,8,42,134.95,18.45,40.78,66.19,Recent Form (2024-2026)
7f048519,DJ Willey,Middle,178,151,15,7,63,117.88,14.57,41.72,57.3,Recent Form (2024-2026)
7f232d46,TF Rogers,Middle,35,41,3,0,17,85.37,7.32,41.46,34.29,Recent Form (2024-2026)
7f232d46,TF Rogers,Powerplay,189,154,21,6,70,122.73,17.53,45.45,63.49,Recent Form (2024-2026)
7fa12533,MS Chapman,Death,50,28,3,3,8,178.57,21.43,28.57,60.0,Recent Form (2024-2026)
7fa12533,MS Chapman,Middle,235,160,16,12,49,146.88,17.5,30.63,57.87,Recent Form (2024-2026)
7fa12533,MS Chapman,Powerplay,40,49,4,1,29,81.63,10.2,59.18,55.0,Recent Form (2024-2026)
7fca84b7,BA King,Death,48,26,1,5,7,184.62,23.08,26.92,70.83,Recent Form (2024-2026)
7fca84b7,BA King,Middle,135,88,10,7,21,153.41,19.32,23.86,60.74,Recent Form (2024-2026)
7fca84b7,BA King,Powerplay,314,272,38,13,146,115.44,18.75,53.68,73.25,Recent Form (2024-2026)
800d2d97,JM Sharma,Death,295,167,23,20,52,176.65,25.75,31.14,71.86,Recent Form (2024-2026)
800d2d97,JM Sharma,Middle,278,217,21,15,88,128.11,16.59,40.55,62.59,Recent Form (2024-2026)
806c4e58,CP Jewell,Middle,74,70,4,1,23,105.71,7.14,32.86,29.73,Recent Form (2024-2026)
806c4e58,CP Jewell,Powerplay,100,84,12,1,37,119.05,15.48,44.05,54.0,Recent Form (2024-2026)
81c36ee9,M Jansen,Death,264,214,14,13,77,123.36,12.62,35.98,50.76,Recent Form (2024-2026)
81c36ee9,M Jansen,Middle,211,171,16,10,66,123.39,15.2,38.6,58.77,Recent Form (2024-2026)
83558266,A King,Death,75,83,3,1,40,90.36,4.82,48.19,24.0,Recent Form (2024-2026)
83558266,A King,Middle,15,27,1,0,16,55.56,3.7,59.26,26.67,Recent Form (2024-2026)
83c3e8e3,SH Johnson,Death,49,40,7,2,22,122.5,22.5,55.0,81.63,Recent Form (2024-2026)
83d17bbc,MW Forde,Death,59,40,3,6,21,147.5,22.5,52.5,81.36,Recent Form (2024-2026)
83d17bbc,MW Forde,Middle,47,35,5,2,16,134.29,20.0,45.71,68.09,Recent Form (2024-2026)
844e79d1,D Brevis,Death,363,170,18,35,44,213.53,31.18,25.88,77.69,Recent Form (2024-2026)
844e79d1,D Brevis,Middle,896,614,51,63,216,145.93,18.57,35.18,64.96,Recent Form (2024-2026)
844e79d1,D Brevis,Powerplay,144,125,16,5,58,115.2,16.8,46.4,65.28,Recent Form (2024-2026)
8479a24a,KK Jennings,Middle,51,40,5,0,12,127.5,12.5,30.0,39.22,Recent Form (2024-2026)
8479a24a,KK Jennings,Powerplay,122,93,12,6,44,131.18,19.35,47.31,68.85,Recent Form (2024-2026)
84d9c311,Ashutosh Sharma,Death,417,217,33,29,60,192.17,28.57,27.65,73.38,Recent Form (2024-2026)
84d9c311,Ashutosh Sharma,Middle,147,117,6,11,48,125.64,14.53,41.03,61.22,Recent Form (2024-2026)
85b3fab2,T Stubbs,Death,825,428,62,45,72,192.76,25.0,16.82,62.79,Recent Form (2024-2026)
85b3fab2,T Stubbs,Middle,729,634,30,29,186,114.98,9.31,29.34,40.33,Recent Form (2024-2026)
85b3fab2,T Stubbs,Powerplay,83,81,9,2,40,102.47,13.58,49.38,57.83,Recent Form (2024-2026)
85ce4231,CL Griffith,Middle,91,60,10,3,15,151.67,21.67,25.0,63.74,Recent Form (2024-2026)
85ce4231,CL Griffith,Powerplay,158,124,20,5,57,127.42,20.16,45.97,69.62,Recent Form (2024-2026)
85dcb721,TJ Moores,Death,93,57,4,9,26,163.16,22.81,45.61,75.27,Recent Form (2024-2026)
85dcb721,TJ Moores,Middle,78,59,6,5,26,132.2,18.64,44.07,69.23,Recent Form (2024-2026)
85ec8e33,SS Iyer,Death,444,206,29,38,48,215.53,32.52,23.3,77.48,Recent Form (2024-2026)
85ec8e33,SS Iyer,Middle,875,565,63,45,140,154.87,19.12,24.78,59.66,Recent Form (2024-2026)
85ec8e33,SS Iyer,Powerplay,201,152,30,4,71,132.24,22.37,46.71,71.64,Recent Form (2024-2026)
86e0f3f0,WL Madsen,Death,42,25,5,0,5,168.0,20.0,20.0,47.62,Recent Form (2024-2026)
86e0f3f0,WL Madsen,Middle,62,59,6,0,19,105.08,10.17,32.2,38.71,Recent Form (2024-2026)
86e0f3f0,WL Madsen,Powerplay,18,26,0,0,10,69.23,0.0,38.46,0.0,Recent Form (2024-2026)
86f84b37,AM Tribe,Death,47,34,4,1,9,138.24,14.71,26.47,46.81,Recent Form (2024-2026)
86f84b37,AM Tribe,Middle,35,44,1,0,17,79.55,2.27,38.64,11.43,Recent Form (2024-2026)
86f84b37,AM Tribe,Powerplay,106,84,13,3,38,126.19,19.05,45.24,66.04,Recent Form (2024-2026)
872b03f7,A Badoni,Death,302,183,29,11,47,165.03,21.86,25.68,60.26,Recent Form (2024-2026)
872b03f7,A Badoni,Middle,404,305,34,12,88,132.46,15.08,28.85,51.49,Recent Form (2024-2026)
872b03f7,A Badoni,Powerplay,117,80,13,6,37,146.25,23.75,46.25,75.21,Recent Form (2024-2026)
876dbe2d,DR Mousley,Death,53,44,2,3,16,120.45,11.36,36.36,49.06,Recent Form (2024-2026)
876dbe2d,DR Mousley,Middle,85,110,5,1,52,77.27,5.45,47.27,30.59,Recent Form (2024-2026)
876dbe2d,DR Mousley,Powerplay,22,26,4,0,16,84.62,15.38,61.54,72.73,Recent Form (2024-2026)
88626ed2,AA Jangoo,Death,25,26,0,2,13,96.15,7.69,50.0,48.0,Recent Form (2024-2026)
88626ed2,AA Jangoo,Middle,180,169,7,8,56,106.51,8.88,33.14,42.22,Recent Form (2024-2026)
88626ed2,AA Jangoo,Powerplay,132,128,13,4,64,103.12,13.28,50.0,57.58,Recent Form (2024-2026)
894b2d25,MJ Potts,Death,57,44,6,1,13,129.55,15.91,29.55,52.63,Recent Form (2024-2026)
898e628d,B Doggett,Death,42,35,2,2,16,120.0,11.43,45.71,47.62,Recent Form (2024-2026)
898e628d,B Doggett,Middle,20,29,4,0,21,68.97,13.79,72.41,80.0,Recent Form (2024-2026)
8a75e999,Babar Azam,Middle,79,65,6,2,21,121.54,12.31,32.31,45.57,Recent Form (2024-2026)
8a75e999,Babar Azam,Powerplay,97,114,11,0,60,85.09,9.65,52.63,45.36,Recent Form (2024-2026)
8abdf100,CJ Anderson,Death,81,66,3,6,31,122.73,13.64,46.97,59.26,Recent Form (2024-2026)
8abdf100,CJ Anderson,Middle,111,138,6,4,71,80.43,7.25,51.45,43.24,Recent Form (2024-2026)
8b3e9c7c,PP Shaw,Middle,58,38,4,4,13,152.63,21.05,34.21,68.97,Recent Form (2024-2026)
8b3e9c7c,PP Shaw,Powerplay,207,124,33,6,50,166.94,31.45,40.32,81.16,Recent Form (2024-2026)
8cf9814c,Mohammed Shami,Death,72,50,6,5,23,144.0,22.0,46.0,75.0,Recent Form (2024-2026)
8d2c70ad,Kuldeep Yadav,Death,61,64,6,1,30,95.31,10.94,46.88,49.18,Recent Form (2024-2026)
8e3cb0e9,JJS Sangha,Middle,89,71,8,1,19,125.35,12.68,26.76,42.7,Recent Form (2024-2026)
8e3cb0e9,JJS Sangha,Powerplay,86,68,9,1,28,126.47,14.71,41.18,48.84,Recent Form (2024-2026)
8e514b4c,Abdul Samad,Death,281,150,20,20,37,187.33,26.67,24.67,71.17,Recent Form (2024-2026)
8e514b4c,Abdul Samad,Middle,181,139,13,10,56,130.22,16.55,40.29,61.88,Recent Form (2024-2026)
8ee36b18,P Nissanka,Middle,143,87,10,7,20,164.37,19.54,22.99,57.34,Recent Form (2024-2026)
8ee36b18,P Nissanka,Powerplay,378,218,43,20,86,173.39,28.9,39.45,77.25,Recent Form (2024-2026)
8f30d191,KA Levick,Death,22,29,2,0,16,75.86,6.9,55.17,36.36,Recent Form (2024-2026)
8f6dd463,Azmatullah Omarzai,Death,119,74,8,8,26,160.81,21.62,35.14,67.23,Recent Form (2024-2026)
8f6dd463,Azmatullah Omarzai,Middle,265,196,12,16,58,135.2,14.29,29.59,54.34,Recent Form (2024-2026)
907e5f6c,C Pavely,Death,19,27,0,0,11,70.37,0.0,40.74,0.0,Recent Form (2024-2026)
910dd54e,A Capsey,Death,49,29,6,1,8,168.97,24.14,27.59,61.22,Recent Form (2024-2026)
910dd54e,A Capsey,Middle,256,202,29,3,65,126.73,15.84,32.18,52.34,Recent Form (2024-2026)
910dd54e,A Capsey,Powerplay,187,159,27,2,73,117.61,18.24,45.91,64.17,Recent Form (2024-2026)
919a3be2,RR Pant,Death,305,145,25,22,40,210.34,32.41,27.59,76.07,Recent Form (2024-2026)
919a3be2,RR Pant,Middle,597,447,52,24,151,133.56,17.0,33.78,58.96,Recent Form (2024-2026)
919a3be2,RR Pant,Powerplay,126,124,12,6,67,101.61,14.52,54.03,66.67,Recent Form (2024-2026)
91cd48e0,JF Smith,Middle,84,52,5,6,17,161.54,21.15,32.69,66.67,Recent Form (2024-2026)
9219eff0,JDS Neesham,Death,50,39,4,2,16,128.21,15.38,41.03,56.0,Recent Form (2024-2026)
9219eff0,JDS Neesham,Middle,96,67,5,5,18,143.28,14.93,26.87,52.08,Recent Form (2024-2026)
922e1b19,Z Crawley,Death,58,29,3,5,6,200.0,27.59,20.69,72.41,Recent Form (2024-2026)
922e1b19,Z Crawley,Middle,180,131,10,8,32,137.4,13.74,24.43,48.89,Recent Form (2024-2026)
922e1b19,Z Crawley,Powerplay,299,205,39,10,84,145.85,23.9,40.98,72.24,Recent Form (2024-2026)
92780e2f,JU Goolie,Death,71,59,5,3,22,120.34,13.56,37.29,53.52,Recent Form (2024-2026)
92780e2f,JU Goolie,Middle,21,34,1,0,18,61.76,2.94,52.94,19.05,Recent Form (2024-2026)
92aeac25,AD Hales,Death,71,55,4,3,16,129.09,12.73,29.09,47.89,Recent Form (2024-2026)
92aeac25,AD Hales,Middle,627,450,35,39,146,139.33,16.44,32.44,59.65,Recent Form (2024-2026)
92aeac25,AD Hales,Powerplay,772,619,89,29,297,124.72,19.06,47.98,68.65,Recent Form (2024-2026)
92b94582,J Grewcock,Death,74,62,7,0,14,119.35,11.29,22.58,37.84,Recent Form (2024-2026)
92b94582,J Grewcock,Middle,30,27,4,0,10,111.11,14.81,37.04,53.33,Recent Form (2024-2026)
92cf79a8,SR Taylor,Powerplay,28,43,4,0,30,65.12,9.3,69.77,57.14,Recent Form (2024-2026)
93b4fc78,MK Pandey,Middle,127,102,10,3,28,124.51,12.75,27.45,45.67,Recent Form (2024-2026)
9418198b,P Simran Singh,Middle,528,318,44,28,81,166.04,22.64,25.47,65.15,Recent Form (2024-2026)
9418198b,P Simran Singh,Powerplay,889,557,107,42,225,159.61,26.75,40.39,76.49,Recent Form (2024-2026)
944533a5,KK Nair,Middle,101,60,12,4,17,168.33,26.67,28.33,71.29,Recent Form (2024-2026)
944533a5,KK Nair,Powerplay,141,88,18,7,40,160.23,28.41,45.45,80.85,Recent Form (2024-2026)
9550470d,WIA Fernando,Middle,75,33,7,6,10,227.27,39.39,30.3,85.33,Recent Form (2024-2026)
9550470d,WIA Fernando,Powerplay,48,27,3,5,13,177.78,29.63,48.15,87.5,Recent Form (2024-2026)
95a5e066,MG Erasmus,Death,43,31,4,1,9,138.71,16.13,29.03,51.16,Recent Form (2024-2026)
95a5e066,MG Erasmus,Middle,151,144,10,4,51,104.86,9.72,35.42,42.38,Recent Form (2024-2026)
95a5e066,MG Erasmus,Powerplay,49,56,6,2,35,87.5,14.29,62.5,73.47,Recent Form (2024-2026)
961b8ff1,TP Alsop,Death,213,110,15,13,25,193.64,25.45,22.73,64.79,Recent Form (2024-2026)
961b8ff1,TP Alsop,Middle,143,146,6,3,51,97.95,6.16,34.93,29.37,Recent Form (2024-2026)
961b8ff1,TP Alsop,Powerplay,64,66,10,0,37,96.97,15.15,56.06,62.5,Recent Form (2024-2026)
970ddd24,Suryansh Shedge,Death,120,55,7,11,14,218.18,32.73,25.45,78.33,Recent Form (2024-2026)
970ddd24,Suryansh Shedge,Middle,107,65,4,8,15,164.62,18.46,23.08,59.81,Recent Form (2024-2026)
971cb321,E Jones,Death,132,86,11,6,25,153.49,19.77,29.07,60.61,Recent Form (2024-2026)
971cb321,E Jones,Middle,116,125,5,4,51,92.8,7.2,40.8,37.93,Recent Form (2024-2026)
972f217b,BJ Jacobs,Middle,51,52,2,3,24,98.08,9.62,46.15,50.98,Recent Form (2024-2026)
977b841a,SSJ Brooks,Middle,40,51,1,1,21,78.43,3.92,41.18,25.0,Recent Form (2024-2026)
97b0e4ff,SC van Schalkwyk,Death,68,73,5,1,32,93.15,8.22,43.84,38.24,Recent Form (2024-2026)
97b0e4ff,SC van Schalkwyk,Middle,50,39,4,3,16,128.21,17.95,41.03,68.0,Recent Form (2024-2026)
97bdec3d,G Motie,Death,46,39,2,2,14,117.95,10.26,35.9,43.48,Recent Form (2024-2026)
97bdec3d,G Motie,Middle,24,36,1,0,19,66.67,2.78,52.78,16.67,Recent Form (2024-2026)
989889ff,JP Inglis,Death,58,40,7,1,13,145.0,20.0,32.5,58.62,Recent Form (2024-2026)
989889ff,JP Inglis,Middle,419,281,31,21,81,149.11,18.51,28.83,59.67,Recent Form (2024-2026)
989889ff,JP Inglis,Powerplay,364,211,39,23,92,172.51,29.38,43.6,80.77,Recent Form (2024-2026)
9948e262,HE van der Dussen,Death,81,48,3,5,11,168.75,16.67,22.92,51.85,Recent Form (2024-2026)
9948e262,HE van der Dussen,Middle,251,228,11,10,78,110.09,9.21,34.21,41.43,Recent Form (2024-2026)
9948e262,HE van der Dussen,Powerplay,421,322,25,29,140,130.75,16.77,43.48,65.08,Recent Form (2024-2026)
99812d10,H Graham,Death,155,107,17,2,30,144.86,17.76,28.04,51.61,Recent Form (2024-2026)
99812d10,H Graham,Middle,80,93,5,0,34,86.02,5.38,36.56,25.0,Recent Form (2024-2026)
99b75528,JC Buttler,Death,411,211,32,26,47,194.79,27.49,22.27,69.1,Recent Form (2024-2026)
99b75528,JC Buttler,Middle,1156,760,96,56,221,152.11,20.0,29.08,62.28,Recent Form (2024-2026)
99b75528,JC Buttler,Powerplay,644,465,75,26,205,138.49,21.72,44.09,70.81,Recent Form (2024-2026)
99e23670,S Molineux,Death,40,47,3,0,20,85.11,6.38,42.55,30.0,Recent Form (2024-2026)
99e23670,S Molineux,Middle,88,82,8,1,30,107.32,10.98,36.59,43.18,Recent Form (2024-2026)
9a2fc964,BC Fortuin,Death,62,60,7,1,28,103.33,13.33,46.67,54.84,Recent Form (2024-2026)
9a2fc964,BC Fortuin,Middle,19,25,2,0,12,76.0,8.0,48.0,42.11,Recent Form (2024-2026)
9a46c4e5,GD Phillips,Death,159,84,7,14,20,189.29,25.0,23.81,70.44,Recent Form (2024-2026)
9a46c4e5,GD Phillips,Middle,164,154,6,6,52,106.49,7.79,33.77,36.59,Recent Form (2024-2026)
9a46c4e5,GD Phillips,Powerplay,88,62,10,4,28,141.94,22.58,45.16,72.73,Recent Form (2024-2026)
9b3bcca4,A Wellington,Death,54,35,10,0,13,154.29,28.57,37.14,74.07,Recent Form (2024-2026)
9b3bcca4,A Wellington,Middle,50,50,6,1,24,100.0,14.0,48.0,60.0,Recent Form (2024-2026)
9b6e1b3f,J Fraser-McGurk,Middle,457,263,22,37,85,173.76,22.43,32.32,67.83,Recent Form (2024-2026)
9b6e1b3f,J Fraser-McGurk,Powerplay,613,390,62,37,176,157.18,25.38,45.13,76.67,Recent Form (2024-2026)
9c643d7b,JM Coles,Death,124,81,17,2,23,153.09,23.46,28.4,64.52,Recent Form (2024-2026)
9c643d7b,JM Coles,Middle,229,167,20,7,50,137.13,16.17,29.94,53.28,Recent Form (2024-2026)
9c643d7b,JM Coles,Powerplay,40,28,4,2,11,142.86,21.43,39.29,70.0,Recent Form (2024-2026)
9c821d2e,RA Herman,Death,44,34,2,2,11,129.41,11.76,32.35,45.45,Recent Form (2024-2026)
9c821d2e,RA Herman,Middle,280,210,20,12,68,133.33,15.24,32.38,54.29,Recent Form (2024-2026)
9c821d2e,RA Herman,Powerplay,235,223,30,6,128,105.38,16.14,57.4,66.38,Recent Form (2024-2026)
9c8448ba,OJ Peake,Death,76,41,6,4,10,185.37,24.39,24.39,63.16,Recent Form (2024-2026)
9c8448ba,OJ Peake,Middle,104,91,9,3,31,114.29,13.19,34.07,51.92,Recent Form (2024-2026)
9c9af282,Naseem Shah,Death,52,31,2,4,8,167.74,19.35,25.81,61.54,Recent Form (2024-2026)
9caf69a1,WG Jacks,Death,101,42,5,9,5,240.48,33.33,11.9,73.27,Recent Form (2024-2026)
9caf69a1,WG Jacks,Middle,549,389,35,30,118,141.13,16.71,30.33,58.29,Recent Form (2024-2026)
9caf69a1,WG Jacks,Powerplay,889,582,99,45,254,152.75,24.74,43.64,74.92,Recent Form (2024-2026)
9cb8d7a6,Imad Wasim,Death,248,162,21,10,44,153.09,19.14,27.16,58.06,Recent Form (2024-2026)
9cb8d7a6,Imad Wasim,Middle,127,165,9,0,72,76.97,5.45,43.64,28.35,Recent Form (2024-2026)
9d430b40,SP Narine,Death,166,120,15,10,55,138.33,20.83,45.83,72.29,Recent Form (2024-2026)
9d430b40,SP Narine,Middle,391,234,19,36,90,167.09,23.5,38.46,74.68,Recent Form (2024-2026)
9d430b40,SP Narine,Powerplay,702,444,74,48,221,158.11,27.48,49.77,83.19,Recent Form (2024-2026)
9de62878,Shadab Khan,Death,148,69,10,12,16,214.49,31.88,23.19,75.68,Recent Form (2024-2026)
9de62878,Shadab Khan,Middle,88,72,3,3,19,122.22,8.33,26.39,34.09,Recent Form (2024-2026)
9e85455c,MS Harris,Powerplay,12,26,0,0,16,46.15,0.0,61.54,0.0,Recent Form (2024-2026)
9eb1455b,NT Ellis,Death,85,75,8,3,36,113.33,14.67,48.0,58.82,Recent Form (2024-2026)
9eb1455b,NT Ellis,Middle,36,26,5,1,14,138.46,23.08,53.85,72.22,Recent Form (2024-2026)
9f77963a,Gulbadin Naib,Death,152,79,10,10,18,192.41,25.32,22.78,65.79,Recent Form (2024-2026)
9f77963a,Gulbadin Naib,Middle,241,172,18,11,59,140.12,16.86,34.3,57.26,Recent Form (2024-2026)
9f77963a,Gulbadin Naib,Powerplay,45,50,3,0,25,90.0,6.0,50.0,26.67,Recent Form (2024-2026)
a0095f0e,H Richards,Death,39,29,0,3,12,134.48,10.34,41.38,46.15,Recent Form (2024-2026)
a0095f0e,H Richards,Middle,17,25,2,0,14,68.0,8.0,56.0,47.06,Recent Form (2024-2026)
a03bba42,T Shamsi,Death,25,39,2,0,21,64.1,5.13,53.85,32.0,Recent Form (2024-2026)
a05d0552,JJ Weatherley,Powerplay,25,27,2,1,14,92.59,11.11,51.85,56.0,Recent Form (2024-2026)
a0f612b6,TD Andrews,Death,66,32,5,5,11,206.25,31.25,34.38,75.76,Recent Form (2024-2026)
a139c379,DN Wyatt,Death,37,25,4,0,6,148.0,16.0,24.0,43.24,Recent Form (2024-2026)
a139c379,DN Wyatt,Middle,274,210,31,3,71,130.48,16.19,33.81,51.82,Recent Form (2024-2026)
a139c379,DN Wyatt,Powerplay,248,197,37,2,89,125.89,19.8,45.18,64.52,Recent Form (2024-2026)
a15618fe,JM Vince,Death,126,79,9,6,21,159.49,18.99,26.58,57.14,Recent Form (2024-2026)
a15618fe,JM Vince,Middle,686,490,60,20,137,140.0,16.33,27.96,52.48,Recent Form (2024-2026)
a15618fe,JM Vince,Powerplay,828,635,121,13,282,130.39,21.1,44.41,67.87,Recent Form (2024-2026)
a1b69936,DG Bedingham,Middle,107,97,7,1,25,110.31,8.25,25.77,31.78,Recent Form (2024-2026)
a1b69936,DG Bedingham,Powerplay,172,139,22,2,55,123.74,17.27,39.57,58.14,Recent Form (2024-2026)
a2421394,AC Agar,Death,120,85,3,9,31,141.18,14.12,36.47,55.0,Recent Form (2024-2026)
a24be938,VR Iyer,Death,200,116,19,11,38,172.41,25.86,32.76,71.0,Recent Form (2024-2026)
a24be938,VR Iyer,Middle,366,270,27,16,93,135.56,15.93,34.44,55.74,Recent Form (2024-2026)
a24be938,VR Iyer,Powerplay,210,103,28,12,42,203.88,38.83,40.78,87.62,Recent Form (2024-2026)
a316d663,GC Viljoen,Death,54,61,3,2,29,88.52,8.2,47.54,44.44,Recent Form (2024-2026)
a343262c,JE Root,Death,121,76,12,3,16,159.21,19.74,21.05,54.55,Recent Form (2024-2026)
a343262c,JE Root,Middle,352,287,21,8,62,122.65,10.1,21.6,37.5,Recent Form (2024-2026)
a343262c,JE Root,Powerplay,343,264,42,7,108,129.92,18.56,40.91,61.22,Recent Form (2024-2026)
a3690f55,Khuzaima Tanveer,Death,88,41,7,6,11,214.63,31.71,26.83,72.73,Recent Form (2024-2026)
a3b0600d,Aniket Verma,Death,143,77,8,12,24,185.71,25.97,31.17,72.73,Recent Form (2024-2026)
a3b0600d,Aniket Verma,Middle,155,103,8,13,41,150.49,20.39,39.81,70.97,Recent Form (2024-2026)
a4cc73aa,SV Samson,Death,176,89,15,11,21,197.75,29.21,23.6,71.59,Recent Form (2024-2026)
a4cc73aa,SV Samson,Middle,573,380,38,30,88,150.79,17.89,23.16,57.94,Recent Form (2024-2026)
a4cc73aa,SV Samson,Powerplay,544,368,75,20,163,147.83,25.82,44.29,77.21,Recent Form (2024-2026)
a4e37e47,S Dube,Death,450,261,34,31,87,172.41,24.9,33.33,71.56,Recent Form (2024-2026)
a4e37e47,S Dube,Middle,612,446,42,35,154,137.22,17.26,34.53,61.76,Recent Form (2024-2026)
a557333b,VO Lawes,Death,41,28,1,4,11,146.43,17.86,39.29,68.29,Recent Form (2024-2026)
a55e0360,CP Savage,Death,172,111,12,10,34,154.95,19.82,30.63,62.79,Recent Form (2024-2026)
a55e0360,CP Savage,Middle,58,45,6,2,17,128.89,17.78,37.78,62.07,Recent Form (2024-2026)
a63d0c5a,SD Parris,Middle,104,104,3,6,42,100.0,8.65,40.38,46.15,Recent Form (2024-2026)
a63d0c5a,SD Parris,Powerplay,97,96,5,8,59,101.04,13.54,61.46,70.1,Recent Form (2024-2026)
a6a50969,Arpit Gaud,Powerplay,40,31,4,2,14,129.03,19.35,45.16,70.0,Recent Form (2024-2026)
a6bab2a9,K Gore,Death,64,45,7,2,16,142.22,20.0,35.56,62.5,Recent Form (2024-2026)
a6bab2a9,K Gore,Middle,85,75,4,3,23,113.33,9.33,30.67,40.0,Recent Form (2024-2026)
a6bab2a9,K Gore,Powerplay,170,128,19,6,58,132.81,19.53,45.31,65.88,Recent Form (2024-2026)
a756e61a,SB Harper,Middle,221,152,21,7,48,145.39,18.42,31.58,57.01,Recent Form (2024-2026)
a756e61a,SB Harper,Powerplay,299,221,30,10,91,135.29,18.1,41.18,60.2,Recent Form (2024-2026)
a757b0d8,KA Pollard,Death,1063,567,75,82,180,187.48,27.69,31.75,74.51,Recent Form (2024-2026)
a757b0d8,KA Pollard,Middle,1000,779,51,70,321,128.37,15.53,41.21,62.4,Recent Form (2024-2026)
a757b0d8,KA Pollard,Powerplay,27,38,2,1,23,71.05,7.89,60.53,51.85,Recent Form (2024-2026)
a818c1be,TA Boult,Death,155,109,14,8,43,142.2,20.18,39.45,67.1,Recent Form (2024-2026)
a90e53ec,MW Short,Death,151,88,14,6,22,171.59,22.73,25.0,60.93,Recent Form (2024-2026)
a90e53ec,MW Short,Middle,771,519,52,35,127,148.55,16.76,24.47,54.22,Recent Form (2024-2026)
a90e53ec,MW Short,Powerplay,1001,681,109,45,292,146.99,22.61,42.88,70.53,Recent Form (2024-2026)
a97c8ec2,PWH de Silva,Death,84,55,7,4,17,152.73,20.0,30.91,61.9,Recent Form (2024-2026)
a97c8ec2,PWH de Silva,Middle,56,55,1,3,24,101.82,7.27,43.64,39.29,Recent Form (2024-2026)
a9d2dab9,S Fanning,Middle,27,25,0,1,5,108.0,4.0,20.0,22.22,Recent Form (2024-2026)
a9d2dab9,S Fanning,Powerplay,75,49,8,3,16,153.06,22.45,32.65,66.67,Recent Form (2024-2026)
aa8d28ae,D Wiese,Death,156,105,9,10,36,148.57,18.1,34.29,61.54,Recent Form (2024-2026)
aa8d28ae,D Wiese,Middle,56,47,2,3,17,119.15,10.64,36.17,46.43,Recent Form (2024-2026)
aad0c365,Nithish Kumar Reddy,Death,236,120,12,20,30,196.67,26.67,25.0,71.19,Recent Form (2024-2026)
aad0c365,Nithish Kumar Reddy,Middle,476,337,34,23,100,141.25,16.91,29.67,57.56,Recent Form (2024-2026)
aad0c365,Nithish Kumar Reddy,Powerplay,75,84,4,3,42,89.29,8.33,50.0,45.33,Recent Form (2024-2026)
ab01e323,SA Zaib,Death,35,26,5,0,7,134.62,19.23,26.92,57.14,Recent Form (2024-2026)
ab01e323,SA Zaib,Middle,30,31,1,1,12,96.77,6.45,38.71,33.33,Recent Form (2024-2026)
ab965cad,HWR Cartwright,Death,165,99,13,10,35,166.67,23.23,35.35,67.88,Recent Form (2024-2026)
ab965cad,HWR Cartwright,Middle,169,147,13,6,58,114.97,12.93,39.46,52.07,Recent Form (2024-2026)
abb83e27,JM Bairstow,Death,164,81,10,14,25,202.47,29.63,30.86,75.61,Recent Form (2024-2026)
abb83e27,JM Bairstow,Middle,653,451,54,33,162,144.79,19.29,35.92,63.4,Recent Form (2024-2026)
abb83e27,JM Bairstow,Powerplay,811,573,106,28,243,141.54,23.39,42.41,73.0,Recent Form (2024-2026)
abc9f8a4,FG Kemp,Death,105,64,5,7,23,164.06,18.75,35.94,59.05,Recent Form (2024-2026)
abc9f8a4,FG Kemp,Middle,174,162,15,1,48,107.41,9.88,29.63,37.93,Recent Form (2024-2026)
abc9f8a4,FG Kemp,Powerplay,79,67,12,0,28,117.91,17.91,41.79,60.76,Recent Form (2024-2026)
ac56b5a7,AC Jayangani,Powerplay,51,75,9,0,54,68.0,12.0,72.0,70.59,Recent Form (2024-2026)
acdc62f5,A Nortje,Death,47,41,3,2,19,114.63,12.2,46.34,51.06,Recent Form (2024-2026)
acee4cc4,Imran Tahir,Death,24,30,1,1,14,80.0,6.67,46.67,41.67,Recent Form (2024-2026)
ad3b6e95,Abishek Porel,Middle,301,216,23,10,53,139.35,15.28,24.54,50.5,Recent Form (2024-2026)
ad3b6e95,Abishek Porel,Powerplay,411,280,54,14,118,146.79,24.29,42.14,72.99,Recent Form (2024-2026)
ad9c32a2,DJ Malan,Middle,190,157,20,5,60,121.02,15.92,38.22,57.89,Recent Form (2024-2026)
ad9c32a2,DJ Malan,Powerplay,198,181,19,6,83,109.39,13.81,45.86,56.57,Recent Form (2024-2026)
aed9ac31,K Lion-Cachet,Death,73,42,9,2,11,173.81,26.19,26.19,65.75,Recent Form (2024-2026)
aed9ac31,K Lion-Cachet,Middle,65,59,8,0,21,110.17,13.56,35.59,49.23,Recent Form (2024-2026)
af2c687b,C Munro,Middle,366,298,16,20,93,122.82,12.08,31.21,50.27,Recent Form (2024-2026)
af2c687b,C Munro,Powerplay,887,666,101,42,320,133.18,21.47,48.05,73.96,Recent Form (2024-2026)
af5b6464,N Bidaisee,Death,95,60,6,7,19,158.33,21.67,31.67,69.47,Recent Form (2024-2026)
af5b6464,N Bidaisee,Middle,42,54,1,1,23,77.78,3.7,42.59,23.81,Recent Form (2024-2026)
afa7e784,MS Wade,Death,123,73,9,6,17,168.49,20.55,23.29,58.54,Recent Form (2024-2026)
afa7e784,MS Wade,Middle,191,126,18,8,40,151.59,20.63,31.75,62.83,Recent Form (2024-2026)
afa7e784,MS Wade,Powerplay,68,50,7,3,18,136.0,20.0,36.0,67.65,Recent Form (2024-2026)
b0482a1d,Tilak Varma,Death,319,151,25,23,34,211.26,31.79,22.52,74.61,Recent Form (2024-2026)
b0482a1d,Tilak Varma,Middle,676,501,52,26,149,134.93,15.57,29.74,53.85,Recent Form (2024-2026)
b0482a1d,Tilak Varma,Powerplay,123,120,11,3,54,102.5,11.67,45.0,50.41,Recent Form (2024-2026)
b05e45e4,AE Jones,Death,50,28,7,1,7,178.57,28.57,25.0,68.0,Recent Form (2024-2026)
b05e45e4,AE Jones,Middle,185,152,20,1,47,121.71,13.82,30.92,46.49,Recent Form (2024-2026)
b05e45e4,AE Jones,Powerplay,92,101,12,0,51,91.09,11.88,50.5,52.17,Recent Form (2024-2026)
b0946605,AS Joseph,Death,58,60,2,4,32,96.67,10.0,53.33,55.17,Recent Form (2024-2026)
b0946605,AS Joseph,Middle,31,34,1,2,17,91.18,8.82,50.0,51.61,Recent Form (2024-2026)
b0af303d,Kunwarjeet Singh,Middle,37,28,3,1,5,132.14,14.29,17.86,48.65,Recent Form (2024-2026)
b0af303d,Kunwarjeet Singh,Powerplay,25,28,3,0,12,89.29,10.71,42.86,48.0,Recent Form (2024-2026)
b0eaaac6,Ali Khan,Death,35,35,2,2,18,100.0,11.43,51.43,57.14,Recent Form (2024-2026)
b17e2f24,KL Rahul,Death,179,97,19,8,22,184.54,27.84,22.68,69.27,Recent Form (2024-2026)
b17e2f24,KL Rahul,Middle,780,491,58,34,99,158.86,18.74,20.16,55.9,Recent Form (2024-2026)
b17e2f24,KL Rahul,Powerplay,700,497,77,29,196,140.85,21.33,39.44,68.86,Recent Form (2024-2026)
b2664905,TT Beaumont,Middle,141,124,14,2,43,113.71,12.9,34.68,48.23,Recent Form (2024-2026)
b2664905,TT Beaumont,Powerplay,186,180,30,1,97,103.33,17.22,53.89,67.74,Recent Form (2024-2026)
b2b4f545,A Mhatre,Middle,157,85,9,12,20,184.71,24.71,23.53,68.79,Recent Form (2024-2026)
b2b4f545,A Mhatre,Powerplay,275,145,42,11,57,189.66,36.55,39.31,85.09,Recent Form (2024-2026)
b34e0c77,S Glenn,Death,44,43,6,0,22,102.33,13.95,51.16,54.55,Recent Form (2024-2026)
b34e4b15,L Shaw,Death,102,58,11,4,15,175.86,25.86,25.86,66.67,Recent Form (2024-2026)
b34e4b15,L Shaw,Middle,88,72,8,2,24,122.22,13.89,33.33,50.0,Recent Form (2024-2026)
b3bad3f2,NR Kumar,Middle,91,85,2,5,35,107.06,8.24,41.18,41.76,Recent Form (2024-2026)
b4296080,Milind Kumar,Death,40,29,2,2,8,137.93,13.79,27.59,50.0,Recent Form (2024-2026)
b4296080,Milind Kumar,Middle,153,129,10,5,41,118.6,11.63,31.78,45.75,Recent Form (2024-2026)
b4296080,Milind Kumar,Powerplay,37,33,2,3,17,112.12,15.15,51.52,70.27,Recent Form (2024-2026)
b4b99816,Shubman Gill,Death,156,87,13,8,20,179.31,24.14,22.99,64.1,Recent Form (2024-2026)
b4b99816,Shubman Gill,Middle,846,514,66,35,103,164.59,19.65,20.04,56.03,Recent Form (2024-2026)
b4b99816,Shubman Gill,Powerplay,806,554,94,29,212,145.49,22.2,38.27,68.24,Recent Form (2024-2026)
b52ffbbd,FA Allen,Death,212,139,12,13,45,152.52,17.99,32.37,59.43,Recent Form (2024-2026)
b52ffbbd,FA Allen,Middle,82,73,4,5,35,112.33,12.33,47.95,56.1,Recent Form (2024-2026)
b5797845,Priyansh Arya,Middle,254,135,15,21,37,188.15,26.67,27.41,73.23,Recent Form (2024-2026)
b5797845,Priyansh Arya,Powerplay,728,388,78,46,148,187.63,31.96,38.14,80.77,Recent Form (2024-2026)
b58b7db6,GSNFG Jayasuriya,Middle,50,44,5,1,17,113.64,13.64,38.64,52.0,Recent Form (2024-2026)
b58b7db6,GSNFG Jayasuriya,Powerplay,96,88,14,3,52,109.09,19.32,59.09,77.08,Recent Form (2024-2026)
b681e71e,GJ Maxwell,Death,331,164,17,31,55,201.83,29.27,33.54,76.74,Recent Form (2024-2026)
b681e71e,GJ Maxwell,Middle,579,406,38,38,153,142.61,18.72,37.68,65.63,Recent Form (2024-2026)
b76a2178,M Dindyal,Middle,46,38,4,2,17,121.05,15.79,44.74,60.87,Recent Form (2024-2026)
b76a2178,M Dindyal,Powerplay,79,60,6,6,31,131.67,20.0,51.67,75.95,Recent Form (2024-2026)
b8cc58c9,RR Hendricks,Death,106,63,8,6,16,168.25,22.22,25.4,64.15,Recent Form (2024-2026)
b8cc58c9,RR Hendricks,Middle,313,254,23,8,68,123.23,12.2,26.77,44.73,Recent Form (2024-2026)
b8cc58c9,RR Hendricks,Powerplay,182,153,14,10,73,118.95,15.69,47.71,63.74,Recent Form (2024-2026)
ba5e1069,R Ravindra,Death,109,54,7,8,12,201.85,27.78,22.22,69.72,Recent Form (2024-2026)
ba5e1069,R Ravindra,Middle,469,300,30,23,69,156.33,17.67,23.0,55.01,Recent Form (2024-2026)
ba5e1069,R Ravindra,Powerplay,587,378,74,21,144,155.29,25.13,38.1,71.89,Recent Form (2024-2026)
ba607b88,V Kohli,Death,201,101,21,10,22,199.01,30.69,21.78,71.64,Recent Form (2024-2026)
ba607b88,V Kohli,Middle,821,600,54,32,145,136.83,14.33,24.17,49.7,Recent Form (2024-2026)
ba607b88,V Kohli,Powerplay,1051,639,126,40,208,164.48,25.98,32.55,70.79,Recent Form (2024-2026)
ba9258a7,TB Abell,Death,36,26,3,1,8,138.46,15.38,30.77,50.0,Recent Form (2024-2026)
ba9258a7,TB Abell,Middle,312,253,30,1,63,123.32,12.25,24.9,40.38,Recent Form (2024-2026)
ba9258a7,TB Abell,Powerplay,207,194,19,4,91,106.7,11.86,46.91,48.31,Recent Form (2024-2026)
bab78fa2,J Da Silva,Death,65,41,4,4,8,158.54,19.51,19.51,61.54,Recent Form (2024-2026)
bab78fa2,J Da Silva,Middle,59,60,4,2,27,98.33,10.0,45.0,47.46,Recent Form (2024-2026)
bb351c23,MM Ali,Death,252,162,12,19,52,155.56,19.14,32.1,64.29,Recent Form (2024-2026)
bb351c23,MM Ali,Middle,518,470,28,22,179,110.21,10.64,38.09,47.1,Recent Form (2024-2026)
bb351c23,MM Ali,Powerplay,238,259,23,7,146,91.89,11.58,56.37,56.3,Recent Form (2024-2026)
bbd41817,AD Russell,Death,948,526,57,83,196,180.23,26.62,37.26,76.58,Recent Form (2024-2026)
bbd41817,AD Russell,Middle,550,438,41,40,221,125.57,18.49,50.46,73.45,Recent Form (2024-2026)
bbd41817,AD Russell,Powerplay,41,31,4,3,17,132.26,22.58,54.84,82.93,Recent Form (2024-2026)
bbe1525d,R Southby,Death,43,46,5,0,19,93.48,10.87,41.3,46.51,Recent Form (2024-2026)
bc2d4f2e,W Sutherland,Death,133,102,9,4,35,130.39,12.75,34.31,45.11,Recent Form (2024-2026)
bc2d4f2e,W Sutherland,Middle,177,140,12,7,51,126.43,13.57,36.43,50.85,Recent Form (2024-2026)
bc969efb,A Gardner,Death,69,46,8,2,16,150.0,21.74,34.78,63.77,Recent Form (2024-2026)
bc969efb,A Gardner,Middle,348,258,36,9,84,134.88,17.44,32.56,56.9,Recent Form (2024-2026)
bc969efb,A Gardner,Powerplay,53,35,8,0,10,151.43,22.86,28.57,60.38,Recent Form (2024-2026)
bcf325d2,Dhruv Jurel,Death,345,209,22,20,52,165.07,20.1,24.88,60.29,Recent Form (2024-2026)
bcf325d2,Dhruv Jurel,Middle,547,388,48,24,123,140.98,18.56,31.7,61.43,Recent Form (2024-2026)
bcf325d2,Dhruv Jurel,Powerplay,151,90,17,9,39,167.78,28.89,43.33,80.79,Recent Form (2024-2026)
bd93fea4,PM Siddle,Death,36,27,5,1,14,133.33,22.22,51.85,72.22,Recent Form (2024-2026)
be150fc8,EA Perry,Death,143,89,11,7,25,160.67,20.22,28.09,60.14,Recent Form (2024-2026)
be150fc8,EA Perry,Middle,329,246,36,7,72,133.74,17.48,29.27,56.53,Recent Form (2024-2026)
be150fc8,EA Perry,Powerplay,162,159,24,2,85,101.89,16.35,53.46,66.67,Recent Form (2024-2026)
be24ead0,Ramandeep Singh,Death,145,78,9,11,22,185.9,25.64,28.21,70.34,Recent Form (2024-2026)
be24ead0,Ramandeep Singh,Middle,109,87,5,7,32,125.29,13.79,36.78,56.88,Recent Form (2024-2026)
be69e09d,BL Couch,Death,77,70,6,5,39,110.0,15.71,55.71,70.13,Recent Form (2024-2026)
be69e09d,BL Couch,Middle,30,26,2,2,12,115.38,15.38,46.15,66.67,Recent Form (2024-2026)
bf74b130,FH Allen,Middle,813,364,38,78,85,223.35,31.87,23.35,76.26,Recent Form (2024-2026)
bf74b130,FH Allen,Powerplay,1187,699,125,70,278,169.81,27.9,39.77,77.51,Recent Form (2024-2026)
bf814547,K Verreynne,Death,53,38,6,2,16,139.47,21.05,42.11,67.92,Recent Form (2024-2026)
bf814547,K Verreynne,Middle,96,99,4,3,37,96.97,7.07,37.37,35.42,Recent Form (2024-2026)
bf814547,K Verreynne,Powerplay,152,115,20,3,50,132.17,20.0,43.48,64.47,Recent Form (2024-2026)
bfa0fa33,D Perrin,Middle,130,83,15,3,20,156.63,21.69,24.1,60.0,Recent Form (2024-2026)
bfa0fa33,D Perrin,Powerplay,269,250,42,3,139,107.6,18.0,55.6,69.14,Recent Form (2024-2026)
c03f1114,KD Karthik,Death,326,175,27,22,54,186.29,28.0,30.86,73.62,Recent Form (2024-2026)
c03f1114,KD Karthik,Middle,149,125,14,5,49,119.2,15.2,39.2,57.72,Recent Form (2024-2026)
c05edf8e,Harpreet Brar,Death,76,49,7,3,15,155.1,20.41,30.61,60.53,Recent Form (2024-2026)
c0c411cb,Naveen-ul-Haq,Death,45,47,5,1,27,95.74,12.77,57.45,57.78,Recent Form (2024-2026)
c122ab7f,J Brown,Middle,94,66,7,5,23,142.42,18.18,34.85,61.7,Recent Form (2024-2026)
c122ab7f,J Brown,Powerplay,351,244,36,23,132,143.85,24.18,54.1,80.34,Recent Form (2024-2026)
c16d4035,SW Billings,Death,176,103,20,8,36,170.87,27.18,34.95,72.73,Recent Form (2024-2026)
c16d4035,SW Billings,Middle,635,491,55,20,164,129.33,15.27,33.4,53.54,Recent Form (2024-2026)
c16d4035,SW Billings,Powerplay,89,105,10,1,56,84.76,10.48,53.33,51.69,Recent Form (2024-2026)
c1d3515b,AV Rajput,Powerplay,28,31,4,0,17,90.32,12.9,54.84,57.14,Recent Form (2024-2026)
c2554b59,ME Bouchier,Middle,178,148,20,1,48,120.27,14.19,32.43,48.31,Recent Form (2024-2026)
c2554b59,ME Bouchier,Powerplay,315,267,49,4,130,117.98,19.85,48.69,69.84,Recent Form (2024-2026)
c41043e6,BR McDermott,Death,64,36,4,5,12,177.78,25.0,33.33,71.88,Recent Form (2024-2026)
c41043e6,BR McDermott,Middle,411,281,28,19,80,146.26,16.73,28.47,54.99,Recent Form (2024-2026)
c41043e6,BR McDermott,Powerplay,284,228,31,10,108,124.56,17.98,47.37,64.79,Recent Form (2024-2026)
c4d9634c,RRS Cornwall,Powerplay,225,166,31,11,92,135.54,25.3,55.42,84.44,Recent Form (2024-2026)
c5aef772,R Shepherd,Death,781,407,51,64,137,191.89,28.26,33.66,75.29,Recent Form (2024-2026)
c5aef772,R Shepherd,Middle,269,205,19,18,92,131.22,18.05,44.88,68.4,Recent Form (2024-2026)
c5cc48bc,MJJ Critchley,Middle,30,35,2,0,12,85.71,5.71,34.29,26.67,Recent Form (2024-2026)
c5e415aa,CA Wakim,Powerplay,26,32,4,0,20,81.25,12.5,62.5,61.54,Recent Form (2024-2026)
c5f40e35,SW Currie,Death,95,75,11,1,28,126.67,16.0,37.33,52.63,Recent Form (2024-2026)
c5f40e35,SW Currie,Middle,21,28,2,0,16,75.0,7.14,57.14,38.1,Recent Form (2024-2026)
c64b7c5b,BF Smith,Middle,100,75,12,2,25,133.33,18.67,33.33,60.0,Recent Form (2024-2026)
c64b7c5b,BF Smith,Powerplay,326,273,56,2,139,119.41,21.25,50.92,72.39,Recent Form (2024-2026)
c6625a26,CE Dean,Death,51,47,4,0,11,108.51,8.51,23.4,31.37,Recent Form (2024-2026)
c6625a26,CE Dean,Middle,86,91,7,0,33,94.51,7.69,36.26,32.56,Recent Form (2024-2026)
c740ea83,RM Patidar,Death,272,134,20,23,41,202.99,32.09,30.6,80.15,Recent Form (2024-2026)
c740ea83,RM Patidar,Middle,975,537,50,77,130,181.56,23.65,24.21,67.9,Recent Form (2024-2026)
c740ea83,RM Patidar,Powerplay,136,116,19,2,50,117.24,18.1,43.1,64.71,Recent Form (2024-2026)
c834c290,JL Smith,Middle,143,92,11,7,24,155.43,19.57,26.09,60.14,Recent Form (2024-2026)
c834c290,JL Smith,Powerplay,269,167,26,15,65,161.08,24.55,38.92,72.12,Recent Form (2024-2026)
c8f5f961,Anuj Rawat,Death,130,64,14,8,17,203.12,34.38,26.56,80.0,Recent Form (2024-2026)
c8f5f961,Anuj Rawat,Middle,74,70,6,1,23,105.71,10.0,32.86,40.54,Recent Form (2024-2026)
c96f6ac5,PWA Mulder,Death,238,150,15,15,45,158.67,20.0,30.0,63.03,Recent Form (2024-2026)
c96f6ac5,PWA Mulder,Middle,186,180,9,8,67,103.33,9.44,37.22,45.16,Recent Form (2024-2026)
c96f6ac5,PWA Mulder,Powerplay,27,30,5,0,18,90.0,16.67,60.0,74.07,Recent Form (2024-2026)
c995d726,CA Ingram,Middle,57,59,6,2,34,96.61,13.56,57.63,63.16,Recent Form (2024-2026)
cad00a4d,RR Rossouw,Death,52,28,2,5,10,185.71,25.0,35.71,73.08,Recent Form (2024-2026)
cad00a4d,RR Rossouw,Middle,428,322,33,24,122,132.92,17.7,37.89,64.49,Recent Form (2024-2026)
cad00a4d,RR Rossouw,Powerplay,242,182,37,5,82,132.97,23.08,45.05,73.55,Recent Form (2024-2026)
caf69bf7,DR Sams,Death,161,96,11,10,36,167.71,21.88,37.5,64.6,Recent Form (2024-2026)
caf69bf7,DR Sams,Middle,40,40,2,2,21,100.0,10.0,52.5,50.0,Recent Form (2024-2026)
cb08b611,JI Rodrigues,Middle,83,72,7,0,23,115.28,9.72,31.94,33.73,Recent Form (2024-2026)
cbf58a86,SK Rasheed,Powerplay,69,60,9,2,33,115.0,18.33,55.0,69.57,Recent Form (2024-2026)
cd62f670,MK Villiers,Death,46,43,5,0,17,106.98,11.63,39.53,43.48,Recent Form (2024-2026)
cdb82f1c,S Ecclestone,Death,84,53,7,4,14,158.49,20.75,26.42,61.9,Recent Form (2024-2026)
cdb82f1c,S Ecclestone,Middle,28,40,1,1,20,70.0,5.0,50.0,35.71,Recent Form (2024-2026)
cf59b3f0,Urvil Patel,Middle,53,28,6,3,9,189.29,32.14,32.14,79.25,Recent Form (2024-2026)
cf59b3f0,Urvil Patel,Powerplay,144,68,5,17,29,211.76,32.35,42.65,84.72,Recent Form (2024-2026)
d014d5ac,SE Rutherford,Death,868,495,57,68,174,175.35,25.25,35.15,73.27,Recent Form (2024-2026)
d014d5ac,SE Rutherford,Middle,944,711,65,55,289,132.77,16.88,40.65,62.5,Recent Form (2024-2026)
d014d5ac,SE Rutherford,Powerplay,58,62,9,1,37,93.55,16.13,59.68,72.41,Recent Form (2024-2026)
d027ba9f,KS Williamson,Death,94,46,7,5,5,204.35,26.09,10.87,61.7,Recent Form (2024-2026)
d027ba9f,KS Williamson,Middle,269,232,21,5,68,115.95,11.21,29.31,42.38,Recent Form (2024-2026)
d027ba9f,KS Williamson,Powerplay,211,193,30,3,91,109.33,17.1,47.15,65.4,Recent Form (2024-2026)
d1305df0,AGS Gous,Death,278,153,17,20,38,181.7,24.18,24.84,67.63,Recent Form (2024-2026)
d1305df0,AGS Gous,Middle,771,517,45,45,143,149.13,17.41,27.66,58.37,Recent Form (2024-2026)
d1305df0,AGS Gous,Powerplay,603,466,80,23,237,129.4,22.1,50.86,75.95,Recent Form (2024-2026)
d1988788,Rohan Mustafa,Middle,67,57,8,1,25,117.54,15.79,43.86,56.72,Recent Form (2024-2026)
d1988788,Rohan Mustafa,Powerplay,28,30,3,1,18,93.33,13.33,60.0,64.29,Recent Form (2024-2026)
d1a60072,N Wadhera,Death,77,48,3,8,20,160.42,22.92,41.67,77.92,Recent Form (2024-2026)
d1a60072,N Wadhera,Middle,433,314,36,21,113,137.9,18.15,35.99,62.36,Recent Form (2024-2026)
d1a60072,N Wadhera,Powerplay,33,32,2,2,16,103.12,12.5,50.0,60.61,Recent Form (2024-2026)
d1c36f5c,JJ Roy,Death,66,55,7,1,19,120.0,14.55,34.55,51.52,Recent Form (2024-2026)
d1c36f5c,JJ Roy,Middle,490,375,41,18,119,130.67,15.73,31.73,55.51,Recent Form (2024-2026)
d1c36f5c,JJ Roy,Powerplay,381,336,49,10,169,113.39,17.56,50.3,67.19,Recent Form (2024-2026)
d2763568,DR Gibson,Death,77,48,10,1,15,160.42,22.92,31.25,59.74,Recent Form (2024-2026)
d2763568,DR Gibson,Middle,176,139,26,1,58,126.62,19.42,41.73,62.5,Recent Form (2024-2026)
d2b1f515,A Dercksen,Middle,26,28,2,0,11,92.86,7.14,39.29,30.77,Recent Form (2024-2026)
d2d15439,Aayan Afzal Khan,Death,50,42,2,2,10,119.05,9.52,23.81,40.0,Recent Form (2024-2026)
d32cf49a,HK Matthews,Death,49,33,7,1,11,148.48,24.24,33.33,69.39,Recent Form (2024-2026)
d32cf49a,HK Matthews,Middle,171,166,19,2,72,103.01,12.65,43.37,51.46,Recent Form (2024-2026)
d32cf49a,HK Matthews,Powerplay,237,220,35,2,117,107.73,16.82,53.18,64.14,Recent Form (2024-2026)
d34a2268,MDE Holden,Death,67,58,7,0,20,115.52,12.07,34.48,41.79,Recent Form (2024-2026)
d34a2268,MDE Holden,Middle,421,332,44,2,95,126.81,13.86,28.61,44.66,Recent Form (2024-2026)
d34a2268,MDE Holden,Powerplay,284,224,38,3,86,126.79,18.3,38.39,59.86,Recent Form (2024-2026)
d3a1c63d,T de Zorzi,Middle,72,47,8,3,18,153.19,23.4,38.3,69.44,Recent Form (2024-2026)
d3a1c63d,T de Zorzi,Powerplay,56,50,8,1,24,112.0,18.0,48.0,67.86,Recent Form (2024-2026)
d405c0d5,AM Hardie,Death,179,95,19,7,23,188.42,27.37,24.21,65.92,Recent Form (2024-2026)
d405c0d5,AM Hardie,Middle,388,322,28,14,115,120.5,13.04,35.71,50.52,Recent Form (2024-2026)
d405c0d5,AM Hardie,Powerplay,132,107,15,4,50,123.36,17.76,46.73,63.64,Recent Form (2024-2026)
d4550956,Ibrahim Zadran,Powerplay,22,28,2,1,17,78.57,10.71,60.71,63.64,Recent Form (2024-2026)
d5130a30,B Sai Sudharsan,Death,188,90,12,15,19,208.89,30.0,21.11,73.4,Recent Form (2024-2026)
d5130a30,B Sai Sudharsan,Middle,907,583,79,30,112,155.57,18.7,19.21,54.69,Recent Form (2024-2026)
d5130a30,B Sai Sudharsan,Powerplay,913,643,120,23,250,141.99,22.24,38.88,67.69,Recent Form (2024-2026)
d67d5f00,DA Miller,Death,751,432,51,50,122,173.84,23.38,28.24,67.11,Recent Form (2024-2026)
d67d5f00,DA Miller,Middle,839,671,71,29,231,125.04,14.9,34.43,54.59,Recent Form (2024-2026)
d67d5f00,DA Miller,Powerplay,62,36,4,5,15,172.22,25.0,41.67,74.19,Recent Form (2024-2026)
d6a9af83,PA Franklin,Death,32,34,2,0,12,94.12,5.88,35.29,25.0,Recent Form (2024-2026)
d7017798,A Raghuvanshi,Death,137,84,13,6,20,163.1,22.62,23.81,64.23,Recent Form (2024-2026)
d7017798,A Raghuvanshi,Middle,465,330,42,15,86,140.91,17.27,26.06,55.48,Recent Form (2024-2026)
d7017798,A Raghuvanshi,Powerplay,283,194,31,14,86,145.88,23.2,44.33,73.5,Recent Form (2024-2026)
d7725664,RA Reifer,Death,33,25,2,2,9,132.0,16.0,36.0,60.61,Recent Form (2024-2026)
d7ff1adc,CR Knott,Death,56,53,6,0,20,105.66,11.32,37.74,42.86,Recent Form (2024-2026)
d7ff1adc,CR Knott,Middle,179,141,25,2,53,126.95,19.15,37.59,62.57,Recent Form (2024-2026)
d7ff1adc,CR Knott,Powerplay,36,28,6,0,13,128.57,21.43,46.43,66.67,Recent Form (2024-2026)
d83c2dbe,K Pooran,Middle,66,41,7,3,12,160.98,24.39,29.27,69.7,Recent Form (2024-2026)
d83c2dbe,K Pooran,Powerplay,150,86,20,7,35,174.42,31.4,40.7,81.33,Recent Form (2024-2026)
d85b0f8b,M Gilkes,Death,31,25,3,0,9,124.0,12.0,36.0,38.71,Recent Form (2024-2026)
d85b0f8b,M Gilkes,Middle,112,82,6,5,27,136.59,13.41,32.93,48.21,Recent Form (2024-2026)
d85b0f8b,M Gilkes,Powerplay,246,162,26,10,61,151.85,22.22,37.65,66.67,Recent Form (2024-2026)
d8d67045,Akshat Raghuwanshi,Middle,29,25,1,1,7,116.0,8.0,28.0,34.48,Recent Form (2024-2026)
d9273ee7,MP Stoinis,Death,649,324,47,50,90,200.31,29.94,27.78,75.19,Recent Form (2024-2026)
d9273ee7,MP Stoinis,Middle,1147,892,97,43,311,128.59,15.7,34.87,56.32,Recent Form (2024-2026)
d9273ee7,MP Stoinis,Powerplay,307,268,40,10,145,114.55,18.66,54.1,71.66,Recent Form (2024-2026)
da4a1e46,M Spoors,Middle,55,58,3,2,26,94.83,8.62,44.83,43.64,Recent Form (2024-2026)
da934ee8,MK Lomror,Death,86,43,7,6,12,200.0,30.23,27.91,74.42,Recent Form (2024-2026)
da934ee8,MK Lomror,Middle,39,25,2,3,8,156.0,20.0,32.0,66.67,Recent Form (2024-2026)
db481029,Sunny Patel,Death,53,40,5,0,10,132.5,12.5,25.0,37.74,Recent Form (2024-2026)
db481029,Sunny Patel,Middle,44,38,5,1,15,115.79,15.79,39.47,59.09,Recent Form (2024-2026)
dbe50b21,HH Pandya,Death,270,175,20,15,54,154.29,20.0,30.86,62.96,Recent Form (2024-2026)
dbe50b21,HH Pandya,Middle,361,260,32,16,90,138.85,18.46,34.62,62.05,Recent Form (2024-2026)
dcabd6bc,BKEL Milantha,Middle,62,48,6,1,17,129.17,14.58,35.42,48.39,Recent Form (2024-2026)
dcce6f09,DA Warner,Death,217,110,21,9,18,197.27,27.27,16.36,63.59,Recent Form (2024-2026)
dcce6f09,DA Warner,Middle,509,350,56,12,101,145.43,19.43,28.86,58.15,Recent Form (2024-2026)
dcce6f09,DA Warner,Powerplay,691,540,77,23,245,127.96,18.52,45.37,64.54,Recent Form (2024-2026)
dd7e9b3b,YV Dhull,Powerplay,27,37,4,0,22,72.97,10.81,59.46,59.26,Recent Form (2024-2026)
de098678,RA Clarke,Middle,81,89,6,1,34,91.01,7.87,38.2,37.04,Recent Form (2024-2026)
de098678,RA Clarke,Powerplay,24,30,2,0,14,80.0,6.67,46.67,33.33,Recent Form (2024-2026)
de69af96,SFM Devine,Death,97,71,5,4,16,136.62,12.68,22.54,45.36,Recent Form (2024-2026)
de69af96,SFM Devine,Middle,268,216,19,12,80,124.07,14.35,37.04,55.22,Recent Form (2024-2026)
de69af96,SFM Devine,Powerplay,47,66,5,0,38,71.21,7.58,57.58,42.55,Recent Form (2024-2026)
ded9240e,PJ Cummins,Death,204,139,11,14,53,146.76,17.99,38.13,62.75,Recent Form (2024-2026)
ded9240e,PJ Cummins,Middle,92,63,6,7,27,146.03,20.63,42.86,71.74,Recent Form (2024-2026)
df5a6881,DP Conway,Death,66,38,5,2,2,173.68,18.42,5.26,48.48,Recent Form (2024-2026)
df5a6881,DP Conway,Middle,411,295,31,15,77,139.32,15.59,26.1,52.07,Recent Form (2024-2026)
df5a6881,DP Conway,Powerplay,490,399,63,9,174,122.81,18.05,43.61,62.45,Recent Form (2024-2026)
dff806f4,NJ Carey,Death,85,49,12,1,10,173.47,26.53,20.41,63.53,Recent Form (2024-2026)
dff806f4,NJ Carey,Middle,65,64,7,0,27,101.56,10.94,42.19,43.08,Recent Form (2024-2026)
e06f7116,Sujit Nayak,Middle,25,37,2,0,19,67.57,5.41,51.35,32.0,Recent Form (2024-2026)
e148e6bd,PR Veer,Death,47,39,4,2,17,120.51,15.38,43.59,59.57,Recent Form (2024-2026)
e148e6bd,PR Veer,Middle,43,28,6,1,8,153.57,25.0,28.57,69.77,Recent Form (2024-2026)
e19307f3,SN Luff,Middle,61,37,8,2,11,164.86,27.03,29.73,72.13,Recent Form (2024-2026)
e19307f3,SN Luff,Powerplay,43,36,8,0,17,119.44,22.22,47.22,74.42,Recent Form (2024-2026)
e1b9f3a9,BJ Dwarshuis,Death,252,135,14,18,33,186.67,23.7,24.44,65.08,Recent Form (2024-2026)
e1b9f3a9,BJ Dwarshuis,Middle,74,64,4,3,22,115.62,10.94,34.38,45.95,Recent Form (2024-2026)
e38bce7a,MG Bracewell,Death,124,92,8,6,32,134.78,15.22,34.78,54.84,Recent Form (2024-2026)
e38bce7a,MG Bracewell,Middle,158,136,10,5,43,116.18,11.03,31.62,44.3,Recent Form (2024-2026)
e3bf8356,KR Patterson,Middle,46,34,3,2,10,135.29,14.71,29.41,52.17,Recent Form (2024-2026)
e3bf8356,KR Patterson,Powerplay,84,68,5,2,21,123.53,10.29,30.88,38.1,Recent Form (2024-2026)
e4a0deae,MJ Santner,Death,175,117,13,8,31,149.57,17.95,26.5,57.14,Recent Form (2024-2026)
e4a0deae,MJ Santner,Middle,127,110,9,4,39,115.45,11.82,35.45,47.24,Recent Form (2024-2026)
e4cdf230,AS Roy,Death,40,26,2,2,7,153.85,15.38,26.92,50.0,Recent Form (2024-2026)
e5437608,GF Linde,Death,163,101,15,9,35,161.39,23.76,34.65,69.94,Recent Form (2024-2026)
e5437608,GF Linde,Middle,188,141,8,15,61,133.33,16.31,43.26,64.89,Recent Form (2024-2026)
e5b17517,IECM Wong,Death,51,45,3,1,17,113.33,8.89,37.78,35.29,Recent Form (2024-2026)
e5d452d7,Saif Badar,Death,67,39,2,6,11,171.79,20.51,28.21,65.67,Recent Form (2024-2026)
e5d452d7,Saif Badar,Middle,152,118,8,9,42,128.81,14.41,35.59,56.58,Recent Form (2024-2026)
e5d452d7,Saif Badar,Powerplay,67,68,8,2,37,98.53,14.71,54.41,65.67,Recent Form (2024-2026)
e60f81c9,L Wolvaardt,Death,102,69,12,1,16,147.83,18.84,23.19,52.94,Recent Form (2024-2026)
e60f81c9,L Wolvaardt,Middle,341,271,38,3,75,125.83,15.13,27.68,49.85,Recent Form (2024-2026)
e60f81c9,L Wolvaardt,Powerplay,208,182,32,3,93,114.29,19.23,51.1,70.19,Recent Form (2024-2026)
e62dd25d,K Rabada,Death,76,66,2,6,28,115.15,12.12,42.42,57.89,Recent Form (2024-2026)
e66732f8,RD Rickelton,Death,182,100,15,12,27,182.0,27.0,27.0,72.53,Recent Form (2024-2026)
e66732f8,RD Rickelton,Middle,716,402,49,50,105,178.11,24.63,26.12,69.27,Recent Form (2024-2026)
e66732f8,RD Rickelton,Powerplay,1227,783,126,74,339,156.7,25.54,43.3,77.26,Recent Form (2024-2026)
e69dbbef,KL George,Death,43,53,3,0,21,81.13,5.66,39.62,27.91,Recent Form (2024-2026)
e69dbbef,KL George,Middle,30,37,4,0,20,81.08,10.81,54.05,53.33,Recent Form (2024-2026)
e84ac20c,MJ Henry,Death,34,30,4,0,11,113.33,13.33,36.67,47.06,Recent Form (2024-2026)
e86754b2,TK Curran,Death,316,194,32,12,59,162.89,22.68,30.41,63.29,Recent Form (2024-2026)
e86754b2,TK Curran,Middle,88,87,8,1,33,101.15,10.34,37.93,43.18,Recent Form (2024-2026)
e87aeca2,J Hermann,Death,119,65,8,8,21,183.08,24.62,32.31,67.23,Recent Form (2024-2026)
e87aeca2,J Hermann,Middle,231,197,19,4,62,117.26,11.68,31.47,43.29,Recent Form (2024-2026)
e87aeca2,J Hermann,Powerplay,110,111,15,2,60,99.1,15.32,54.05,65.45,Recent Form (2024-2026)
e8a552ef,Usman Khan,Powerplay,44,32,3,3,14,137.5,18.75,43.75,68.18,Recent Form (2024-2026)
e94915e6,SM Curran,Death,515,271,30,37,67,190.04,24.72,24.72,66.41,Recent Form (2024-2026)
e94915e6,SM Curran,Middle,1176,872,78,51,264,134.86,14.79,30.28,52.55,Recent Form (2024-2026)
e94915e6,SM Curran,Powerplay,205,202,28,2,103,101.49,14.85,50.99,60.49,Recent Form (2024-2026)
e94bc520,OJ Pope,Death,85,55,5,2,10,154.55,12.73,18.18,37.65,Recent Form (2024-2026)
e94bc520,OJ Pope,Middle,209,175,16,3,49,119.43,10.86,28.0,39.23,Recent Form (2024-2026)
e94bc520,OJ Pope,Powerplay,47,51,5,1,25,92.16,11.76,49.02,55.32,Recent Form (2024-2026)
e94d2d50,NA McSweeney,Death,83,39,12,3,10,212.82,38.46,25.64,79.52,Recent Form (2024-2026)
e94d2d50,NA McSweeney,Middle,171,145,14,1,38,117.93,10.34,26.21,36.26,Recent Form (2024-2026)
e94d2d50,NA McSweeney,Powerplay,148,131,16,3,58,112.98,14.5,44.27,55.41,Recent Form (2024-2026)
e9987a94,C Overton,Death,124,75,10,5,17,165.33,20.0,22.67,56.45,Recent Form (2024-2026)
e9aaf862,M De Villiers,Middle,91,73,7,2,22,124.66,12.33,30.14,43.96,Recent Form (2024-2026)
e9aaf862,M De Villiers,Powerplay,54,53,11,0,33,101.89,20.75,62.26,81.48,Recent Form (2024-2026)
ea544967,N de Klerk,Death,93,49,4,7,11,189.8,22.45,22.45,62.37,Recent Form (2024-2026)
ea544967,N de Klerk,Middle,71,82,5,1,37,86.59,7.32,45.12,36.62,Recent Form (2024-2026)
ea9c54de,Fatima Sana,Death,26,27,2,0,10,96.3,7.41,37.04,30.77,Recent Form (2024-2026)
ea9c54de,Fatima Sana,Middle,31,26,6,0,13,119.23,23.08,50.0,77.42,Recent Form (2024-2026)
eaa76d3c,C Green,Death,178,100,15,9,22,178.0,24.0,22.0,64.04,Recent Form (2024-2026)
eaa76d3c,C Green,Middle,309,224,20,15,66,137.95,15.62,29.46,55.02,Recent Form (2024-2026)
eaa76d3c,C Green,Powerplay,90,75,9,3,34,120.0,16.0,45.33,60.0,Recent Form (2024-2026)
eade4650,DJ Mitchell,Death,80,65,6,1,15,123.08,10.77,23.08,37.5,Recent Form (2024-2026)
eade4650,DJ Mitchell,Middle,211,153,15,8,38,137.91,15.03,24.84,51.18,Recent Form (2024-2026)
eade4650,DJ Mitchell,Powerplay,112,86,13,2,30,130.23,17.44,34.88,57.14,Recent Form (2024-2026)
ebcfef83,Himmat Singh,Death,68,43,5,3,11,158.14,18.6,25.58,55.88,Recent Form (2024-2026)
ebcfef83,Himmat Singh,Middle,42,44,1,3,20,95.45,9.09,45.45,52.38,Recent Form (2024-2026)
ed2711ea,EM McCaughan,Powerplay,44,55,5,0,28,80.0,9.09,50.91,45.45,Recent Form (2024-2026)
edc7ddb6,J Weatherald,Powerplay,72,49,10,2,19,146.94,24.49,38.78,72.22,Recent Form (2024-2026)
ee8f1a6d,Azam Khan,Middle,62,56,3,3,23,110.71,10.71,41.07,48.39,Recent Form (2024-2026)
ee8f1a6d,Azam Khan,Powerplay,68,50,9,2,21,136.0,22.0,42.0,70.59,Recent Form (2024-2026)
ef9acbcc,C Esterhuizen,Middle,132,118,10,2,33,111.86,10.17,27.97,39.39,Recent Form (2024-2026)
ef9acbcc,C Esterhuizen,Powerplay,162,149,20,6,84,108.72,17.45,56.38,71.6,Recent Form (2024-2026)
efc04be7,Noor Ahmad,Death,56,67,3,3,41,83.58,8.96,61.19,53.57,Recent Form (2024-2026)
f05167d2,HJ Armitage,Death,53,44,5,0,13,120.45,11.36,29.55,37.74,Recent Form (2024-2026)
f05167d2,HJ Armitage,Middle,124,116,13,0,35,106.9,11.21,30.17,41.94,Recent Form (2024-2026)
f05167d2,HJ Armitage,Powerplay,77,87,11,0,48,88.51,12.64,55.17,57.14,Recent Form (2024-2026)
f088b960,SN Khan,Middle,51,41,7,1,17,124.39,19.51,41.46,66.67,Recent Form (2024-2026)
f088b960,SN Khan,Powerplay,83,44,13,3,18,188.64,36.36,40.91,84.34,Recent Form (2024-2026)
f0af99a7,D Ferreira,Death,870,435,45,77,131,200.0,28.05,30.11,73.79,Recent Form (2024-2026)
f0af99a7,D Ferreira,Middle,505,384,38,27,148,131.51,16.93,38.54,62.18,Recent Form (2024-2026)
f0b4e47d,G Wareham,Death,160,93,17,5,19,172.04,23.66,20.43,61.25,Recent Form (2024-2026)
f0b4e47d,G Wareham,Middle,86,88,9,0,33,97.73,10.23,37.5,41.86,Recent Form (2024-2026)
f13d3eba,KE Bryce,Death,52,54,3,0,21,96.3,5.56,38.89,23.08,Recent Form (2024-2026)
f13d3eba,KE Bryce,Middle,210,171,22,2,59,122.81,14.04,34.5,47.62,Recent Form (2024-2026)
f13d3eba,KE Bryce,Powerplay,57,66,7,0,36,86.36,10.61,54.55,49.12,Recent Form (2024-2026)
f19ccfad,Washington Sundar,Death,227,133,18,12,34,170.68,22.56,25.56,63.44,Recent Form (2024-2026)
f19ccfad,Washington Sundar,Middle,240,177,26,5,50,135.59,17.51,28.25,55.83,Recent Form (2024-2026)
f1c61793,JD Wildermuth,Middle,59,27,3,6,8,218.52,33.33,29.63,81.36,Recent Form (2024-2026)
f1c61793,JD Wildermuth,Powerplay,142,101,12,7,40,140.59,18.81,39.6,63.38,Recent Form (2024-2026)
f1f99156,TH David,Death,720,407,44,56,131,176.9,24.57,32.19,71.11,Recent Form (2024-2026)
f1f99156,TH David,Middle,851,588,59,50,196,144.73,18.54,33.33,62.98,Recent Form (2024-2026)
f1f99156,TH David,Powerplay,40,32,5,2,17,125.0,21.88,53.12,80.0,Recent Form (2024-2026)
f21043a5,MDKJ Perera,Middle,125,105,9,3,33,119.05,11.43,31.43,43.2,Recent Form (2024-2026)
f21043a5,MDKJ Perera,Powerplay,88,81,16,0,42,108.64,19.75,51.85,72.73,Recent Form (2024-2026)
f24c6701,M Theekshana,Death,46,49,3,2,24,93.88,10.2,48.98,52.17,Recent Form (2024-2026)
f29185a1,Abhishek Sharma,Middle,478,221,31,42,59,216.29,33.03,26.7,78.66,Recent Form (2024-2026)
f29185a1,Abhishek Sharma,Powerplay,972,494,97,70,183,196.76,33.81,37.04,83.13,Recent Form (2024-2026)
f2c936d7,MJ Owen,Middle,339,169,23,28,52,200.59,30.18,30.77,76.7,Recent Form (2024-2026)
f2c936d7,MJ Owen,Powerplay,1084,570,97,80,223,190.18,31.05,39.12,80.07,Recent Form (2024-2026)
f32012f4,M Bryant,Death,245,119,24,14,38,205.88,31.93,31.93,73.47,Recent Form (2024-2026)
f32012f4,M Bryant,Middle,234,175,12,12,57,133.71,13.71,32.57,51.28,Recent Form (2024-2026)
f3982af9,DP Hughes,Middle,56,39,7,2,14,143.59,23.08,35.9,71.43,Recent Form (2024-2026)
f3982af9,DP Hughes,Powerplay,150,120,18,4,53,125.0,18.33,44.17,64.0,Recent Form (2024-2026)
f422728b,H Kerr,Death,64,43,2,4,12,148.84,13.95,27.91,50.0,Recent Form (2024-2026)
f422728b,H Kerr,Middle,19,25,1,0,11,76.0,4.0,44.0,21.05,Recent Form (2024-2026)
f52fc698,ZN Carter,Middle,70,54,3,7,29,129.63,18.52,53.7,77.14,Recent Form (2024-2026)
f52fc698,ZN Carter,Powerplay,114,80,10,9,44,142.5,23.75,55.0,82.46,Recent Form (2024-2026)
f787e0eb,J Edwards,Death,81,56,6,4,19,144.64,17.86,33.93,59.26,Recent Form (2024-2026)
f787e0eb,J Edwards,Middle,191,137,14,9,45,139.42,16.79,32.85,57.59,Recent Form (2024-2026)
f787e0eb,J Edwards,Powerplay,115,94,12,4,40,122.34,17.02,42.55,62.61,Recent Form (2024-2026)
f834dcfc,L Ngidi,Death,16,27,1,0,15,59.26,3.7,55.56,25.0,Recent Form (2024-2026)
f836b33d,T Kohler-Cadmore,Death,143,111,10,6,38,128.83,14.41,34.23,53.15,Recent Form (2024-2026)
f836b33d,T Kohler-Cadmore,Middle,448,342,25,22,102,130.99,13.74,29.82,51.79,Recent Form (2024-2026)
f836b33d,T Kohler-Cadmore,Powerplay,386,348,46,12,182,110.92,16.67,52.3,66.32,Recent Form (2024-2026)
f89d3b11,Sameer Rizvi,Death,131,65,7,11,14,201.54,27.69,21.54,71.76,Recent Form (2024-2026)
f89d3b11,Sameer Rizvi,Middle,301,212,25,15,75,141.98,18.87,35.38,63.12,Recent Form (2024-2026)
f89d3b11,Sameer Rizvi,Powerplay,18,32,3,0,24,56.25,9.38,75.0,66.67,Recent Form (2024-2026)
f93b43dd,SK Patel,Powerplay,78,81,9,2,46,96.3,13.58,56.79,61.54,Recent Form (2024-2026)
f986ca1a,HV Patel,Death,31,40,2,0,17,77.5,5.0,42.5,25.81,Recent Form (2024-2026)
f9d99806,Tajinder Singh,Death,179,99,19,10,34,180.81,29.29,34.34,75.98,Recent Form (2024-2026)
f9d99806,Tajinder Singh,Middle,257,171,22,11,47,150.29,19.3,27.49,59.92,Recent Form (2024-2026)
f9d99806,Tajinder Singh,Powerplay,71,62,6,4,29,114.52,16.13,46.77,67.61,Recent Form (2024-2026)
f9e6e7ef,Shahbaz Ahmed,Death,199,129,9,15,41,154.26,18.6,31.78,63.32,Recent Form (2024-2026)
f9e6e7ef,Shahbaz Ahmed,Middle,136,119,5,6,36,114.29,9.24,30.25,41.18,Recent Form (2024-2026)
fa433be6,M Labuschagne,Middle,47,30,5,1,6,156.67,20.0,20.0,55.32,Recent Form (2024-2026)
fa4f5a0b,Ali Sheikh,Death,48,31,4,2,9,154.84,19.35,29.03,58.33,Recent Form (2024-2026)
fa4f5a0b,Ali Sheikh,Middle,37,39,2,2,18,94.87,10.26,46.15,54.05,Recent Form (2024-2026)
fb0d68b4,AI Ross,Death,75,46,4,5,13,163.04,19.57,28.26,61.33,Recent Form (2024-2026)
fb0d68b4,AI Ross,Middle,210,157,22,4,42,133.76,16.56,26.75,53.33,Recent Form (2024-2026)
fb2d1dda,N Rana,Middle,277,174,31,10,47,159.2,23.56,27.01,66.43,Recent Form (2024-2026)
fb2d1dda,N Rana,Powerplay,169,130,24,7,73,130.0,23.85,56.15,81.66,Recent Form (2024-2026)
fb501329,J Tromp,Middle,55,52,4,1,15,105.77,9.62,28.85,40.0,Recent Form (2024-2026)
fbd79b9b,LF Higham,Death,39,29,5,0,8,134.48,17.24,27.59,51.28,Recent Form (2024-2026)
fc55ec67,MR Adair,Death,82,65,7,2,21,126.15,13.85,32.31,48.78,Recent Form (2024-2026)
fc60e81a,B Parsons,Middle,90,67,4,4,16,134.33,11.94,23.88,44.44,Recent Form (2024-2026)
fc60e81a,B Parsons,Powerplay,134,116,14,5,55,115.52,16.38,47.41,64.18,Recent Form (2024-2026)
fcc21ace,A Kamboj,Death,55,44,4,2,14,125.0,13.64,31.82,50.91,Recent Form (2024-2026)
fdd837ba,TP Ward,Middle,56,35,3,3,8,160.0,17.14,22.86,53.57,Recent Form (2024-2026)
fdd837ba,TP Ward,Powerplay,144,112,16,5,50,128.57,18.75,44.64,65.28,Recent Form (2024-2026)
fe11caa6,WP Saha,Powerplay,130,105,18,3,46,123.81,20.0,43.81,69.23,Recent Form (2024-2026)
fe2ac1a8,TE Lawes,Death,20,26,1,1,14,76.92,7.69,53.85,50.0,Recent Form (2024-2026)
fe366f34,C Connolly,Death,197,91,13,15,18,216.48,30.77,19.78,72.08,Recent Form (2024-2026)
fe366f34,C Connolly,Middle,582,398,30,38,129,146.23,17.09,32.41,59.79,Recent Form (2024-2026)
fe366f34,C Connolly,Powerplay,328,283,39,13,155,115.9,18.37,54.77,71.34,Recent Form (2024-2026)
fe93fd9d,RA Jadeja,Death,383,245,28,15,51,156.33,17.55,20.82,52.74,Recent Form (2024-2026)
fe93fd9d,RA Jadeja,Middle,346,299,27,5,93,115.72,10.7,31.1,39.88,Recent Form (2024-2026)
fe93fd9d,RA Jadeja,Powerplay,105,62,16,3,24,169.35,30.65,38.71,78.1,Recent Form (2024-2026)
ff154ecd,JM Cox,Death,296,161,24,16,42,183.85,24.84,26.09,64.86,Recent Form (2024-2026)
ff154ecd,JM Cox,Middle,712,524,46,29,149,135.88,14.31,28.44,50.28,Recent Form (2024-2026)
ff154ecd,JM Cox,Powerplay,261,226,37,5,110,115.49,18.58,48.67,68.2,Recent Form (2024-2026)
ff1e12a0,AJ Turner,Death,242,144,19,12,38,168.06,21.53,26.39,61.16,Recent Form (2024-2026)
ff1e12a0,AJ Turner,Middle,448,291,37,18,75,153.95,18.9,25.77,57.14,Recent Form (2024-2026)
ffe699c0,CJ Jordan,Death,207,155,15,7,47,133.55,14.19,30.32,49.28,Recent Form (2024-2026)
ffe699c0,CJ Jordan,Middle,59,61,6,0,24,96.72,9.84,39.34,40.68,Recent Form (2024-2026)
fffa744b,Naman Dhir,Death,296,153,28,17,37,193.46,29.41,24.18,72.3,Recent Form (2024-2026)
fffa744b,Naman Dhir,Middle,249,164,21,11,41,151.83,19.51,25.0,60.24,Recent Form (2024-2026)
fffa744b,Naman Dhir,Powerplay,165,116,19,8,55,142.24,23.28,47.41,75.15,Recent Form (2024-2026)
