year,player_name,nationality,role,capped_status,base_price,base_price_currency,sold_price,sold_price_currency,team_name,source_file,player_name_canonical_id,player_name_canonical_name,player_name_mapping_method
2013,Christopher Morris,,All-Rounder,,,,625000.0,USD,Chennai Super Kings,IPL_Auction_2013_Sold_Player.csv,UNRESOLVED,Christopher Morris,unresolved
2013,Dirk Nannes,,Bowler,,,,600000.0,USD,Chennai Super Kings,IPL_Auction_2013_Sold_Player.csv,c404f58a,DP Nannes,surname_initials_matching
2013,Ben Laughlin,,Bowler,,,,20000.0,USD,Chennai Super Kings,IPL_Auction_2013_Sold_Player.csv,b2a79f17,B Laughlin,fuzzy_string_matching
2013,Akila Dananjaya,,All-Rounder,,,,20000.0,USD,Chennai Super Kings,IPL_Auction_2013_Sold_Player.csv,5b16a806,A Dananjaya,fuzzy_string_matching
2013,Jason Holder,,Bowler,,,,20000.0,USD,Chennai Super Kings,IPL_Auction_2013_Sold_Player.csv,0f721006,JO Holder,fuzzy_string_matching
2013,Johan Botha,,All-Rounder,,,,450000.0,USD,Delhi Daredevils,IPL_Auction_2013_Sold_Player.csv,UNRESOLVED,Johan Botha,unresolved
2013,Jesse Ryder,,All-Rounder,,,,260000.0,USD,Delhi Daredevils,IPL_Auction_2013_Sold_Player.csv,UNRESOLVED,Jesse Ryder,unresolved
2013,Jeevan Mendis,,All-Rounder,,,,50000.0,USD,Delhi Daredevils,IPL_Auction_2013_Sold_Player.csv,UNRESOLVED,Jeevan Mendis,unresolved
2013,Manpreet Gony,,Bowler,,,,500000.0,USD,Kings XI Punjab,IPL_Auction_2013_Sold_Player.csv,ae78bc32,MS Gony,surname_initials_matching
2013,Luke Pomersbach,,Batsman,,,,300000.0,USD,Kings XI Punjab,IPL_Auction_2013_Sold_Player.csv,b63ab531,LA Pomersbach,fuzzy_string_matching
2013,Sachithra Senanayaka,,All-Rounder,,,,625000.0,USD,Kolkata Knight Riders,IPL_Auction_2013_Sold_Player.csv,UNRESOLVED,Sachithra Senanayaka,unresolved
2013,Ryan McLaren,,Bowler,,,,50000.0,USD,Kolkata Knight Riders,IPL_Auction_2013_Sold_Player.csv,c654af19,R McLaren,fuzzy_string_matching
2013,Glenn Maxwell,,All-Rounder,,,,1000000.0,USD,Mumbai Indians,IPL_Auction_2013_Sold_Player.csv,b681e71e,GJ Maxwell,surname_initials_matching
2013,Nathan Coulter-Nile,,Bowler,,,,450000.0,USD,Mumbai Indians,IPL_Auction_2013_Sold_Player.csv,56ab442f,NM Coulter-Nile,fuzzy_string_matching
2013,Ricky Ponting,,Batsman,,,,400000.0,USD,Mumbai Indians,IPL_Auction_2013_Sold_Player.csv,7d415ea5,RT Ponting,fuzzy_string_matching
2013,Philip Hughes,,Batsman,,,,100000.0,USD,Mumbai Indians,IPL_Auction_2013_Sold_Player.csv,004c9e85,PJ Hughes,surname_initials_matching
2013,Jacob Oram,,All-Rounder,,,,50000.0,USD,Mumbai Indians,IPL_Auction_2013_Sold_Player.csv,3eac9d95,JDP Oram,surname_initials_matching
2013,Ajantha Mendis,,Bowler,,,,725000.0,USD,Pune Warriors India,IPL_Auction_2013_Sold_Player.csv,UNRESOLVED,Ajantha Mendis,unresolved
2013,Kane Richardson,,Bowler,,,,700000.0,USD,Pune Warriors India,IPL_Auction_2013_Sold_Player.csv,f308f629,A Richardson,fuzzy_string_matching
2013,Abhishek Nayar,,All-Rounder,,,,675000.0,USD,Pune Warriors India,IPL_Auction_2013_Sold_Player.csv,c8ded7bc,Abhishek Tanwar,fuzzy_string_matching
2013,Michael Clarke,,Batsman,,,,400000.0,USD,Pune Warriors India,IPL_Auction_2013_Sold_Player.csv,UNRESOLVED,Michael Clarke,unresolved
2013,James Faulkner,,All-Rounder,,,,400000.0,USD,Rajasthan Royals,IPL_Auction_2013_Sold_Player.csv,808f425a,JP Faulkner,surname_initials_matching
2013,Fidel Edwards,,Bowler,,,,210000.0,USD,Rajasthan Royals,IPL_Auction_2013_Sold_Player.csv,a7c226e1,FH Edwards,surname_initials_matching
2013,Kusal Janith Perera,,Wicket Keeper,,,,20000.0,USD,Rajasthan Royals,IPL_Auction_2013_Sold_Player.csv,UNRESOLVED,Kusal Janith Perera,unresolved
2013,Jaydev Unadkat,,Bowler,,,,525000.0,USD,Royal Challengers Bengaluru,IPL_Auction_2013_Sold_Player.csv,1e66c162,JD Unadkat,fuzzy_string_matching
2013,Rudra Pratap Singh,,Bowler,,,,400000.0,USD,Royal Challengers Bengaluru,IPL_Auction_2013_Sold_Player.csv,7700398a,R Pratap Singh,fuzzy_string_matching
2013,Moises Henriques,,All-Rounder,,,,300000.0,USD,Royal Challengers Bengaluru,IPL_Auction_2013_Sold_Player.csv,32198ae0,MC Henriques,fuzzy_string_matching
2013,Ravi Rampaul,,Bowler,,,,290000.0,USD,Royal Challengers Bengaluru,IPL_Auction_2013_Sold_Player.csv,d68e7f48,R Rampaul,fuzzy_string_matching
2013,Pankaj Singh,,Bowler,,,,150000.0,USD,Royal Challengers Bengaluru,IPL_Auction_2013_Sold_Player.csv,e32d22f6,Pankaj Singh,exact_match
2013,Daniel Christian,,All-Rounder,,,,100000.0,USD,Royal Challengers Bengaluru,IPL_Auction_2013_Sold_Player.csv,UNRESOLVED,Daniel Christian,unresolved
2013,Christopher Barnwell,,All-Rounder,,,,50000.0,USD,Royal Challengers Bengaluru,IPL_Auction_2013_Sold_Player.csv,0d51e658,CD Barnwell,surname_initials_matching
2013,Thisara Perera,,All-Rounder,,,,675000.0,USD,Sunrisers Hyderabad,IPL_Auction_2013_Sold_Player.csv,7af95dbb,Ishara Perera,fuzzy_string_matching
2013,Darren Sammy,,All-Rounder,,,,425000.0,USD,Sunrisers Hyderabad,IPL_Auction_2013_Sold_Player.csv,c03c6200,DJG Sammy,surname_initials_matching
2013,Sudeep Tyagi,,Bowler,,,,100000.0,USD,Sunrisers Hyderabad,IPL_Auction_2013_Sold_Player.csv,c24a2c5d,S Tyagi,surname_initials_matching
2013,Clinton McKay,,Bowler,,,,100000.0,USD,Sunrisers Hyderabad,IPL_Auction_2013_Sold_Player.csv,94eac556,CJ McKay,surname_initials_matching
2013,Nathan McCullum,,Bowler,,,,100000.0,USD,Sunrisers Hyderabad,IPL_Auction_2013_Sold_Player.csv,5673a3fc,NL McCullum,surname_initials_matching
2013,Quinton De Kock,,Wicket Keeper,,,,20000.0,USD,Sunrisers Hyderabad,IPL_Auction_2013_Sold_Player.csv,372455c4,Q de Kock,surname_initials_matching
2014,Faf Du Plessis,,Batsman,,,,47500000.0,INR,Chennai Super Kings,IPL_Auction_2014_Sold_Player.csv,3355b542,F du Plessis,fuzzy_string_matching
2014,Dwayne Smith,,Batsman,,,,45000000.0,INR,Chennai Super Kings,IPL_Auction_2014_Sold_Player.csv,6e1a8b04,Verdayne Smith,fuzzy_string_matching
2014,Brendon McCullum,,Wicket Keeper,,,,32500000.0,INR,Chennai Super Kings,IPL_Auction_2014_Sold_Player.csv,b8a55852,BB McCullum,surname_initials_matching
2014,Ashish Nehra,,Bowler,,,,20000000.0,INR,Chennai Super Kings,IPL_Auction_2014_Sold_Player.csv,96fd40ae,A Nehra,surname_initials_matching
2014,Mohit Sharma,,Bowler,,,,20000000.0,INR,Chennai Super Kings,IPL_Auction_2014_Sold_Player.csv,cd9f6505,Mohit Sharma,exact_match
2014,Ishwar Chandra Pandey,,Bowler,,,,15000000.0,INR,Chennai Super Kings,IPL_Auction_2014_Sold_Player.csv,UNRESOLVED,Ishwar Chandra Pandey,unresolved
2014,Ben Hilfenhaus,,Bowler,,,,10000000.0,INR,Chennai Super Kings,IPL_Auction_2014_Sold_Player.csv,f3171936,BW Hilfenhaus,fuzzy_string_matching
2014,John Hastings,,All-Rounder,,,,5000000.0,INR,Chennai Super Kings,IPL_Auction_2014_Sold_Player.csv,012829ff,JW Hastings,fuzzy_string_matching
2014,Samuel Badree,,Bowler,,,,3000000.0,INR,Chennai Super Kings,IPL_Auction_2014_Sold_Player.csv,76388dc8,S Badree,surname_initials_matching
2014,Matt Henry,,Bowler,,,,3000000.0,INR,Chennai Super Kings,IPL_Auction_2014_Sold_Player.csv,UNRESOLVED,Matt Henry,unresolved
2014,Mithun Manhas,,All-Rounder,,,,3000000.0,INR,Chennai Super Kings,IPL_Auction_2014_Sold_Player.csv,c42aaf71,M Manhas,surname_initials_matching
2014,Vijay Shankar,,All-Rounder,,,,1000000.0,INR,Chennai Super Kings,IPL_Auction_2014_Sold_Player.csv,0994d0ae,V Shankar,surname_initials_matching
2014,Ronit More,,Bowler,,,,1000000.0,INR,Chennai Super Kings,IPL_Auction_2014_Sold_Player.csv,b2b23612,RG More,surname_initials_matching
2014,Baba Aparajith,,Batsman,,,,1000000.0,INR,Chennai Super Kings,IPL_Auction_2014_Sold_Player.csv,5b627626,B Aparajith,fuzzy_string_matching
2014,Pawan Negi,,Bowler,,,,1000000.0,INR,Chennai Super Kings,IPL_Auction_2014_Sold_Player.csv,f62772e5,P Negi,surname_initials_matching
2014,Dinesh Karthik,,Wicket Keeper,,,,125000000.0,INR,Delhi Daredevils,IPL_Auction_2014_Sold_Player.csv,UNRESOLVED,Dinesh Karthik,unresolved
2014,Kevin Pietersen,,Batsman,,,,90000000.0,INR,Delhi Daredevils,IPL_Auction_2014_Sold_Player.csv,39f01cdb,KP Pietersen,surname_initials_matching
2014,Murali Vijay,,Batsman,,,,50000000.0,INR,Delhi Daredevils,IPL_Auction_2014_Sold_Player.csv,4b57e452,M Vijay,surname_initials_matching
2014,Mohammad Shami,,Bowler,,,,42500000.0,INR,Delhi Daredevils,IPL_Auction_2014_Sold_Player.csv,68ddabdb,Mohammad Sami,fuzzy_string_matching
2014,Nathan Coulter-Nile,,Bowler,,,,42500000.0,INR,Delhi Daredevils,IPL_Auction_2014_Sold_Player.csv,56ab442f,NM Coulter-Nile,fuzzy_string_matching
2014,Quinton De Kock,,Wicket Keeper,,,,35000000.0,INR,Delhi Daredevils,IPL_Auction_2014_Sold_Player.csv,372455c4,Q de Kock,surname_initials_matching
2014,Manoj Tiwary,,Batsman,,,,28000000.0,INR,Delhi Daredevils,IPL_Auction_2014_Sold_Player.csv,26e5cabf,MK Tiwary,surname_initials_matching
2014,Jaydev Unadkat,,Bowler,,,,28000000.0,INR,Delhi Daredevils,IPL_Auction_2014_Sold_Player.csv,1e66c162,JD Unadkat,fuzzy_string_matching
2014,Jean-Paul Duminy,,Batsman,,,,22000000.0,INR,Delhi Daredevils,IPL_Auction_2014_Sold_Player.csv,UNRESOLVED,Jean-Paul Duminy,unresolved
2014,Ross Taylor,,Batsman,,,,20000000.0,INR,Delhi Daredevils,IPL_Auction_2014_Sold_Player.csv,b9539fb8,S Taylor,fuzzy_string_matching
2014,Kedar Jadhav,,Batsman,,,,20000000.0,INR,Delhi Daredevils,IPL_Auction_2014_Sold_Player.csv,6c18c062,KA Jadhav,fuzzy_string_matching
2014,Rahul Sharma,,Bowler,,,,19000000.0,INR,Delhi Daredevils,IPL_Auction_2014_Sold_Player.csv,714cf6e4,Rahul Sharma,exact_match
2014,Mayank Agarwal,,Batsman,,,,16000000.0,INR,Delhi Daredevils,IPL_Auction_2014_Sold_Player.csv,a457cfb5,Mayank Dagar,fuzzy_string_matching
2014,Laxmi Ratan Shukla,,All-Rounder,,,,15000000.0,INR,Delhi Daredevils,IPL_Auction_2014_Sold_Player.csv,b1451597,LR Shukla,surname_initials_matching
2014,James Neesham,,All-Rounder,,,,10000000.0,INR,Delhi Daredevils,IPL_Auction_2014_Sold_Player.csv,9219eff0,JDS Neesham,fuzzy_string_matching
2014,Wayne Parnell,,Bowler,,,,10000000.0,INR,Delhi Daredevils,IPL_Auction_2014_Sold_Player.csv,3a60e0b5,WD Parnell,fuzzy_string_matching
2014,Shahbaz Nadeem,,Bowler,,,,8500000.0,INR,Delhi Daredevils,IPL_Auction_2014_Sold_Player.csv,9d80c5e1,S Nadeem,surname_initials_matching
2014,Saurabh Tiwary,,Batsman,,,,7000000.0,INR,Delhi Daredevils,IPL_Auction_2014_Sold_Player.csv,709b0bac,SS Tiwary,surname_initials_matching
2014,Siddarth Kaul,,Bowler,,,,4500000.0,INR,Delhi Daredevils,IPL_Auction_2014_Sold_Player.csv,dcf81436,S Kaul,surname_initials_matching
2014,Rahul Shukla,,Bowler,,,,4000000.0,INR,Delhi Daredevils,IPL_Auction_2014_Sold_Player.csv,UNRESOLVED,Rahul Shukla,unresolved
2014,Jayant Yadav,,All-Rounder,,,,1000000.0,INR,Delhi Daredevils,IPL_Auction_2014_Sold_Player.csv,c6355538,Mayan Yadav,fuzzy_string_matching
2014,HS Sharath,,Bowler,,,,1000000.0,INR,Delhi Daredevils,IPL_Auction_2014_Sold_Player.csv,UNRESOLVED,HS Sharath,unresolved
2014,Milind Kumar,,Batsman,,,,1000000.0,INR,Delhi Daredevils,IPL_Auction_2014_Sold_Player.csv,b4296080,Milind Kumar,exact_match
2014,Mitchell Johnson,,All-Rounder,,,,65000000.0,INR,Kings XI Punjab,IPL_Auction_2014_Sold_Player.csv,UNRESOLVED,Mitchell Johnson,unresolved
2014,Glenn Maxwell,,All-Rounder,,,,60000000.0,INR,Kings XI Punjab,IPL_Auction_2014_Sold_Player.csv,b681e71e,GJ Maxwell,surname_initials_matching
2014,George Bailey,,Batsman,,,,32500000.0,INR,Kings XI Punjab,IPL_Auction_2014_Sold_Player.csv,5056011d,GJ Bailey,surname_initials_matching
2014,Virender Sehwag,,Batsman,,,,32000000.0,INR,Kings XI Punjab,IPL_Auction_2014_Sold_Player.csv,8ba8195d,V Sehwag,surname_initials_matching
2014,Rishi Dhawan,,All-Rounder,,,,30000000.0,INR,Kings XI Punjab,IPL_Auction_2014_Sold_Player.csv,UNRESOLVED,Rishi Dhawan,unresolved
2014,Wriddhiman Saha,,Wicket Keeper,,,,22000000.0,INR,Kings XI Punjab,IPL_Auction_2014_Sold_Player.csv,fe11caa6,WP Saha,surname_initials_matching
2014,Shaun Marsh,,Batsman,,,,22000000.0,INR,Kings XI Punjab,IPL_Auction_2014_Sold_Player.csv,508a1ea7,SE Marsh,surname_initials_matching
2014,Cheteshwar Pujara,,Batsman,,,,19000000.0,INR,Kings XI Punjab,IPL_Auction_2014_Sold_Player.csv,d4f9dbd4,CA Pujara,surname_initials_matching
2014,Beuran Hendricks,,Bowler,,,,18000000.0,INR,Kings XI Punjab,IPL_Auction_2014_Sold_Player.csv,b56dc5f7,BE Hendricks,fuzzy_string_matching
2014,Lakshmipathy Balaji,,Bowler,,,,18000000.0,INR,Kings XI Punjab,IPL_Auction_2014_Sold_Player.csv,b2b50355,L Balaji,surname_initials_matching
2014,Thisara Perera,,All-Rounder,,,,16000000.0,INR,Kings XI Punjab,IPL_Auction_2014_Sold_Player.csv,7af95dbb,Ishara Perera,fuzzy_string_matching
2014,Gurkirat Singh Mann,,Batsman,,,,13000000.0,INR,Kings XI Punjab,IPL_Auction_2014_Sold_Player.csv,UNRESOLVED,Gurkirat Singh Mann,unresolved
2014,Murali Kartik,,Bowler,,,,10000000.0,INR,Kings XI Punjab,IPL_Auction_2014_Sold_Player.csv,abfeb126,M Kartik,surname_initials_matching
2014,Sandeep Sharma,,Bowler,,,,8500000.0,INR,Kings XI Punjab,IPL_Auction_2014_Sold_Player.csv,ce820073,Sandeep Sharma,exact_match
2014,Mandeep Hardev Singh,,All-Rounder,,,,8000000.0,INR,Kings XI Punjab,IPL_Auction_2014_Sold_Player.csv,UNRESOLVED,Mandeep Hardev Singh,unresolved
2014,Akshar Rajesh Patel,,All-Rounder,,,,7500000.0,INR,Kings XI Punjab,IPL_Auction_2014_Sold_Player.csv,UNRESOLVED,Akshar Rajesh Patel,unresolved
2014,Parvinder Awana,,Bowler,,,,6500000.0,INR,Kings XI Punjab,IPL_Auction_2014_Sold_Player.csv,1a0c3177,P Awana,surname_initials_matching
2014,Shardul Narendra Thakur,,Bowler,,,,2000000.0,INR,Kings XI Punjab,IPL_Auction_2014_Sold_Player.csv,UNRESOLVED,Shardul Narendra Thakur,unresolved
2014,Anureet Singh,,Bowler,,,,2000000.0,INR,Kings XI Punjab,IPL_Auction_2014_Sold_Player.csv,69be866a,Anureet Singh,exact_match
2014,Shivam Sharma,,Bowler,,,,1000000.0,INR,Kings XI Punjab,IPL_Auction_2014_Sold_Player.csv,6f49cc6e,Shivam Sharma,fuzzy_string_matching
2014,Karanveer Singh,,All-Rounder,,,,1000000.0,INR,Kings XI Punjab,IPL_Auction_2014_Sold_Player.csv,1647bd37,Karanveer Singh,exact_match
2014,Jacques Kallis,,All-Rounder,,,,55000000.0,INR,Kolkata Knight Riders,IPL_Auction_2014_Sold_Player.csv,86dc8f2e,JH Kallis,surname_initials_matching
2014,Robin Uthappa,,Batsman,,,,50000000.0,INR,Kolkata Knight Riders,IPL_Auction_2014_Sold_Player.csv,1c17e270,RV Uthappa,fuzzy_string_matching
2014,Piyush Chawla,,Bowler,,,,42500000.0,INR,Kolkata Knight Riders,IPL_Auction_2014_Sold_Player.csv,98ae73b1,PP Chawla,surname_initials_matching
2014,Yusuf Pathan,,All-Rounder,,,,32500000.0,INR,Kolkata Knight Riders,IPL_Auction_2014_Sold_Player.csv,3c6ffae8,YK Pathan,surname_initials_matching
2014,Shakib Al Hasan,,All-Rounder,,,,28000000.0,INR,Kolkata Knight Riders,IPL_Auction_2014_Sold_Player.csv,7dc35884,Shakib Al Hasan,exact_match
2014,Morne Morkel,,Bowler,,,,28000000.0,INR,Kolkata Knight Riders,IPL_Auction_2014_Sold_Player.csv,UNRESOLVED,Morne Morkel,unresolved
2014,Ranganath Vinay Kumar,,Bowler,,,,28000000.0,INR,Kolkata Knight Riders,IPL_Auction_2014_Sold_Player.csv,UNRESOLVED,Ranganath Vinay Kumar,unresolved
2014,Umesh Yadav,,Bowler,,,,26000000.0,INR,Kolkata Knight Riders,IPL_Auction_2014_Sold_Player.csv,UNRESOLVED,Umesh Yadav,unresolved
2014,Manish Pandey,,Batsman,,,,17000000.0,INR,Kolkata Knight Riders,IPL_Auction_2014_Sold_Player.csv,93b4fc78,MK Pandey,surname_initials_matching
2014,Chris Lynn,,Batsman,,,,13000000.0,INR,Kolkata Knight Riders,IPL_Auction_2014_Sold_Player.csv,45eda7c8,CA Lynn,surname_initials_matching
2014,Patrick Cummins,,Bowler,,,,10000000.0,INR,Kolkata Knight Riders,IPL_Auction_2014_Sold_Player.csv,ded9240e,PJ Cummins,surname_initials_matching
2014,Ryan Ten Doeschate,,All-Rounder,,,,10000000.0,INR,Kolkata Knight Riders,IPL_Auction_2014_Sold_Player.csv,4ec07775,RN ten Doeschate,fuzzy_string_matching
2014,Suryakumar Yadav,,Batsman,,,,7000000.0,INR,Kolkata Knight Riders,IPL_Auction_2014_Sold_Player.csv,a5501504,Akshaykumar Yadav,fuzzy_string_matching
2014,Andre Russell,,All-Rounder,,,,6000000.0,INR,Kolkata Knight Riders,IPL_Auction_2014_Sold_Player.csv,bbd41817,AD Russell,fuzzy_string_matching
2014,Manvinder Bisla,,Wicket Keeper,,,,6000000.0,INR,Kolkata Knight Riders,IPL_Auction_2014_Sold_Player.csv,5afd4539,MS Bisla,surname_initials_matching
2014,Veer Pratap Singh,,Bowler,,,,4000000.0,INR,Kolkata Knight Riders,IPL_Auction_2014_Sold_Player.csv,7700398a,R Pratap Singh,fuzzy_string_matching
2014,Kuldeep Singh Yadav,,Bowler,,,,4000000.0,INR,Kolkata Knight Riders,IPL_Auction_2014_Sold_Player.csv,UNRESOLVED,Kuldeep Singh Yadav,unresolved
2014,Debabrata Das,,Wicket Keeper,,,,2000000.0,INR,Kolkata Knight Riders,IPL_Auction_2014_Sold_Player.csv,UNRESOLVED,Debabrata Das,unresolved
2014,Sayan Sekhar Mandal,,All-Rounder,,,,1000000.0,INR,Kolkata Knight Riders,IPL_Auction_2014_Sold_Player.csv,fac3af0f,SN Mandal,surname_initials_matching
2014,Michael Hussey,,Batsman,,,,50000000.0,INR,Mumbai Indians,IPL_Auction_2014_Sold_Player.csv,48fd7349,MEK Hussey,surname_initials_matching
2014,Corey Anderson,,All-Rounder,,,,45000000.0,INR,Mumbai Indians,IPL_Auction_2014_Sold_Player.csv,4d277218,C Anderson,fuzzy_string_matching
2014,Pragyan Ojha,,Bowler,,,,32500000.0,INR,Mumbai Indians,IPL_Auction_2014_Sold_Player.csv,6c6591ab,PP Ojha,surname_initials_matching
2014,Zaheer Khan,,Bowler,,,,26000000.0,INR,Mumbai Indians,IPL_Auction_2014_Sold_Player.csv,fb0d3749,Zameer Khan,fuzzy_string_matching
2014,Aditya Tare,,Wicket Keeper,,,,16000000.0,INR,Mumbai Indians,IPL_Auction_2014_Sold_Player.csv,855a210c,AP Tare,surname_initials_matching
2014,Jasprit Bumrah,,Bowler,,,,12000000.0,INR,Mumbai Indians,IPL_Auction_2014_Sold_Player.csv,462411b3,JJ Bumrah,surname_initials_matching
2014,Jalaj Saxena,,All-Rounder,,,,9000000.0,INR,Mumbai Indians,IPL_Auction_2014_Sold_Player.csv,249abedf,Jalaj S Saxena,fuzzy_string_matching
2014,Josh Hazlewood,,Bowler,,,,5000000.0,INR,Mumbai Indians,IPL_Auction_2014_Sold_Player.csv,03806cf8,JR Hazlewood,fuzzy_string_matching
2014,Marchant De Lange,,Bowler,,,,3000000.0,INR,Mumbai Indians,IPL_Auction_2014_Sold_Player.csv,d4eef961,M de Lange,surname_initials_matching
2014,Krismar Santokie,,Bowler,,,,3000000.0,INR,Mumbai Indians,IPL_Auction_2014_Sold_Player.csv,531f0278,K Santokie,surname_initials_matching
2014,Ben Dunk,,Wicket Keeper,,,,2000000.0,INR,Mumbai Indians,IPL_Auction_2014_Sold_Player.csv,272d796e,BR Dunk,surname_initials_matching
2014,C.M. Gautam,,Wicket Keeper,,,,2000000.0,INR,Mumbai Indians,IPL_Auction_2014_Sold_Player.csv,30a2649b,CM Gautam,fuzzy_string_matching
2014,Apoorv Vijay Wankhade,,Batsman,,,,1000000.0,INR,Mumbai Indians,IPL_Auction_2014_Sold_Player.csv,5708d0b6,AV Wankhade,surname_initials_matching
2014,Pawan Suyal,,Bowler,,,,1000000.0,INR,Mumbai Indians,IPL_Auction_2014_Sold_Player.csv,cedc1d9a,P Suyal,surname_initials_matching
2014,Sushant Marathe,,Wicket Keeper,,,,1000000.0,INR,Mumbai Indians,IPL_Auction_2014_Sold_Player.csv,UNRESOLVED,Sushant Marathe,unresolved
2014,Shreyas Gopal,,Bowler,,,,1000000.0,INR,Mumbai Indians,IPL_Auction_2014_Sold_Player.csv,7a8bd078,S Gopal,surname_initials_matching
2014,Steven Smith,,All-Rounder,,,,40000000.0,INR,Rajasthan Royals,IPL_Auction_2014_Sold_Player.csv,UNRESOLVED,Steven Smith,unresolved
2014,Brad Hodge,,Batsman,,,,24000000.0,INR,Rajasthan Royals,IPL_Auction_2014_Sold_Player.csv,b57f8a9a,BJ Hodge,surname_initials_matching
2014,Rajat Bhatia,,All-Rounder,,,,17000000.0,INR,Rajasthan Royals,IPL_Auction_2014_Sold_Player.csv,UNRESOLVED,Rajat Bhatia,unresolved
2014,Tim Southee,,Bowler,,,,12000000.0,INR,Rajasthan Royals,IPL_Auction_2014_Sold_Player.csv,13c35c9e,TG Southee,fuzzy_string_matching
2014,Dhawal Kulkarni,,Bowler,,,,11000000.0,INR,Rajasthan Royals,IPL_Auction_2014_Sold_Player.csv,2d140b79,AA Kulkarni,fuzzy_string_matching
2014,Abhishek Nayar,,All-Rounder,,,,10000000.0,INR,Rajasthan Royals,IPL_Auction_2014_Sold_Player.csv,c8ded7bc,Abhishek Tanwar,fuzzy_string_matching
2014,Kane Richardson,,Bowler,,,,10000000.0,INR,Rajasthan Royals,IPL_Auction_2014_Sold_Player.csv,f308f629,A Richardson,fuzzy_string_matching
2014,Ben Cutting,,Bowler,,,,8000000.0,INR,Rajasthan Royals,IPL_Auction_2014_Sold_Player.csv,2e11c706,BCJ Cutting,fuzzy_string_matching
2014,Karun Nair,,Batsman,,,,7500000.0,INR,Rajasthan Royals,IPL_Auction_2014_Sold_Player.csv,06907633,AR Nair,fuzzy_string_matching
2014,Unmukt Chand,,Batsman,,,,6500000.0,INR,Rajasthan Royals,IPL_Auction_2014_Sold_Player.csv,0c94f480,UBT Chand,surname_initials_matching
2014,Iqbal Abdullah,,All-Rounder,,,,6500000.0,INR,Rajasthan Royals,IPL_Auction_2014_Sold_Player.csv,85aae393,Iqbal Abdulla,fuzzy_string_matching
2014,Deepak Hooda,,Bowler,,,,4000000.0,INR,Rajasthan Royals,IPL_Auction_2014_Sold_Player.csv,73ad96ed,DJ Hooda,surname_initials_matching
2014,Dishant Yagnik,,Wicket Keeper,,,,3000000.0,INR,Rajasthan Royals,IPL_Auction_2014_Sold_Player.csv,063b3673,DH Yagnik,fuzzy_string_matching
2014,Kevon Cooper,,All-Rounder,,,,3000000.0,INR,Rajasthan Royals,IPL_Auction_2014_Sold_Player.csv,557153ca,KK Cooper,surname_initials_matching
2014,Vikramjeet Malik,,Bowler,,,,2000000.0,INR,Rajasthan Royals,IPL_Auction_2014_Sold_Player.csv,7d4a4371,Ranjeet Mali,fuzzy_string_matching
2014,Ankit Nagendra Sharma,,Bowler,,,,1000000.0,INR,Rajasthan Royals,IPL_Auction_2014_Sold_Player.csv,UNRESOLVED,Ankit Nagendra Sharma,unresolved
2014,Rahul Tewatia,,All-Rounder,,,,1000000.0,INR,Rajasthan Royals,IPL_Auction_2014_Sold_Player.csv,39a2dfa8,R Tewatia,surname_initials_matching
2014,Ankush Bains,,Wicket Keeper,,,,1000000.0,INR,Rajasthan Royals,IPL_Auction_2014_Sold_Player.csv,cb932841,AKS Bains,fuzzy_string_matching
2014,Amit Mishra,,Bowler,,,,1000000.0,INR,Rajasthan Royals,IPL_Auction_2014_Sold_Player.csv,1d8388eb,Amit Mishra,fuzzy_string_matching
2014,Pravin Tambe,,Bowler,,,,1000000.0,INR,Rajasthan Royals,IPL_Auction_2014_Sold_Player.csv,6aed7e79,PV Tambe,fuzzy_string_matching
2014,Yuvraj Singh,,All-Rounder,,,,140000000.0,INR,Royal Challengers Bengaluru,IPL_Auction_2014_Sold_Player.csv,1c914163,Yuvraj Singh,fuzzy_string_matching
2014,Mitchell Starc,,Bowler,,,,50000000.0,INR,Royal Challengers Bengaluru,IPL_Auction_2014_Sold_Player.csv,3fb19989,MA Starc,surname_initials_matching
2014,Albie Morkel,,All-Rounder,,,,24000000.0,INR,Royal Challengers Bengaluru,IPL_Auction_2014_Sold_Player.csv,UNRESOLVED,Albie Morkel,unresolved
2014,Varun Aaron,,Bowler,,,,20000000.0,INR,Royal Challengers Bengaluru,IPL_Auction_2014_Sold_Player.csv,0a3d54b9,VR Aaron,fuzzy_string_matching
2014,Ashok Dinda,,Bowler,,,,15000000.0,INR,Royal Challengers Bengaluru,IPL_Auction_2014_Sold_Player.csv,66b30f71,AB Dinda,surname_initials_matching
2014,Parthiv Patel,,Wicket Keeper,,,,14000000.0,INR,Royal Challengers Bengaluru,IPL_Auction_2014_Sold_Player.csv,UNRESOLVED,Parthiv Patel,unresolved
2014,Muttiah Muralitharan,,Bowler,,,,10000000.0,INR,Royal Challengers Bengaluru,IPL_Auction_2014_Sold_Player.csv,4ba44e19,M Muralitharan,fuzzy_string_matching
2014,Ravi Rampaul,,Bowler,,,,9000000.0,INR,Royal Challengers Bengaluru,IPL_Auction_2014_Sold_Player.csv,d68e7f48,R Rampaul,fuzzy_string_matching
2014,Nic Maddinson,,Batsman,,,,5000000.0,INR,Royal Challengers Bengaluru,IPL_Auction_2014_Sold_Player.csv,44afbf2d,NJ Maddinson,fuzzy_string_matching
2014,Harshal Patel,,Bowler,,,,4000000.0,INR,Royal Challengers Bengaluru,IPL_Auction_2014_Sold_Player.csv,UNRESOLVED,Harshal Patel,unresolved
2014,Vijay Zol,,Batsman,,,,3000000.0,INR,Royal Challengers Bengaluru,IPL_Auction_2014_Sold_Player.csv,6dbcf855,VH Zol,surname_initials_matching
2014,Abu Nechim Ahmed,,Bowler,,,,3000000.0,INR,Royal Challengers Bengaluru,IPL_Auction_2014_Sold_Player.csv,UNRESOLVED,Abu Nechim Ahmed,unresolved
2014,Sachin Rana,,Bowler,,,,2000000.0,INR,Royal Challengers Bengaluru,IPL_Auction_2014_Sold_Player.csv,UNRESOLVED,Sachin Rana,unresolved
2014,Shadab Jakati,,Bowler,,,,2000000.0,INR,Royal Challengers Bengaluru,IPL_Auction_2014_Sold_Player.csv,c8179c68,SB Jakati,surname_initials_matching
2014,Sandeep Warrier,,Bowler,,,,1000000.0,INR,Royal Challengers Bengaluru,IPL_Auction_2014_Sold_Player.csv,cdc6bdba,S Sandeep Warrier,fuzzy_string_matching
2014,Tanmay Mishra,,Batsman,,,,1000000.0,INR,Royal Challengers Bengaluru,IPL_Auction_2014_Sold_Player.csv,c9cac448,T Mishra,surname_initials_matching
2014,Yogesh Takawale,,Wicket Keeper,,,,1000000.0,INR,Royal Challengers Bengaluru,IPL_Auction_2014_Sold_Player.csv,4e04666c,YV Takawale,surname_initials_matching
2014,Yuzvendra Singh Chahal,,Bowler,,,,1000000.0,INR,Royal Challengers Bengaluru,IPL_Auction_2014_Sold_Player.csv,57ee1fde,YS Chahal,surname_initials_matching
2014,David Warner,,Batsman,,,,55000000.0,INR,Sunrisers Hyderabad,IPL_Auction_2014_Sold_Player.csv,dcce6f09,DA Warner,fuzzy_string_matching
2014,Amit Mishra,,Bowler,,,,47500000.0,INR,Sunrisers Hyderabad,IPL_Auction_2014_Sold_Player.csv,1d8388eb,Amit Mishra,fuzzy_string_matching
2014,Bhuvneshwar Kumar,,Bowler,,,,42500000.0,INR,Sunrisers Hyderabad,IPL_Auction_2014_Sold_Player.csv,UNRESOLVED,Bhuvneshwar Kumar,unresolved
2014,Aaron Finch,,Batsman,,,,40000000.0,INR,Sunrisers Hyderabad,IPL_Auction_2014_Sold_Player.csv,UNRESOLVED,Aaron Finch,unresolved
2014,Karn Sharma,,Bowler,,,,37500000.0,INR,Sunrisers Hyderabad,IPL_Auction_2014_Sold_Player.csv,1ba16d18,Tarun Sharma,fuzzy_string_matching
2014,Darren Sammy,,All-Rounder,,,,35000000.0,INR,Sunrisers Hyderabad,IPL_Auction_2014_Sold_Player.csv,c03c6200,DJG Sammy,surname_initials_matching
2014,Ishant Sharma,,Bowler,,,,26000000.0,INR,Sunrisers Hyderabad,IPL_Auction_2014_Sold_Player.csv,ae85a996,Siddhant Sharma,fuzzy_string_matching
2014,Irfan Pathan,,All-Rounder,,,,24000000.0,INR,Sunrisers Hyderabad,IPL_Auction_2014_Sold_Player.csv,5fa06777,IK Pathan,surname_initials_matching
2014,Moises Henriques,,All-Rounder,,,,10000000.0,INR,Sunrisers Hyderabad,IPL_Auction_2014_Sold_Player.csv,32198ae0,MC Henriques,fuzzy_string_matching
2014,KL Rahul,,Batsman,,,,10000000.0,INR,Sunrisers Hyderabad,IPL_Auction_2014_Sold_Player.csv,b17e2f24,KL Rahul,exact_match
2014,Parveez Rasool,,All-Rounder,,,,9500000.0,INR,Sunrisers Hyderabad,IPL_Auction_2014_Sold_Player.csv,9170ff49,Parvez Rasool,fuzzy_string_matching
2014,Jason Holder,,Bowler,,,,7500000.0,INR,Sunrisers Hyderabad,IPL_Auction_2014_Sold_Player.csv,0f721006,JO Holder,fuzzy_string_matching
2014,Venugopal Rao,,Batsman,,,,5500000.0,INR,Sunrisers Hyderabad,IPL_Auction_2014_Sold_Player.csv,fe763256,Y Venugopal Rao,fuzzy_string_matching
2014,Naman Ojha,,Wicket Keeper,,,,5000000.0,INR,Sunrisers Hyderabad,IPL_Auction_2014_Sold_Player.csv,890946a0,NV Ojha,surname_initials_matching
2014,Brendan Taylor,,Wicket Keeper,,,,3000000.0,INR,Sunrisers Hyderabad,IPL_Auction_2014_Sold_Player.csv,05e452c9,Brian Taylor,fuzzy_string_matching
2014,Prasanth Parameswaran,,Bowler,,,,3000000.0,INR,Sunrisers Hyderabad,IPL_Auction_2014_Sold_Player.csv,0c432afb,P Parameswaran,fuzzy_string_matching
2014,Amit Paunikar,,Wicket Keeper,,,,2000000.0,INR,Sunrisers Hyderabad,IPL_Auction_2014_Sold_Player.csv,3a02626a,AG Paunikar,fuzzy_string_matching
2014,Ashish Reddy,,Bowler,,,,2000000.0,INR,Sunrisers Hyderabad,IPL_Auction_2014_Sold_Player.csv,1c2a64cd,A Ashish Reddy,fuzzy_string_matching
2014,Srikkanth Anirudha,,Batsman,,,,2000000.0,INR,Sunrisers Hyderabad,IPL_Auction_2014_Sold_Player.csv,95a2ea61,S Anirudha,surname_initials_matching
2014,Ricky Bhui,,Batsman,,,,1000000.0,INR,Sunrisers Hyderabad,IPL_Auction_2014_Sold_Player.csv,b63e358a,RK Bhui,fuzzy_string_matching
2014,Chama Milind,,Bowler,,,,1000000.0,INR,Sunrisers Hyderabad,IPL_Auction_2014_Sold_Player.csv,7b5b6311,CV Milind,surname_initials_matching
2014,Manprit Juneja,,Batsman,,,,1000000.0,INR,Sunrisers Hyderabad,IPL_Auction_2014_Sold_Player.csv,605b7efa,MC Juneja,surname_initials_matching
2015,Michael Hussey,,Batsman,,,,15000000.0,INR,Chennai Super Kings,IPL_Auction_2015_Sold_Player.csv,48fd7349,MEK Hussey,surname_initials_matching
2015,Irfan Pathan,,All-Rounder,,,,15000000.0,INR,Chennai Super Kings,IPL_Auction_2015_Sold_Player.csv,5fa06777,IK Pathan,surname_initials_matching
2015,Rahul Sharma,,Bowler,,,,3000000.0,INR,Chennai Super Kings,IPL_Auction_2015_Sold_Player.csv,714cf6e4,Rahul Sharma,exact_match
2015,Kyle Abbott,,Bowler,,,,3000000.0,INR,Chennai Super Kings,IPL_Auction_2015_Sold_Player.csv,a9da7784,KJ Abbott,surname_initials_matching
2015,Andrew Tye,,Bowler,,,,2000000.0,INR,Chennai Super Kings,IPL_Auction_2015_Sold_Player.csv,7c7d63a2,AJ Tye,surname_initials_matching
2015,Pratyush Singh,,All-Rounder,,,,1000000.0,INR,Chennai Super Kings,IPL_Auction_2015_Sold_Player.csv,456af189,Pratyush Singh,exact_match
2015,Ankush Bains,,Wicket Keeper,,,,1000000.0,INR,Chennai Super Kings,IPL_Auction_2015_Sold_Player.csv,cb932841,AKS Bains,fuzzy_string_matching
2015,Eklavya Dwivedi,,Wicket Keeper,,,,1000000.0,INR,Chennai Super Kings,IPL_Auction_2015_Sold_Player.csv,b274dbbd,ER Dwivedi,surname_initials_matching
2015,Yuvraj Singh,,Batsman,,,,160000000.0,INR,Delhi Daredevils,IPL_Auction_2015_Sold_Player.csv,1c914163,Yuvraj Singh,fuzzy_string_matching
2015,Angelo Mathews,,All-Rounder,,,,75000000.0,INR,Delhi Daredevils,IPL_Auction_2015_Sold_Player.csv,896d78ad,AD Mathews,surname_initials_matching
2015,Zaheer Khan,,Bowler,,,,40000000.0,INR,Delhi Daredevils,IPL_Auction_2015_Sold_Player.csv,fb0d3749,Zameer Khan,fuzzy_string_matching
2015,Amit Mishra,,Bowler,,,,35000000.0,INR,Delhi Daredevils,IPL_Auction_2015_Sold_Player.csv,1d8388eb,Amit Mishra,fuzzy_string_matching
2015,Shreyas Iyer,,Batsman,,,,26000000.0,INR,Delhi Daredevils,IPL_Auction_2015_Sold_Player.csv,UNRESOLVED,Shreyas Iyer,unresolved
2015,Gurinder Sandhu,,Bowler,,,,17000000.0,INR,Delhi Daredevils,IPL_Auction_2015_Sold_Player.csv,911d04ad,Gurinder Singh,fuzzy_string_matching
2015,Jaydev Unadkat,,Bowler,,,,11000000.0,INR,Delhi Daredevils,IPL_Auction_2015_Sold_Player.csv,1e66c162,JD Unadkat,fuzzy_string_matching
2015,Domnic Joseph Muthuswamy,,Bowler,,,,7500000.0,INR,Delhi Daredevils,IPL_Auction_2015_Sold_Player.csv,UNRESOLVED,Domnic Joseph Muthuswamy,unresolved
2015,Albie Morkel,,All-Rounder,,,,3000000.0,INR,Delhi Daredevils,IPL_Auction_2015_Sold_Player.csv,UNRESOLVED,Albie Morkel,unresolved
2015,Travis Head,,Batsman,,,,3000000.0,INR,Delhi Daredevils,IPL_Auction_2015_Sold_Player.csv,12b610c2,TM Head,surname_initials_matching
2015,Marcus Stoinis,,All-Rounder,,,,2500000.0,INR,Delhi Daredevils,IPL_Auction_2015_Sold_Player.csv,d9273ee7,MP Stoinis,surname_initials_matching
2015,C.M. Gautam,,Wicket Keeper,,,,2000000.0,INR,Delhi Daredevils,IPL_Auction_2015_Sold_Player.csv,30a2649b,CM Gautam,fuzzy_string_matching
2015,Kona Srikar Bharat,,Wicket Keeper,,,,1000000.0,INR,Delhi Daredevils,IPL_Auction_2015_Sold_Player.csv,44a89551,KS Bharat,surname_initials_matching
2015,K.K. Jiyaz,,Bowler,,,,1000000.0,INR,Delhi Daredevils,IPL_Auction_2015_Sold_Player.csv,UNRESOLVED,K.K. Jiyaz,unresolved
2015,Murali Vijay,,Batsman,,,,30000000.0,INR,Kings XI Punjab,IPL_Auction_2015_Sold_Player.csv,4b57e452,M Vijay,surname_initials_matching
2015,Nikhil Shankar Naik,,Wicket Keeper,,,,3000000.0,INR,Kings XI Punjab,IPL_Auction_2015_Sold_Player.csv,aedc3b7c,NS Naik,surname_initials_matching
2015,Yogesh Gowalkar,,All-Rounder,,,,1000000.0,INR,Kings XI Punjab,IPL_Auction_2015_Sold_Player.csv,UNRESOLVED,Yogesh Gowalkar,unresolved
2015,K.C. Cariappa,,Bowler,,,,24000000.0,INR,Kolkata Knight Riders,IPL_Auction_2015_Sold_Player.csv,edb3d4f8,KC Cariappa,fuzzy_string_matching
2015,James Neesham,,All-Rounder,,,,5000000.0,INR,Kolkata Knight Riders,IPL_Auction_2015_Sold_Player.csv,9219eff0,JDS Neesham,fuzzy_string_matching
2015,Brad Hogg,,Bowler,,,,5000000.0,INR,Kolkata Knight Riders,IPL_Auction_2015_Sold_Player.csv,UNRESOLVED,Brad Hogg,unresolved
2015,Aditya Garhwal,,All-Rounder,,,,2500000.0,INR,Kolkata Knight Riders,IPL_Auction_2015_Sold_Player.csv,8e02f42b,Aditya Garhwal,exact_match
2015,Sheldon Jackson,,Batsman,,,,1500000.0,INR,Kolkata Knight Riders,IPL_Auction_2015_Sold_Player.csv,UNRESOLVED,Sheldon Jackson,unresolved
2015,Sumit Narwal,,All-Rounder,,,,1000000.0,INR,Kolkata Knight Riders,IPL_Auction_2015_Sold_Player.csv,287686fd,S Narwal,surname_initials_matching
2015,Vaibhav Rawal,,All-Rounder,,,,1000000.0,INR,Kolkata Knight Riders,IPL_Auction_2015_Sold_Player.csv,UNRESOLVED,Vaibhav Rawal,unresolved
2015,Aaron Finch,,Batsman,,,,32000000.0,INR,Mumbai Indians,IPL_Auction_2015_Sold_Player.csv,UNRESOLVED,Aaron Finch,unresolved
2015,Pragyan Ojha,,Bowler,,,,5000000.0,INR,Mumbai Indians,IPL_Auction_2015_Sold_Player.csv,6c6591ab,PP Ojha,surname_initials_matching
2015,Abhimanyu Mithun,,Bowler,,,,3000000.0,INR,Mumbai Indians,IPL_Auction_2015_Sold_Player.csv,66cf56a5,A Mithun,surname_initials_matching
2015,Mitchell McClenaghan,,Bowler,,,,3000000.0,INR,Mumbai Indians,IPL_Auction_2015_Sold_Player.csv,51a3c5ef,MJ McClenaghan,surname_initials_matching
2015,Aiden Blizzard,,Batsman,,,,3000000.0,INR,Mumbai Indians,IPL_Auction_2015_Sold_Player.csv,1efb8a28,AC Blizzard,fuzzy_string_matching
2015,Hardik Pandya,,All-Rounder,,,,1000000.0,INR,Mumbai Indians,IPL_Auction_2015_Sold_Player.csv,dbe50b21,HH Pandya,surname_initials_matching
2015,Akshay Wakhare,,Bowler,,,,1000000.0,INR,Mumbai Indians,IPL_Auction_2015_Sold_Player.csv,ec9fc54b,Akshay Wakhare,exact_match
2015,Nitish Rana,,All-Rounder,,,,1000000.0,INR,Mumbai Indians,IPL_Auction_2015_Sold_Player.csv,62ccc063,Nitish Rao,fuzzy_string_matching
2015,Siddhesh Dinesh Lad,,All-Rounder,,,,1000000.0,INR,Mumbai Indians,IPL_Auction_2015_Sold_Player.csv,9601c534,SD Lad,surname_initials_matching
2015,J. Suchitch,,All-Rounder,,,,1000000.0,INR,Mumbai Indians,IPL_Auction_2015_Sold_Player.csv,4125d931,J Suchith,fuzzy_string_matching
2015,Christopher Morris,,All-Rounder,,,,14000000.0,INR,Rajasthan Royals,IPL_Auction_2015_Sold_Player.csv,UNRESOLVED,Christopher Morris,unresolved
2015,Juan Theron,,Bowler,,,,3000000.0,INR,Rajasthan Royals,IPL_Auction_2015_Sold_Player.csv,dec8e038,J Theron,fuzzy_string_matching
2015,Barinder Singh Saran,,Bowler,,,,1000000.0,INR,Rajasthan Royals,IPL_Auction_2015_Sold_Player.csv,UNRESOLVED,Barinder Singh Saran,unresolved
2015,Dinesh Salunkhe,,All-Rounder,,,,1000000.0,INR,Rajasthan Royals,IPL_Auction_2015_Sold_Player.csv,0264c10e,D Salunkhe,surname_initials_matching
2015,Sagar Trivedi,,All-Rounder,,,,1000000.0,INR,Rajasthan Royals,IPL_Auction_2015_Sold_Player.csv,8da6dbf1,Sagar Trivedi,exact_match
2015,Pardeep Sahu,,All-Rounder,,,,1000000.0,INR,Rajasthan Royals,IPL_Auction_2015_Sold_Player.csv,9a0146b3,P Sahu,surname_initials_matching
2015,Dinesh Karthik,,Wicket Keeper,,,,105000000.0,INR,Royal Challengers Bengaluru,IPL_Auction_2015_Sold_Player.csv,UNRESOLVED,Dinesh Karthik,unresolved
2015,Darren Sammy,,All-Rounder,,,,28000000.0,INR,Royal Challengers Bengaluru,IPL_Auction_2015_Sold_Player.csv,c03c6200,DJG Sammy,surname_initials_matching
2015,David Wiese,,All-Rounder,,,,28000000.0,INR,Royal Challengers Bengaluru,IPL_Auction_2015_Sold_Player.csv,aa8d28ae,D Wiese,surname_initials_matching
2015,Sean Abbott,,Bowler,,,,10000000.0,INR,Royal Challengers Bengaluru,IPL_Auction_2015_Sold_Player.csv,1a2676c5,SA Abbott,fuzzy_string_matching
2015,Adam Milne,,Bowler,,,,7000000.0,INR,Royal Challengers Bengaluru,IPL_Auction_2015_Sold_Player.csv,eaa918a8,D Milne,fuzzy_string_matching
2015,Sarfaraz Naushad Khan,,Batsman,,,,5000000.0,INR,Royal Challengers Bengaluru,IPL_Auction_2015_Sold_Player.csv,UNRESOLVED,Sarfaraz Naushad Khan,unresolved
2015,Subramaniam Badrinath,,Batsman,,,,3000000.0,INR,Royal Challengers Bengaluru,IPL_Auction_2015_Sold_Player.csv,3576e47e,S Badrinath,surname_initials_matching
2015,Jalaj Saxena,,All-Rounder,,,,1000000.0,INR,Royal Challengers Bengaluru,IPL_Auction_2015_Sold_Player.csv,249abedf,Jalaj S Saxena,fuzzy_string_matching
2015,Shishir Bhavane,,Batsman,,,,1000000.0,INR,Royal Challengers Bengaluru,IPL_Auction_2015_Sold_Player.csv,UNRESOLVED,Shishir Bhavane,unresolved
2015,Trent Boult,,Bowler,,,,38000000.0,INR,Sunrisers Hyderabad,IPL_Auction_2015_Sold_Player.csv,a818c1be,TA Boult,surname_initials_matching
2015,Praveen Kumar,,Bowler,,,,22000000.0,INR,Sunrisers Hyderabad,IPL_Auction_2015_Sold_Player.csv,babc65d3,Parveen Kumar,fuzzy_string_matching
2015,Kevin Pietersen,,Batsman,,,,20000000.0,INR,Sunrisers Hyderabad,IPL_Auction_2015_Sold_Player.csv,39f01cdb,KP Pietersen,surname_initials_matching
2015,Eoin Morgan,,Batsman,,,,15000000.0,INR,Sunrisers Hyderabad,IPL_Auction_2015_Sold_Player.csv,a9b7e3e6,O Morgan,fuzzy_string_matching
2015,Ravi Bopara,,All-Rounder,,,,10000000.0,INR,Sunrisers Hyderabad,IPL_Auction_2015_Sold_Player.csv,7ca5e05d,RS Bopara,surname_initials_matching
2015,Kane Williamson,,All-Rounder,,,,6000000.0,INR,Sunrisers Hyderabad,IPL_Auction_2015_Sold_Player.csv,d027ba9f,KS Williamson,fuzzy_string_matching
2015,Laxmi Ratan Shukla,,All-Rounder,,,,3000000.0,INR,Sunrisers Hyderabad,IPL_Auction_2015_Sold_Player.csv,b1451597,LR Shukla,surname_initials_matching
2015,Prasanth Padmanabhan,,All-Rounder,,,,1000000.0,INR,Sunrisers Hyderabad,IPL_Auction_2015_Sold_Player.csv,UNRESOLVED,Prasanth Padmanabhan,unresolved
2015,Hanuma Vihari,,Batsman,,,,1000000.0,INR,Sunrisers Hyderabad,IPL_Auction_2015_Sold_Player.csv,UNRESOLVED,Hanuma Vihari,unresolved
2015,Siddarth Kaul,,Bowler,,,,1000000.0,INR,Sunrisers Hyderabad,IPL_Auction_2015_Sold_Player.csv,dcf81436,S Kaul,surname_initials_matching
2016,Pawan Negi,,All-Rounder,,,,85000000.0,INR,Delhi Daredevils,IPL_Auction_2016_Sold_Player.csv,f62772e5,P Negi,surname_initials_matching
2016,Christopher Morris,,All-Rounder,,,,70000000.0,INR,Delhi Daredevils,IPL_Auction_2016_Sold_Player.csv,UNRESOLVED,Christopher Morris,unresolved
2016,Sanju Samson,,Wicket Keeper,,,,42000000.0,INR,Delhi Daredevils,IPL_Auction_2016_Sold_Player.csv,a4cc73aa,SV Samson,surname_initials_matching
2016,Carlos Brathwaite,,All-Rounder,,,,42000000.0,INR,Delhi Daredevils,IPL_Auction_2016_Sold_Player.csv,e342e5fb,CR Brathwaite,fuzzy_string_matching
2016,Karun Nair,,Batsman,,,,40000000.0,INR,Delhi Daredevils,IPL_Auction_2016_Sold_Player.csv,06907633,AR Nair,fuzzy_string_matching
2016,Rishabh Pant,,Wicket Keeper,,,,19000000.0,INR,Delhi Daredevils,IPL_Auction_2016_Sold_Player.csv,919a3be2,RR Pant,surname_initials_matching
2016,Joel Paris,,Bowler,,,,3000000.0,INR,Delhi Daredevils,IPL_Auction_2016_Sold_Player.csv,7c8f533d,JS Paris,surname_initials_matching
2016,Sam Billings,,Wicket Keeper,,,,3000000.0,INR,Delhi Daredevils,IPL_Auction_2016_Sold_Player.csv,c16d4035,SW Billings,fuzzy_string_matching
2016,Chama Milind,,Bowler,,,,1000000.0,INR,Delhi Daredevils,IPL_Auction_2016_Sold_Player.csv,7b5b6311,CV Milind,surname_initials_matching
2016,Pratyush Singh,,All-Rounder,,,,1000000.0,INR,Delhi Daredevils,IPL_Auction_2016_Sold_Player.csv,456af189,Pratyush Singh,exact_match
2016,Mahipal Lomror,,All-Rounder,,,,1000000.0,INR,Delhi Daredevils,IPL_Auction_2016_Sold_Player.csv,da934ee8,MK Lomror,surname_initials_matching
2016,Syed Khaleel Ahmed,,All-Rounder,,,,1000000.0,INR,Delhi Daredevils,IPL_Auction_2016_Sold_Player.csv,UNRESOLVED,Syed Khaleel Ahmed,unresolved
2016,Akhil Arvind Herwadkar,,All-Rounder,,,,1000000.0,INR,Delhi Daredevils,IPL_Auction_2016_Sold_Player.csv,4ed49d3d,AA Herwadkar,surname_initials_matching
2016,Pawan Suyal,,Bowler,,,,1000000.0,INR,Delhi Daredevils,IPL_Auction_2016_Sold_Player.csv,cedc1d9a,P Suyal,surname_initials_matching
2016,Praveen Kumar,,Bowler,,,,35000000.0,INR,Gujarat Lions,IPL_Auction_2016_Sold_Player.csv,babc65d3,Parveen Kumar,fuzzy_string_matching
2016,Dale Steyn,,Bowler,,,,23000000.0,INR,Gujarat Lions,IPL_Auction_2016_Sold_Player.csv,14baca9f,A Steyn,fuzzy_string_matching
2016,Dinesh Karthik,,Wicket Keeper,,,,23000000.0,INR,Gujarat Lions,IPL_Auction_2016_Sold_Player.csv,UNRESOLVED,Dinesh Karthik,unresolved
2016,Dwayne Smith,,All-Rounder,,,,23000000.0,INR,Gujarat Lions,IPL_Auction_2016_Sold_Player.csv,6e1a8b04,Verdayne Smith,fuzzy_string_matching
2016,Dhawal Kulkarni,,Bowler,,,,20000000.0,INR,Gujarat Lions,IPL_Auction_2016_Sold_Player.csv,2d140b79,AA Kulkarni,fuzzy_string_matching
2016,Aaron Finch,,Batsman,,,,10000000.0,INR,Gujarat Lions,IPL_Auction_2016_Sold_Player.csv,UNRESOLVED,Aaron Finch,unresolved
2016,Eklavya Dwivedi,,Wicket Keeper,,,,10000000.0,INR,Gujarat Lions,IPL_Auction_2016_Sold_Player.csv,b274dbbd,ER Dwivedi,surname_initials_matching
2016,Andrew Tye,,All-Rounder,,,,5000000.0,INR,Gujarat Lions,IPL_Auction_2016_Sold_Player.csv,7c7d63a2,AJ Tye,surname_initials_matching
2016,Ishan Kishan,,Wicket Keeper,,,,3500000.0,INR,Gujarat Lions,IPL_Auction_2016_Sold_Player.csv,752f7486,Ishan Kishan,exact_match
2016,Jaydev Shah,,All-Rounder,,,,2000000.0,INR,Gujarat Lions,IPL_Auction_2016_Sold_Player.csv,3c9b7d18,Jaydev Shah,exact_match
2016,Shadab Jakati,,All-Rounder,,,,2000000.0,INR,Gujarat Lions,IPL_Auction_2016_Sold_Player.csv,c8179c68,SB Jakati,surname_initials_matching
2016,Pravin Tambe,,Bowler,,,,2000000.0,INR,Gujarat Lions,IPL_Auction_2016_Sold_Player.csv,6aed7e79,PV Tambe,fuzzy_string_matching
2016,Pradeep Sangwan,,All-Rounder,,,,2000000.0,INR,Gujarat Lions,IPL_Auction_2016_Sold_Player.csv,9fc0ef64,PJ Sangwan,surname_initials_matching
2016,Amit Mishra,,Bowler,,,,1000000.0,INR,Gujarat Lions,IPL_Auction_2016_Sold_Player.csv,1d8388eb,Amit Mishra,fuzzy_string_matching
2016,Shivil Kaushik,,Bowler,,,,1000000.0,INR,Gujarat Lions,IPL_Auction_2016_Sold_Player.csv,1da489ff,S Kaushik,surname_initials_matching
2016,Akshdeep Nath,,All-Rounder,,,,1000000.0,INR,Gujarat Lions,IPL_Auction_2016_Sold_Player.csv,f10e94c4,AD Nath,surname_initials_matching
2016,Sarabjit Ladda,,Bowler,,,,1000000.0,INR,Gujarat Lions,IPL_Auction_2016_Sold_Player.csv,fb693839,S Ladda,surname_initials_matching
2016,Umang Sharma,,Batsman,,,,1000000.0,INR,Gujarat Lions,IPL_Auction_2016_Sold_Player.csv,6f0f39fb,Umang Sharma,exact_match
2016,Paras Dogra,,Batsman,,,,1000000.0,INR,Gujarat Lions,IPL_Auction_2016_Sold_Player.csv,2728e7e9,P Dogra,surname_initials_matching
2016,Mohit Sharma,,Bowler,,,,65000000.0,INR,Kings XI Punjab,IPL_Auction_2016_Sold_Player.csv,cd9f6505,Mohit Sharma,exact_match
2016,Kyle Abbott,,Bowler,,,,21000000.0,INR,Kings XI Punjab,IPL_Auction_2016_Sold_Player.csv,a9da7784,KJ Abbott,surname_initials_matching
2016,K.C. Cariappa,,Bowler,,,,8000000.0,INR,Kings XI Punjab,IPL_Auction_2016_Sold_Player.csv,edb3d4f8,KC Cariappa,fuzzy_string_matching
2016,Marcus Stoinis,,All-Rounder,,,,5500000.0,INR,Kings XI Punjab,IPL_Auction_2016_Sold_Player.csv,d9273ee7,MP Stoinis,surname_initials_matching
2016,Farhaan Behardien,,All-Rounder,,,,3000000.0,INR,Kings XI Punjab,IPL_Auction_2016_Sold_Player.csv,dce2019b,F Behardien,surname_initials_matching
2016,Pardeep Sahu,,All-Rounder,,,,1000000.0,INR,Kings XI Punjab,IPL_Auction_2016_Sold_Player.csv,9a0146b3,P Sahu,surname_initials_matching
2016,Armaan Jaffer,,Batsman,,,,1000000.0,INR,Kings XI Punjab,IPL_Auction_2016_Sold_Player.csv,a83208cd,Armaan Jaffer,exact_match
2016,Swapnil Singh,,All-Rounder,,,,1000000.0,INR,Kings XI Punjab,IPL_Auction_2016_Sold_Player.csv,983f2f61,Swapnil Singh,exact_match
2016,Jaydev Unadkat,,Bowler,,,,16000000.0,INR,Kolkata Knight Riders,IPL_Auction_2016_Sold_Player.csv,1e66c162,JD Unadkat,fuzzy_string_matching
2016,Ankit Singh Rajpoot,,Bowler,,,,15000000.0,INR,Kolkata Knight Riders,IPL_Auction_2016_Sold_Player.csv,db31895a,AS Rajpoot,surname_initials_matching
2016,John Hastings,,Bowler,,,,13000000.0,INR,Kolkata Knight Riders,IPL_Auction_2016_Sold_Player.csv,012829ff,JW Hastings,fuzzy_string_matching
2016,Jason Holder,,All-Rounder,,,,7000000.0,INR,Kolkata Knight Riders,IPL_Auction_2016_Sold_Player.csv,0f721006,JO Holder,fuzzy_string_matching
2016,Colin Munro,,All-Rounder,,,,3000000.0,INR,Kolkata Knight Riders,IPL_Auction_2016_Sold_Player.csv,af2c687b,C Munro,surname_initials_matching
2016,Rajagopal Sathish,,All-Rounder,,,,2000000.0,INR,Kolkata Knight Riders,IPL_Auction_2016_Sold_Player.csv,626c5379,R Sathish,surname_initials_matching
2016,Manan Ajay Sharma,,All-Rounder,,,,1000000.0,INR,Kolkata Knight Riders,IPL_Auction_2016_Sold_Player.csv,bfcff6cd,Manan Sharma,fuzzy_string_matching
2016,Jos Buttler,,Wicket Keeper,,,,38000000.0,INR,Mumbai Indians,IPL_Auction_2016_Sold_Player.csv,99b75528,JC Buttler,fuzzy_string_matching
2016,Nathu Singh,,Bowler,,,,32000000.0,INR,Mumbai Indians,IPL_Auction_2016_Sold_Player.csv,UNRESOLVED,Nathu Singh,unresolved
2016,Tim Southee,,Bowler,,,,25000000.0,INR,Mumbai Indians,IPL_Auction_2016_Sold_Player.csv,13c35c9e,TG Southee,fuzzy_string_matching
2016,Krunal Pandya,,All-Rounder,,,,20000000.0,INR,Mumbai Indians,IPL_Auction_2016_Sold_Player.csv,UNRESOLVED,Krunal Pandya,unresolved
2016,Kishore Pramod Kamath,,All-Rounder,,,,14000000.0,INR,Mumbai Indians,IPL_Auction_2016_Sold_Player.csv,UNRESOLVED,Kishore Pramod Kamath,unresolved
2016,Deepak Punia,,All-Rounder,,,,1000000.0,INR,Mumbai Indians,IPL_Auction_2016_Sold_Player.csv,5a004050,Deepak Punia,exact_match
2016,Jitesh Sharma,,Wicket Keeper,,,,1000000.0,INR,Mumbai Indians,IPL_Auction_2016_Sold_Player.csv,2085a934,Hitesh Sharma,fuzzy_string_matching
2016,Mitchell Marsh,,All-Rounder,,,,48000000.0,INR,Rising Pune Supergiant,IPL_Auction_2016_Sold_Player.csv,3d8feaf8,MR Marsh,surname_initials_matching
2016,M. Ashwin,,Bowler,,,,45000000.0,INR,Rising Pune Supergiant,IPL_Auction_2016_Sold_Player.csv,e2db2409,M Ashwin,fuzzy_string_matching
2016,Ishant Sharma,,Bowler,,,,38000000.0,INR,Rising Pune Supergiant,IPL_Auction_2016_Sold_Player.csv,ae85a996,Siddhant Sharma,fuzzy_string_matching
2016,Kevin Pietersen,,Batsman,,,,35000000.0,INR,Rising Pune Supergiant,IPL_Auction_2016_Sold_Player.csv,39f01cdb,KP Pietersen,surname_initials_matching
2016,Irfan Pathan,,All-Rounder,,,,10000000.0,INR,Rising Pune Supergiant,IPL_Auction_2016_Sold_Player.csv,5fa06777,IK Pathan,surname_initials_matching
2016,Thisara Perera,,All-Rounder,,,,10000000.0,INR,Rising Pune Supergiant,IPL_Auction_2016_Sold_Player.csv,7af95dbb,Ishara Perera,fuzzy_string_matching
2016,Rajat Bhatia,,All-Rounder,,,,6000000.0,INR,Rising Pune Supergiant,IPL_Auction_2016_Sold_Player.csv,UNRESOLVED,Rajat Bhatia,unresolved
2016,Ashok Dinda,,Bowler,,,,5000000.0,INR,Rising Pune Supergiant,IPL_Auction_2016_Sold_Player.csv,66b30f71,AB Dinda,surname_initials_matching
2016,Scott Boland,,Bowler,,,,5000000.0,INR,Rising Pune Supergiant,IPL_Auction_2016_Sold_Player.csv,d167edd3,SM Boland,surname_initials_matching
2016,Peter Handscomb,,Wicket Keeper,,,,3000000.0,INR,Rising Pune Supergiant,IPL_Auction_2016_Sold_Player.csv,ada15e88,PSP Handscomb,fuzzy_string_matching
2016,Rudra Pratap Singh,,Bowler,,,,3000000.0,INR,Rising Pune Supergiant,IPL_Auction_2016_Sold_Player.csv,7700398a,R Pratap Singh,fuzzy_string_matching
2016,Adam Zampa,,Bowler,,,,3000000.0,INR,Rising Pune Supergiant,IPL_Auction_2016_Sold_Player.csv,14f96089,A Zampa,fuzzy_string_matching
2016,Ishwar Chandra Pandey,,Bowler,,,,2000000.0,INR,Rising Pune Supergiant,IPL_Auction_2016_Sold_Player.csv,UNRESOLVED,Ishwar Chandra Pandey,unresolved
2016,Deepak Chahar,,All-Rounder,,,,1000000.0,INR,Rising Pune Supergiant,IPL_Auction_2016_Sold_Player.csv,23eeb873,DL Chahar,surname_initials_matching
2016,Jaskaran Singh,,Bowler,,,,1000000.0,INR,Rising Pune Supergiant,IPL_Auction_2016_Sold_Player.csv,d7b3a420,Jaskaran Singh,fuzzy_string_matching
2016,Baba Aparajith,,All-Rounder,,,,1000000.0,INR,Rising Pune Supergiant,IPL_Auction_2016_Sold_Player.csv,5b627626,B Aparajith,fuzzy_string_matching
2016,Ankush Bains,,Wicket Keeper,,,,1000000.0,INR,Rising Pune Supergiant,IPL_Auction_2016_Sold_Player.csv,cb932841,AKS Bains,fuzzy_string_matching
2016,Ankit Sharma,,All-Rounder,,,,1000000.0,INR,Rising Pune Supergiant,IPL_Auction_2016_Sold_Player.csv,24d94623,Ankit Sharma,exact_match
2016,Shane Watson,,All-Rounder,,,,95000000.0,INR,Royal Challengers Bengaluru,IPL_Auction_2016_Sold_Player.csv,4329fbb5,SR Watson,surname_initials_matching
2016,Stuart Binny,,All-Rounder,,,,20000000.0,INR,Royal Challengers Bengaluru,IPL_Auction_2016_Sold_Player.csv,bd17b45f,STR Binny,fuzzy_string_matching
2016,Kane Richardson,,Bowler,,,,20000000.0,INR,Royal Challengers Bengaluru,IPL_Auction_2016_Sold_Player.csv,f308f629,A Richardson,fuzzy_string_matching
2016,Samuel Badree,,Bowler,,,,5000000.0,INR,Royal Challengers Bengaluru,IPL_Auction_2016_Sold_Player.csv,76388dc8,S Badree,surname_initials_matching
2016,Travis Head,,Batsman,,,,5000000.0,INR,Royal Challengers Bengaluru,IPL_Auction_2016_Sold_Player.csv,12b610c2,TM Head,surname_initials_matching
2016,Praveen Dubey,,All-Rounder,,,,3500000.0,INR,Royal Challengers Bengaluru,IPL_Auction_2016_Sold_Player.csv,ed5a5510,P Dubey,surname_initials_matching
2016,Vikramjeet Malik,,Bowler,,,,2000000.0,INR,Royal Challengers Bengaluru,IPL_Auction_2016_Sold_Player.csv,7d4a4371,Ranjeet Mali,fuzzy_string_matching
2016,Akshay Karnewar,,All-Rounder,,,,1000000.0,INR,Royal Challengers Bengaluru,IPL_Auction_2016_Sold_Player.csv,e1e7f950,Akshay Karnewar,exact_match
2016,Iqbal Abdullah,,All-Rounder,,,,1000000.0,INR,Royal Challengers Bengaluru,IPL_Auction_2016_Sold_Player.csv,85aae393,Iqbal Abdulla,fuzzy_string_matching
2016,Sachin Baby,,Batsman,,,,1000000.0,INR,Royal Challengers Bengaluru,IPL_Auction_2016_Sold_Player.csv,dc9dd038,Sachin Baby,exact_match
2016,Vikas Tokas,,Bowler,,,,1000000.0,INR,Royal Challengers Bengaluru,IPL_Auction_2016_Sold_Player.csv,cce2bcb2,V Tokas,surname_initials_matching
2016,Yuvraj Singh,,All-Rounder,,,,70000000.0,INR,Sunrisers Hyderabad,IPL_Auction_2016_Sold_Player.csv,1c914163,Yuvraj Singh,fuzzy_string_matching
2016,Ashish Nehra,,Bowler,,,,55000000.0,INR,Sunrisers Hyderabad,IPL_Auction_2016_Sold_Player.csv,96fd40ae,A Nehra,surname_initials_matching
2016,Deepak Hooda,,All-Rounder,,,,42000000.0,INR,Sunrisers Hyderabad,IPL_Auction_2016_Sold_Player.csv,73ad96ed,DJ Hooda,surname_initials_matching
2016,Mustafizur Rahman,,Bowler,,,,14000000.0,INR,Sunrisers Hyderabad,IPL_Auction_2016_Sold_Player.csv,0a8fce53,Mustafizur Rahman,exact_match
2016,Aditya Tare,,Wicket Keeper,,,,12000000.0,INR,Sunrisers Hyderabad,IPL_Auction_2016_Sold_Player.csv,855a210c,AP Tare,surname_initials_matching
2016,Barinder Singh Sran,,Bowler,,,,12000000.0,INR,Sunrisers Hyderabad,IPL_Auction_2016_Sold_Player.csv,d8b2f218,BB Sran,surname_initials_matching
2016,Ben Cutting,,All-Rounder,,,,5000000.0,INR,Sunrisers Hyderabad,IPL_Auction_2016_Sold_Player.csv,2e11c706,BCJ Cutting,fuzzy_string_matching
2016,Vijay Shankar,,All-Rounder,,,,3500000.0,INR,Sunrisers Hyderabad,IPL_Auction_2016_Sold_Player.csv,0994d0ae,V Shankar,surname_initials_matching
2016,Abhimanyu Mithun,,Bowler,,,,3000000.0,INR,Sunrisers Hyderabad,IPL_Auction_2016_Sold_Player.csv,66cf56a5,A Mithun,surname_initials_matching
2016,Tirumalasetti Suman,,Batsman,,,,1000000.0,INR,Sunrisers Hyderabad,IPL_Auction_2016_Sold_Player.csv,aaa1b522,TL Suman,surname_initials_matching
2017,Kagiso Rabada,,Bowler,,,,50000000.0,INR,Delhi Daredevils,IPL_Auction_2017_Sold_Player.csv,e62dd25d,K Rabada,surname_initials_matching
2017,Patrick Cummins,,Bowler,,,,45000000.0,INR,Delhi Daredevils,IPL_Auction_2017_Sold_Player.csv,ded9240e,PJ Cummins,surname_initials_matching
2017,Angelo Mathews,,All-Rounder,,,,20000000.0,INR,Delhi Daredevils,IPL_Auction_2017_Sold_Player.csv,896d78ad,AD Mathews,surname_initials_matching
2017,Corey Anderson,,All-Rounder,,,,10000000.0,INR,Delhi Daredevils,IPL_Auction_2017_Sold_Player.csv,4d277218,C Anderson,fuzzy_string_matching
2017,M. Ashwin,,Bowler,,,,10000000.0,INR,Delhi Daredevils,IPL_Auction_2017_Sold_Player.csv,e2db2409,M Ashwin,fuzzy_string_matching
2017,Aditya Tare,,Wicket Keeper,,,,2500000.0,INR,Delhi Daredevils,IPL_Auction_2017_Sold_Player.csv,855a210c,AP Tare,surname_initials_matching
2017,Ankeet Bawane,,Batsman,,,,1000000.0,INR,Delhi Daredevils,IPL_Auction_2017_Sold_Player.csv,UNRESOLVED,Ankeet Bawane,unresolved
2017,Navdeep Saini,,Bowler,,,,1000000.0,INR,Delhi Daredevils,IPL_Auction_2017_Sold_Player.csv,21d4e29b,NA Saini,exact_match
2017,Shashank Singh,,All-Rounder,,,,1000000.0,INR,Delhi Daredevils,IPL_Auction_2017_Sold_Player.csv,26989d80,Shashank Singh,exact_match
2017,Jason Roy,,Batsman,,,,10000000.0,INR,Gujarat Lions,IPL_Auction_2017_Sold_Player.csv,UNRESOLVED,Jason Roy,unresolved
2017,Basil Thampi,,Bowler,,,,8500000.0,INR,Gujarat Lions,IPL_Auction_2017_Sold_Player.csv,871e9faf,Basil Thampi,exact_match
2017,Manpreet Gony,,Bowler,,,,6000000.0,INR,Gujarat Lions,IPL_Auction_2017_Sold_Player.csv,ae78bc32,MS Gony,surname_initials_matching
2017,Nathu Singh,,Bowler,,,,5000000.0,INR,Gujarat Lions,IPL_Auction_2017_Sold_Player.csv,UNRESOLVED,Nathu Singh,unresolved
2017,Munaf Patel,,Bowler,,,,3000000.0,INR,Gujarat Lions,IPL_Auction_2017_Sold_Player.csv,9123301a,NA Patel,fuzzy_string_matching
2017,Akshdeep Nath,,All-Rounder,,,,1000000.0,INR,Gujarat Lions,IPL_Auction_2017_Sold_Player.csv,f10e94c4,AD Nath,surname_initials_matching
2017,Shubam Agrawal,,All-Rounder,,,,1000000.0,INR,Gujarat Lions,IPL_Auction_2017_Sold_Player.csv,UNRESOLVED,Shubam Agrawal,unresolved
2017,Tejas Singh Baroka,,Bowler,,,,1000000.0,INR,Gujarat Lions,IPL_Auction_2017_Sold_Player.csv,c28e9f12,Tejas Baroka,fuzzy_string_matching
2017,Chirag Suri,,Batsman,,,,1000000.0,INR,Gujarat Lions,IPL_Auction_2017_Sold_Player.csv,6176f240,Chirag Suri,exact_match
2017,Pratham Singh,,All-Rounder,,,,1000000.0,INR,Gujarat Lions,IPL_Auction_2017_Sold_Player.csv,f9f21866,Pratham Singh,exact_match
2017,Shelley Shaurya,,Bowler,,,,1000000.0,INR,Gujarat Lions,IPL_Auction_2017_Sold_Player.csv,UNRESOLVED,Shelley Shaurya,unresolved
2017,T Natarajan,,Bowler,,,,30000000.0,INR,Kings XI Punjab,IPL_Auction_2017_Sold_Player.csv,ce794613,T Natarajan,exact_match
2017,Varun Aaron,,Bowler,,,,28000000.0,INR,Kings XI Punjab,IPL_Auction_2017_Sold_Player.csv,0a3d54b9,VR Aaron,fuzzy_string_matching
2017,Eoin Morgan,,Batsman,,,,20000000.0,INR,Kings XI Punjab,IPL_Auction_2017_Sold_Player.csv,a9b7e3e6,O Morgan,fuzzy_string_matching
2017,Matt Henry,,Bowler,,,,5000000.0,INR,Kings XI Punjab,IPL_Auction_2017_Sold_Player.csv,UNRESOLVED,Matt Henry,unresolved
2017,Martin Guptill,,Batsman,,,,5000000.0,INR,Kings XI Punjab,IPL_Auction_2017_Sold_Player.csv,2be41edb,MJ Guptill,surname_initials_matching
2017,Darren Sammy,,All-Rounder,,,,3000000.0,INR,Kings XI Punjab,IPL_Auction_2017_Sold_Player.csv,c03c6200,DJG Sammy,surname_initials_matching
2017,Rahul Tewatia,,All-Rounder,,,,2500000.0,INR,Kings XI Punjab,IPL_Auction_2017_Sold_Player.csv,39a2dfa8,R Tewatia,surname_initials_matching
2017,Rinku Singh,,Batsman,,,,1000000.0,INR,Kings XI Punjab,IPL_Auction_2017_Sold_Player.csv,0ab3c788,Ritu Singh,fuzzy_string_matching
2017,Trent Boult,,Bowler,,,,50000000.0,INR,Kolkata Knight Riders,IPL_Auction_2017_Sold_Player.csv,a818c1be,TA Boult,surname_initials_matching
2017,Chris Woakes,,All-Rounder,,,,42000000.0,INR,Kolkata Knight Riders,IPL_Auction_2017_Sold_Player.csv,4c5d73db,CR Woakes,fuzzy_string_matching
2017,Nathan Coulter-Nile,,Bowler,,,,35000000.0,INR,Kolkata Knight Riders,IPL_Auction_2017_Sold_Player.csv,56ab442f,NM Coulter-Nile,fuzzy_string_matching
2017,Rishi Dhawan,,All-Rounder,,,,5500000.0,INR,Kolkata Knight Riders,IPL_Auction_2017_Sold_Player.csv,UNRESOLVED,Rishi Dhawan,unresolved
2017,Darren Bravo,,Batsman,,,,5000000.0,INR,Kolkata Knight Riders,IPL_Auction_2017_Sold_Player.csv,UNRESOLVED,Darren Bravo,unresolved
2017,Rovman Powell,,All-Rounder,,,,3000000.0,INR,Kolkata Knight Riders,IPL_Auction_2017_Sold_Player.csv,UNRESOLVED,Rovman Powell,unresolved
2017,Sayan Ghosh,,Bowler,,,,1000000.0,INR,Kolkata Knight Riders,IPL_Auction_2017_Sold_Player.csv,d4b8ea98,Sayan Ghosh,exact_match
2017,R. Sanjay Yadav,,All-Rounder,,,,1000000.0,INR,Kolkata Knight Riders,IPL_Auction_2017_Sold_Player.csv,33ffc3dd,R Sanjay Yadav,fuzzy_string_matching
2017,Ishank Jaggi,,Batsman,,,,1000000.0,INR,Kolkata Knight Riders,IPL_Auction_2017_Sold_Player.csv,dded65e7,IR Jaggi,surname_initials_matching
2017,Karn Sharma,,All-Rounder,,,,32000000.0,INR,Mumbai Indians,IPL_Auction_2017_Sold_Player.csv,1ba16d18,Tarun Sharma,fuzzy_string_matching
2017,Krishnappa Gowtham,,All-Rounder,,,,20000000.0,INR,Mumbai Indians,IPL_Auction_2017_Sold_Player.csv,90de905a,K Gowtham,surname_initials_matching
2017,Mitchell Johnson,,Bowler,,,,20000000.0,INR,Mumbai Indians,IPL_Auction_2017_Sold_Player.csv,UNRESOLVED,Mitchell Johnson,unresolved
2017,Asela Gunarathna,,Batsman,,,,3000000.0,INR,Mumbai Indians,IPL_Auction_2017_Sold_Player.csv,UNRESOLVED,Asela Gunarathna,unresolved
2017,Saurabh Tiwary,,Batsman,,,,3000000.0,INR,Mumbai Indians,IPL_Auction_2017_Sold_Player.csv,709b0bac,SS Tiwary,surname_initials_matching
2017,Nicolas Pooran,,Wicket Keeper,,,,3000000.0,INR,Mumbai Indians,IPL_Auction_2017_Sold_Player.csv,3241e3fd,N Pooran,surname_initials_matching
2017,Kulwant Khejroliya,,Bowler,,,,1000000.0,INR,Mumbai Indians,IPL_Auction_2017_Sold_Player.csv,fa2f1dde,K Khejroliya,fuzzy_string_matching
2017,Benjamin Stokes,,All-Rounder,,,,145000000.0,INR,Rising Pune Supergiant,IPL_Auction_2017_Sold_Player.csv,e087956b,BA Stokes,surname_initials_matching
2017,Daniel Christian,,All-Rounder,,,,10000000.0,INR,Rising Pune Supergiant,IPL_Auction_2017_Sold_Player.csv,UNRESOLVED,Daniel Christian,unresolved
2017,Manoj Tiwary,,Batsman,,,,5000000.0,INR,Rising Pune Supergiant,IPL_Auction_2017_Sold_Player.csv,26e5cabf,MK Tiwary,surname_initials_matching
2017,Lockie Ferguson,,Bowler,,,,5000000.0,INR,Rising Pune Supergiant,IPL_Auction_2017_Sold_Player.csv,2f9d0389,LH Ferguson,surname_initials_matching
2017,Jaydev Unadkat,,Bowler,,,,3000000.0,INR,Rising Pune Supergiant,IPL_Auction_2017_Sold_Player.csv,1e66c162,JD Unadkat,fuzzy_string_matching
2017,Rahul Chahar,,Bowler,,,,1000000.0,INR,Rising Pune Supergiant,IPL_Auction_2017_Sold_Player.csv,2ed569a0,RD Chahar,surname_initials_matching
2017,Saurabh Kumar,,Bowler,,,,1000000.0,INR,Rising Pune Supergiant,IPL_Auction_2017_Sold_Player.csv,2a6afc6f,Saurabh Kumar,fuzzy_string_matching
2017,Milind Tandon,,All-Rounder,,,,1000000.0,INR,Rising Pune Supergiant,IPL_Auction_2017_Sold_Player.csv,UNRESOLVED,Milind Tandon,unresolved
2017,Rahul Ajay Tripathi,,All-Rounder,,,,1000000.0,INR,Rising Pune Supergiant,IPL_Auction_2017_Sold_Player.csv,77255a9e,RA Tripathi,surname_initials_matching
2017,Tymal Mills,,Bowler,,,,120000000.0,INR,Royal Challengers Bengaluru,IPL_Auction_2017_Sold_Player.csv,245c97cb,TS Mills,surname_initials_matching
2017,Aniket Choudhary,,Bowler,,,,20000000.0,INR,Royal Challengers Bengaluru,IPL_Auction_2017_Sold_Player.csv,c0e59e39,Ankit Chaudhary,fuzzy_string_matching
2017,Pawan Negi,,All-Rounder,,,,10000000.0,INR,Royal Challengers Bengaluru,IPL_Auction_2017_Sold_Player.csv,f62772e5,P Negi,surname_initials_matching
2017,Billy Stanlake,,Bowler,,,,3000000.0,INR,Royal Challengers Bengaluru,IPL_Auction_2017_Sold_Player.csv,6834d1f2,B Stanlake,fuzzy_string_matching
2017,Praveen Dubey,,All-Rounder,,,,1000000.0,INR,Royal Challengers Bengaluru,IPL_Auction_2017_Sold_Player.csv,ed5a5510,P Dubey,surname_initials_matching
2017,Rashid Khan Arman,,Bowler,,,,40000000.0,INR,Sunrisers Hyderabad,IPL_Auction_2017_Sold_Player.csv,UNRESOLVED,Rashid Khan Arman,unresolved
2017,Mohammed Siraj,,Bowler,,,,26000000.0,INR,Sunrisers Hyderabad,IPL_Auction_2017_Sold_Player.csv,2f49c897,Mohammed Siraj,exact_match
2017,Eklavya Dwivedi,,Wicket Keeper,,,,7500000.0,INR,Sunrisers Hyderabad,IPL_Auction_2017_Sold_Player.csv,b274dbbd,ER Dwivedi,surname_initials_matching
2017,Chris Jordan,,All-Rounder,,,,5000000.0,INR,Sunrisers Hyderabad,IPL_Auction_2017_Sold_Player.csv,ffe699c0,CJ Jordan,surname_initials_matching
2017,Mohammad Nabi,,All-Rounder,,,,3000000.0,INR,Sunrisers Hyderabad,IPL_Auction_2017_Sold_Player.csv,62af8546,Mohammad Nabi,exact_match
2017,Ben Laughlin,,Bowler,,,,3000000.0,INR,Sunrisers Hyderabad,IPL_Auction_2017_Sold_Player.csv,b2a79f17,B Laughlin,fuzzy_string_matching
2017,Pravin Tambe,,Bowler,,,,1000000.0,INR,Sunrisers Hyderabad,IPL_Auction_2017_Sold_Player.csv,6aed7e79,PV Tambe,fuzzy_string_matching
2017,Tanmay Agarwal,,Batsman,,,,1000000.0,INR,Sunrisers Hyderabad,IPL_Auction_2017_Sold_Player.csv,e6e9b619,Tanmay Agarwal,exact_match
2018,Kedar Jadhav,,All-Rounder,,,,78000000.0,INR,Chennai Super Kings,IPL_Auction_2018_Sold_Player.csv,6c18c062,KA Jadhav,fuzzy_string_matching
2018,Dwayne Bravo,,All-Rounder,,,,64000000.0,INR,Chennai Super Kings,IPL_Auction_2018_Sold_Player.csv,UNRESOLVED,Dwayne Bravo,unresolved
2018,Karn Sharma,,Bowler,,,,50000000.0,INR,Chennai Super Kings,IPL_Auction_2018_Sold_Player.csv,1ba16d18,Tarun Sharma,fuzzy_string_matching
2018,Shane Watson,,All-Rounder,,,,40000000.0,INR,Chennai Super Kings,IPL_Auction_2018_Sold_Player.csv,4329fbb5,SR Watson,surname_initials_matching
2018,Shardul Narendra Thakur,,Bowler,,,,26000000.0,INR,Chennai Super Kings,IPL_Auction_2018_Sold_Player.csv,UNRESOLVED,Shardul Narendra Thakur,unresolved
2018,Ambati Rayudu,,Wicket Keeper,,,,22000000.0,INR,Chennai Super Kings,IPL_Auction_2018_Sold_Player.csv,70d205c9,AT Rayudu,fuzzy_string_matching
2018,Murali Vijay,,Batsman,,,,20000000.0,INR,Chennai Super Kings,IPL_Auction_2018_Sold_Player.csv,4b57e452,M Vijay,surname_initials_matching
2018,Harbhajan Singh,,Bowler,,,,20000000.0,INR,Chennai Super Kings,IPL_Auction_2018_Sold_Player.csv,8b5b6769,Harbhajan Singh,exact_match
2018,Faf Du Plessis,,Batsman,,,,16000000.0,INR,Chennai Super Kings,IPL_Auction_2018_Sold_Player.csv,3355b542,F du Plessis,fuzzy_string_matching
2018,Mark Wood,,Bowler,,,,15000000.0,INR,Chennai Super Kings,IPL_Auction_2018_Sold_Player.csv,8d92a2c3,MA Wood,fuzzy_string_matching
2018,Sam Billings,,Wicket Keeper,,,,10000000.0,INR,Chennai Super Kings,IPL_Auction_2018_Sold_Player.csv,c16d4035,SW Billings,fuzzy_string_matching
2018,Imran Tahir,,Bowler,,,,10000000.0,INR,Chennai Super Kings,IPL_Auction_2018_Sold_Player.csv,acee4cc4,Imran Tahir,exact_match
2018,Deepak Chahar,,All-Rounder,,,,8000000.0,INR,Chennai Super Kings,IPL_Auction_2018_Sold_Player.csv,23eeb873,DL Chahar,surname_initials_matching
2018,Mitchell Santner,,All-Rounder,,,,5000000.0,INR,Chennai Super Kings,IPL_Auction_2018_Sold_Player.csv,e4a0deae,MJ Santner,surname_initials_matching
2018,Lungisani Ngidi,,Bowler,,,,5000000.0,INR,Chennai Super Kings,IPL_Auction_2018_Sold_Player.csv,f834dcfc,L Ngidi,surname_initials_matching
2018,Asif K M,,Bowler,,,,4000000.0,INR,Chennai Super Kings,IPL_Auction_2018_Sold_Player.csv,UNRESOLVED,Asif K M,unresolved
2018,N Jagadeesan,,Wicket Keeper,,,,2000000.0,INR,Chennai Super Kings,IPL_Auction_2018_Sold_Player.csv,bd54eef5,N Jagadeesan,exact_match
2018,Kanishk Seth,,All-Rounder,,,,2000000.0,INR,Chennai Super Kings,IPL_Auction_2018_Sold_Player.csv,98f27d4b,Kanishk Seth,exact_match
2018,Monu Singh,,Bowler,,,,2000000.0,INR,Chennai Super Kings,IPL_Auction_2018_Sold_Player.csv,8a98675d,Sonu Singh,fuzzy_string_matching
2018,Dhruv Shorey,,All-Rounder,,,,2000000.0,INR,Chennai Super Kings,IPL_Auction_2018_Sold_Player.csv,faa7365d,DR Shorey,fuzzy_string_matching
2018,Kshitiz Sharma,,All-Rounder,,,,2000000.0,INR,Chennai Super Kings,IPL_Auction_2018_Sold_Player.csv,c910e89d,Kshitiz Sharma,exact_match
2018,Chaitanya Bishnoi,,All-Rounder,,,,2000000.0,INR,Chennai Super Kings,IPL_Auction_2018_Sold_Player.csv,e793a8ed,Chaitanya Bishnoi,exact_match
2018,Glenn Maxwell,,All-Rounder,,,,90000000.0,INR,Delhi Daredevils,IPL_Auction_2018_Sold_Player.csv,b681e71e,GJ Maxwell,surname_initials_matching
2018,Kagiso Rabada,,Bowler,,,,42000000.0,INR,Delhi Daredevils,IPL_Auction_2018_Sold_Player.csv,e62dd25d,K Rabada,surname_initials_matching
2018,Amit Mishra,,Bowler,,,,40000000.0,INR,Delhi Daredevils,IPL_Auction_2018_Sold_Player.csv,1d8388eb,Amit Mishra,fuzzy_string_matching
2018,Shahbaz Nadeem,,Bowler,,,,32000000.0,INR,Delhi Daredevils,IPL_Auction_2018_Sold_Player.csv,9d80c5e1,S Nadeem,surname_initials_matching
2018,Vijay Shankar,,All-Rounder,,,,32000000.0,INR,Delhi Daredevils,IPL_Auction_2018_Sold_Player.csv,0994d0ae,V Shankar,surname_initials_matching
2018,Rahul Tewatia,,All-Rounder,,,,30000000.0,INR,Delhi Daredevils,IPL_Auction_2018_Sold_Player.csv,39a2dfa8,R Tewatia,surname_initials_matching
2018,Mohammad Shami,,Bowler,,,,30000000.0,INR,Delhi Daredevils,IPL_Auction_2018_Sold_Player.csv,68ddabdb,Mohammad Sami,fuzzy_string_matching
2018,Gautam Gambhir,,Batsman,,,,28000000.0,INR,Delhi Daredevils,IPL_Auction_2018_Sold_Player.csv,242a9261,Gaurav Gambhir,fuzzy_string_matching
2018,Trent Boult,,Bowler,,,,22000000.0,INR,Delhi Daredevils,IPL_Auction_2018_Sold_Player.csv,a818c1be,TA Boult,surname_initials_matching
2018,Colin Munro,,All-Rounder,,,,19000000.0,INR,Delhi Daredevils,IPL_Auction_2018_Sold_Player.csv,af2c687b,C Munro,surname_initials_matching
2018,Daniel Christian,,All-Rounder,,,,15000000.0,INR,Delhi Daredevils,IPL_Auction_2018_Sold_Player.csv,UNRESOLVED,Daniel Christian,unresolved
2018,Jason Roy,,Batsman,,,,15000000.0,INR,Delhi Daredevils,IPL_Auction_2018_Sold_Player.csv,UNRESOLVED,Jason Roy,unresolved
2018,Naman Ojha,,Wicket Keeper,,,,14000000.0,INR,Delhi Daredevils,IPL_Auction_2018_Sold_Player.csv,890946a0,NV Ojha,surname_initials_matching
2018,Prithvi Shaw,,Batsman,,,,12000000.0,INR,Delhi Daredevils,IPL_Auction_2018_Sold_Player.csv,UNRESOLVED,Prithvi Shaw,unresolved
2018,Gurkeerat Singh Mann,,All-Rounder,,,,7500000.0,INR,Delhi Daredevils,IPL_Auction_2018_Sold_Player.csv,6eb146d2,Gurkeerat Singh,fuzzy_string_matching
2018,Avesh Khan,,Bowler,,,,7000000.0,INR,Delhi Daredevils,IPL_Auction_2018_Sold_Player.csv,eef2536f,Avesh Khan,exact_match
2018,Abhishek Sharma,,All-Rounder,,,,5500000.0,INR,Delhi Daredevils,IPL_Auction_2018_Sold_Player.csv,f29185a1,Abhishek Sharma,exact_match
2018,Jayant Yadav,,All-Rounder,,,,5000000.0,INR,Delhi Daredevils,IPL_Auction_2018_Sold_Player.csv,c6355538,Mayan Yadav,fuzzy_string_matching
2018,Harshal Patel,,All-Rounder,,,,2000000.0,INR,Delhi Daredevils,IPL_Auction_2018_Sold_Player.csv,UNRESOLVED,Harshal Patel,unresolved
2018,Manjot Kalra,,Batsman,,,,2000000.0,INR,Delhi Daredevils,IPL_Auction_2018_Sold_Player.csv,f047e7ff,Manjot Kalra,exact_match
2018,Sandeep Lamichhane,,Bowler,,,,2000000.0,INR,Delhi Daredevils,IPL_Auction_2018_Sold_Player.csv,b410bd3d,S Lamichhane,fuzzy_string_matching
2018,Sayan Ghosh,,Bowler,,,,2000000.0,INR,Delhi Daredevils,IPL_Auction_2018_Sold_Player.csv,d4b8ea98,Sayan Ghosh,exact_match
2018,KL Rahul,,Batsman,,,,110000000.0,INR,Kings XI Punjab,IPL_Auction_2018_Sold_Player.csv,b17e2f24,KL Rahul,exact_match
2018,Ravichandran Ashwin,,All-Rounder,,,,76000000.0,INR,Kings XI Punjab,IPL_Auction_2018_Sold_Player.csv,495d42a5,R Ashwin,surname_initials_matching
2018,Andrew Tye,,Bowler,,,,72000000.0,INR,Kings XI Punjab,IPL_Auction_2018_Sold_Player.csv,7c7d63a2,AJ Tye,surname_initials_matching
2018,Aaron Finch,,Batsman,,,,62000000.0,INR,Kings XI Punjab,IPL_Auction_2018_Sold_Player.csv,UNRESOLVED,Aaron Finch,unresolved
2018,Marcus Stoinis,,All-Rounder,,,,62000000.0,INR,Kings XI Punjab,IPL_Auction_2018_Sold_Player.csv,d9273ee7,MP Stoinis,surname_initials_matching
2018,Karun Nair,,Batsman,,,,56000000.0,INR,Kings XI Punjab,IPL_Auction_2018_Sold_Player.csv,06907633,AR Nair,fuzzy_string_matching
2018,Mujeeb Zadran,,Bowler,,,,40000000.0,INR,Kings XI Punjab,IPL_Auction_2018_Sold_Player.csv,UNRESOLVED,Mujeeb Zadran,unresolved
2018,Ankit Singh Rajpoot,,Bowler,,,,30000000.0,INR,Kings XI Punjab,IPL_Auction_2018_Sold_Player.csv,db31895a,AS Rajpoot,surname_initials_matching
2018,David Miller,,Batsman,,,,30000000.0,INR,Kings XI Punjab,IPL_Auction_2018_Sold_Player.csv,fc0b4157,David Mills,fuzzy_string_matching
2018,Mohit Sharma,,Bowler,,,,24000000.0,INR,Kings XI Punjab,IPL_Auction_2018_Sold_Player.csv,cd9f6505,Mohit Sharma,exact_match
2018,Barinder Singh Sran,,Bowler,,,,22000000.0,INR,Kings XI Punjab,IPL_Auction_2018_Sold_Player.csv,d8b2f218,BB Sran,surname_initials_matching
2018,Yuvraj Singh,,All-Rounder,,,,20000000.0,INR,Kings XI Punjab,IPL_Auction_2018_Sold_Player.csv,1c914163,Yuvraj Singh,fuzzy_string_matching
2018,Christopher Gayle,,Batsman,,,,20000000.0,INR,Kings XI Punjab,IPL_Auction_2018_Sold_Player.csv,1f50a44a,Christopher Taylor,fuzzy_string_matching
2018,Ben Dwarshuis,,Bowler,,,,14000000.0,INR,Kings XI Punjab,IPL_Auction_2018_Sold_Player.csv,e1b9f3a9,BJ Dwarshuis,fuzzy_string_matching
2018,Akshdeep Nath,,All-Rounder,,,,10000000.0,INR,Kings XI Punjab,IPL_Auction_2018_Sold_Player.csv,f10e94c4,AD Nath,surname_initials_matching
2018,Manoj Tiwary,,Batsman,,,,10000000.0,INR,Kings XI Punjab,IPL_Auction_2018_Sold_Player.csv,26e5cabf,MK Tiwary,surname_initials_matching
2018,Mayank Agarwal,,Batsman,,,,10000000.0,INR,Kings XI Punjab,IPL_Auction_2018_Sold_Player.csv,a457cfb5,Mayank Dagar,fuzzy_string_matching
2018,Manzoor Dar,,All-Rounder,,,,2000000.0,INR,Kings XI Punjab,IPL_Auction_2018_Sold_Player.csv,91a260d3,Manzoor Dar,exact_match
2018,Pardeep Sahu,,Bowler,,,,2000000.0,INR,Kings XI Punjab,IPL_Auction_2018_Sold_Player.csv,9a0146b3,P Sahu,surname_initials_matching
2018,Mayank Dagar,,All-Rounder,,,,2000000.0,INR,Kings XI Punjab,IPL_Auction_2018_Sold_Player.csv,a457cfb5,Mayank Dagar,exact_match
2018,Chris Lynn,,Batsman,,,,96000000.0,INR,Kolkata Knight Riders,IPL_Auction_2018_Sold_Player.csv,45eda7c8,CA Lynn,surname_initials_matching
2018,Mitchell Starc,,Bowler,,,,94000000.0,INR,Kolkata Knight Riders,IPL_Auction_2018_Sold_Player.csv,3fb19989,MA Starc,surname_initials_matching
2018,Dinesh Karthik,,Wicket Keeper,,,,74000000.0,INR,Kolkata Knight Riders,IPL_Auction_2018_Sold_Player.csv,UNRESOLVED,Dinesh Karthik,unresolved
2018,Robin Uthappa,,Wicket Keeper,,,,64000000.0,INR,Kolkata Knight Riders,IPL_Auction_2018_Sold_Player.csv,1c17e270,RV Uthappa,fuzzy_string_matching
2018,Kuldeep Singh Yadav,,Bowler,,,,58000000.0,INR,Kolkata Knight Riders,IPL_Auction_2018_Sold_Player.csv,UNRESOLVED,Kuldeep Singh Yadav,unresolved
2018,Piyush Chawla,,Bowler,,,,42000000.0,INR,Kolkata Knight Riders,IPL_Auction_2018_Sold_Player.csv,98ae73b1,PP Chawla,surname_initials_matching
2018,Nitish Rana,,All-Rounder,,,,34000000.0,INR,Kolkata Knight Riders,IPL_Auction_2018_Sold_Player.csv,62ccc063,Nitish Rao,fuzzy_string_matching
2018,Kamlesh Nagarkoti,,All-Rounder,,,,32000000.0,INR,Kolkata Knight Riders,IPL_Auction_2018_Sold_Player.csv,b4f5c2d9,KL Nagarkoti,fuzzy_string_matching
2018,Shivam Mavi,,All-Rounder,,,,30000000.0,INR,Kolkata Knight Riders,IPL_Auction_2018_Sold_Player.csv,c38d3503,Shivam Mavi,exact_match
2018,Mitchell Johnson,,Bowler,,,,20000000.0,INR,Kolkata Knight Riders,IPL_Auction_2018_Sold_Player.csv,UNRESOLVED,Mitchell Johnson,unresolved
2018,Shubman Gill,,Batsman,,,,18000000.0,INR,Kolkata Knight Riders,IPL_Auction_2018_Sold_Player.csv,b4b99816,Shubman Gill,exact_match
2018,Ranganath Vinay Kumar,,Bowler,,,,10000000.0,INR,Kolkata Knight Riders,IPL_Auction_2018_Sold_Player.csv,UNRESOLVED,Ranganath Vinay Kumar,unresolved
2018,Rinku Singh,,Batsman,,,,8000000.0,INR,Kolkata Knight Riders,IPL_Auction_2018_Sold_Player.csv,0ab3c788,Ritu Singh,fuzzy_string_matching
2018,Cameron Delport,,All-Rounder,,,,3000000.0,INR,Kolkata Knight Riders,IPL_Auction_2018_Sold_Player.csv,afa78c3a,CS Delport,surname_initials_matching
2018,Javon Searless,,All-Rounder,,,,3000000.0,INR,Kolkata Knight Riders,IPL_Auction_2018_Sold_Player.csv,UNRESOLVED,Javon Searless,unresolved
2018,Apoorv Vijay Wankhade,,Batsman,,,,2000000.0,INR,Kolkata Knight Riders,IPL_Auction_2018_Sold_Player.csv,5708d0b6,AV Wankhade,surname_initials_matching
2018,Ishank Jaggi,,Batsman,,,,2000000.0,INR,Kolkata Knight Riders,IPL_Auction_2018_Sold_Player.csv,dded65e7,IR Jaggi,surname_initials_matching
2018,Krunal Pandya,,All-Rounder,,,,88000000.0,INR,Mumbai Indians,IPL_Auction_2018_Sold_Player.csv,UNRESOLVED,Krunal Pandya,unresolved
2018,Ishan Kishan,,Wicket Keeper,,,,62000000.0,INR,Mumbai Indians,IPL_Auction_2018_Sold_Player.csv,752f7486,Ishan Kishan,exact_match
2018,Kieron Pollard,,All-Rounder,,,,54000000.0,INR,Mumbai Indians,IPL_Auction_2018_Sold_Player.csv,a757b0d8,KA Pollard,surname_initials_matching
2018,Pat Cummins,,Bowler,,,,54000000.0,INR,Mumbai Indians,IPL_Auction_2018_Sold_Player.csv,ded9240e,PJ Cummins,fuzzy_string_matching
2018,Evin Lewis,,Batsman,,,,38000000.0,INR,Mumbai Indians,IPL_Auction_2018_Sold_Player.csv,0ebfb1ad,E Lewis,fuzzy_string_matching
2018,Suryakumar Yadav,,Batsman,,,,32000000.0,INR,Mumbai Indians,IPL_Auction_2018_Sold_Player.csv,a5501504,Akshaykumar Yadav,fuzzy_string_matching
2018,Ben Cutting,,All-Rounder,,,,22000000.0,INR,Mumbai Indians,IPL_Auction_2018_Sold_Player.csv,2e11c706,BCJ Cutting,fuzzy_string_matching
2018,Mustafizur Rahman,,Bowler,,,,22000000.0,INR,Mumbai Indians,IPL_Auction_2018_Sold_Player.csv,0a8fce53,Mustafizur Rahman,exact_match
2018,Rahul Chahar,,Bowler,,,,19000000.0,INR,Mumbai Indians,IPL_Auction_2018_Sold_Player.csv,2ed569a0,RD Chahar,surname_initials_matching
2018,Pradeep Sangwan,,Bowler,,,,15000000.0,INR,Mumbai Indians,IPL_Auction_2018_Sold_Player.csv,9fc0ef64,PJ Sangwan,surname_initials_matching
2018,Jason Behrendorff,,Bowler,,,,15000000.0,INR,Mumbai Indians,IPL_Auction_2018_Sold_Player.csv,4933f499,JP Behrendorff,fuzzy_string_matching
2018,Jean-Paul Duminy,,All-Rounder,,,,10000000.0,INR,Mumbai Indians,IPL_Auction_2018_Sold_Player.csv,UNRESOLVED,Jean-Paul Duminy,unresolved
2018,Saurabh Tiwary,,Batsman,,,,8000000.0,INR,Mumbai Indians,IPL_Auction_2018_Sold_Player.csv,709b0bac,SS Tiwary,surname_initials_matching
2018,Tajinder Dhillon,,All-Rounder,,,,5500000.0,INR,Mumbai Indians,IPL_Auction_2018_Sold_Player.csv,225412c5,TR Dhillon,surname_initials_matching
2018,Akila Dhananjaya,,Bowler,,,,5000000.0,INR,Mumbai Indians,IPL_Auction_2018_Sold_Player.csv,UNRESOLVED,Akila Dhananjaya,unresolved
2018,Nidheesh M D Dinesan,,Bowler,,,,2000000.0,INR,Mumbai Indians,IPL_Auction_2018_Sold_Player.csv,UNRESOLVED,Nidheesh M D Dinesan,unresolved
2018,Aditya Tare,,Wicket Keeper,,,,2000000.0,INR,Mumbai Indians,IPL_Auction_2018_Sold_Player.csv,855a210c,AP Tare,surname_initials_matching
2018,Siddhesh Dinesh Lad,,Batsman,,,,2000000.0,INR,Mumbai Indians,IPL_Auction_2018_Sold_Player.csv,9601c534,SD Lad,surname_initials_matching
2018,Mayank Markande,,Bowler,,,,2000000.0,INR,Mumbai Indians,IPL_Auction_2018_Sold_Player.csv,a9fd84fb,M Markande,fuzzy_string_matching
2018,Sharad Lumba,,Batsman,,,,2000000.0,INR,Mumbai Indians,IPL_Auction_2018_Sold_Player.csv,03c29939,Sharad Lumba,exact_match
2018,Anukul Roy,,All-Rounder,,,,2000000.0,INR,Mumbai Indians,IPL_Auction_2018_Sold_Player.csv,UNRESOLVED,Anukul Roy,unresolved
2018,Mohsin Khan,,Bowler,,,,2000000.0,INR,Mumbai Indians,IPL_Auction_2018_Sold_Player.csv,2669d6b7,Mohsin Khan,fuzzy_string_matching
2018,Benjamin Stokes,,All-Rounder,,,,125000000.0,INR,Rajasthan Royals,IPL_Auction_2018_Sold_Player.csv,e087956b,BA Stokes,surname_initials_matching
2018,Jaydev Unadkat,,Bowler,,,,115000000.0,INR,Rajasthan Royals,IPL_Auction_2018_Sold_Player.csv,1e66c162,JD Unadkat,fuzzy_string_matching
2018,Sanju Samson,,Wicket Keeper,,,,80000000.0,INR,Rajasthan Royals,IPL_Auction_2018_Sold_Player.csv,a4cc73aa,SV Samson,surname_initials_matching
2018,Jofra Archer,,All-Rounder,,,,72000000.0,INR,Rajasthan Royals,IPL_Auction_2018_Sold_Player.csv,5574750c,JC Archer,surname_initials_matching
2018,Krishnappa Gowtham,,Bowler,,,,62000000.0,INR,Rajasthan Royals,IPL_Auction_2018_Sold_Player.csv,90de905a,K Gowtham,surname_initials_matching
2018,Jos Buttler,,Wicket Keeper,,,,44000000.0,INR,Rajasthan Royals,IPL_Auction_2018_Sold_Player.csv,99b75528,JC Buttler,fuzzy_string_matching
2018,Ajinkya Rahane,,Batsman,,,,40000000.0,INR,Rajasthan Royals,IPL_Auction_2018_Sold_Player.csv,29e95537,AM Rahane,surname_initials_matching
2018,Darcy Short,,All-Rounder,,,,40000000.0,INR,Rajasthan Royals,IPL_Auction_2018_Sold_Player.csv,1a156c88,DJM Short,surname_initials_matching
2018,Rahul Tripathi,,Batsman,,,,34000000.0,INR,Rajasthan Royals,IPL_Auction_2018_Sold_Player.csv,65ff7036,Anshul Tripathi,fuzzy_string_matching
2018,Dhawal Kulkarni,,Bowler,,,,7500000.0,INR,Rajasthan Royals,IPL_Auction_2018_Sold_Player.csv,2d140b79,AA Kulkarni,fuzzy_string_matching
2018,Zahir Khan Pakteen,,Bowler,,,,6000000.0,INR,Rajasthan Royals,IPL_Auction_2018_Sold_Player.csv,UNRESOLVED,Zahir Khan Pakteen,unresolved
2018,Ben Laughlin,,Bowler,,,,5000000.0,INR,Rajasthan Royals,IPL_Auction_2018_Sold_Player.csv,b2a79f17,B Laughlin,fuzzy_string_matching
2018,Stuart Binny,,All-Rounder,,,,5000000.0,INR,Rajasthan Royals,IPL_Auction_2018_Sold_Player.csv,bd17b45f,STR Binny,fuzzy_string_matching
2018,Dushmantha Chameera,,Bowler,,,,5000000.0,INR,Rajasthan Royals,IPL_Auction_2018_Sold_Player.csv,UNRESOLVED,Dushmantha Chameera,unresolved
2018,Anureet Singh,,Bowler,,,,3000000.0,INR,Rajasthan Royals,IPL_Auction_2018_Sold_Player.csv,69be866a,Anureet Singh,exact_match
2018,Aryaman Vikram Birla,,All-Rounder,,,,3000000.0,INR,Rajasthan Royals,IPL_Auction_2018_Sold_Player.csv,UNRESOLVED,Aryaman Vikram Birla,unresolved
2018,Midhun S,,All-Rounder,,,,2000000.0,INR,Rajasthan Royals,IPL_Auction_2018_Sold_Player.csv,UNRESOLVED,Midhun S,unresolved
2018,Shreyas Gopal,,All-Rounder,,,,2000000.0,INR,Rajasthan Royals,IPL_Auction_2018_Sold_Player.csv,7a8bd078,S Gopal,surname_initials_matching
2018,Prashant Chopra,,Wicket Keeper,,,,2000000.0,INR,Rajasthan Royals,IPL_Auction_2018_Sold_Player.csv,UNRESOLVED,Prashant Chopra,unresolved
2018,Jatin Saxena,,All-Rounder,,,,2000000.0,INR,Rajasthan Royals,IPL_Auction_2018_Sold_Player.csv,0b960e01,Jatin Saxena,exact_match
2018,Ankit Sharma,,All-Rounder,,,,2000000.0,INR,Rajasthan Royals,IPL_Auction_2018_Sold_Player.csv,24d94623,Ankit Sharma,exact_match
2018,Mahipal Lomror,,All-Rounder,,,,2000000.0,INR,Rajasthan Royals,IPL_Auction_2018_Sold_Player.csv,da934ee8,MK Lomror,surname_initials_matching
2018,Chris Woakes,,All-Rounder,,,,74000000.0,INR,Royal Challengers Bengaluru,IPL_Auction_2018_Sold_Player.csv,4c5d73db,CR Woakes,fuzzy_string_matching
2018,Yuzvendra Singh Chahal,,Bowler,,,,60000000.0,INR,Royal Challengers Bengaluru,IPL_Auction_2018_Sold_Player.csv,57ee1fde,YS Chahal,surname_initials_matching
2018,Umesh Yadav,,Bowler,,,,42000000.0,INR,Royal Challengers Bengaluru,IPL_Auction_2018_Sold_Player.csv,UNRESOLVED,Umesh Yadav,unresolved
2018,Brendon McCullum,,Batsman,,,,36000000.0,INR,Royal Challengers Bengaluru,IPL_Auction_2018_Sold_Player.csv,b8a55852,BB McCullum,surname_initials_matching
2018,M.S. Washington Sundar,,All-Rounder,,,,32000000.0,INR,Royal Challengers Bengaluru,IPL_Auction_2018_Sold_Player.csv,f19ccfad,Washington Sundar,fuzzy_string_matching
2018,Navdeep Saini,,Bowler,,,,30000000.0,INR,Royal Challengers Bengaluru,IPL_Auction_2018_Sold_Player.csv,21d4e29b,NA Saini,exact_match
2018,Quinton De Kock,,Wicket Keeper,,,,28000000.0,INR,Royal Challengers Bengaluru,IPL_Auction_2018_Sold_Player.csv,372455c4,Q de Kock,surname_initials_matching
2018,Mohammed Siraj,,Bowler,,,,26000000.0,INR,Royal Challengers Bengaluru,IPL_Auction_2018_Sold_Player.csv,2f49c897,Mohammed Siraj,exact_match
2018,Nathan Coulter-Nile,,Bowler,,,,22000000.0,INR,Royal Challengers Bengaluru,IPL_Auction_2018_Sold_Player.csv,56ab442f,NM Coulter-Nile,fuzzy_string_matching
2018,Colin De Grandhomme,,All-Rounder,,,,22000000.0,INR,Royal Challengers Bengaluru,IPL_Auction_2018_Sold_Player.csv,94d7f855,C de Grandhomme,fuzzy_string_matching
2018,M. Ashwin,,Bowler,,,,22000000.0,INR,Royal Challengers Bengaluru,IPL_Auction_2018_Sold_Player.csv,e2db2409,M Ashwin,fuzzy_string_matching
2018,Parthiv Patel,,Wicket Keeper,,,,17000000.0,INR,Royal Challengers Bengaluru,IPL_Auction_2018_Sold_Player.csv,UNRESOLVED,Parthiv Patel,unresolved
2018,Moeen Ali,,All-Rounder,,,,17000000.0,INR,Royal Challengers Bengaluru,IPL_Auction_2018_Sold_Player.csv,UNRESOLVED,Moeen Ali,unresolved
2018,Mandeep Singh,,All-Rounder,,,,14000000.0,INR,Royal Challengers Bengaluru,IPL_Auction_2018_Sold_Player.csv,c3a96caf,Mandeep Singh,fuzzy_string_matching
2018,Manan Vohra,,Batsman,,,,11000000.0,INR,Royal Challengers Bengaluru,IPL_Auction_2018_Sold_Player.csv,c03e2850,M Vohra,surname_initials_matching
2018,Pawan Negi,,All-Rounder,,,,10000000.0,INR,Royal Challengers Bengaluru,IPL_Auction_2018_Sold_Player.csv,f62772e5,P Negi,surname_initials_matching
2018,Tim Southee,,Bowler,,,,10000000.0,INR,Royal Challengers Bengaluru,IPL_Auction_2018_Sold_Player.csv,13c35c9e,TG Southee,fuzzy_string_matching
2018,Kulwant Khejroliya,,Bowler,,,,8500000.0,INR,Royal Challengers Bengaluru,IPL_Auction_2018_Sold_Player.csv,fa2f1dde,K Khejroliya,fuzzy_string_matching
2018,Aniket Choudhary,,Bowler,,,,3000000.0,INR,Royal Challengers Bengaluru,IPL_Auction_2018_Sold_Player.csv,c0e59e39,Ankit Chaudhary,fuzzy_string_matching
2018,Pavan Deshpande,,All-Rounder,,,,2000000.0,INR,Royal Challengers Bengaluru,IPL_Auction_2018_Sold_Player.csv,436b8481,Pavan Deshpande,exact_match
2018,Anirudha Ashok Joshi,,All-Rounder,,,,2000000.0,INR,Royal Challengers Bengaluru,IPL_Auction_2018_Sold_Player.csv,40c1eeeb,Aniruddha Joshi,fuzzy_string_matching
2018,Manish Pandey,,Batsman,,,,110000000.0,INR,Sunrisers Hyderabad,IPL_Auction_2018_Sold_Player.csv,93b4fc78,MK Pandey,surname_initials_matching
2018,Rashid Khan Arman,,Bowler,,,,90000000.0,INR,Sunrisers Hyderabad,IPL_Auction_2018_Sold_Player.csv,UNRESOLVED,Rashid Khan Arman,unresolved
2018,Shikhar Dhawan,,Batsman,,,,52000000.0,INR,Sunrisers Hyderabad,IPL_Auction_2018_Sold_Player.csv,0a476045,S Dhawan,surname_initials_matching
2018,Wriddhiman Saha,,Wicket Keeper,,,,50000000.0,INR,Sunrisers Hyderabad,IPL_Auction_2018_Sold_Player.csv,fe11caa6,WP Saha,surname_initials_matching
2018,Siddarth Kaul,,Bowler,,,,38000000.0,INR,Sunrisers Hyderabad,IPL_Auction_2018_Sold_Player.csv,dcf81436,S Kaul,surname_initials_matching
2018,Deepak Hooda,,All-Rounder,,,,36000000.0,INR,Sunrisers Hyderabad,IPL_Auction_2018_Sold_Player.csv,73ad96ed,DJ Hooda,surname_initials_matching
2018,Syed Khaleel Ahmed,,Bowler,,,,30000000.0,INR,Sunrisers Hyderabad,IPL_Auction_2018_Sold_Player.csv,UNRESOLVED,Syed Khaleel Ahmed,unresolved
2018,Sandeep Sharma,,Bowler,,,,30000000.0,INR,Sunrisers Hyderabad,IPL_Auction_2018_Sold_Player.csv,ce820073,Sandeep Sharma,exact_match
2018,Kane Williamson,,Batsman,,,,30000000.0,INR,Sunrisers Hyderabad,IPL_Auction_2018_Sold_Player.csv,d027ba9f,KS Williamson,fuzzy_string_matching
2018,Carlos Brathwaite,,All-Rounder,,,,20000000.0,INR,Sunrisers Hyderabad,IPL_Auction_2018_Sold_Player.csv,e342e5fb,CR Brathwaite,fuzzy_string_matching
2018,Shakib Al Hasan,,All-Rounder,,,,20000000.0,INR,Sunrisers Hyderabad,IPL_Auction_2018_Sold_Player.csv,7dc35884,Shakib Al Hasan,exact_match
2018,Yusuf Pathan,,All-Rounder,,,,19000000.0,INR,Sunrisers Hyderabad,IPL_Auction_2018_Sold_Player.csv,3c6ffae8,YK Pathan,surname_initials_matching
2018,Shreevats Goswami,,Wicket Keeper,,,,10000000.0,INR,Sunrisers Hyderabad,IPL_Auction_2018_Sold_Player.csv,541f85c9,SP Goswami,surname_initials_matching
2018,Mohammad Nabi,,All-Rounder,,,,10000000.0,INR,Sunrisers Hyderabad,IPL_Auction_2018_Sold_Player.csv,62af8546,Mohammad Nabi,exact_match
2018,Chris Jordan,,All-Rounder,,,,10000000.0,INR,Sunrisers Hyderabad,IPL_Auction_2018_Sold_Player.csv,ffe699c0,CJ Jordan,surname_initials_matching
2018,Basil Thampi,,Bowler,,,,9500000.0,INR,Sunrisers Hyderabad,IPL_Auction_2018_Sold_Player.csv,871e9faf,Basil Thampi,exact_match
2018,Billy Stanlake,,Batsman,,,,5000000.0,INR,Sunrisers Hyderabad,IPL_Auction_2018_Sold_Player.csv,6834d1f2,B Stanlake,fuzzy_string_matching
2018,T Natarajan,,Bowler,,,,4000000.0,INR,Sunrisers Hyderabad,IPL_Auction_2018_Sold_Player.csv,ce794613,T Natarajan,exact_match
2018,Sachin Baby,,Batsman,,,,2000000.0,INR,Sunrisers Hyderabad,IPL_Auction_2018_Sold_Player.csv,dc9dd038,Sachin Baby,exact_match
2018,Bipul Sharma,,All-Rounder,,,,2000000.0,INR,Sunrisers Hyderabad,IPL_Auction_2018_Sold_Player.csv,c18496e1,Bipul Sharma,exact_match
2018,Syed Mehdi Hasan,,All-Rounder,,,,2000000.0,INR,Sunrisers Hyderabad,IPL_Auction_2018_Sold_Player.csv,5876c626,Mehdi Hassan,fuzzy_string_matching
2018,Ricky Bhui,,Batsman,,,,2000000.0,INR,Sunrisers Hyderabad,IPL_Auction_2018_Sold_Player.csv,b63e358a,RK Bhui,fuzzy_string_matching
2018,Tanmay Agarwal,,Batsman,,,,2000000.0,INR,Sunrisers Hyderabad,IPL_Auction_2018_Sold_Player.csv,e6e9b619,Tanmay Agarwal,exact_match
2019,Mohit Sharma,,Bowler,,,,50000000.0,INR,Chennai Super Kings,IPL_Auction_2019_Sold_Player.csv,cd9f6505,Mohit Sharma,exact_match
2019,Ruturaj Gaikwad,,Batsman,,,,2000000.0,INR,Chennai Super Kings,IPL_Auction_2019_Sold_Player.csv,45a43fe2,RD Gaikwad,surname_initials_matching
2019,Colin Ingram,,Batsman,,,,64000000.0,INR,Delhi Capitals,IPL_Auction_2019_Sold_Player.csv,c995d726,CA Ingram,surname_initials_matching
2019,Axar Rajesh Patel,,All-Rounder,,,,50000000.0,INR,Delhi Capitals,IPL_Auction_2019_Sold_Player.csv,UNRESOLVED,Axar Rajesh Patel,unresolved
2019,Hanuma Vihari,,Batsman,,,,20000000.0,INR,Delhi Capitals,IPL_Auction_2019_Sold_Player.csv,UNRESOLVED,Hanuma Vihari,unresolved
2019,Sherfane Rutherford,,All-Rounder,,,,20000000.0,INR,Delhi Capitals,IPL_Auction_2019_Sold_Player.csv,d014d5ac,SE Rutherford,surname_initials_matching
2019,Ishant Sharma,,Bowler,,,,11000000.0,INR,Delhi Capitals,IPL_Auction_2019_Sold_Player.csv,ae85a996,Siddhant Sharma,fuzzy_string_matching
2019,Keemo Paul,,All-Rounder,,,,5000000.0,INR,Delhi Capitals,IPL_Auction_2019_Sold_Player.csv,75224f22,KMA Paul,surname_initials_matching
2019,Jalaj Saxena,,All-Rounder,,,,2000000.0,INR,Delhi Capitals,IPL_Auction_2019_Sold_Player.csv,249abedf,Jalaj S Saxena,fuzzy_string_matching
2019,Ankush Bains,,Wicket Keeper,,,,2000000.0,INR,Delhi Capitals,IPL_Auction_2019_Sold_Player.csv,cb932841,AKS Bains,fuzzy_string_matching
2019,Nathu Singh,,Bowler,,,,2000000.0,INR,Delhi Capitals,IPL_Auction_2019_Sold_Player.csv,UNRESOLVED,Nathu Singh,unresolved
2019,Bandaru Ayyappa,,Bowler,,,,2000000.0,INR,Delhi Capitals,IPL_Auction_2019_Sold_Player.csv,cb4f31e2,Bandaru Ayyappa,exact_match
2019,Varun Chakaravarthy,,All-Rounder,,,,84000000.0,INR,Kings XI Punjab,IPL_Auction_2019_Sold_Player.csv,UNRESOLVED,Varun Chakaravarthy,unresolved
2019,Sam Curran,,All-Rounder,,,,72000000.0,INR,Kings XI Punjab,IPL_Auction_2019_Sold_Player.csv,e94915e6,SM Curran,fuzzy_string_matching
2019,Mohammad Shami,,Bowler,,,,48000000.0,INR,Kings XI Punjab,IPL_Auction_2019_Sold_Player.csv,68ddabdb,Mohammad Sami,fuzzy_string_matching
2019,Prabhsimran Singh,,Wicket Keeper,,,,48000000.0,INR,Kings XI Punjab,IPL_Auction_2019_Sold_Player.csv,9418198b,P Simran Singh,fuzzy_string_matching
2019,Nicolas Pooran,,Wicket Keeper,,,,42000000.0,INR,Kings XI Punjab,IPL_Auction_2019_Sold_Player.csv,3241e3fd,N Pooran,surname_initials_matching
2019,Moises Henriques,,All-Rounder,,,,10000000.0,INR,Kings XI Punjab,IPL_Auction_2019_Sold_Player.csv,32198ae0,MC Henriques,fuzzy_string_matching
2019,Hardus Viljoen,,Bowler,,,,7500000.0,INR,Kings XI Punjab,IPL_Auction_2019_Sold_Player.csv,7a80e2a5,H Viljoen,surname_initials_matching
2019,Darshan Nalkande,,All-Rounder,,,,3000000.0,INR,Kings XI Punjab,IPL_Auction_2019_Sold_Player.csv,cd8d2859,DG Nalkande,surname_initials_matching
2019,Sarfaraz Naushad Khan,,All-Rounder,,,,2500000.0,INR,Kings XI Punjab,IPL_Auction_2019_Sold_Player.csv,UNRESOLVED,Sarfaraz Naushad Khan,unresolved
2019,Arshdeep Singh,,Bowler,,,,2000000.0,INR,Kings XI Punjab,IPL_Auction_2019_Sold_Player.csv,244048f6,Arshdeep Singh,exact_match
2019,Agnivesh Ayachi,,All-Rounder,,,,2000000.0,INR,Kings XI Punjab,IPL_Auction_2019_Sold_Player.csv,UNRESOLVED,Agnivesh Ayachi,unresolved
2019,Harpreet Brar,,All-Rounder,,,,2000000.0,INR,Kings XI Punjab,IPL_Auction_2019_Sold_Player.csv,c05edf8e,Harpreet Brar,exact_match
2019,M. Ashwin,,Bowler,,,,2000000.0,INR,Kings XI Punjab,IPL_Auction_2019_Sold_Player.csv,e2db2409,M Ashwin,fuzzy_string_matching
2019,Carlos Brathwaite,,All-Rounder,,,,50000000.0,INR,Kolkata Knight Riders,IPL_Auction_2019_Sold_Player.csv,e342e5fb,CR Brathwaite,fuzzy_string_matching
2019,Lockie Ferguson,,Bowler,,,,16000000.0,INR,Kolkata Knight Riders,IPL_Auction_2019_Sold_Player.csv,2f9d0389,LH Ferguson,surname_initials_matching
2019,Joe Denly,,Batsman,,,,10000000.0,INR,Kolkata Knight Riders,IPL_Auction_2019_Sold_Player.csv,a6581d15,JK Denly,fuzzy_string_matching
2019,Harry Gurney,,Bowler,,,,7500000.0,INR,Kolkata Knight Riders,IPL_Auction_2019_Sold_Player.csv,e412cb64,HF Gurney,surname_initials_matching
2019,Nikhil Shankar Naik,,Wicket Keeper,,,,2000000.0,INR,Kolkata Knight Riders,IPL_Auction_2019_Sold_Player.csv,aedc3b7c,NS Naik,surname_initials_matching
2019,Shrikant Mundhe,,All-Rounder,,,,2000000.0,INR,Kolkata Knight Riders,IPL_Auction_2019_Sold_Player.csv,0af3426f,SS Mundhe,surname_initials_matching
2019,Prithvi Raj Yarra,,Bowler,,,,2000000.0,INR,Kolkata Knight Riders,IPL_Auction_2019_Sold_Player.csv,UNRESOLVED,Prithvi Raj Yarra,unresolved
2019,Anrich Nortje,,Bowler,,,,2000000.0,INR,Kolkata Knight Riders,IPL_Auction_2019_Sold_Player.csv,acdc62f5,A Nortje,surname_initials_matching
2019,Barinder Singh Sran,,Bowler,,,,34000000.0,INR,Mumbai Indians,IPL_Auction_2019_Sold_Player.csv,d8b2f218,BB Sran,surname_initials_matching
2019,Lasith Malinga,,Bowler,,,,20000000.0,INR,Mumbai Indians,IPL_Auction_2019_Sold_Player.csv,79eb117d,LN Malinga,surname_initials_matching
2019,Yuvraj Singh,,All-Rounder,,,,10000000.0,INR,Mumbai Indians,IPL_Auction_2019_Sold_Player.csv,1c914163,Yuvraj Singh,fuzzy_string_matching
2019,Anmolpreet Singh,,Batsman,,,,8000000.0,INR,Mumbai Indians,IPL_Auction_2019_Sold_Player.csv,1399b39c,Anmolpreet Singh,exact_match
2019,Pankaj Jaswal,,All-Rounder,,,,2000000.0,INR,Mumbai Indians,IPL_Auction_2019_Sold_Player.csv,3bc10d5b,Pankaj Jaswal,exact_match
2019,Rasikh Dar,,Bowler,,,,2000000.0,INR,Mumbai Indians,IPL_Auction_2019_Sold_Player.csv,b82354b3,Raza Ali Dar,surname_initials_matching
2019,Jaydev Unadkat,,Bowler,,,,84000000.0,INR,Rajasthan Royals,IPL_Auction_2019_Sold_Player.csv,1e66c162,JD Unadkat,fuzzy_string_matching
2019,Varun Aaron,,Bowler,,,,24000000.0,INR,Rajasthan Royals,IPL_Auction_2019_Sold_Player.csv,0a3d54b9,VR Aaron,fuzzy_string_matching
2019,Oshane Thomas,,Bowler,,,,11000000.0,INR,Rajasthan Royals,IPL_Auction_2019_Sold_Player.csv,UNRESOLVED,Oshane Thomas,unresolved
2019,Ashton Turner,,All-Rounder,,,,5000000.0,INR,Rajasthan Royals,IPL_Auction_2019_Sold_Player.csv,UNRESOLVED,Ashton Turner,unresolved
2019,Liam Livingstone,,All-Rounder,,,,5000000.0,INR,Rajasthan Royals,IPL_Auction_2019_Sold_Player.csv,50c6bc2b,LS Livingstone,fuzzy_string_matching
2019,Shashank Singh,,All-Rounder,,,,3000000.0,INR,Rajasthan Royals,IPL_Auction_2019_Sold_Player.csv,26989d80,Shashank Singh,exact_match
2019,Riyan Parag,,All-Rounder,,,,2000000.0,INR,Rajasthan Royals,IPL_Auction_2019_Sold_Player.csv,04a418e8,R Parag,surname_initials_matching
2019,Manan Vohra,,Batsman,,,,2000000.0,INR,Rajasthan Royals,IPL_Auction_2019_Sold_Player.csv,c03e2850,M Vohra,surname_initials_matching
2019,Shubham Ranjane,,All-Rounder,,,,2000000.0,INR,Rajasthan Royals,IPL_Auction_2019_Sold_Player.csv,6c7a68d0,Shubham Ranjane,exact_match
2019,Shivam Dube,,All-Rounder,,,,50000000.0,INR,Royal Challengers Bengaluru,IPL_Auction_2019_Sold_Player.csv,a4e37e47,S Dube,surname_initials_matching
2019,Shimron Hetmyer,,Batsman,,,,42000000.0,INR,Royal Challengers Bengaluru,IPL_Auction_2019_Sold_Player.csv,48a1d7b7,SO Hetmyer,fuzzy_string_matching
2019,Akshdeep Nath,,All-Rounder,,,,36000000.0,INR,Royal Challengers Bengaluru,IPL_Auction_2019_Sold_Player.csv,f10e94c4,AD Nath,surname_initials_matching
2019,Prayas Ray Barman,,All-Rounder,,,,15000000.0,INR,Royal Challengers Bengaluru,IPL_Auction_2019_Sold_Player.csv,441c72ae,P Ray Barman,fuzzy_string_matching
2019,Himmat Singh,,Batsman,,,,6500000.0,INR,Royal Challengers Bengaluru,IPL_Auction_2019_Sold_Player.csv,ebcfef83,Himmat Singh,exact_match
2019,Gurkeerat Singh Mann,,All-Rounder,,,,5000000.0,INR,Royal Challengers Bengaluru,IPL_Auction_2019_Sold_Player.csv,6eb146d2,Gurkeerat Singh,fuzzy_string_matching
2019,Heinrich Klaasen,,Wicket Keeper,,,,5000000.0,INR,Royal Challengers Bengaluru,IPL_Auction_2019_Sold_Player.csv,235c2bb6,H Klaasen,surname_initials_matching
2019,Devdutt Padikkal,,Batsman,,,,2000000.0,INR,Royal Challengers Bengaluru,IPL_Auction_2019_Sold_Player.csv,2c25d4f5,D Padikkal,surname_initials_matching
2019,Milind Kumar,,All-Rounder,,,,2000000.0,INR,Royal Challengers Bengaluru,IPL_Auction_2019_Sold_Player.csv,b4296080,Milind Kumar,exact_match
2019,Jonny Bairstow,,Wicket Keeper,,,,22000000.0,INR,Sunrisers Hyderabad,IPL_Auction_2019_Sold_Player.csv,abb83e27,JM Bairstow,surname_initials_matching
2019,Wriddhiman Saha,,Wicket Keeper,,,,12000000.0,INR,Sunrisers Hyderabad,IPL_Auction_2019_Sold_Player.csv,fe11caa6,WP Saha,surname_initials_matching
2019,Martin Guptill,,Batsman,,,,10000000.0,INR,Sunrisers Hyderabad,IPL_Auction_2019_Sold_Player.csv,2be41edb,MJ Guptill,surname_initials_matching
2020,Piyush Chawla,,Bowler,,,,67500000.0,INR,Chennai Super Kings,IPL_Auction_2020_Sold_Player.csv,98ae73b1,PP Chawla,surname_initials_matching
2020,Sam Curran,,All-Rounder,,,,55000000.0,INR,Chennai Super Kings,IPL_Auction_2020_Sold_Player.csv,e94915e6,SM Curran,fuzzy_string_matching
2020,Josh Hazlewood,,Bowler,,,,20000000.0,INR,Chennai Super Kings,IPL_Auction_2020_Sold_Player.csv,03806cf8,JR Hazlewood,fuzzy_string_matching
2020,R. Sai Kishore,,Bowler,,,,2000000.0,INR,Chennai Super Kings,IPL_Auction_2020_Sold_Player.csv,c7a995d3,R Sai Kishore,fuzzy_string_matching
2020,Shimron Hetmyer,,Batsman,,,,77500000.0,INR,Delhi Capitals,IPL_Auction_2020_Sold_Player.csv,48a1d7b7,SO Hetmyer,fuzzy_string_matching
2020,Marcus Stoinis,,All-Rounder,,,,48000000.0,INR,Delhi Capitals,IPL_Auction_2020_Sold_Player.csv,d9273ee7,MP Stoinis,surname_initials_matching
2020,Alex Carey,,Wicket Keeper,,,,24000000.0,INR,Delhi Capitals,IPL_Auction_2020_Sold_Player.csv,69d03465,AT Carey,surname_initials_matching
2020,Jason Roy,,Batsman,,,,15000000.0,INR,Delhi Capitals,IPL_Auction_2020_Sold_Player.csv,UNRESOLVED,Jason Roy,unresolved
2020,Chris Woakes,,All-Rounder,,,,15000000.0,INR,Delhi Capitals,IPL_Auction_2020_Sold_Player.csv,4c5d73db,CR Woakes,fuzzy_string_matching
2020,Mohit Sharma,,Bowler,,,,5000000.0,INR,Delhi Capitals,IPL_Auction_2020_Sold_Player.csv,cd9f6505,Mohit Sharma,exact_match
2020,Tushar Deshpande,,Bowler,,,,2000000.0,INR,Delhi Capitals,IPL_Auction_2020_Sold_Player.csv,46a9bea1,TU Deshpande,fuzzy_string_matching
2020,Lalit Yadav,,All-Rounder,,,,2000000.0,INR,Delhi Capitals,IPL_Auction_2020_Sold_Player.csv,ad427b5c,Lalit Yadav,exact_match
2020,Glenn Maxwell,,All-Rounder,,,,107500000.0,INR,Kings XI Punjab,IPL_Auction_2020_Sold_Player.csv,b681e71e,GJ Maxwell,surname_initials_matching
2020,Sheldon Cottrell,,Bowler,,,,85000000.0,INR,Kings XI Punjab,IPL_Auction_2020_Sold_Player.csv,a1d053dd,SS Cottrell,surname_initials_matching
2020,Chris Jordan,,All-Rounder,,,,30000000.0,INR,Kings XI Punjab,IPL_Auction_2020_Sold_Player.csv,ffe699c0,CJ Jordan,surname_initials_matching
2020,Ravi Bishnoi,,Bowler,,,,20000000.0,INR,Kings XI Punjab,IPL_Auction_2020_Sold_Player.csv,df064e1a,Ravi Bishnoi,exact_match
2020,Prabhsimran Singh,,Wicket Keeper,,,,5500000.0,INR,Kings XI Punjab,IPL_Auction_2020_Sold_Player.csv,9418198b,P Simran Singh,fuzzy_string_matching
2020,Deepak Hooda,,All-Rounder,,,,5000000.0,INR,Kings XI Punjab,IPL_Auction_2020_Sold_Player.csv,73ad96ed,DJ Hooda,surname_initials_matching
2020,James Neesham,,All-Rounder,,,,5000000.0,INR,Kings XI Punjab,IPL_Auction_2020_Sold_Player.csv,9219eff0,JDS Neesham,fuzzy_string_matching
2020,Tajinder Dhillon,,All-Rounder,,,,2000000.0,INR,Kings XI Punjab,IPL_Auction_2020_Sold_Player.csv,225412c5,TR Dhillon,surname_initials_matching
2020,Ishan Porel,,Bowler,,,,2000000.0,INR,Kings XI Punjab,IPL_Auction_2020_Sold_Player.csv,fdf7491e,IC Porel,surname_initials_matching
2020,Pat Cummins,,All-Rounder,,,,155000000.0,INR,Kolkata Knight Riders,IPL_Auction_2020_Sold_Player.csv,ded9240e,PJ Cummins,fuzzy_string_matching
2020,Eoin Morgan,,Batsman,,,,52500000.0,INR,Kolkata Knight Riders,IPL_Auction_2020_Sold_Player.csv,a9b7e3e6,O Morgan,fuzzy_string_matching
2020,Varun Chakaravarthy,,All-Rounder,,,,40000000.0,INR,Kolkata Knight Riders,IPL_Auction_2020_Sold_Player.csv,UNRESOLVED,Varun Chakaravarthy,unresolved
2020,Tom Banton,,Batsman,,,,10000000.0,INR,Kolkata Knight Riders,IPL_Auction_2020_Sold_Player.csv,25f7b7d6,T Banton,fuzzy_string_matching
2020,Rahul Tripathi,,Batsman,,,,6000000.0,INR,Kolkata Knight Riders,IPL_Auction_2020_Sold_Player.csv,65ff7036,Anshul Tripathi,fuzzy_string_matching
2020,Chris Green,,All-Rounder,,,,2000000.0,INR,Kolkata Knight Riders,IPL_Auction_2020_Sold_Player.csv,UNRESOLVED,Chris Green,unresolved
2020,Nikhil Shankar Naik,,Wicket Keeper,,,,2000000.0,INR,Kolkata Knight Riders,IPL_Auction_2020_Sold_Player.csv,aedc3b7c,NS Naik,surname_initials_matching
2020,Pravin Tambe,,Bowler,,,,2000000.0,INR,Kolkata Knight Riders,IPL_Auction_2020_Sold_Player.csv,6aed7e79,PV Tambe,fuzzy_string_matching
2020,M Siddharth,,Bowler,,,,2000000.0,INR,Kolkata Knight Riders,IPL_Auction_2020_Sold_Player.csv,cf0ccafa,M Siddharth,exact_match
2020,Nathan Coulter-Nile,,Bowler,,,,80000000.0,INR,Mumbai Indians,IPL_Auction_2020_Sold_Player.csv,56ab442f,NM Coulter-Nile,fuzzy_string_matching
2020,Chris Lynn,,Batsman,,,,20000000.0,INR,Mumbai Indians,IPL_Auction_2020_Sold_Player.csv,45eda7c8,CA Lynn,surname_initials_matching
2020,Saurabh Tiwary,,Batsman,,,,5000000.0,INR,Mumbai Indians,IPL_Auction_2020_Sold_Player.csv,709b0bac,SS Tiwary,surname_initials_matching
2020,Digvijay Deshmukh,,All-Rounder,,,,2000000.0,INR,Mumbai Indians,IPL_Auction_2020_Sold_Player.csv,ddc7a53d,DR Deshmukh,surname_initials_matching
2020,Prince Balwant Rai Singh,,All-Rounder,,,,2000000.0,INR,Mumbai Indians,IPL_Auction_2020_Sold_Player.csv,UNRESOLVED,Prince Balwant Rai Singh,unresolved
2020,Mohsin Khan,,Bowler,,,,2000000.0,INR,Mumbai Indians,IPL_Auction_2020_Sold_Player.csv,2669d6b7,Mohsin Khan,fuzzy_string_matching
2020,Robin Uthappa,,Batsman,,,,30000000.0,INR,Rajasthan Royals,IPL_Auction_2020_Sold_Player.csv,1c17e270,RV Uthappa,fuzzy_string_matching
2020,Jaydev Unadkat,,Bowler,,,,30000000.0,INR,Rajasthan Royals,IPL_Auction_2020_Sold_Player.csv,1e66c162,JD Unadkat,fuzzy_string_matching
2020,Yashasvi Jaiswal,,All-Rounder,,,,24000000.0,INR,Rajasthan Royals,IPL_Auction_2020_Sold_Player.csv,6c19c6e5,YBK Jaiswal,surname_initials_matching
2020,Kartik Tyagi,,Bowler,,,,13000000.0,INR,Rajasthan Royals,IPL_Auction_2020_Sold_Player.csv,5d2eea49,Kartik Tyagi,exact_match
2020,Tom Curran,,All-Rounder,,,,10000000.0,INR,Rajasthan Royals,IPL_Auction_2020_Sold_Player.csv,e86754b2,TK Curran,fuzzy_string_matching
2020,Andrew Tye,,Bowler,,,,10000000.0,INR,Rajasthan Royals,IPL_Auction_2020_Sold_Player.csv,7c7d63a2,AJ Tye,surname_initials_matching
2020,Anuj Rawat,,Wicket Keeper,,,,8000000.0,INR,Rajasthan Royals,IPL_Auction_2020_Sold_Player.csv,c8f5f961,Anuj Rawat,exact_match
2020,David Miller,,Batsman,,,,7500000.0,INR,Rajasthan Royals,IPL_Auction_2020_Sold_Player.csv,fc0b4157,David Mills,fuzzy_string_matching
2020,Oshane Thomas,,Bowler,,,,5000000.0,INR,Rajasthan Royals,IPL_Auction_2020_Sold_Player.csv,UNRESOLVED,Oshane Thomas,unresolved
2020,Anirudha Ashok Joshi,,All-Rounder,,,,2000000.0,INR,Rajasthan Royals,IPL_Auction_2020_Sold_Player.csv,40c1eeeb,Aniruddha Joshi,fuzzy_string_matching
2020,Akash Singh,,Bowler,,,,2000000.0,INR,Rajasthan Royals,IPL_Auction_2020_Sold_Player.csv,b483905d,Akash Singh,exact_match
2020,Christopher Morris,,All-Rounder,,,,100000000.0,INR,Royal Challengers Bengaluru,IPL_Auction_2020_Sold_Player.csv,UNRESOLVED,Christopher Morris,unresolved
2020,Aaron Finch,,Batsman,,,,44000000.0,INR,Royal Challengers Bengaluru,IPL_Auction_2020_Sold_Player.csv,UNRESOLVED,Aaron Finch,unresolved
2020,Kane Richardson,,Bowler,,,,40000000.0,INR,Royal Challengers Bengaluru,IPL_Auction_2020_Sold_Player.csv,f308f629,A Richardson,fuzzy_string_matching
2020,Dale Steyn,,Bowler,,,,20000000.0,INR,Royal Challengers Bengaluru,IPL_Auction_2020_Sold_Player.csv,14baca9f,A Steyn,fuzzy_string_matching
2020,Isuru Udana,,All-Rounder,,,,5000000.0,INR,Royal Challengers Bengaluru,IPL_Auction_2020_Sold_Player.csv,ac5ae4af,I Udana,surname_initials_matching
2020,Shahbaz Ahamad,,Wicket Keeper,,,,2000000.0,INR,Royal Challengers Bengaluru,IPL_Auction_2020_Sold_Player.csv,f9e6e7ef,Shahbaz Ahmed,fuzzy_string_matching
2020,Joshua Philippe,,Wicket Keeper,,,,2000000.0,INR,Royal Challengers Bengaluru,IPL_Auction_2020_Sold_Player.csv,39086549,JR Philippe,surname_initials_matching
2020,Pavan Deshpande,,All-Rounder,,,,2000000.0,INR,Royal Challengers Bengaluru,IPL_Auction_2020_Sold_Player.csv,436b8481,Pavan Deshpande,exact_match
2020,Mitchell Marsh,,All-Rounder,,,,20000000.0,INR,Sunrisers Hyderabad,IPL_Auction_2020_Sold_Player.csv,3d8feaf8,MR Marsh,surname_initials_matching
2020,Priyam Garg,,Batsman,,,,19000000.0,INR,Sunrisers Hyderabad,IPL_Auction_2020_Sold_Player.csv,bb965e9a,PK Garg,surname_initials_matching
2020,Virat Singh,,Batsman,,,,19000000.0,INR,Sunrisers Hyderabad,IPL_Auction_2020_Sold_Player.csv,26d76ad9,Virat Singh,exact_match
2020,Fabian Allen,,All-Rounder,,,,5000000.0,INR,Sunrisers Hyderabad,IPL_Auction_2020_Sold_Player.csv,UNRESOLVED,Fabian Allen,unresolved
2020,Sandeep Bavanaka,,All-Rounder,,,,2000000.0,INR,Sunrisers Hyderabad,IPL_Auction_2020_Sold_Player.csv,UNRESOLVED,Sandeep Bavanaka,unresolved
2020,Sanjay Yadav,,All-Rounder,,,,2000000.0,INR,Sunrisers Hyderabad,IPL_Auction_2020_Sold_Player.csv,33ffc3dd,R Sanjay Yadav,fuzzy_string_matching
2020,Abdul Samad,,All-Rounder,,,,2000000.0,INR,Sunrisers Hyderabad,IPL_Auction_2020_Sold_Player.csv,8e514b4c,Abdul Samad,fuzzy_string_matching
2021,Krishnappa Gowtham,,All-Rounder,,,,92500000.0,INR,Chennai Super Kings,IPL_Auction_2021_Sold_Player.csv,90de905a,K Gowtham,surname_initials_matching
2021,Moeen Ali,,All-Rounder,,,,70000000.0,INR,Chennai Super Kings,IPL_Auction_2021_Sold_Player.csv,UNRESOLVED,Moeen Ali,unresolved
2021,Cheteshwar Pujara,,Batsman,,,,5000000.0,INR,Chennai Super Kings,IPL_Auction_2021_Sold_Player.csv,d4f9dbd4,CA Pujara,surname_initials_matching
2021,K.Bhagath Varma,,All-Rounder,,,,2000000.0,INR,Chennai Super Kings,IPL_Auction_2021_Sold_Player.csv,5438ffba,K Bhagath Varma,fuzzy_string_matching
2021,C Hari Nishaanth,,Batsman,,,,2000000.0,INR,Chennai Super Kings,IPL_Auction_2021_Sold_Player.csv,c3f37533,Hari Nishaanth,fuzzy_string_matching
2021,M. Harisankar Reddy,,Bowler,,,,2000000.0,INR,Chennai Super Kings,IPL_Auction_2021_Sold_Player.csv,791c088d,Harishankar Reddy,fuzzy_string_matching
2021,Tom Curran,,All-Rounder,,,,52500000.0,INR,Delhi Capitals,IPL_Auction_2021_Sold_Player.csv,e86754b2,TK Curran,fuzzy_string_matching
2021,Steven Smith,,Batsman,,,,22000000.0,INR,Delhi Capitals,IPL_Auction_2021_Sold_Player.csv,UNRESOLVED,Steven Smith,unresolved
2021,Sam Billings,,Wicket Keeper,,,,20000000.0,INR,Delhi Capitals,IPL_Auction_2021_Sold_Player.csv,c16d4035,SW Billings,fuzzy_string_matching
2021,Umesh Yadav,,Bowler,,,,10000000.0,INR,Delhi Capitals,IPL_Auction_2021_Sold_Player.csv,UNRESOLVED,Umesh Yadav,unresolved
2021,Ripal Patel,,All-Rounder,,,,2000000.0,INR,Delhi Capitals,IPL_Auction_2021_Sold_Player.csv,b5da6c24,PA Patel,fuzzy_string_matching
2021,Vishnu Vinod,,Wicket Keeper,,,,2000000.0,INR,Delhi Capitals,IPL_Auction_2021_Sold_Player.csv,0494fa6e,Vishnu Vinod,exact_match
2021,Lukman Hussain Meriwala,,Bowler,,,,2000000.0,INR,Delhi Capitals,IPL_Auction_2021_Sold_Player.csv,d3611425,LI Meriwala,surname_initials_matching
2021,M Siddharth,,Bowler,,,,2000000.0,INR,Delhi Capitals,IPL_Auction_2021_Sold_Player.csv,cf0ccafa,M Siddharth,exact_match
2021,Shakib Al Hasan,,All-Rounder,,,,32000000.0,INR,Kolkata Knight Riders,IPL_Auction_2021_Sold_Player.csv,7dc35884,Shakib Al Hasan,exact_match
2021,Harbhajan Singh,,Bowler,,,,20000000.0,INR,Kolkata Knight Riders,IPL_Auction_2021_Sold_Player.csv,8b5b6769,Harbhajan Singh,exact_match
2021,Ben Cutting,,All-Rounder,,,,7500000.0,INR,Kolkata Knight Riders,IPL_Auction_2021_Sold_Player.csv,2e11c706,BCJ Cutting,fuzzy_string_matching
2021,Karun Nair,,Batsman,,,,5000000.0,INR,Kolkata Knight Riders,IPL_Auction_2021_Sold_Player.csv,06907633,AR Nair,fuzzy_string_matching
2021,Pawan Negi,,All-Rounder,,,,5000000.0,INR,Kolkata Knight Riders,IPL_Auction_2021_Sold_Player.csv,f62772e5,P Negi,surname_initials_matching
2021,Venkatesh Iyer,,All-Rounder,,,,2000000.0,INR,Kolkata Knight Riders,IPL_Auction_2021_Sold_Player.csv,UNRESOLVED,Venkatesh Iyer,unresolved
2021,Sheldon Jackson,,Wicket Keeper,,,,2000000.0,INR,Kolkata Knight Riders,IPL_Auction_2021_Sold_Player.csv,UNRESOLVED,Sheldon Jackson,unresolved
2021,Vaibhav Arora,,Bowler,,,,2000000.0,INR,Kolkata Knight Riders,IPL_Auction_2021_Sold_Player.csv,7c3b3b78,VG Arora,surname_initials_matching
2021,Nathan Coulter-Nile,,Bowler,,,,50000000.0,INR,Mumbai Indians,IPL_Auction_2021_Sold_Player.csv,56ab442f,NM Coulter-Nile,fuzzy_string_matching
2021,Adam Milne,,Bowler,,,,32000000.0,INR,Mumbai Indians,IPL_Auction_2021_Sold_Player.csv,eaa918a8,D Milne,fuzzy_string_matching
2021,Piyush Chawla,,Bowler,,,,24000000.0,INR,Mumbai Indians,IPL_Auction_2021_Sold_Player.csv,98ae73b1,PP Chawla,surname_initials_matching
2021,James Neesham,,All-Rounder,,,,5000000.0,INR,Mumbai Indians,IPL_Auction_2021_Sold_Player.csv,9219eff0,JDS Neesham,fuzzy_string_matching
2021,Yudhvir Charak,,All-Rounder,,,,2000000.0,INR,Mumbai Indians,IPL_Auction_2021_Sold_Player.csv,UNRESOLVED,Yudhvir Charak,unresolved
2021,Marco Jansen,,All-Rounder,,,,2000000.0,INR,Mumbai Indians,IPL_Auction_2021_Sold_Player.csv,UNRESOLVED,Marco Jansen,unresolved
2021,Arjun Tendulkar,,All-Rounder,,,,2000000.0,INR,Mumbai Indians,IPL_Auction_2021_Sold_Player.csv,44aac2f0,Arjun Tendulkar,exact_match
2021,Jhye Richardson,,Bowler,,,,140000000.0,INR,Punjab Kings,IPL_Auction_2021_Sold_Player.csv,a5901a94,J Richardson,fuzzy_string_matching
2021,Riley Meredith,,Bowler,,,,80000000.0,INR,Punjab Kings,IPL_Auction_2021_Sold_Player.csv,64775749,RP Meredith,fuzzy_string_matching
2021,Shahrukh Khan,,All-Rounder,,,,52500000.0,INR,Punjab Kings,IPL_Auction_2021_Sold_Player.csv,7dcb9bc9,M Shahrukh Khan,fuzzy_string_matching
2021,Moises Henriques,,All-Rounder,,,,42000000.0,INR,Punjab Kings,IPL_Auction_2021_Sold_Player.csv,32198ae0,MC Henriques,fuzzy_string_matching
2021,Dawid Malan,,All-Rounder,,,,15000000.0,INR,Punjab Kings,IPL_Auction_2021_Sold_Player.csv,UNRESOLVED,Dawid Malan,unresolved
2021,Fabian Allen,,All-Rounder,,,,7500000.0,INR,Punjab Kings,IPL_Auction_2021_Sold_Player.csv,UNRESOLVED,Fabian Allen,unresolved
2021,Jalaj Saxena,,All-Rounder,,,,3000000.0,INR,Punjab Kings,IPL_Auction_2021_Sold_Player.csv,249abedf,Jalaj S Saxena,fuzzy_string_matching
2021,Saurabh Kumar,,All-Rounder,,,,2000000.0,INR,Punjab Kings,IPL_Auction_2021_Sold_Player.csv,2a6afc6f,Saurabh Kumar,fuzzy_string_matching
2021,Utkarsh Singh,,All-Rounder,,,,2000000.0,INR,Punjab Kings,IPL_Auction_2021_Sold_Player.csv,b2a55ac1,Utkarsh Singh,exact_match
2021,Christopher Morris,,All-Rounder,,,,162500000.0,INR,Rajasthan Royals,IPL_Auction_2021_Sold_Player.csv,UNRESOLVED,Christopher Morris,unresolved
2021,Shivam Dube,,All-Rounder,,,,44000000.0,INR,Rajasthan Royals,IPL_Auction_2021_Sold_Player.csv,a4e37e47,S Dube,surname_initials_matching
2021,Chetan Sakariya,,Bowler,,,,12000000.0,INR,Rajasthan Royals,IPL_Auction_2021_Sold_Player.csv,2cdce1be,C Sakariya,surname_initials_matching
2021,Mustafizur Rahman,,Bowler,,,,10000000.0,INR,Rajasthan Royals,IPL_Auction_2021_Sold_Player.csv,0a8fce53,Mustafizur Rahman,exact_match
2021,Liam Livingstone,,All-Rounder,,,,7500000.0,INR,Rajasthan Royals,IPL_Auction_2021_Sold_Player.csv,50c6bc2b,LS Livingstone,fuzzy_string_matching
2021,K.C Cariappa,,Bowler,,,,2000000.0,INR,Rajasthan Royals,IPL_Auction_2021_Sold_Player.csv,edb3d4f8,KC Cariappa,fuzzy_string_matching
2021,Akash Singh,,Bowler,,,,2000000.0,INR,Rajasthan Royals,IPL_Auction_2021_Sold_Player.csv,b483905d,Akash Singh,exact_match
2021,Kuldip Yadav,,Bowler,,,,2000000.0,INR,Rajasthan Royals,IPL_Auction_2021_Sold_Player.csv,8d2c70ad,Kuldeep Yadav,fuzzy_string_matching
2021,Kyle Jamieson,,All-Rounder,,,,150000000.0,INR,Royal Challengers Bengaluru,IPL_Auction_2021_Sold_Player.csv,68c56d09,KA Jamieson,fuzzy_string_matching
2021,Glenn Maxwell,,All-Rounder,,,,142500000.0,INR,Royal Challengers Bengaluru,IPL_Auction_2021_Sold_Player.csv,b681e71e,GJ Maxwell,surname_initials_matching
2021,Dan Christian,,All-Rounder,,,,48000000.0,INR,Royal Challengers Bengaluru,IPL_Auction_2021_Sold_Player.csv,3b1fa4cb,DO Christian,fuzzy_string_matching
2021,Sachin Baby,,Batsman,,,,2000000.0,INR,Royal Challengers Bengaluru,IPL_Auction_2021_Sold_Player.csv,dc9dd038,Sachin Baby,exact_match
2021,Rajat Patidar,,Batsman,,,,2000000.0,INR,Royal Challengers Bengaluru,IPL_Auction_2021_Sold_Player.csv,c740ea83,RM Patidar,surname_initials_matching
2021,Mohammed Azharudeen,,Wicket Keeper,,,,2000000.0,INR,Royal Challengers Bengaluru,IPL_Auction_2021_Sold_Player.csv,4ae89f36,Mohammed Azharuddeen,fuzzy_string_matching
2021,Suyash Prabhudesai,,All-Rounder,,,,2000000.0,INR,Royal Challengers Bengaluru,IPL_Auction_2021_Sold_Player.csv,9385de2e,SS Prabhudessai,fuzzy_string_matching
2021,Kona Srikar Bharat,,Wicket Keeper,,,,2000000.0,INR,Royal Challengers Bengaluru,IPL_Auction_2021_Sold_Player.csv,44a89551,KS Bharat,surname_initials_matching
2021,Kedar Jadhav,,All-Rounder,,,,20000000.0,INR,Sunrisers Hyderabad,IPL_Auction_2021_Sold_Player.csv,6c18c062,KA Jadhav,fuzzy_string_matching
2021,Mujeeb Zadran,,Bowler,,,,15000000.0,INR,Sunrisers Hyderabad,IPL_Auction_2021_Sold_Player.csv,UNRESOLVED,Mujeeb Zadran,unresolved
2021,J Suchith,,Bowler,,,,3000000.0,INR,Sunrisers Hyderabad,IPL_Auction_2021_Sold_Player.csv,4125d931,J Suchith,exact_match
2022,Robin Uthappa,Indian,Batsman,,,,20000000.0,INR,Chennai Super Kings,IPL_Auction_2022_Sold_Player.csv,1c17e270,RV Uthappa,fuzzy_string_matching
2022,Dwayne Bravo,Overseas,All-Rounder,,,,44000000.0,INR,Chennai Super Kings,IPL_Auction_2022_Sold_Player.csv,UNRESOLVED,Dwayne Bravo,unresolved
2022,Ambati Rayudu,Indian,Wicket Keeper,,,,67500000.0,INR,Chennai Super Kings,IPL_Auction_2022_Sold_Player.csv,70d205c9,AT Rayudu,fuzzy_string_matching
2022,Deepak Chahar,Indian,Bowler,,,,140000000.0,INR,Chennai Super Kings,IPL_Auction_2022_Sold_Player.csv,23eeb873,DL Chahar,surname_initials_matching
2022,C.Hari Nishaanth,Indian,Batsman,,,,2000000.0,INR,Chennai Super Kings,IPL_Auction_2022_Sold_Player.csv,c3f37533,Hari Nishaanth,fuzzy_string_matching
2022,N. Jagadeesan,Indian,Wicket Keeper,,,,2000000.0,INR,Chennai Super Kings,IPL_Auction_2022_Sold_Player.csv,bd54eef5,N Jagadeesan,fuzzy_string_matching
2022,K.M. Asif,Indian,Bowler,,,,2000000.0,INR,Chennai Super Kings,IPL_Auction_2022_Sold_Player.csv,798cc28e,KM Asif,fuzzy_string_matching
2022,Tushar Deshpande,Indian,Bowler,,,,2000000.0,INR,Chennai Super Kings,IPL_Auction_2022_Sold_Player.csv,46a9bea1,TU Deshpande,fuzzy_string_matching
2022,Shivam Dube,Indian,All-Rounder,,,,40000000.0,INR,Chennai Super Kings,IPL_Auction_2022_Sold_Player.csv,a4e37e47,S Dube,surname_initials_matching
2022,Chris Jordan,Overseas,All-Rounder,,,,36000000.0,INR,Chennai Super Kings,IPL_Auction_2022_Sold_Player.csv,ffe699c0,CJ Jordan,surname_initials_matching
2022,Maheesh Theekshana,Overseas,Bowler,,,,7000000.0,INR,Chennai Super Kings,IPL_Auction_2022_Sold_Player.csv,f24c6701,M Theekshana,surname_initials_matching
2022,Rajvardhan Hangargekar,Indian,All-Rounder,,,,15000000.0,INR,Chennai Super Kings,IPL_Auction_2022_Sold_Player.csv,c3c92b42,RS Hangargekar,surname_initials_matching
2022,Simarjeet Singh,Indian,Bowler,,,,2000000.0,INR,Chennai Super Kings,IPL_Auction_2022_Sold_Player.csv,30df8c66,Simarjeet Singh,exact_match
2022,Devon Conway,Overseas,Batsman,,,,10000000.0,INR,Chennai Super Kings,IPL_Auction_2022_Sold_Player.csv,df5a6881,DP Conway,surname_initials_matching
2022,Dwaine Pretorius,Overseas,All-Rounder,,,,5000000.0,INR,Chennai Super Kings,IPL_Auction_2022_Sold_Player.csv,UNRESOLVED,Dwaine Pretorius,unresolved
2022,Mitchell Santner,Overseas,All-Rounder,,,,19000000.0,INR,Chennai Super Kings,IPL_Auction_2022_Sold_Player.csv,e4a0deae,MJ Santner,surname_initials_matching
2022,Adam Milne,Overseas,Bowler,,,,19000000.0,INR,Chennai Super Kings,IPL_Auction_2022_Sold_Player.csv,eaa918a8,D Milne,fuzzy_string_matching
2022,Subhranshu Senapati,Indian,Batsman,,,,2000000.0,INR,Chennai Super Kings,IPL_Auction_2022_Sold_Player.csv,0edcb652,Subhransu Senapati,fuzzy_string_matching
2022,Mukesh Choudhary,Indian,Bowler,,,,2000000.0,INR,Chennai Super Kings,IPL_Auction_2022_Sold_Player.csv,765a4731,Mukesh Choudhary,exact_match
2022,Prashant Solanki,Indian,Bowler,,,,12000000.0,INR,Chennai Super Kings,IPL_Auction_2022_Sold_Player.csv,UNRESOLVED,Prashant Solanki,unresolved
2022,K.Bhagath Varma,Indian,All-Rounder,,,,2000000.0,INR,Chennai Super Kings,IPL_Auction_2022_Sold_Player.csv,5438ffba,K Bhagath Varma,fuzzy_string_matching
2022,David Warner,Overseas,Batsman,,,,62500000.0,INR,Delhi Capitals,IPL_Auction_2022_Sold_Player.csv,dcce6f09,DA Warner,fuzzy_string_matching
2022,Mitchell Marsh,Overseas,All-Rounder,,,,65000000.0,INR,Delhi Capitals,IPL_Auction_2022_Sold_Player.csv,3d8feaf8,MR Marsh,surname_initials_matching
2022,Mustafizur Rahman,Overseas,Bowler,,,,20000000.0,INR,Delhi Capitals,IPL_Auction_2022_Sold_Player.csv,0a8fce53,Mustafizur Rahman,exact_match
2022,Shardul Thakur,Indian,Bowler,,,,107500000.0,INR,Delhi Capitals,IPL_Auction_2022_Sold_Player.csv,UNRESOLVED,Shardul Thakur,unresolved
2022,Kuldeep Yadav,Indian,Bowler,,,,20000000.0,INR,Delhi Capitals,IPL_Auction_2022_Sold_Player.csv,8d2c70ad,Kuldeep Yadav,exact_match
2022,Ashwin Hebbar,Indian,Batsman,,,,2000000.0,INR,Delhi Capitals,IPL_Auction_2022_Sold_Player.csv,b11d8647,Ashwin Hebbar,exact_match
2022,Sarfaraz Khan,Indian,All-Rounder,,,,2000000.0,INR,Delhi Capitals,IPL_Auction_2022_Sold_Player.csv,UNRESOLVED,Sarfaraz Khan,unresolved
2022,Kamlesh Nagarkoti,Indian,All-Rounder,,,,11000000.0,INR,Delhi Capitals,IPL_Auction_2022_Sold_Player.csv,b4f5c2d9,KL Nagarkoti,fuzzy_string_matching
2022,K.S. Bharat,Indian,Wicket Keeper,,,,20000000.0,INR,Delhi Capitals,IPL_Auction_2022_Sold_Player.csv,44a89551,KS Bharat,fuzzy_string_matching
2022,Mandeep Singh,Indian,Batsman,,,,11000000.0,INR,Delhi Capitals,IPL_Auction_2022_Sold_Player.csv,c3a96caf,Mandeep Singh,fuzzy_string_matching
2022,Syed Khaleel Ahmed,Indian,Bowler,,,,52500000.0,INR,Delhi Capitals,IPL_Auction_2022_Sold_Player.csv,UNRESOLVED,Syed Khaleel Ahmed,unresolved
2022,Lungisani Ngidi,Overseas,Bowler,,,,5000000.0,INR,Delhi Capitals,IPL_Auction_2022_Sold_Player.csv,f834dcfc,L Ngidi,surname_initials_matching
2022,Chetan Sakariya,Indian,Bowler,,,,42000000.0,INR,Delhi Capitals,IPL_Auction_2022_Sold_Player.csv,2cdce1be,C Sakariya,surname_initials_matching
2022,Yash Dhull,Indian,All-Rounder,,,,5000000.0,INR,Delhi Capitals,IPL_Auction_2022_Sold_Player.csv,dd7e9b3b,YV Dhull,surname_initials_matching
2022,Vicky Ostwal,Indian,All-Rounder,,,,2000000.0,INR,Delhi Capitals,IPL_Auction_2022_Sold_Player.csv,UNRESOLVED,Vicky Ostwal,unresolved
2022,Ripal Patel,Indian,All-Rounder,,,,2000000.0,INR,Delhi Capitals,IPL_Auction_2022_Sold_Player.csv,b5da6c24,PA Patel,fuzzy_string_matching
2022,Lalit Yadav,Indian,All-Rounder,,,,6500000.0,INR,Delhi Capitals,IPL_Auction_2022_Sold_Player.csv,ad427b5c,Lalit Yadav,exact_match
2022,Rovman Powell,Overseas,Batsman,,,,28000000.0,INR,Delhi Capitals,IPL_Auction_2022_Sold_Player.csv,UNRESOLVED,Rovman Powell,unresolved
2022,Tim Seifert,Overseas,Wicket Keeper,,,,5000000.0,INR,Delhi Capitals,IPL_Auction_2022_Sold_Player.csv,4663bd23,TL Seifert,fuzzy_string_matching
2022,Pravin Dubey,Indian,All-Rounder,,,,5000000.0,INR,Delhi Capitals,IPL_Auction_2022_Sold_Player.csv,ed5a5510,P Dubey,surname_initials_matching
2022,Mohammad Shami,Indian,Bowler,,,,62500000.0,INR,Gujarat Titans,IPL_Auction_2022_Sold_Player.csv,68ddabdb,Mohammad Sami,fuzzy_string_matching
2022,David Miller,Overseas,Batsman,,,,30000000.0,INR,Gujarat Titans,IPL_Auction_2022_Sold_Player.csv,fc0b4157,David Mills,fuzzy_string_matching
2022,Jason Roy,Overseas,Batsman,,,,20000000.0,INR,Gujarat Titans,IPL_Auction_2022_Sold_Player.csv,UNRESOLVED,Jason Roy,unresolved
2022,Wriddhiman  Saha,Indian,Wicket Keeper,,,,19000000.0,INR,Gujarat Titans,IPL_Auction_2022_Sold_Player.csv,fe11caa6,WP Saha,surname_initials_matching
2022,Matthew Wade,Overseas,Wicket Keeper,,,,24000000.0,INR,Gujarat Titans,IPL_Auction_2022_Sold_Player.csv,3e331df6,Matthew Walker,fuzzy_string_matching
2022,Lockie Ferguson,Overseas,Bowler,,,,100000000.0,INR,Gujarat Titans,IPL_Auction_2022_Sold_Player.csv,2f9d0389,LH Ferguson,surname_initials_matching
2022,Abhinav Sadarangani,Indian,Batsman,,,,26000000.0,INR,Gujarat Titans,IPL_Auction_2022_Sold_Player.csv,UNRESOLVED,Abhinav Sadarangani,unresolved
2022,Rahul Tewatia,Indian,All-Rounder,,,,90000000.0,INR,Gujarat Titans,IPL_Auction_2022_Sold_Player.csv,39a2dfa8,R Tewatia,surname_initials_matching
2022,Noor  Ahmad,Overseas,Bowler,,,,3000000.0,INR,Gujarat Titans,IPL_Auction_2022_Sold_Player.csv,efc04be7,Noor Ahmad,fuzzy_string_matching
2022,R. Sai Kishore,Indian,Bowler,,,,30000000.0,INR,Gujarat Titans,IPL_Auction_2022_Sold_Player.csv,c7a995d3,R Sai Kishore,fuzzy_string_matching
2022,Dominic Drakes,Overseas,All-Rounder,,,,11000000.0,INR,Gujarat Titans,IPL_Auction_2022_Sold_Player.csv,34b332d3,DC Drakes,surname_initials_matching
2022,Vijay Shankar,Indian,All-Rounder,,,,14000000.0,INR,Gujarat Titans,IPL_Auction_2022_Sold_Player.csv,0994d0ae,V Shankar,surname_initials_matching
2022,Jayant Yadav,Indian,All-Rounder,,,,17000000.0,INR,Gujarat Titans,IPL_Auction_2022_Sold_Player.csv,c6355538,Mayan Yadav,fuzzy_string_matching
2022,Darshan Nalkande,Indian,All-Rounder,,,,2000000.0,INR,Gujarat Titans,IPL_Auction_2022_Sold_Player.csv,cd8d2859,DG Nalkande,surname_initials_matching
2022,Yash  Dayal,Indian,Bowler,,,,32000000.0,INR,Gujarat Titans,IPL_Auction_2022_Sold_Player.csv,7210d461,Yash Dayal,fuzzy_string_matching
2022,B. Sai Sudharsan,Indian,All-Rounder,,,,2000000.0,INR,Gujarat Titans,IPL_Auction_2022_Sold_Player.csv,d5130a30,B Sai Sudharsan,fuzzy_string_matching
2022,Gurkeerat Singh,Indian,All-Rounder,,,,5000000.0,INR,Gujarat Titans,IPL_Auction_2022_Sold_Player.csv,6eb146d2,Gurkeerat Singh,exact_match
2022,Alzarri Joseph,Overseas,Bowler,,,,24000000.0,INR,Gujarat Titans,IPL_Auction_2022_Sold_Player.csv,b0946605,AS Joseph,surname_initials_matching
2022,Varun Aaron,Indian,Bowler,,,,5000000.0,INR,Gujarat Titans,IPL_Auction_2022_Sold_Player.csv,0a3d54b9,VR Aaron,fuzzy_string_matching
2022,Pradeep Sangwan,Indian,All-Rounder,,,,2000000.0,INR,Gujarat Titans,IPL_Auction_2022_Sold_Player.csv,9fc0ef64,PJ Sangwan,surname_initials_matching
2022,Pat Cummins,Overseas,All-Rounder,,,,72500000.0,INR,Kolkata Knight Riders,IPL_Auction_2022_Sold_Player.csv,ded9240e,PJ Cummins,fuzzy_string_matching
2022,Shreyas Iyer,Indian,Batsman,,,,122500000.0,INR,Kolkata Knight Riders,IPL_Auction_2022_Sold_Player.csv,UNRESOLVED,Shreyas Iyer,unresolved
2022,Mohammad  Nabi,Overseas,All-Rounder,,,,10000000.0,INR,Kolkata Knight Riders,IPL_Auction_2022_Sold_Player.csv,62af8546,Mohammad Nabi,fuzzy_string_matching
2022,Nitish Rana,Indian,All-Rounder,,,,80000000.0,INR,Kolkata Knight Riders,IPL_Auction_2022_Sold_Player.csv,62ccc063,Nitish Rao,fuzzy_string_matching
2022,Sam Billings,Overseas,Wicket Keeper,,,,20000000.0,INR,Kolkata Knight Riders,IPL_Auction_2022_Sold_Player.csv,c16d4035,SW Billings,fuzzy_string_matching
2022,Umesh Yadav,Indian,Bowler,,,,20000000.0,INR,Kolkata Knight Riders,IPL_Auction_2022_Sold_Player.csv,UNRESOLVED,Umesh Yadav,unresolved
2022,Shivam  Mavi,Indian,All-Rounder,,,,72500000.0,INR,Kolkata Knight Riders,IPL_Auction_2022_Sold_Player.csv,c38d3503,Shivam Mavi,fuzzy_string_matching
2022,Sheldon Jackson,Indian,Wicket Keeper,,,,6000000.0,INR,Kolkata Knight Riders,IPL_Auction_2022_Sold_Player.csv,UNRESOLVED,Sheldon Jackson,unresolved
2022,Ajinkya Rahane,Indian,Batsman,,,,10000000.0,INR,Kolkata Knight Riders,IPL_Auction_2022_Sold_Player.csv,29e95537,AM Rahane,surname_initials_matching
2022,Rinku Singh,Indian,Batsman,,,,5500000.0,INR,Kolkata Knight Riders,IPL_Auction_2022_Sold_Player.csv,0ab3c788,Ritu Singh,fuzzy_string_matching
2022,Anukul Roy,Indian,All-Rounder,,,,2000000.0,INR,Kolkata Knight Riders,IPL_Auction_2022_Sold_Player.csv,UNRESOLVED,Anukul Roy,unresolved
2022,Alex Hales,Overseas,Batsman,,,,15000000.0,INR,Kolkata Knight Riders,IPL_Auction_2022_Sold_Player.csv,92aeac25,AD Hales,surname_initials_matching
2022,Rasikh Dar,Indian,Bowler,,,,2000000.0,INR,Kolkata Knight Riders,IPL_Auction_2022_Sold_Player.csv,b82354b3,Raza Ali Dar,surname_initials_matching
2022,Tim Southee,Overseas,Bowler,,,,15000000.0,INR,Kolkata Knight Riders,IPL_Auction_2022_Sold_Player.csv,13c35c9e,TG Southee,fuzzy_string_matching
2022,Baba Indrajith,Indian,Wicket Keeper,,,,2000000.0,INR,Kolkata Knight Riders,IPL_Auction_2022_Sold_Player.csv,ff1e68fa,B Indrajith,fuzzy_string_matching
2022,Chamika Karunaratne,Overseas,All-Rounder,,,,5000000.0,INR,Kolkata Knight Riders,IPL_Auction_2022_Sold_Player.csv,fb3e0d39,C Karunaratne,surname_initials_matching
2022,Abhijeet Tomar,Indian,Batsman,,,,4000000.0,INR,Kolkata Knight Riders,IPL_Auction_2022_Sold_Player.csv,UNRESOLVED,Abhijeet Tomar,unresolved
2022,Aman Khan,Indian,All-Rounder,,,,2000000.0,INR,Kolkata Knight Riders,IPL_Auction_2022_Sold_Player.csv,28392e11,Zaman Khan,fuzzy_string_matching
2022,Ramesh Kumar,Indian,Batsman,,,,2000000.0,INR,Kolkata Knight Riders,IPL_Auction_2022_Sold_Player.csv,2c47dd7c,Rakesh Kumar,fuzzy_string_matching
2022,Pratham Singh,Indian,Batsman,,,,2000000.0,INR,Kolkata Knight Riders,IPL_Auction_2022_Sold_Player.csv,f9f21866,Pratham Singh,exact_match
2022,Ashok Sharma,Indian,Bowler,,,,5500000.0,INR,Kolkata Knight Riders,IPL_Auction_2022_Sold_Player.csv,50c09020,Ashok Sharma,exact_match
2022,Quinton De Kock,Overseas,Wicket Keeper,,,,67500000.0,INR,Lucknow Super Giants,IPL_Auction_2022_Sold_Player.csv,372455c4,Q de Kock,surname_initials_matching
2022,Manish Pandey,Indian,Batsman,,,,46000000.0,INR,Lucknow Super Giants,IPL_Auction_2022_Sold_Player.csv,93b4fc78,MK Pandey,surname_initials_matching
2022,Krunal Pandya,Indian,All-Rounder,,,,82500000.0,INR,Lucknow Super Giants,IPL_Auction_2022_Sold_Player.csv,UNRESOLVED,Krunal Pandya,unresolved
2022,Mark Wood,Overseas,Bowler,,,,75000000.0,INR,Lucknow Super Giants,IPL_Auction_2022_Sold_Player.csv,8d92a2c3,MA Wood,fuzzy_string_matching
2022,Avesh Khan,Indian,Bowler,,,,100000000.0,INR,Lucknow Super Giants,IPL_Auction_2022_Sold_Player.csv,eef2536f,Avesh Khan,exact_match
2022,Ankit Singh Rajpoot,Indian,Bowler,,,,5000000.0,INR,Lucknow Super Giants,IPL_Auction_2022_Sold_Player.csv,db31895a,AS Rajpoot,surname_initials_matching
2022,K. Gowtham,Indian,All-Rounder,,,,9000000.0,INR,Lucknow Super Giants,IPL_Auction_2022_Sold_Player.csv,90de905a,K Gowtham,fuzzy_string_matching
2022,Dushmanta Chameera,Overseas,Bowler,,,,20000000.0,INR,Lucknow Super Giants,IPL_Auction_2022_Sold_Player.csv,UNRESOLVED,Dushmanta Chameera,unresolved
2022,Shahbaz Nadeem,Indian,Bowler,,,,5000000.0,INR,Lucknow Super Giants,IPL_Auction_2022_Sold_Player.csv,9d80c5e1,S Nadeem,surname_initials_matching
2022,Manan Vohra,Indian,Batsman,,,,2000000.0,INR,Lucknow Super Giants,IPL_Auction_2022_Sold_Player.csv,c03e2850,M Vohra,surname_initials_matching
2022,Evin Lewis,Overseas,Batsman,,,,20000000.0,INR,Lucknow Super Giants,IPL_Auction_2022_Sold_Player.csv,0ebfb1ad,E Lewis,fuzzy_string_matching
2022,Mohsin Khan,Indian,Bowler,,,,2000000.0,INR,Lucknow Super Giants,IPL_Auction_2022_Sold_Player.csv,2669d6b7,Mohsin Khan,fuzzy_string_matching
2022,Mayank Yadav,Indian,Bowler,,,,2000000.0,INR,Lucknow Super Giants,IPL_Auction_2022_Sold_Player.csv,c6355538,Mayan Yadav,fuzzy_string_matching
2022,Ayush Badoni,Indian,All-Rounder,,,,2000000.0,INR,Lucknow Super Giants,IPL_Auction_2022_Sold_Player.csv,872b03f7,A Badoni,fuzzy_string_matching
2022,Kyle Mayers,Overseas,All-Rounder,,,,5000000.0,INR,Lucknow Super Giants,IPL_Auction_2022_Sold_Player.csv,73c18486,KR Mayers,surname_initials_matching
2022,Karan Sharma,Indian,All-Rounder,,,,2000000.0,INR,Lucknow Super Giants,IPL_Auction_2022_Sold_Player.csv,691d15fb,RA Sharma,fuzzy_string_matching
2022,Jason Holder,Overseas,All-Rounder,,,,87500000.0,INR,Lucknow Super Giants,IPL_Auction_2022_Sold_Player.csv,0f721006,JO Holder,fuzzy_string_matching
2022,Deepak Hooda,Indian,All-Rounder,,,,57500000.0,INR,Lucknow Super Giants,IPL_Auction_2022_Sold_Player.csv,73ad96ed,DJ Hooda,surname_initials_matching
2022,Ishan Kishan,Indian,Wicket Keeper,,,,152500000.0,INR,Mumbai Indians,IPL_Auction_2022_Sold_Player.csv,752f7486,Ishan Kishan,exact_match
2022,Dewald Brevis,Overseas,Batsman,,,,30000000.0,INR,Mumbai Indians,IPL_Auction_2022_Sold_Player.csv,844e79d1,D Brevis,surname_initials_matching
2022,Anmolpreet Singh,Indian,Batsman,,,,2000000.0,INR,Mumbai Indians,IPL_Auction_2022_Sold_Player.csv,1399b39c,Anmolpreet Singh,exact_match
2022,Basil Thampi,Indian,Bowler,,,,3000000.0,INR,Mumbai Indians,IPL_Auction_2022_Sold_Player.csv,871e9faf,Basil Thampi,exact_match
2022,Murugan Ashwin,Indian,Bowler,,,,16000000.0,INR,Mumbai Indians,IPL_Auction_2022_Sold_Player.csv,e2db2409,M Ashwin,surname_initials_matching
2022,Jaydev Unadkat,Indian,Bowler,,,,13000000.0,INR,Mumbai Indians,IPL_Auction_2022_Sold_Player.csv,1e66c162,JD Unadkat,fuzzy_string_matching
2022,Mayank Markande,Indian,Bowler,,,,6500000.0,INR,Mumbai Indians,IPL_Auction_2022_Sold_Player.csv,a9fd84fb,M Markande,fuzzy_string_matching
2022,N. Tilak Varma,Indian,All-Rounder,,,,17000000.0,INR,Mumbai Indians,IPL_Auction_2022_Sold_Player.csv,b0482a1d,Tilak Varma,fuzzy_string_matching
2022,Sanjay Yadav,Indian,All-Rounder,,,,5000000.0,INR,Mumbai Indians,IPL_Auction_2022_Sold_Player.csv,33ffc3dd,R Sanjay Yadav,fuzzy_string_matching
2022,Jofra Archer,Overseas,All-Rounder,,,,80000000.0,INR,Mumbai Indians,IPL_Auction_2022_Sold_Player.csv,5574750c,JC Archer,surname_initials_matching
2022,Daniel Sams,Overseas,All-Rounder,,,,26000000.0,INR,Mumbai Indians,IPL_Auction_2022_Sold_Player.csv,caf69bf7,DR Sams,surname_initials_matching
2022,Tymal Mills,Overseas,Bowler,,,,15000000.0,INR,Mumbai Indians,IPL_Auction_2022_Sold_Player.csv,245c97cb,TS Mills,surname_initials_matching
2022,Tim David,Overseas,All-Rounder,,,,82500000.0,INR,Mumbai Indians,IPL_Auction_2022_Sold_Player.csv,6495fd7b,M David,fuzzy_string_matching
2022,Ramandeep  Singh,Indian,All-Rounder,,,,2000000.0,INR,Mumbai Indians,IPL_Auction_2022_Sold_Player.csv,be24ead0,Ramandeep Singh,fuzzy_string_matching
2022,Aryan Juyal,Indian,Wicket Keeper,,,,2000000.0,INR,Mumbai Indians,IPL_Auction_2022_Sold_Player.csv,5f2732f7,Aryan Juyal,exact_match
2022,Fabian Allen,Overseas,All-Rounder,,,,7500000.0,INR,Mumbai Indians,IPL_Auction_2022_Sold_Player.csv,UNRESOLVED,Fabian Allen,unresolved
2022,Riley Meredith,Overseas,Bowler,,,,10000000.0,INR,Mumbai Indians,IPL_Auction_2022_Sold_Player.csv,64775749,RP Meredith,fuzzy_string_matching
2022,Rahul Buddhi,Indian,Batsman,,,,2000000.0,INR,Mumbai Indians,IPL_Auction_2022_Sold_Player.csv,70a9b353,Rahul Buddhi,exact_match
2022,Hrithik Shokeen,Indian,All-Rounder,,,,2000000.0,INR,Mumbai Indians,IPL_Auction_2022_Sold_Player.csv,0c9652b0,HR Shokeen,fuzzy_string_matching
2022,Mohd. Arshad Khan,Indian,All-Rounder,,,,2000000.0,INR,Mumbai Indians,IPL_Auction_2022_Sold_Player.csv,UNRESOLVED,Mohd. Arshad Khan,unresolved
2022,Arjun  Tendulkar,Indian,All-Rounder,,,,3000000.0,INR,Mumbai Indians,IPL_Auction_2022_Sold_Player.csv,44aac2f0,Arjun Tendulkar,fuzzy_string_matching
2022,Shikhar Dhawan,Indian,Batsman,,,,82500000.0,INR,Punjab Kings,IPL_Auction_2022_Sold_Player.csv,0a476045,S Dhawan,surname_initials_matching
2022,Kagiso Rabada,Overseas,Bowler,,,,92500000.0,INR,Punjab Kings,IPL_Auction_2022_Sold_Player.csv,e62dd25d,K Rabada,surname_initials_matching
2022,Jonny Bairstow,Overseas,Wicket Keeper,,,,67500000.0,INR,Punjab Kings,IPL_Auction_2022_Sold_Player.csv,abb83e27,JM Bairstow,surname_initials_matching
2022,Rahul Chahar,Indian,Bowler,,,,52500000.0,INR,Punjab Kings,IPL_Auction_2022_Sold_Player.csv,2ed569a0,RD Chahar,surname_initials_matching
2022,Harpreet  Brar,Indian,All-Rounder,,,,38000000.0,INR,Punjab Kings,IPL_Auction_2022_Sold_Player.csv,c05edf8e,Harpreet Brar,fuzzy_string_matching
2022,Shahrukh Khan,Indian,All-Rounder,,,,90000000.0,INR,Punjab Kings,IPL_Auction_2022_Sold_Player.csv,7dcb9bc9,M Shahrukh Khan,fuzzy_string_matching
2022,Jitesh Sharma,Indian,Wicket Keeper,,,,2000000.0,INR,Punjab Kings,IPL_Auction_2022_Sold_Player.csv,2085a934,Hitesh Sharma,fuzzy_string_matching
2022,Prabhsimran Singh,Indian,Wicket Keeper,,,,6000000.0,INR,Punjab Kings,IPL_Auction_2022_Sold_Player.csv,9418198b,P Simran Singh,fuzzy_string_matching
2022,Ishan Porel,Indian,Bowler,,,,2500000.0,INR,Punjab Kings,IPL_Auction_2022_Sold_Player.csv,fdf7491e,IC Porel,surname_initials_matching
2022,Liam Livingstone,Overseas,All-Rounder,,,,115000000.0,INR,Punjab Kings,IPL_Auction_2022_Sold_Player.csv,50c6bc2b,LS Livingstone,fuzzy_string_matching
2022,Odean Smith,Overseas,All-Rounder,,,,60000000.0,INR,Punjab Kings,IPL_Auction_2022_Sold_Player.csv,UNRESOLVED,Odean Smith,unresolved
2022,Sandeep Sharma,Indian,Bowler,,,,5000000.0,INR,Punjab Kings,IPL_Auction_2022_Sold_Player.csv,ce820073,Sandeep Sharma,exact_match
2022,Raj Angad Bawa,Indian,All-Rounder,,,,20000000.0,INR,Punjab Kings,IPL_Auction_2022_Sold_Player.csv,ba6b2f91,RA Bawa,surname_initials_matching
2022,Rishi Dhawan,Indian,All-Rounder,,,,5500000.0,INR,Punjab Kings,IPL_Auction_2022_Sold_Player.csv,UNRESOLVED,Rishi Dhawan,unresolved
2022,Nathan Ellis,Overseas,Bowler,,,,7500000.0,INR,Punjab Kings,IPL_Auction_2022_Sold_Player.csv,9eb1455b,NT Ellis,surname_initials_matching
2022,Prerak Mankad,Indian,All-Rounder,,,,2000000.0,INR,Punjab Kings,IPL_Auction_2022_Sold_Player.csv,663b5e34,PN Mankad,surname_initials_matching
2022,Atharva Taide,Indian,All-Rounder,,,,2000000.0,INR,Punjab Kings,IPL_Auction_2022_Sold_Player.csv,1ac746c8,Atharva Taide,exact_match
2022,Vaibhav Arora,Indian,Bowler,,,,20000000.0,INR,Punjab Kings,IPL_Auction_2022_Sold_Player.csv,7c3b3b78,VG Arora,surname_initials_matching
2022,Bhanuka Rajapaksa,Overseas,Batsman,,,,5000000.0,INR,Punjab Kings,IPL_Auction_2022_Sold_Player.csv,UNRESOLVED,Bhanuka Rajapaksa,unresolved
2022,Benny Howell,Overseas,All-Rounder,,,,4000000.0,INR,Punjab Kings,IPL_Auction_2022_Sold_Player.csv,0bec3a6c,BAC Howell,surname_initials_matching
2022,Writtick Chatterjee,Indian,All-Rounder,,,,2000000.0,INR,Punjab Kings,IPL_Auction_2022_Sold_Player.csv,a00e1842,Writtick Chatterjee,exact_match
2022,Baltej Dhanda,Indian,Bowler,,,,2000000.0,INR,Punjab Kings,IPL_Auction_2022_Sold_Player.csv,UNRESOLVED,Baltej Dhanda,unresolved
2022,Ansh Patel,Indian,All-Rounder,,,,2000000.0,INR,Punjab Kings,IPL_Auction_2022_Sold_Player.csv,9e76cdb3,Ansh Patel,exact_match
2022,R. Ashwin,Indian,All-Rounder,,,,50000000.0,INR,Rajasthan Royals,IPL_Auction_2022_Sold_Player.csv,495d42a5,R Ashwin,fuzzy_string_matching
2022,Trent Boult,Overseas,Bowler,,,,80000000.0,INR,Rajasthan Royals,IPL_Auction_2022_Sold_Player.csv,a818c1be,TA Boult,surname_initials_matching
2022,Shimron Hetmyer,Overseas,Batsman,,,,85000000.0,INR,Rajasthan Royals,IPL_Auction_2022_Sold_Player.csv,48a1d7b7,SO Hetmyer,fuzzy_string_matching
2022,Devdutt Padikkal,Indian,Batsman,,,,77500000.0,INR,Rajasthan Royals,IPL_Auction_2022_Sold_Player.csv,2c25d4f5,D Padikkal,surname_initials_matching
2022,Prasidh Krishna,Indian,Bowler,,,,100000000.0,INR,Rajasthan Royals,IPL_Auction_2022_Sold_Player.csv,85e0cf10,M Prasidh Krishna,fuzzy_string_matching
2022,Yuzvendra Chahal,Indian,Bowler,,,,65000000.0,INR,Rajasthan Royals,IPL_Auction_2022_Sold_Player.csv,57ee1fde,YS Chahal,surname_initials_matching
2022,Riyan Parag,Indian,All-Rounder,,,,38000000.0,INR,Rajasthan Royals,IPL_Auction_2022_Sold_Player.csv,04a418e8,R Parag,surname_initials_matching
2022,K.C Cariappa,Indian,Bowler,,,,3000000.0,INR,Rajasthan Royals,IPL_Auction_2022_Sold_Player.csv,edb3d4f8,KC Cariappa,fuzzy_string_matching
2022,James Neesham,Overseas,All-Rounder,,,,15000000.0,INR,Rajasthan Royals,IPL_Auction_2022_Sold_Player.csv,9219eff0,JDS Neesham,fuzzy_string_matching
2022,Nathan Coulter-Nile,Overseas,Bowler,,,,20000000.0,INR,Rajasthan Royals,IPL_Auction_2022_Sold_Player.csv,56ab442f,NM Coulter-Nile,fuzzy_string_matching
2022,Navdeep Saini,Indian,Bowler,,,,26000000.0,INR,Rajasthan Royals,IPL_Auction_2022_Sold_Player.csv,21d4e29b,NA Saini,exact_match
2022,Kuldeep  Sen,Indian,Bowler,,,,2000000.0,INR,Rajasthan Royals,IPL_Auction_2022_Sold_Player.csv,2e78f685,KR Sen,surname_initials_matching
2022,Karun Nair,Indian,Batsman,,,,14000000.0,INR,Rajasthan Royals,IPL_Auction_2022_Sold_Player.csv,06907633,AR Nair,fuzzy_string_matching
2022,Rassie Van Der Dussen,Overseas,Batsman,,,,10000000.0,INR,Rajasthan Royals,IPL_Auction_2022_Sold_Player.csv,9948e262,HE van der Dussen,fuzzy_string_matching
2022,Daryl Mitchell,Overseas,All-Rounder,,,,7500000.0,INR,Rajasthan Royals,IPL_Auction_2022_Sold_Player.csv,3029417f,A Mitchell,fuzzy_string_matching
2022,Obed Mccoy,Overseas,Bowler,,,,7500000.0,INR,Rajasthan Royals,IPL_Auction_2022_Sold_Player.csv,529eb9e0,OC McCoy,surname_initials_matching
2022,Dhruv Jurel,Indian,Wicket Keeper,,,,2000000.0,INR,Rajasthan Royals,IPL_Auction_2022_Sold_Player.csv,bcf325d2,Dhruv Jurel,exact_match
2022,Tejas Baroka,Indian,Bowler,,,,2000000.0,INR,Rajasthan Royals,IPL_Auction_2022_Sold_Player.csv,c28e9f12,Tejas Baroka,exact_match
2022,Kuldip Yadav,Indian,Bowler,,,,2000000.0,INR,Rajasthan Royals,IPL_Auction_2022_Sold_Player.csv,8d2c70ad,Kuldeep Yadav,fuzzy_string_matching
2022,Shubham Garhwal,Indian,All-Rounder,,,,2000000.0,INR,Rajasthan Royals,IPL_Auction_2022_Sold_Player.csv,UNRESOLVED,Shubham Garhwal,unresolved
2022,Anunay Singh,Indian,All-Rounder,,,,2000000.0,INR,Rajasthan Royals,IPL_Auction_2022_Sold_Player.csv,a3350945,Anunay Singh,exact_match
2022,Faf Du Plessis,Overseas,Batsman,,,,70000000.0,INR,Royal Challengers Bangalore,IPL_Auction_2022_Sold_Player.csv,3355b542,F du Plessis,fuzzy_string_matching
2022,Wanindu Hasaranga,Overseas,All-Rounder,,,,107500000.0,INR,Royal Challengers Bangalore,IPL_Auction_2022_Sold_Player.csv,UNRESOLVED,Wanindu Hasaranga,unresolved
2022,Harshal Patel,Indian,All-Rounder,,,,107500000.0,INR,Royal Challengers Bangalore,IPL_Auction_2022_Sold_Player.csv,UNRESOLVED,Harshal Patel,unresolved
2022,Dinesh  Karthik,Indian,Wicket Keeper,,,,55000000.0,INR,Royal Challengers Bangalore,IPL_Auction_2022_Sold_Player.csv,UNRESOLVED,Dinesh  Karthik,unresolved
2022,Josh Hazlewood,Overseas,Bowler,,,,77500000.0,INR,Royal Challengers Bangalore,IPL_Auction_2022_Sold_Player.csv,03806cf8,JR Hazlewood,fuzzy_string_matching
2022,Shahbaz Ahamad,Indian,All-Rounder,,,,24000000.0,INR,Royal Challengers Bangalore,IPL_Auction_2022_Sold_Player.csv,f9e6e7ef,Shahbaz Ahmed,fuzzy_string_matching
2022,Anuj Rawat,Indian,Wicket Keeper,,,,34000000.0,INR,Royal Challengers Bangalore,IPL_Auction_2022_Sold_Player.csv,c8f5f961,Anuj Rawat,exact_match
2022,Akash  Deep,Indian,Bowler,,,,2000000.0,INR,Royal Challengers Bangalore,IPL_Auction_2022_Sold_Player.csv,0a67aec0,Akash Deep,fuzzy_string_matching
2022,Karn Sharma,Indian,Bowler,,,,5000000.0,INR,Royal Challengers Bangalore,IPL_Auction_2022_Sold_Player.csv,1ba16d18,Tarun Sharma,fuzzy_string_matching
2022,Mahipal Lomror,Indian,All-Rounder,,,,9500000.0,INR,Royal Challengers Bangalore,IPL_Auction_2022_Sold_Player.csv,da934ee8,MK Lomror,surname_initials_matching
2022,Finn Allen,Overseas,Batsman,,,,8000000.0,INR,Royal Challengers Bangalore,IPL_Auction_2022_Sold_Player.csv,04f6c7f8,N Allen,fuzzy_string_matching
2022,Sherfane Rutherford,Overseas,All-Rounder,,,,10000000.0,INR,Royal Challengers Bangalore,IPL_Auction_2022_Sold_Player.csv,d014d5ac,SE Rutherford,surname_initials_matching
2022,Jason Behrendorff,Overseas,Bowler,,,,7500000.0,INR,Royal Challengers Bangalore,IPL_Auction_2022_Sold_Player.csv,4933f499,JP Behrendorff,fuzzy_string_matching
2022,Siddharth  Kaul,Indian,Bowler,,,,7500000.0,INR,Royal Challengers Bangalore,IPL_Auction_2022_Sold_Player.csv,dcf81436,S Kaul,surname_initials_matching
2022,Suyash Prabhudessai,Indian,All-Rounder,,,,3000000.0,INR,Royal Challengers Bangalore,IPL_Auction_2022_Sold_Player.csv,9385de2e,SS Prabhudessai,fuzzy_string_matching
2022,Luvnith Sisodia,Indian,Wicket Keeper,,,,2000000.0,INR,Royal Challengers Bangalore,IPL_Auction_2022_Sold_Player.csv,a689af4b,LUVNITH SISODIA,fuzzy_string_matching
2022,Chama Milind,Indian,Bowler,,,,2500000.0,INR,Royal Challengers Bangalore,IPL_Auction_2022_Sold_Player.csv,7b5b6311,CV Milind,surname_initials_matching
2022,Aneeshwar Gautam,Indian,All-Rounder,,,,2000000.0,INR,Royal Challengers Bangalore,IPL_Auction_2022_Sold_Player.csv,UNRESOLVED,Aneeshwar Gautam,unresolved
2022,David Willey,Overseas,All-Rounder,,,,20000000.0,INR,Royal Challengers Bangalore,IPL_Auction_2022_Sold_Player.csv,7f048519,DJ Willey,surname_initials_matching
2022,Washington Sundar,Indian,All-Rounder,,,,87500000.0,INR,Sunrisers Hyderabad,IPL_Auction_2022_Sold_Player.csv,f19ccfad,Washington Sundar,exact_match
2022,Nicholas Pooran,Overseas,Wicket Keeper,,,,107500000.0,INR,Sunrisers Hyderabad,IPL_Auction_2022_Sold_Player.csv,3241e3fd,N Pooran,surname_initials_matching
2022,Bhuvneshwar Kumar,Indian,Bowler,,,,42000000.0,INR,Sunrisers Hyderabad,IPL_Auction_2022_Sold_Player.csv,UNRESOLVED,Bhuvneshwar Kumar,unresolved
2022,T. Natarajan,Indian,Bowler,,,,40000000.0,INR,Sunrisers Hyderabad,IPL_Auction_2022_Sold_Player.csv,ce794613,T Natarajan,fuzzy_string_matching
2022,Priyam  Garg,Indian,Batsman,,,,2000000.0,INR,Sunrisers Hyderabad,IPL_Auction_2022_Sold_Player.csv,bb965e9a,PK Garg,surname_initials_matching
2022,Rahul Tripathi,Indian,Batsman,,,,85000000.0,INR,Sunrisers Hyderabad,IPL_Auction_2022_Sold_Player.csv,65ff7036,Anshul Tripathi,fuzzy_string_matching
2022,Abhishek Sharma,Indian,All-Rounder,,,,65000000.0,INR,Sunrisers Hyderabad,IPL_Auction_2022_Sold_Player.csv,f29185a1,Abhishek Sharma,exact_match
2022,Vishnu Vinod,Indian,Wicket Keeper,,,,5000000.0,INR,Sunrisers Hyderabad,IPL_Auction_2022_Sold_Player.csv,0494fa6e,Vishnu Vinod,exact_match
2022,Kartik Tyagi,Indian,Bowler,,,,40000000.0,INR,Sunrisers Hyderabad,IPL_Auction_2022_Sold_Player.csv,5d2eea49,Kartik Tyagi,exact_match
2022,Shreyas Gopal,Indian,Bowler,,,,7500000.0,INR,Sunrisers Hyderabad,IPL_Auction_2022_Sold_Player.csv,7a8bd078,S Gopal,surname_initials_matching
2022,Jagadeesha Suchith,Indian,Bowler,,,,2000000.0,INR,Sunrisers Hyderabad,IPL_Auction_2022_Sold_Player.csv,4125d931,J Suchith,surname_initials_matching
2022,Aiden Markram,Overseas,Batsman,,,,26000000.0,INR,Sunrisers Hyderabad,IPL_Auction_2022_Sold_Player.csv,6a26221c,AK Markram,fuzzy_string_matching
2022,Marco Jansen,Overseas,All-Rounder,,,,42000000.0,INR,Sunrisers Hyderabad,IPL_Auction_2022_Sold_Player.csv,UNRESOLVED,Marco Jansen,unresolved
2022,Romario Shepherd,Overseas,All-Rounder,,,,77500000.0,INR,Sunrisers Hyderabad,IPL_Auction_2022_Sold_Player.csv,c5aef772,R Shepherd,surname_initials_matching
2022,Glenn Phillips,Overseas,Wicket Keeper,,,,15000000.0,INR,Sunrisers Hyderabad,IPL_Auction_2022_Sold_Player.csv,9a46c4e5,GD Phillips,surname_initials_matching
2022,Fazalhaq Farooqi,Overseas,Bowler,,,,5000000.0,INR,Sunrisers Hyderabad,IPL_Auction_2022_Sold_Player.csv,e9c7f0d0,Fazalhaq Farooqi,exact_match
2022,Sean Abbott,Overseas,Bowler,,,,24000000.0,INR,Sunrisers Hyderabad,IPL_Auction_2022_Sold_Player.csv,1a2676c5,SA Abbott,fuzzy_string_matching
2022,R Samarth,Indian,Batsman,,,,2000000.0,INR,Sunrisers Hyderabad,IPL_Auction_2022_Sold_Player.csv,f2dbbff5,Ravikumar Samarth,surname_initials_matching
2022,Shashank Singh,Indian,All-Rounder,,,,2000000.0,INR,Sunrisers Hyderabad,IPL_Auction_2022_Sold_Player.csv,26989d80,Shashank Singh,exact_match
2022,Saurabh Dubey,Indian,Bowler,,,,2000000.0,INR,Sunrisers Hyderabad,IPL_Auction_2022_Sold_Player.csv,66317b81,Saurabh Dubey,exact_match
2023,Ajinkya Rahane,Indian,Batter,,,,5000000.0,INR,Chennai Super Kings,IPL_Auction_2023_Sold_Player.csv,29e95537,AM Rahane,surname_initials_matching
2023,Bhagath Varma,Indian,All-Rounder,,,,2000000.0,INR,Chennai Super Kings,IPL_Auction_2023_Sold_Player.csv,5438ffba,K Bhagath Varma,fuzzy_string_matching
2023,Kyle Jamieson,Overseas,Bowler,,,,10000000.0,INR,Chennai Super Kings,IPL_Auction_2023_Sold_Player.csv,68c56d09,KA Jamieson,fuzzy_string_matching
2023,Ajay Mandal,Indian,All-Rounder,,,,2000000.0,INR,Chennai Super Kings,IPL_Auction_2023_Sold_Player.csv,31ee319e,Ajay Mandal,exact_match
2023,Nishant Sindhu,Indian,All-Rounder,,,,6000000.0,INR,Chennai Super Kings,IPL_Auction_2023_Sold_Player.csv,3cea23da,N Sindhu,surname_initials_matching
2023,Shaik Rasheed,Indian,Batter,,,,2000000.0,INR,Chennai Super Kings,IPL_Auction_2023_Sold_Player.csv,cbf58a86,SK Rasheed,fuzzy_string_matching
2023,Ben Stokes,Overseas,All-Rounder,,,,162500000.0,INR,Chennai Super Kings,IPL_Auction_2023_Sold_Player.csv,e087956b,BA Stokes,fuzzy_string_matching
2023,Phil Salt,Overseas,Wicket-Keeper,,,,20000000.0,INR,Delhi Capitals,IPL_Auction_2023_Sold_Player.csv,3d284ca3,PD Salt,surname_initials_matching
2023,Ishant Sharma,Indian,Bowler,,,,5000000.0,INR,Delhi Capitals,IPL_Auction_2023_Sold_Player.csv,ae85a996,Siddhant Sharma,fuzzy_string_matching
2023,Rilee Rossouw,Overseas,Batter,,,,46000000.0,INR,Delhi Capitals,IPL_Auction_2023_Sold_Player.csv,cad00a4d,RR Rossouw,surname_initials_matching
2023,Manish Pandey,Indian,Batter,,,,24000000.0,INR,Delhi Capitals,IPL_Auction_2023_Sold_Player.csv,93b4fc78,MK Pandey,surname_initials_matching
2023,Mukesh Kumar,Indian,Bowler,,,,55000000.0,INR,Delhi Capitals,IPL_Auction_2023_Sold_Player.csv,2cffab74,Mukesh Kumar,exact_match
2023,Shivam Mavi,Indian,Bowler,,,,60000000.0,INR,Gujarat Titans,IPL_Auction_2023_Sold_Player.csv,c38d3503,Shivam Mavi,exact_match
2023,K.S. Bharat,Indian,Wicket-Keeper,,,,12000000.0,INR,Gujarat Titans,IPL_Auction_2023_Sold_Player.csv,44a89551,KS Bharat,fuzzy_string_matching
2023,Urvil Patel,Indian,Wicket-Keeper,,,,2000000.0,INR,Gujarat Titans,IPL_Auction_2023_Sold_Player.csv,cf59b3f0,Urvil Patel,exact_match
2023,Mohit Sharma,Indian,Bowler,,,,5000000.0,INR,Gujarat Titans,IPL_Auction_2023_Sold_Player.csv,cd9f6505,Mohit Sharma,exact_match
2023,Joshua Little,Overseas,Bowler,,,,44000000.0,INR,Gujarat Titans,IPL_Auction_2023_Sold_Player.csv,9061a703,J Little,surname_initials_matching
2023,Kane Williamson,Overseas,Batter,,,,20000000.0,INR,Gujarat Titans,IPL_Auction_2023_Sold_Player.csv,d027ba9f,KS Williamson,fuzzy_string_matching
2023,Odean Smith,Overseas,All-Rounder,,,,5000000.0,INR,Gujarat Titans,IPL_Auction_2023_Sold_Player.csv,UNRESOLVED,Odean Smith,unresolved
2023,Kulwant Khejroliya,Indian,Bowler,,,,2000000.0,INR,Kolkata Knight Riders,IPL_Auction_2023_Sold_Player.csv,fa2f1dde,K Khejroliya,fuzzy_string_matching
2023,Shakib Al Hasan,Overseas,All-Rounder,,,,15000000.0,INR,Kolkata Knight Riders,IPL_Auction_2023_Sold_Player.csv,7dc35884,Shakib Al Hasan,exact_match
2023,Vaibhav Arora,Indian,Bowler,,,,6000000.0,INR,Kolkata Knight Riders,IPL_Auction_2023_Sold_Player.csv,7c3b3b78,VG Arora,surname_initials_matching
2023,N. Jagadeesan,Indian,Wicket-Keeper,,,,9000000.0,INR,Kolkata Knight Riders,IPL_Auction_2023_Sold_Player.csv,bd54eef5,N Jagadeesan,fuzzy_string_matching
2023,David Wiese,Overseas,All-Rounder,,,,10000000.0,INR,Kolkata Knight Riders,IPL_Auction_2023_Sold_Player.csv,aa8d28ae,D Wiese,surname_initials_matching
2023,Mandeep Singh,Indian,Batter,,,,5000000.0,INR,Kolkata Knight Riders,IPL_Auction_2023_Sold_Player.csv,c3a96caf,Mandeep Singh,fuzzy_string_matching
2023,Litton Das,Overseas,Wicket-Keeper,,,,5000000.0,INR,Kolkata Knight Riders,IPL_Auction_2023_Sold_Player.csv,0404d43c,Liton Das,fuzzy_string_matching
2023,Suyash Sharma,Indian,Bowler,,,,2000000.0,INR,Kolkata Knight Riders,IPL_Auction_2023_Sold_Player.csv,9440ef41,Suyash Sharma,exact_match
2023,Amit Mishra,Indian,Bowler,,,,5000000.0,INR,Lucknow Super Giants,IPL_Auction_2023_Sold_Player.csv,1d8388eb,Amit Mishra,fuzzy_string_matching
2023,Nicholas Pooran,Overseas,Wicket-Keeper,,,,160000000.0,INR,Lucknow Super Giants,IPL_Auction_2023_Sold_Player.csv,3241e3fd,N Pooran,surname_initials_matching
2023,Romario Shepherd,Overseas,All-Rounder,,,,5000000.0,INR,Lucknow Super Giants,IPL_Auction_2023_Sold_Player.csv,c5aef772,R Shepherd,surname_initials_matching
2023,Daniel Sams,Overseas,All-Rounder,,,,7500000.0,INR,Lucknow Super Giants,IPL_Auction_2023_Sold_Player.csv,caf69bf7,DR Sams,surname_initials_matching
2023,Swapnil Singh,Indian,All-Rounder,,,,2000000.0,INR,Lucknow Super Giants,IPL_Auction_2023_Sold_Player.csv,983f2f61,Swapnil Singh,exact_match
2023,Yudhvir Charak,Indian,All-Rounder,,,,2000000.0,INR,Lucknow Super Giants,IPL_Auction_2023_Sold_Player.csv,UNRESOLVED,Yudhvir Charak,unresolved
2023,Prerak Mankad,Indian,All-Rounder,,,,2000000.0,INR,Lucknow Super Giants,IPL_Auction_2023_Sold_Player.csv,663b5e34,PN Mankad,surname_initials_matching
2023,Yash Thakur,Indian,Bowler,,,,4500000.0,INR,Lucknow Super Giants,IPL_Auction_2023_Sold_Player.csv,4b31f3a3,Yash Thakur,exact_match
2023,Naveen Ul Haq,Overseas,Bowler,,,,5000000.0,INR,Lucknow Super Giants,IPL_Auction_2023_Sold_Player.csv,c0c411cb,Naveen-ul-Haq,fuzzy_string_matching
2023,Jaydev Unadkat,Indian,Bowler,,,,5000000.0,INR,Lucknow Super Giants,IPL_Auction_2023_Sold_Player.csv,1e66c162,JD Unadkat,fuzzy_string_matching
2023,Jhye Richardson,Overseas,Bowler,,,,15000000.0,INR,Mumbai Indians,IPL_Auction_2023_Sold_Player.csv,a5901a94,J Richardson,fuzzy_string_matching
2023,Nehal Wadhera,Indian,All-Rounder,,,,2000000.0,INR,Mumbai Indians,IPL_Auction_2023_Sold_Player.csv,d1a60072,N Wadhera,surname_initials_matching
2023,Raghav Goyal,Indian,Bowler,,,,2000000.0,INR,Mumbai Indians,IPL_Auction_2023_Sold_Player.csv,UNRESOLVED,Raghav Goyal,unresolved
2023,Cameron Green,Overseas,All-Rounder,,,,175000000.0,INR,Mumbai Indians,IPL_Auction_2023_Sold_Player.csv,UNRESOLVED,Cameron Green,unresolved
2023,Vishnu Vinod,Indian,Wicket-Keeper,,,,2000000.0,INR,Mumbai Indians,IPL_Auction_2023_Sold_Player.csv,0494fa6e,Vishnu Vinod,exact_match
2023,Duan Jansen,Overseas,All-Rounder,,,,2000000.0,INR,Mumbai Indians,IPL_Auction_2023_Sold_Player.csv,8dc152d1,Duan Jansen,exact_match
2023,Piyush Chawla,Indian,Bowler,,,,5000000.0,INR,Mumbai Indians,IPL_Auction_2023_Sold_Player.csv,98ae73b1,PP Chawla,surname_initials_matching
2023,Shams Mulani,Indian,All-Rounder,,,,2000000.0,INR,Mumbai Indians,IPL_Auction_2023_Sold_Player.csv,9d704f6f,SZ Mulani,surname_initials_matching
2023,Harpreet Bhatia,Indian,Batter,,,,4000000.0,INR,Punjab Kings,IPL_Auction_2023_Sold_Player.csv,c05edf8e,Harpreet Brar,fuzzy_string_matching
2023,Shivam Singh,Indian,All-Rounder,,,,2000000.0,INR,Punjab Kings,IPL_Auction_2023_Sold_Player.csv,e1d9ae9c,Shivam Singh,exact_match
2023,Vidwath Kaverappa,Indian,Bowler,,,,2000000.0,INR,Punjab Kings,IPL_Auction_2023_Sold_Player.csv,d4d929b0,V Kaverappa,fuzzy_string_matching
2023,Mohit Rathee,Indian,All-Rounder,,,,2000000.0,INR,Punjab Kings,IPL_Auction_2023_Sold_Player.csv,9a5f2863,Mohit Rathee,exact_match
2023,Sam Curran,Overseas,All-Rounder,,,,185000000.0,INR,Punjab Kings,IPL_Auction_2023_Sold_Player.csv,e94915e6,SM Curran,fuzzy_string_matching
2023,Sikandar Raza,Overseas,All-Rounder,,,,5000000.0,INR,Punjab Kings,IPL_Auction_2023_Sold_Player.csv,26d041c4,Sikandar Raza,exact_match
2023,Jason Holder,Overseas,All-Rounder,,,,57500000.0,INR,Rajasthan Royals,IPL_Auction_2023_Sold_Player.csv,0f721006,JO Holder,fuzzy_string_matching
2023,Adam Zampa,Overseas,Bowler,,,,15000000.0,INR,Rajasthan Royals,IPL_Auction_2023_Sold_Player.csv,14f96089,A Zampa,fuzzy_string_matching
2023,Abdul P A,Indian,All-Rounder,,,,2000000.0,INR,Rajasthan Royals,IPL_Auction_2023_Sold_Player.csv,UNRESOLVED,Abdul P A,unresolved
2023,Akash Vashisht,Indian,All-Rounder,,,,2000000.0,INR,Rajasthan Royals,IPL_Auction_2023_Sold_Player.csv,35ccfdd4,Akash Vasisht,fuzzy_string_matching
2023,Donovan Ferreira,Overseas,Wicket-Keeper,,,,5000000.0,INR,Rajasthan Royals,IPL_Auction_2023_Sold_Player.csv,f0af99a7,D Ferreira,surname_initials_matching
2023,Kunal Rathore,Indian,Wicket-Keeper,,,,2000000.0,INR,Rajasthan Royals,IPL_Auction_2023_Sold_Player.csv,e3851766,KS Rathore,surname_initials_matching
2023,Joe Root,Overseas,Batter,,,,10000000.0,INR,Rajasthan Royals,IPL_Auction_2023_Sold_Player.csv,a343262c,JE Root,fuzzy_string_matching
2023,Murugan Ashwin,Indian,Bowler,,,,2000000.0,INR,Rajasthan Royals,IPL_Auction_2023_Sold_Player.csv,e2db2409,M Ashwin,surname_initials_matching
2023,K.M. Asif,Indian,Bowler,,,,3000000.0,INR,Rajasthan Royals,IPL_Auction_2023_Sold_Player.csv,798cc28e,KM Asif,fuzzy_string_matching
2023,Sonu Yadav,Indian,All-Rounder,,,,2000000.0,INR,Royal Challengers Bangalore,IPL_Auction_2023_Sold_Player.csv,6ab96cc2,Sonu Yadav,exact_match
2023,Himanshu Sharma,Indian,Bowler,,,,2000000.0,INR,Royal Challengers Bangalore,IPL_Auction_2023_Sold_Player.csv,b4ff4409,Manish Sharma,fuzzy_string_matching
2023,Avinash Singh,Indian,Bowler,,,,6000000.0,INR,Royal Challengers Bangalore,IPL_Auction_2023_Sold_Player.csv,8b018008,Vikash Singh,fuzzy_string_matching
2023,Manoj Bhandage,Indian,All-Rounder,,,,2000000.0,INR,Royal Challengers Bangalore,IPL_Auction_2023_Sold_Player.csv,e96801ea,MS Bhandage,fuzzy_string_matching
2023,Will Jacks,Overseas,Batter,,,,32000000.0,INR,Royal Challengers Bangalore,IPL_Auction_2023_Sold_Player.csv,9caf69a1,WG Jacks,surname_initials_matching
2023,Reece Topley,Overseas,Bowler,,,,19000000.0,INR,Royal Challengers Bangalore,IPL_Auction_2023_Sold_Player.csv,8db7f47f,RJW Topley,surname_initials_matching
2023,Rajan Kumar,Indian,Bowler,,,,7000000.0,INR,Royal Challengers Bangalore,IPL_Auction_2023_Sold_Player.csv,cd474693,Rajan Kumar,exact_match
2023,Sanvir Singh,Indian,All-Rounder,,,,2000000.0,INR,Sunrisers Hyderabad,IPL_Auction_2023_Sold_Player.csv,b0f2baf4,Sanvir Singh,exact_match
2023,Harry Brook,Overseas,Batter,,,,132500000.0,INR,Sunrisers Hyderabad,IPL_Auction_2023_Sold_Player.csv,4ae1755b,HC Brook,surname_initials_matching
2023,Heinrich Klaasen,Overseas,Wicket-Keeper,,,,52500000.0,INR,Sunrisers Hyderabad,IPL_Auction_2023_Sold_Player.csv,235c2bb6,H Klaasen,surname_initials_matching
2023,Akeal Hosein,Overseas,Bowler,,,,10000000.0,INR,Sunrisers Hyderabad,IPL_Auction_2023_Sold_Player.csv,4d7f517e,AJ Hosein,surname_initials_matching
2023,Mayank Markande,Indian,Bowler,,,,5000000.0,INR,Sunrisers Hyderabad,IPL_Auction_2023_Sold_Player.csv,a9fd84fb,M Markande,fuzzy_string_matching
2023,Adil Rashid,Overseas,Bowler,,,,20000000.0,INR,Sunrisers Hyderabad,IPL_Auction_2023_Sold_Player.csv,514a0408,Fazil Rashid,fuzzy_string_matching
2023,Anmolpreet Singh,Indian,Batter,,,,2000000.0,INR,Sunrisers Hyderabad,IPL_Auction_2023_Sold_Player.csv,1399b39c,Anmolpreet Singh,exact_match
2023,Vivrant Sharma,Indian,All-Rounder,,,,26000000.0,INR,Sunrisers Hyderabad,IPL_Auction_2023_Sold_Player.csv,1b7b0fa7,Vivrant Sharma,exact_match
2023,Samarth Vyas,Indian,All-Rounder,,,,2000000.0,INR,Sunrisers Hyderabad,IPL_Auction_2023_Sold_Player.csv,34819e70,Samarth Vyas,exact_match
2023,Upendra Singh Yadav,Indian,Wicket-Keeper,,,,2500000.0,INR,Sunrisers Hyderabad,IPL_Auction_2023_Sold_Player.csv,UNRESOLVED,Upendra Singh Yadav,unresolved
2023,Nitish Kumar Reddy,Indian,Wicket-Keeper,,,,2000000.0,INR,Sunrisers Hyderabad,IPL_Auction_2023_Sold_Player.csv,aad0c365,Nithish Kumar Reddy,fuzzy_string_matching
2023,Mayank Agarwal,Indian,Batter,,,,82500000.0,INR,Sunrisers Hyderabad,IPL_Auction_2023_Sold_Player.csv,a457cfb5,Mayank Dagar,fuzzy_string_matching
2023,Mayank Dagar,Indian,All-Rounder,,,,18000000.0,INR,Sunrisers Hyderabad,IPL_Auction_2023_Sold_Player.csv,a457cfb5,Mayank Dagar,exact_match
2024,Avanish Rao Aravelly,Indian,Wicket-Keeper,,,,2000000.0,INR,Chennai Super Kings,IPL_Auction_2024_Sold_Player.csv,UNRESOLVED,Avanish Rao Aravelly,unresolved
2024,Mustafizur Rahman,Overseas,Bowler,,,,20000000.0,INR,Chennai Super Kings,IPL_Auction_2024_Sold_Player.csv,0a8fce53,Mustafizur Rahman,exact_match
2024,Daryl Mitchell,Overseas,All-Rounder,,,,140000000.0,INR,Chennai Super Kings,IPL_Auction_2024_Sold_Player.csv,3029417f,A Mitchell,fuzzy_string_matching
2024,Sameer Rizvi,Indian,Batter,,,,84000000.0,INR,Chennai Super Kings,IPL_Auction_2024_Sold_Player.csv,f89d3b11,Sameer Rizvi,exact_match
2024,Rachin Ravindra,Overseas,All-Rounder,,,,18000000.0,INR,Chennai Super Kings,IPL_Auction_2024_Sold_Player.csv,ba5e1069,R Ravindra,surname_initials_matching
2024,Shardul Thakur,Indian,All-Rounder,,,,40000000.0,INR,Chennai Super Kings,IPL_Auction_2024_Sold_Player.csv,UNRESOLVED,Shardul Thakur,unresolved
2024,Ricky Bhui,Indian,Wicket-Keeper,,,,2000000.0,INR,Delhi Capitals,IPL_Auction_2024_Sold_Player.csv,b63e358a,RK Bhui,fuzzy_string_matching
2024,Sumit Kumar,Indian,All-Rounder,,,,10000000.0,INR,Delhi Capitals,IPL_Auction_2024_Sold_Player.csv,8998a68f,Sumit Kumar,fuzzy_string_matching
2024,Swastik Chhikara,Indian,Batter,,,,2000000.0,INR,Delhi Capitals,IPL_Auction_2024_Sold_Player.csv,UNRESOLVED,Swastik Chhikara,unresolved
2024,Jhye Richardson,Overseas,Bowler,,,,50000000.0,INR,Delhi Capitals,IPL_Auction_2024_Sold_Player.csv,a5901a94,J Richardson,fuzzy_string_matching
2024,Shai Hope,Overseas,Wicket-Keeper,,,,7500000.0,INR,Delhi Capitals,IPL_Auction_2024_Sold_Player.csv,1fc6ef83,SD Hope,surname_initials_matching
2024,Rasikh Dar,Indian,Bowler,,,,2000000.0,INR,Delhi Capitals,IPL_Auction_2024_Sold_Player.csv,b82354b3,Raza Ali Dar,surname_initials_matching
2024,Kumar Kushagra,Indian,Wicket-Keeper,,,,72000000.0,INR,Delhi Capitals,IPL_Auction_2024_Sold_Player.csv,57ca01b3,Kumar Kushagra,exact_match
2024,Tristan Stubbs,Overseas,Wicket-Keeper,,,,5000000.0,INR,Delhi Capitals,IPL_Auction_2024_Sold_Player.csv,85b3fab2,T Stubbs,surname_initials_matching
2024,Harry Brook,Overseas,Batter,,,,40000000.0,INR,Delhi Capitals,IPL_Auction_2024_Sold_Player.csv,4ae1755b,HC Brook,surname_initials_matching
2024,Kartik Tyagi,Indian,Bowler,,,,6000000.0,INR,Gujarat Titans,IPL_Auction_2024_Sold_Player.csv,5d2eea49,Kartik Tyagi,exact_match
2024,Spencer Johnson,Overseas,Bowler,,,,100000000.0,INR,Gujarat Titans,IPL_Auction_2024_Sold_Player.csv,UNRESOLVED,Spencer Johnson,unresolved
2024,Manav Suthar,Indian,Bowler,,,,2000000.0,INR,Gujarat Titans,IPL_Auction_2024_Sold_Player.csv,025c4400,MJ Suthar,surname_initials_matching
2024,Robin Minz,Indian,Wicket-Keeper,,,,36000000.0,INR,Gujarat Titans,IPL_Auction_2024_Sold_Player.csv,bafd0398,R Minz,surname_initials_matching
2024,Sushant Mishra,Indian,Bowler,,,,22000000.0,INR,Gujarat Titans,IPL_Auction_2024_Sold_Player.csv,c562ac6d,Shantanu Mishra,fuzzy_string_matching
2024,Azmatullah Omarzai,Overseas,All-Rounder,,,,5000000.0,INR,Gujarat Titans,IPL_Auction_2024_Sold_Player.csv,8f6dd463,Azmatullah Omarzai,exact_match
2024,Shahrukh Khan,Indian,All-Rounder,,,,74000000.0,INR,Gujarat Titans,IPL_Auction_2024_Sold_Player.csv,7dcb9bc9,M Shahrukh Khan,fuzzy_string_matching
2024,Umesh Yadav,Indian,Bowler,,,,58000000.0,INR,Gujarat Titans,IPL_Auction_2024_Sold_Player.csv,UNRESOLVED,Umesh Yadav,unresolved
2024,Mujeeb Rahman,Overseas,Bowler,,,,20000000.0,INR,Kolkata Knight Riders,IPL_Auction_2024_Sold_Player.csv,7d92277a,Mujeeb Ur Rahman,fuzzy_string_matching
2024,Manish Pandey,Indian,Batter,,,,5000000.0,INR,Kolkata Knight Riders,IPL_Auction_2024_Sold_Player.csv,93b4fc78,MK Pandey,surname_initials_matching
2024,Gus Atkinson,Overseas,Bowler,,,,10000000.0,INR,Kolkata Knight Riders,IPL_Auction_2024_Sold_Player.csv,b6bdce2e,DS Atkinson,fuzzy_string_matching
2024,Angkrish Raghuvanshi,Indian,Batter,,,,2000000.0,INR,Kolkata Knight Riders,IPL_Auction_2024_Sold_Player.csv,d7017798,A Raghuvanshi,surname_initials_matching
2024,Mitchell  Starc,Overseas,Bowler,,,,247500000.0,INR,Kolkata Knight Riders,IPL_Auction_2024_Sold_Player.csv,3fb19989,MA Starc,surname_initials_matching
2024,Sherfane Rutherford,Overseas,Batter,,,,15000000.0,INR,Kolkata Knight Riders,IPL_Auction_2024_Sold_Player.csv,d014d5ac,SE Rutherford,surname_initials_matching
2024,Ramandeep  Singh,Indian,All-Rounder,,,,2000000.0,INR,Kolkata Knight Riders,IPL_Auction_2024_Sold_Player.csv,be24ead0,Ramandeep Singh,fuzzy_string_matching
2024,K.S. Bharat,Indian,Wicket-Keeper,,,,5000000.0,INR,Kolkata Knight Riders,IPL_Auction_2024_Sold_Player.csv,44a89551,KS Bharat,fuzzy_string_matching
2024,Chetan Sakariya,Indian,Bowler,,,,5000000.0,INR,Kolkata Knight Riders,IPL_Auction_2024_Sold_Player.csv,2cdce1be,C Sakariya,surname_initials_matching
2024,Sakib Hussain,Indian,Bowler,,,,2000000.0,INR,Kolkata Knight Riders,IPL_Auction_2024_Sold_Player.csv,280fff14,Sakib Hussain,exact_match
2024,Ashton Turner,Overseas,Batter,,,,10000000.0,INR,Lucknow Super Giants,IPL_Auction_2024_Sold_Player.csv,UNRESOLVED,Ashton Turner,unresolved
2024,David Willey,Overseas,All-Rounder,,,,20000000.0,INR,Lucknow Super Giants,IPL_Auction_2024_Sold_Player.csv,7f048519,DJ Willey,surname_initials_matching
2024,M. Siddharth,Indian,Bowler,,,,24000000.0,INR,Lucknow Super Giants,IPL_Auction_2024_Sold_Player.csv,cf0ccafa,M Siddharth,fuzzy_string_matching
2024,Shivam  Mavi,Indian,Bowler,,,,64000000.0,INR,Lucknow Super Giants,IPL_Auction_2024_Sold_Player.csv,c38d3503,Shivam Mavi,fuzzy_string_matching
2024,Arshin Kulkarni,Indian,All-Rounder,,,,2000000.0,INR,Lucknow Super Giants,IPL_Auction_2024_Sold_Player.csv,UNRESOLVED,Arshin Kulkarni,unresolved
2024,Mohd. Arshad Khan,Indian,All-Rounder,,,,2000000.0,INR,Lucknow Super Giants,IPL_Auction_2024_Sold_Player.csv,UNRESOLVED,Mohd. Arshad Khan,unresolved
2024,Dilshan Madushanka,Overseas,Bowler,,,,46000000.0,INR,Mumbai Indians,IPL_Auction_2024_Sold_Player.csv,d5464b57,Shehan Madusanka,fuzzy_string_matching
2024,Shreyas Gopal,Indian,Bowler,,,,2000000.0,INR,Mumbai Indians,IPL_Auction_2024_Sold_Player.csv,7a8bd078,S Gopal,surname_initials_matching
2024,Shivalik Sharma,Indian,All-Rounder,,,,2000000.0,INR,Mumbai Indians,IPL_Auction_2024_Sold_Player.csv,6f49cc6e,Shivam Sharma,fuzzy_string_matching
2024,Anshul Kamboj,Indian,All-Rounder,,,,2000000.0,INR,Mumbai Indians,IPL_Auction_2024_Sold_Player.csv,fcc21ace,A Kamboj,surname_initials_matching
2024,Mohammad Nabi,Overseas,All-Rounder,,,,15000000.0,INR,Mumbai Indians,IPL_Auction_2024_Sold_Player.csv,62af8546,Mohammad Nabi,exact_match
2024,Naman Dhir,Indian,All-Rounder,,,,2000000.0,INR,Mumbai Indians,IPL_Auction_2024_Sold_Player.csv,fffa744b,Naman Dhir,exact_match
2024,Nuwan Thushara,Overseas,Bowler,,,,48000000.0,INR,Mumbai Indians,IPL_Auction_2024_Sold_Player.csv,ee1b6c27,N Thushara,fuzzy_string_matching
2024,Gerald Coetzee,Overseas,All-Rounder,,,,50000000.0,INR,Mumbai Indians,IPL_Auction_2024_Sold_Player.csv,3204c99f,G Coetzee,fuzzy_string_matching
2024,Chris Woakes,Overseas,All-Rounder,,,,42000000.0,INR,Punjab Kings,IPL_Auction_2024_Sold_Player.csv,4c5d73db,CR Woakes,fuzzy_string_matching
2024,Tanay Thyagarajann,Indian,All-Rounder,,,,2000000.0,INR,Punjab Kings,IPL_Auction_2024_Sold_Player.csv,f1809c03,Tanay Thyagarajan,fuzzy_string_matching
2024,Vishwanath Pratap Singh,Indian,All-Rounder,,,,2000000.0,INR,Punjab Kings,IPL_Auction_2024_Sold_Player.csv,UNRESOLVED,Vishwanath Pratap Singh,unresolved
2024,Ashutosh Sharma,Indian,All-Rounder,,,,2000000.0,INR,Punjab Kings,IPL_Auction_2024_Sold_Player.csv,84d9c311,Ashutosh Sharma,exact_match
2024,Shashank  Singh,Indian,Batter,,,,2000000.0,INR,Punjab Kings,IPL_Auction_2024_Sold_Player.csv,26989d80,Shashank Singh,fuzzy_string_matching
2024,Rilee Rossouw,Overseas,Batter,,,,80000000.0,INR,Punjab Kings,IPL_Auction_2024_Sold_Player.csv,cad00a4d,RR Rossouw,surname_initials_matching
2024,Prince Choudhary,Indian,Bowler,,,,2000000.0,INR,Punjab Kings,IPL_Auction_2024_Sold_Player.csv,dd7cc825,P Choudhary,surname_initials_matching
2024,Harshal Patel,Indian,All-Rounder,,,,117500000.0,INR,Punjab Kings,IPL_Auction_2024_Sold_Player.csv,UNRESOLVED,Harshal Patel,unresolved
2024,Shubham Dubey,Indian,Batter,,,,58000000.0,INR,Rajasthan Royals,IPL_Auction_2024_Sold_Player.csv,58588e5a,Shubham Chaubey,fuzzy_string_matching
2024,Rovman Powell,Overseas,Batter,,,,74000000.0,INR,Rajasthan Royals,IPL_Auction_2024_Sold_Player.csv,UNRESOLVED,Rovman Powell,unresolved
2024,Abid Mushtaq,Indian,All-Rounder,,,,2000000.0,INR,Rajasthan Royals,IPL_Auction_2024_Sold_Player.csv,f9979b69,Abid Mushtaq,fuzzy_string_matching
2024,Nandre Burger,Overseas,Bowler,,,,5000000.0,INR,Rajasthan Royals,IPL_Auction_2024_Sold_Player.csv,465aa633,N Burger,surname_initials_matching
2024,Tom Kohler-Cadmore,Overseas,Wicket-Keeper,,,,4000000.0,INR,Rajasthan Royals,IPL_Auction_2024_Sold_Player.csv,f836b33d,T Kohler-Cadmore,fuzzy_string_matching
2024,Lockie Ferguson,Overseas,Bowler,,,,20000000.0,INR,Royal Challengers Bengaluru,IPL_Auction_2024_Sold_Player.csv,2f9d0389,LH Ferguson,surname_initials_matching
2024,Tom Curran,Overseas,All-Rounder,,,,15000000.0,INR,Royal Challengers Bengaluru,IPL_Auction_2024_Sold_Player.csv,e86754b2,TK Curran,fuzzy_string_matching
2024,Saurav Chuahan,Indian,Batter,,,,2000000.0,INR,Royal Challengers Bengaluru,IPL_Auction_2024_Sold_Player.csv,9e7225b0,Saurav Chauhan,fuzzy_string_matching
2024,Alzarri Joseph,Overseas,Bowler,,,,115000000.0,INR,Royal Challengers Bengaluru,IPL_Auction_2024_Sold_Player.csv,b0946605,AS Joseph,surname_initials_matching
2024,Swapnil Singh,Indian,All-Rounder,,,,2000000.0,INR,Royal Challengers Bengaluru,IPL_Auction_2024_Sold_Player.csv,983f2f61,Swapnil Singh,exact_match
2024,Yash  Dayal,Indian,Bowler,,,,50000000.0,INR,Royal Challengers Bengaluru,IPL_Auction_2024_Sold_Player.csv,7210d461,Yash Dayal,fuzzy_string_matching
2024,Jhathavedh Subramanyan,Indian,Bowler,,,,2000000.0,INR,Sunrisers Hyderabad,IPL_Auction_2024_Sold_Player.csv,eb19d010,J Subramanyan,surname_initials_matching
2024,Akash Singh,Indian,Bowler,,,,2000000.0,INR,Sunrisers Hyderabad,IPL_Auction_2024_Sold_Player.csv,b483905d,Akash Singh,exact_match
2024,Jaydev Unadkat,Indian,Bowler,,,,16000000.0,INR,Sunrisers Hyderabad,IPL_Auction_2024_Sold_Player.csv,1e66c162,JD Unadkat,fuzzy_string_matching
2024,Wanindu Hasaranga,Overseas,All-Rounder,,,,15000000.0,INR,Sunrisers Hyderabad,IPL_Auction_2024_Sold_Player.csv,UNRESOLVED,Wanindu Hasaranga,unresolved
2024,Pat Cummins,Overseas,All-Rounder,,,,205000000.0,INR,Sunrisers Hyderabad,IPL_Auction_2024_Sold_Player.csv,ded9240e,PJ Cummins,fuzzy_string_matching
2024,Travis Head,Overseas,Batter,,,,68000000.0,INR,Sunrisers Hyderabad,IPL_Auction_2024_Sold_Player.csv,12b610c2,TM Head,surname_initials_matching
2025,Noor Ahmad,Overseas,,Capped,20000000.0,INR,100000000.0,INR,Chennai Super Kings,IPL_Auction_2025_Sold_Player.csv,efc04be7,Noor Ahmad,exact_match
2025,Ravichandaran Ashwin,Indian,,Capped,20000000.0,INR,97500000.0,INR,Chennai Super Kings,IPL_Auction_2025_Sold_Player.csv,495d42a5,R Ashwin,surname_initials_matching
2025,Devon Conway,Overseas,,Capped,20000000.0,INR,62500000.0,INR,Chennai Super Kings,IPL_Auction_2025_Sold_Player.csv,df5a6881,DP Conway,surname_initials_matching
2025,Syed Khaleel Ahmed,Indian,,Capped,20000000.0,INR,48000000.0,INR,Chennai Super Kings,IPL_Auction_2025_Sold_Player.csv,UNRESOLVED,Syed Khaleel Ahmed,unresolved
2025,Rachin Ravindra,Overseas,,Capped,15000000.0,INR,40000000.0,INR,Chennai Super Kings,IPL_Auction_2025_Sold_Player.csv,ba5e1069,R Ravindra,surname_initials_matching
2025,Anshul Kamboj,Indian,,Uncapped,3000000.0,INR,34000000.0,INR,Chennai Super Kings,IPL_Auction_2025_Sold_Player.csv,fcc21ace,A Kamboj,surname_initials_matching
2025,Rahul Tripathi,Indian,,Capped,7500000.0,INR,34000000.0,INR,Chennai Super Kings,IPL_Auction_2025_Sold_Player.csv,65ff7036,Anshul Tripathi,fuzzy_string_matching
2025,Sam Curran,Overseas,,Capped,20000000.0,INR,24000000.0,INR,Chennai Super Kings,IPL_Auction_2025_Sold_Player.csv,e94915e6,SM Curran,fuzzy_string_matching
2025,Gurjapneet Singh,Indian,,Uncapped,3000000.0,INR,22000000.0,INR,Chennai Super Kings,IPL_Auction_2025_Sold_Player.csv,cc61ee8f,Gurjapneet Singh,exact_match
2025,Nathan Ellis,Overseas,,Capped,12500000.0,INR,20000000.0,INR,Chennai Super Kings,IPL_Auction_2025_Sold_Player.csv,9eb1455b,NT Ellis,surname_initials_matching
2025,Deepak Hooda,Indian,,Capped,7500000.0,INR,17000000.0,INR,Chennai Super Kings,IPL_Auction_2025_Sold_Player.csv,73ad96ed,DJ Hooda,surname_initials_matching
2025,Jamie Overton,Overseas,,Capped,15000000.0,INR,15000000.0,INR,Chennai Super Kings,IPL_Auction_2025_Sold_Player.csv,59559bc2,J Overton,surname_initials_matching
2025,Vijay Shankar,Indian,,Uncapped,3000000.0,INR,12000000.0,INR,Chennai Super Kings,IPL_Auction_2025_Sold_Player.csv,0994d0ae,V Shankar,surname_initials_matching
2025,Vansh Bedi,Indian,,Uncapped,3000000.0,INR,5500000.0,INR,Chennai Super Kings,IPL_Auction_2025_Sold_Player.csv,51e68a46,AS Bedi,fuzzy_string_matching
2025,Andre Siddarth,Indian,,Uncapped,3000000.0,INR,3000000.0,INR,Chennai Super Kings,IPL_Auction_2025_Sold_Player.csv,UNRESOLVED,Andre Siddarth,unresolved
2025,Shreyas Gopal,Indian,,Uncapped,3000000.0,INR,3000000.0,INR,Chennai Super Kings,IPL_Auction_2025_Sold_Player.csv,7a8bd078,S Gopal,surname_initials_matching
2025,Ramakrishna Ghosh,Indian,,Uncapped,3000000.0,INR,3000000.0,INR,Chennai Super Kings,IPL_Auction_2025_Sold_Player.csv,UNRESOLVED,Ramakrishna Ghosh,unresolved
2025,Kamlesh Nagarkoti,Indian,,Uncapped,3000000.0,INR,3000000.0,INR,Chennai Super Kings,IPL_Auction_2025_Sold_Player.csv,b4f5c2d9,KL Nagarkoti,fuzzy_string_matching
2025,Mukesh Choudhary,Indian,,Uncapped,3000000.0,INR,3000000.0,INR,Chennai Super Kings,IPL_Auction_2025_Sold_Player.csv,765a4731,Mukesh Choudhary,exact_match
2025,Shaik Rasheed,Indian,,Uncapped,3000000.0,INR,3000000.0,INR,Chennai Super Kings,IPL_Auction_2025_Sold_Player.csv,cbf58a86,SK Rasheed,fuzzy_string_matching
2025,KL Rahul,Indian,,Capped,20000000.0,INR,140000000.0,INR,Delhi Capitals,IPL_Auction_2025_Sold_Player.csv,b17e2f24,KL Rahul,exact_match
2025,Mitchell Starc,Overseas,,Capped,20000000.0,INR,117500000.0,INR,Delhi Capitals,IPL_Auction_2025_Sold_Player.csv,3fb19989,MA Starc,surname_initials_matching
2025,T. Natarajan,Indian,,Capped,20000000.0,INR,107500000.0,INR,Delhi Capitals,IPL_Auction_2025_Sold_Player.csv,ce794613,T Natarajan,fuzzy_string_matching
2025,Jake Fraser-Mcgurk,Overseas,,Capped,20000000.0,INR,90000000.0,INR,Delhi Capitals,IPL_Auction_2025_Sold_Player.csv,9b6e1b3f,J Fraser-McGurk,fuzzy_string_matching
2025,Mukesh Kumar,Overseas,,Capped,20000000.0,INR,80000000.0,INR,Delhi Capitals,IPL_Auction_2025_Sold_Player.csv,2cffab74,Mukesh Kumar,exact_match
2025,Harry Brook,Overseas,,Capped,20000000.0,INR,62500000.0,INR,Delhi Capitals,IPL_Auction_2025_Sold_Player.csv,4ae1755b,HC Brook,surname_initials_matching
2025,Ashutosh Sharma,Indian,,Uncapped,3000000.0,INR,38000000.0,INR,Delhi Capitals,IPL_Auction_2025_Sold_Player.csv,84d9c311,Ashutosh Sharma,exact_match
2025,Mohit Sharma,Indian,,Uncapped,5000000.0,INR,22000000.0,INR,Delhi Capitals,IPL_Auction_2025_Sold_Player.csv,cd9f6505,Mohit Sharma,exact_match
2025,Faf Du Plessis,Overseas,,Capped,20000000.0,INR,20000000.0,INR,Delhi Capitals,IPL_Auction_2025_Sold_Player.csv,3355b542,F du Plessis,fuzzy_string_matching
2025,Sameer Rizvi,Indian,,Uncapped,3000000.0,INR,9500000.0,INR,Delhi Capitals,IPL_Auction_2025_Sold_Player.csv,f89d3b11,Sameer Rizvi,exact_match
2025,Donovan Ferreira,Overseas,,Capped,7500000.0,INR,7500000.0,INR,Delhi Capitals,IPL_Auction_2025_Sold_Player.csv,f0af99a7,D Ferreira,surname_initials_matching
2025,Dushmantha Chameera,Overseas,,Capped,7500000.0,INR,7500000.0,INR,Delhi Capitals,IPL_Auction_2025_Sold_Player.csv,UNRESOLVED,Dushmantha Chameera,unresolved
2025,Vipraj Nigam,Indian,,Uncapped,3000000.0,INR,5000000.0,INR,Delhi Capitals,IPL_Auction_2025_Sold_Player.csv,5ffc0565,V Nigam,surname_initials_matching
2025,Karun Nair,Indian,,Uncapped,3000000.0,INR,5000000.0,INR,Delhi Capitals,IPL_Auction_2025_Sold_Player.csv,06907633,AR Nair,fuzzy_string_matching
2025,Madhav Tiwari,Indian,,Uncapped,3000000.0,INR,4000000.0,INR,Delhi Capitals,IPL_Auction_2025_Sold_Player.csv,fb5f69e4,M Tiwari,surname_initials_matching
2025,Tripurana Vijay,Indian,,Uncapped,3000000.0,INR,3000000.0,INR,Delhi Capitals,IPL_Auction_2025_Sold_Player.csv,51ec3919,T Vijay,surname_initials_matching
2025,Manvanth Kumar L,Indian,,Uncapped,3000000.0,INR,3000000.0,INR,Delhi Capitals,IPL_Auction_2025_Sold_Player.csv,UNRESOLVED,Manvanth Kumar L,unresolved
2025,Ajay Mandal,Indian,,Uncapped,3000000.0,INR,3000000.0,INR,Delhi Capitals,IPL_Auction_2025_Sold_Player.csv,31ee319e,Ajay Mandal,exact_match
2025,Darshan Nalkande,Indian,,Uncapped,3000000.0,INR,3000000.0,INR,Delhi Capitals,IPL_Auction_2025_Sold_Player.csv,cd8d2859,DG Nalkande,surname_initials_matching
2025,Jos  Buttler,Overseas,,Capped,20000000.0,INR,157500000.0,INR,Gujarat Titans,IPL_Auction_2025_Sold_Player.csv,99b75528,JC Buttler,surname_initials_matching
2025,Mohammad Siraj,Indian,,Capped,20000000.0,INR,122500000.0,INR,Gujarat Titans,IPL_Auction_2025_Sold_Player.csv,2f49c897,Mohammed Siraj,fuzzy_string_matching
2025,Kagiso Rabada,Overseas,,Capped,20000000.0,INR,107500000.0,INR,Gujarat Titans,IPL_Auction_2025_Sold_Player.csv,e62dd25d,K Rabada,surname_initials_matching
2025,Prasidh Krishna,Indian,,Capped,20000000.0,INR,95000000.0,INR,Gujarat Titans,IPL_Auction_2025_Sold_Player.csv,85e0cf10,M Prasidh Krishna,fuzzy_string_matching
2025,Washington Sundar,Indian,,Capped,20000000.0,INR,32000000.0,INR,Gujarat Titans,IPL_Auction_2025_Sold_Player.csv,f19ccfad,Washington Sundar,exact_match
2025,Sherfane Rutherford,Overseas,,Capped,15000000.0,INR,26000000.0,INR,Gujarat Titans,IPL_Auction_2025_Sold_Player.csv,d014d5ac,SE Rutherford,surname_initials_matching
2025,Gerald Coetzee,Overseas,,Capped,12500000.0,INR,24000000.0,INR,Gujarat Titans,IPL_Auction_2025_Sold_Player.csv,3204c99f,G Coetzee,fuzzy_string_matching
2025,Glenn Phillips,Overseas,,Capped,20000000.0,INR,20000000.0,INR,Gujarat Titans,IPL_Auction_2025_Sold_Player.csv,9a46c4e5,GD Phillips,surname_initials_matching
2025,R. Sai Kishore,Overseas,,Capped,7500000.0,INR,20000000.0,INR,Gujarat Titans,IPL_Auction_2025_Sold_Player.csv,c7a995d3,R Sai Kishore,fuzzy_string_matching
2025,Mahipal Lomror,Indian,,Uncapped,5000000.0,INR,17000000.0,INR,Gujarat Titans,IPL_Auction_2025_Sold_Player.csv,da934ee8,MK Lomror,surname_initials_matching
2025,Gurnoor Singh Brar,Indian,,Uncapped,3000000.0,INR,13000000.0,INR,Gujarat Titans,IPL_Auction_2025_Sold_Player.csv,99258814,Gurnoor Brar,fuzzy_string_matching
2025,Mohd. Arshad Khan,Indian,,Uncapped,3000000.0,INR,13000000.0,INR,Gujarat Titans,IPL_Auction_2025_Sold_Player.csv,UNRESOLVED,Mohd. Arshad Khan,unresolved
2025,Karim Janat,Overseas,,Capped,7500000.0,INR,7500000.0,INR,Gujarat Titans,IPL_Auction_2025_Sold_Player.csv,62175638,Karim Janat,exact_match
2025,Jayant Yadav,Indian,,Capped,7500000.0,INR,7500000.0,INR,Gujarat Titans,IPL_Auction_2025_Sold_Player.csv,c6355538,Mayan Yadav,fuzzy_string_matching
2025,Ishant Sharma,Indian,,Capped,7500000.0,INR,7500000.0,INR,Gujarat Titans,IPL_Auction_2025_Sold_Player.csv,ae85a996,Siddhant Sharma,fuzzy_string_matching
2025,Kumar Kushagra,Indian,,Uncapped,3000000.0,INR,6500000.0,INR,Gujarat Titans,IPL_Auction_2025_Sold_Player.csv,57ca01b3,Kumar Kushagra,exact_match
2025,Kulwant Khejroliya,Indian,,Uncapped,3000000.0,INR,3000000.0,INR,Gujarat Titans,IPL_Auction_2025_Sold_Player.csv,fa2f1dde,K Khejroliya,fuzzy_string_matching
2025,Manav Suthar,Indian,,Uncapped,3000000.0,INR,3000000.0,INR,Gujarat Titans,IPL_Auction_2025_Sold_Player.csv,025c4400,MJ Suthar,surname_initials_matching
2025,Anuj Rawat,Indian,,Uncapped,3000000.0,INR,3000000.0,INR,Gujarat Titans,IPL_Auction_2025_Sold_Player.csv,c8f5f961,Anuj Rawat,exact_match
2025,Nishant Sindhu,Indian,,Uncapped,3000000.0,INR,3000000.0,INR,Gujarat Titans,IPL_Auction_2025_Sold_Player.csv,3cea23da,N Sindhu,surname_initials_matching
2025,Venkatesh Iyer,Indian,,Capped,20000000.0,INR,237500000.0,INR,Kolkata Knight Riders,IPL_Auction_2025_Sold_Player.csv,UNRESOLVED,Venkatesh Iyer,unresolved
2025,Anrich Nortje,Overseas,,Capped,20000000.0,INR,65000000.0,INR,Kolkata Knight Riders,IPL_Auction_2025_Sold_Player.csv,acdc62f5,A Nortje,surname_initials_matching
2025,Quinton De Kock,Overseas,,Capped,20000000.0,INR,36000000.0,INR,Kolkata Knight Riders,IPL_Auction_2025_Sold_Player.csv,372455c4,Q de Kock,surname_initials_matching
2025,Angkrish Raghuvanshi,Indian,,Uncapped,3000000.0,INR,30000000.0,INR,Kolkata Knight Riders,IPL_Auction_2025_Sold_Player.csv,d7017798,A Raghuvanshi,surname_initials_matching
2025,Spencer Johnson,Overseas,,Capped,20000000.0,INR,28000000.0,INR,Kolkata Knight Riders,IPL_Auction_2025_Sold_Player.csv,UNRESOLVED,Spencer Johnson,unresolved
2025,Moeen Ali,Overseas,,Capped,20000000.0,INR,20000000.0,INR,Kolkata Knight Riders,IPL_Auction_2025_Sold_Player.csv,UNRESOLVED,Moeen Ali,unresolved
2025,Rahmanullah Gurbaz,Overseas,,Capped,20000000.0,INR,20000000.0,INR,Kolkata Knight Riders,IPL_Auction_2025_Sold_Player.csv,0bacade8,Rahmanullah Gurbaz,exact_match
2025,Vaibhav Arora,Indian,,Uncapped,3000000.0,INR,18000000.0,INR,Kolkata Knight Riders,IPL_Auction_2025_Sold_Player.csv,7c3b3b78,VG Arora,surname_initials_matching
2025,Ajinkya Rahane,Indian,,Capped,15000000.0,INR,15000000.0,INR,Kolkata Knight Riders,IPL_Auction_2025_Sold_Player.csv,29e95537,AM Rahane,surname_initials_matching
2025,Rovman Powell,Overseas,,Capped,15000000.0,INR,15000000.0,INR,Kolkata Knight Riders,IPL_Auction_2025_Sold_Player.csv,UNRESOLVED,Rovman Powell,unresolved
2025,Umran  Malik,Indian,,Capped,7500000.0,INR,7500000.0,INR,Kolkata Knight Riders,IPL_Auction_2025_Sold_Player.csv,81c08fa3,Umran Malik,fuzzy_string_matching
2025,Manish Pandey,Indian,,Capped,7500000.0,INR,7500000.0,INR,Kolkata Knight Riders,IPL_Auction_2025_Sold_Player.csv,93b4fc78,MK Pandey,surname_initials_matching
2025,Anukul Roy,Indian,,Uncapped,3000000.0,INR,4000000.0,INR,Kolkata Knight Riders,IPL_Auction_2025_Sold_Player.csv,UNRESOLVED,Anukul Roy,unresolved
2025,Luvnith Sisodia,Indian,,Uncapped,3000000.0,INR,3000000.0,INR,Kolkata Knight Riders,IPL_Auction_2025_Sold_Player.csv,a689af4b,LUVNITH SISODIA,fuzzy_string_matching
2025,Mayank Markande,Indian,,Uncapped,3000000.0,INR,3000000.0,INR,Kolkata Knight Riders,IPL_Auction_2025_Sold_Player.csv,a9fd84fb,M Markande,fuzzy_string_matching
2025,Rishabh Pant,Indian,,Capped,20000000.0,INR,270000000.0,INR,Lucknow Super Giants,IPL_Auction_2025_Sold_Player.csv,919a3be2,RR Pant,surname_initials_matching
2025,Avesh Khan,Indian,,Capped,20000000.0,INR,97500000.0,INR,Lucknow Super Giants,IPL_Auction_2025_Sold_Player.csv,eef2536f,Avesh Khan,exact_match
2025,Akash Deep,Indian,,Capped,10000000.0,INR,80000000.0,INR,Lucknow Super Giants,IPL_Auction_2025_Sold_Player.csv,0a67aec0,Akash Deep,exact_match
2025,David Miller,Overseas,,Capped,15000000.0,INR,75000000.0,INR,Lucknow Super Giants,IPL_Auction_2025_Sold_Player.csv,fc0b4157,David Mills,fuzzy_string_matching
2025,Abdul Samad,Indian,,Uncapped,3000000.0,INR,42000000.0,INR,Lucknow Super Giants,IPL_Auction_2025_Sold_Player.csv,8e514b4c,Abdul Samad,fuzzy_string_matching
2025,Mitchell Marsh,Overseas,,Capped,20000000.0,INR,34000000.0,INR,Lucknow Super Giants,IPL_Auction_2025_Sold_Player.csv,3d8feaf8,MR Marsh,surname_initials_matching
2025,Shahbaz Ahamad,Indian,,Capped,10000000.0,INR,24000000.0,INR,Lucknow Super Giants,IPL_Auction_2025_Sold_Player.csv,f9e6e7ef,Shahbaz Ahmed,fuzzy_string_matching
2025,Aiden Markram,Overseas,,Capped,20000000.0,INR,20000000.0,INR,Lucknow Super Giants,IPL_Auction_2025_Sold_Player.csv,6a26221c,AK Markram,fuzzy_string_matching
2025,Matthew Breetzke,Overseas,,Capped,7500000.0,INR,7500000.0,INR,Lucknow Super Giants,IPL_Auction_2025_Sold_Player.csv,35f173a0,MP Breetzke,surname_initials_matching
2025,Shamar Joseph,Overseas,,Capped,7500000.0,INR,7500000.0,INR,Lucknow Super Giants,IPL_Auction_2025_Sold_Player.csv,UNRESOLVED,Shamar Joseph,unresolved
2025,M. Siddharth,Indian,,Uncapped,3000000.0,INR,7500000.0,INR,Lucknow Super Giants,IPL_Auction_2025_Sold_Player.csv,cf0ccafa,M Siddharth,fuzzy_string_matching
2025,Arshin Kulkarni,Indian,,Uncapped,3000000.0,INR,3000000.0,INR,Lucknow Super Giants,IPL_Auction_2025_Sold_Player.csv,UNRESOLVED,Arshin Kulkarni,unresolved
2025,Rajvardhan Hangargekar,Indian,,Uncapped,3000000.0,INR,3000000.0,INR,Lucknow Super Giants,IPL_Auction_2025_Sold_Player.csv,c3c92b42,RS Hangargekar,surname_initials_matching
2025,Yuvraj Chaudhary,Indian,,Uncapped,3000000.0,INR,3000000.0,INR,Lucknow Super Giants,IPL_Auction_2025_Sold_Player.csv,1730e08e,Yuvraj Chaudhary,exact_match
2025,Prince Yadav,Indian,,Uncapped,3000000.0,INR,3000000.0,INR,Lucknow Super Giants,IPL_Auction_2025_Sold_Player.csv,80b2fb19,Prince Yadav,exact_match
2025,Akash Singh,Indian,,Uncapped,3000000.0,INR,3000000.0,INR,Lucknow Super Giants,IPL_Auction_2025_Sold_Player.csv,b483905d,Akash Singh,exact_match
2025,Digvesh Singh,Indian,,Uncapped,3000000.0,INR,3000000.0,INR,Lucknow Super Giants,IPL_Auction_2025_Sold_Player.csv,UNRESOLVED,Digvesh Singh,unresolved
2025,Himmat Singh,Indian,,Uncapped,3000000.0,INR,3000000.0,INR,Lucknow Super Giants,IPL_Auction_2025_Sold_Player.csv,ebcfef83,Himmat Singh,exact_match
2025,Aryan Juyal,Indian,,Uncapped,3000000.0,INR,3000000.0,INR,Lucknow Super Giants,IPL_Auction_2025_Sold_Player.csv,5f2732f7,Aryan Juyal,exact_match
2025,Trent Boult,Overseas,,Capped,20000000.0,INR,125000000.0,INR,Mumbai Indians,IPL_Auction_2025_Sold_Player.csv,a818c1be,TA Boult,surname_initials_matching
2025,Deepak Chahar,Indian,,Capped,20000000.0,INR,92500000.0,INR,Mumbai Indians,IPL_Auction_2025_Sold_Player.csv,23eeb873,DL Chahar,surname_initials_matching
2025,Will Jacks,Overseas,,Capped,20000000.0,INR,52500000.0,INR,Mumbai Indians,IPL_Auction_2025_Sold_Player.csv,9caf69a1,WG Jacks,surname_initials_matching
2025,Naman Dhir,Overseas,,Uncapped,3000000.0,INR,52500000.0,INR,Mumbai Indians,IPL_Auction_2025_Sold_Player.csv,fffa744b,Naman Dhir,exact_match
2025,Allah  Ghazanfar,Overseas,,Capped,7500000.0,INR,48000000.0,INR,Mumbai Indians,IPL_Auction_2025_Sold_Player.csv,9ca68676,AM Ghazanfar,surname_initials_matching
2025,Mitchell Santner,Overseas,,Capped,20000000.0,INR,20000000.0,INR,Mumbai Indians,IPL_Auction_2025_Sold_Player.csv,e4a0deae,MJ Santner,surname_initials_matching
2025,Ryan Rickelton,Overseas,,Capped,10000000.0,INR,10000000.0,INR,Mumbai Indians,IPL_Auction_2025_Sold_Player.csv,e66732f8,RD Rickelton,fuzzy_string_matching
2025,Lizaad Williams,Overseas,,Capped,7500000.0,INR,7500000.0,INR,Mumbai Indians,IPL_Auction_2025_Sold_Player.csv,a1d95bd8,LB Williams,surname_initials_matching
2025,Reece Topley,Overseas,,Capped,7500000.0,INR,7500000.0,INR,Mumbai Indians,IPL_Auction_2025_Sold_Player.csv,8db7f47f,RJW Topley,surname_initials_matching
2025,Robin Minz,Indian,,Uncapped,3000000.0,INR,6500000.0,INR,Mumbai Indians,IPL_Auction_2025_Sold_Player.csv,bafd0398,R Minz,surname_initials_matching
2025,Karn Sharma,Indian,,Uncapped,5000000.0,INR,5000000.0,INR,Mumbai Indians,IPL_Auction_2025_Sold_Player.csv,1ba16d18,Tarun Sharma,fuzzy_string_matching
2025,Vignesh Puthur,Indian,,Uncapped,3000000.0,INR,3000000.0,INR,Mumbai Indians,IPL_Auction_2025_Sold_Player.csv,1e030637,V Puthur,surname_initials_matching
2025,Arjun  Tendulkar,Indian,,Uncapped,3000000.0,INR,3000000.0,INR,Mumbai Indians,IPL_Auction_2025_Sold_Player.csv,44aac2f0,Arjun Tendulkar,fuzzy_string_matching
2025,Bevan John Jacobs,Overseas,,Uncapped,3000000.0,INR,3000000.0,INR,Mumbai Indians,IPL_Auction_2025_Sold_Player.csv,UNRESOLVED,Bevan John Jacobs,unresolved
2025,Venkata Satyanarayana Penmetsa,Indian,,Uncapped,3000000.0,INR,3000000.0,INR,Mumbai Indians,IPL_Auction_2025_Sold_Player.csv,UNRESOLVED,Venkata Satyanarayana Penmetsa,unresolved
2025,Raj Angad Bawa,Indian,,Uncapped,3000000.0,INR,3000000.0,INR,Mumbai Indians,IPL_Auction_2025_Sold_Player.csv,ba6b2f91,RA Bawa,surname_initials_matching
2025,Shrijith Krishnan,Indian,,Uncapped,3000000.0,INR,3000000.0,INR,Mumbai Indians,IPL_Auction_2025_Sold_Player.csv,798ce1ad,SKG Krishnan,surname_initials_matching
2025,Ashwani Kumar,Indian,,Uncapped,3000000.0,INR,3000000.0,INR,Mumbai Indians,IPL_Auction_2025_Sold_Player.csv,d45c29b1,Ashwani Kumar,exact_match
2025,Shreyas Iyer,Indian,,Capped,20000000.0,INR,267500000.0,INR,Punjab Kings,IPL_Auction_2025_Sold_Player.csv,UNRESOLVED,Shreyas Iyer,unresolved
2025,Yuzvendra Chahal,Indian,,Capped,20000000.0,INR,180000000.0,INR,Punjab Kings,IPL_Auction_2025_Sold_Player.csv,57ee1fde,YS Chahal,surname_initials_matching
2025,Arshdeep Singh,Overseas,,Capped,20000000.0,INR,180000000.0,INR,Punjab Kings,IPL_Auction_2025_Sold_Player.csv,244048f6,Arshdeep Singh,exact_match
2025,Marcus Stoinis,Overseas,,Capped,20000000.0,INR,110000000.0,INR,Punjab Kings,IPL_Auction_2025_Sold_Player.csv,d9273ee7,MP Stoinis,surname_initials_matching
2025,Marco Jansen,Overseas,,Capped,12500000.0,INR,70000000.0,INR,Punjab Kings,IPL_Auction_2025_Sold_Player.csv,UNRESOLVED,Marco Jansen,unresolved
2025,Nehal Wadhera,Indian,,Uncapped,3000000.0,INR,42000000.0,INR,Punjab Kings,IPL_Auction_2025_Sold_Player.csv,d1a60072,N Wadhera,surname_initials_matching
2025,Glenn Maxwell,Overseas,,Capped,20000000.0,INR,42000000.0,INR,Punjab Kings,IPL_Auction_2025_Sold_Player.csv,b681e71e,GJ Maxwell,surname_initials_matching
2025,Priyansh Arya,Indian,,Uncapped,3000000.0,INR,38000000.0,INR,Punjab Kings,IPL_Auction_2025_Sold_Player.csv,b5797845,Priyansh Arya,exact_match
2025,Josh Inglis,Overseas,,Capped,20000000.0,INR,26000000.0,INR,Punjab Kings,IPL_Auction_2025_Sold_Player.csv,UNRESOLVED,Josh Inglis,unresolved
2025,Azmatullah Omarzai,Overseas,,Capped,15000000.0,INR,24000000.0,INR,Punjab Kings,IPL_Auction_2025_Sold_Player.csv,8f6dd463,Azmatullah Omarzai,exact_match
2025,Lockie Ferguson,Overseas,,Capped,20000000.0,INR,20000000.0,INR,Punjab Kings,IPL_Auction_2025_Sold_Player.csv,2f9d0389,LH Ferguson,surname_initials_matching
2025,Vyshak Vijaykumar,Indian,,Uncapped,3000000.0,INR,18000000.0,INR,Punjab Kings,IPL_Auction_2025_Sold_Player.csv,UNRESOLVED,Vyshak Vijaykumar,unresolved
2025,Yash Thakur,Indian,,Uncapped,3000000.0,INR,16000000.0,INR,Punjab Kings,IPL_Auction_2025_Sold_Player.csv,4b31f3a3,Yash Thakur,exact_match
2025,Harpreet  Brar,Indian,,Uncapped,3000000.0,INR,15000000.0,INR,Punjab Kings,IPL_Auction_2025_Sold_Player.csv,c05edf8e,Harpreet Brar,fuzzy_string_matching
2025,Aaron Hardie,Overseas,,Capped,12500000.0,INR,12500000.0,INR,Punjab Kings,IPL_Auction_2025_Sold_Player.csv,d405c0d5,AM Hardie,surname_initials_matching
2025,Vishnu Vinod,Indian,,Uncapped,3000000.0,INR,9500000.0,INR,Punjab Kings,IPL_Auction_2025_Sold_Player.csv,0494fa6e,Vishnu Vinod,exact_match
2025,Xavier Bartlett,Overseas,,Capped,7500000.0,INR,8000000.0,INR,Punjab Kings,IPL_Auction_2025_Sold_Player.csv,3b53243a,XC Bartlett,surname_initials_matching
2025,Kuldeep  Sen,Indian,,Capped,7500000.0,INR,8000000.0,INR,Punjab Kings,IPL_Auction_2025_Sold_Player.csv,2e78f685,KR Sen,surname_initials_matching
2025,Pravin Dubey,Indian,,Uncapped,3000000.0,INR,3000000.0,INR,Punjab Kings,IPL_Auction_2025_Sold_Player.csv,ed5a5510,P Dubey,surname_initials_matching
2025,Pyla Avinash,Indian,,Uncapped,3000000.0,INR,3000000.0,INR,Punjab Kings,IPL_Auction_2025_Sold_Player.csv,UNRESOLVED,Pyla Avinash,unresolved
2025,Suryansh  Shedge,Indian,,Uncapped,3000000.0,INR,3000000.0,INR,Punjab Kings,IPL_Auction_2025_Sold_Player.csv,970ddd24,Suryansh Shedge,fuzzy_string_matching
2025,Musheer Khan,Indian,,Uncapped,3000000.0,INR,3000000.0,INR,Punjab Kings,IPL_Auction_2025_Sold_Player.csv,d621b427,Musheer Khan,exact_match
2025,Harnoor Pannu,Indian,,Uncapped,3000000.0,INR,3000000.0,INR,Punjab Kings,IPL_Auction_2025_Sold_Player.csv,UNRESOLVED,Harnoor Pannu,unresolved
2025,Jofra Archer,Overseas,,Capped,20000000.0,INR,125000000.0,INR,Rajasthan Royals,IPL_Auction_2025_Sold_Player.csv,5574750c,JC Archer,surname_initials_matching
2025,Tushar Deshpande,Indian,,Capped,10000000.0,INR,65000000.0,INR,Rajasthan Royals,IPL_Auction_2025_Sold_Player.csv,46a9bea1,TU Deshpande,fuzzy_string_matching
2025,Wanindu Hasaranga,Overseas,,Capped,20000000.0,INR,52500000.0,INR,Rajasthan Royals,IPL_Auction_2025_Sold_Player.csv,UNRESOLVED,Wanindu Hasaranga,unresolved
2025,Maheesh Theekshana,Overseas,,Capped,20000000.0,INR,44000000.0,INR,Rajasthan Royals,IPL_Auction_2025_Sold_Player.csv,f24c6701,M Theekshana,surname_initials_matching
2025,Nitish Rana,Indian,,Capped,15000000.0,INR,42000000.0,INR,Rajasthan Royals,IPL_Auction_2025_Sold_Player.csv,62ccc063,Nitish Rao,fuzzy_string_matching
2025,Fazalhaq Farooqi,Overseas,,Capped,20000000.0,INR,20000000.0,INR,Rajasthan Royals,IPL_Auction_2025_Sold_Player.csv,e9c7f0d0,Fazalhaq Farooqi,exact_match
2025,Kwena Maphaka,Overseas,,Capped,7500000.0,INR,15000000.0,INR,Rajasthan Royals,IPL_Auction_2025_Sold_Player.csv,107c26fb,KT Maphaka,fuzzy_string_matching
2025,Akash Madhwal,Indian,,Uncapped,3000000.0,INR,12000000.0,INR,Rajasthan Royals,IPL_Auction_2025_Sold_Player.csv,4bd09374,Akash Madhwal,exact_match
2025,Vaibhav Suryavanshi,Indian,,Uncapped,3000000.0,INR,11000000.0,INR,Rajasthan Royals,IPL_Auction_2025_Sold_Player.csv,470f446b,V Suryavanshi,fuzzy_string_matching
2025,Shubham Dubey,Indian,,Uncapped,3000000.0,INR,8000000.0,INR,Rajasthan Royals,IPL_Auction_2025_Sold_Player.csv,58588e5a,Shubham Chaubey,fuzzy_string_matching
2025,Yudhvir Charak,Indian,,Uncapped,3000000.0,INR,3500000.0,INR,Rajasthan Royals,IPL_Auction_2025_Sold_Player.csv,UNRESOLVED,Yudhvir Charak,unresolved
2025,Ashok Sharma,Indian,,Uncapped,3000000.0,INR,3000000.0,INR,Rajasthan Royals,IPL_Auction_2025_Sold_Player.csv,50c09020,Ashok Sharma,exact_match
2025,Kunal Rathore,Indian,,Uncapped,3000000.0,INR,3000000.0,INR,Rajasthan Royals,IPL_Auction_2025_Sold_Player.csv,e3851766,KS Rathore,surname_initials_matching
2025,Kumar Kartikeya Singh,Indian,,Uncapped,3000000.0,INR,3000000.0,INR,Rajasthan Royals,IPL_Auction_2025_Sold_Player.csv,UNRESOLVED,Kumar Kartikeya Singh,unresolved
2025,Josh Hazlewood,Overseas,,Capped,20000000.0,INR,125000000.0,INR,Royal Challengers Bengaluru,IPL_Auction_2025_Sold_Player.csv,03806cf8,JR Hazlewood,fuzzy_string_matching
2025,Phil Salt,Overseas,,Capped,20000000.0,INR,115000000.0,INR,Royal Challengers Bengaluru,IPL_Auction_2025_Sold_Player.csv,3d284ca3,PD Salt,surname_initials_matching
2025,Jitesh Sharma,Indian,,Capped,10000000.0,INR,110000000.0,INR,Royal Challengers Bengaluru,IPL_Auction_2025_Sold_Player.csv,2085a934,Hitesh Sharma,fuzzy_string_matching
2025,Bhuvneshwar Kumar,Indian,,Capped,20000000.0,INR,107500000.0,INR,Royal Challengers Bengaluru,IPL_Auction_2025_Sold_Player.csv,UNRESOLVED,Bhuvneshwar Kumar,unresolved
2025,Liam Livingstone,Overseas,,Capped,20000000.0,INR,87500000.0,INR,Royal Challengers Bengaluru,IPL_Auction_2025_Sold_Player.csv,50c6bc2b,LS Livingstone,fuzzy_string_matching
2025,Rasikh Dar,Indian,,Uncapped,3000000.0,INR,60000000.0,INR,Royal Challengers Bengaluru,IPL_Auction_2025_Sold_Player.csv,b82354b3,Raza Ali Dar,surname_initials_matching
2025,Krunal Pandya,Indian,,Capped,20000000.0,INR,57500000.0,INR,Royal Challengers Bengaluru,IPL_Auction_2025_Sold_Player.csv,UNRESOLVED,Krunal Pandya,unresolved
2025,Tim David,Overseas,,Capped,20000000.0,INR,30000000.0,INR,Royal Challengers Bengaluru,IPL_Auction_2025_Sold_Player.csv,6495fd7b,M David,fuzzy_string_matching
2025,Jacob Bethell,Overseas,,Capped,12500000.0,INR,26000000.0,INR,Royal Challengers Bengaluru,IPL_Auction_2025_Sold_Player.csv,3c55c703,JG Bethell,fuzzy_string_matching
2025,Suyash Sharma,Indian,,Uncapped,3000000.0,INR,26000000.0,INR,Royal Challengers Bengaluru,IPL_Auction_2025_Sold_Player.csv,9440ef41,Suyash Sharma,exact_match
2025,Devdutt Padikkal,Indian,,Capped,20000000.0,INR,20000000.0,INR,Royal Challengers Bengaluru,IPL_Auction_2025_Sold_Player.csv,2c25d4f5,D Padikkal,surname_initials_matching
2025,Nuwan Thushara,Overseas,,Capped,7500000.0,INR,16000000.0,INR,Royal Challengers Bengaluru,IPL_Auction_2025_Sold_Player.csv,ee1b6c27,N Thushara,fuzzy_string_matching
2025,Romario Shepherd,Overseas,,Capped,15000000.0,INR,15000000.0,INR,Royal Challengers Bengaluru,IPL_Auction_2025_Sold_Player.csv,c5aef772,R Shepherd,surname_initials_matching
2025,Lungisani Ngidi,Overseas,,Capped,10000000.0,INR,10000000.0,INR,Royal Challengers Bengaluru,IPL_Auction_2025_Sold_Player.csv,f834dcfc,L Ngidi,surname_initials_matching
2025,Swapnil Singh,Overseas,,Uncapped,3000000.0,INR,5000000.0,INR,Royal Challengers Bengaluru,IPL_Auction_2025_Sold_Player.csv,983f2f61,Swapnil Singh,exact_match
2025,Mohit Rathee,Indian,,Uncapped,3000000.0,INR,3000000.0,INR,Royal Challengers Bengaluru,IPL_Auction_2025_Sold_Player.csv,9a5f2863,Mohit Rathee,exact_match
2025,Abhinandan Singh,Indian,,Uncapped,3000000.0,INR,3000000.0,INR,Royal Challengers Bengaluru,IPL_Auction_2025_Sold_Player.csv,82c10dac,Abhinandan Singh,exact_match
2025,Swastik Chhikara,Indian,,Uncapped,3000000.0,INR,3000000.0,INR,Royal Challengers Bengaluru,IPL_Auction_2025_Sold_Player.csv,UNRESOLVED,Swastik Chhikara,unresolved
2025,Manoj Bhandage,Indian,,Uncapped,3000000.0,INR,3000000.0,INR,Royal Challengers Bengaluru,IPL_Auction_2025_Sold_Player.csv,e96801ea,MS Bhandage,fuzzy_string_matching
2025,Ishan Kishan,Indian,,Capped,20000000.0,INR,112500000.0,INR,Sunrisers Hyderabad,IPL_Auction_2025_Sold_Player.csv,752f7486,Ishan Kishan,exact_match
2025,Mohammad Shami,Indian,,Capped,20000000.0,INR,100000000.0,INR,Sunrisers Hyderabad,IPL_Auction_2025_Sold_Player.csv,68ddabdb,Mohammad Sami,fuzzy_string_matching
2025,Harshal Patel,Indian,,Capped,20000000.0,INR,80000000.0,INR,Sunrisers Hyderabad,IPL_Auction_2025_Sold_Player.csv,UNRESOLVED,Harshal Patel,unresolved
2025,Abhinav Manohar,Indian,,Uncapped,3000000.0,INR,32000000.0,INR,Sunrisers Hyderabad,IPL_Auction_2025_Sold_Player.csv,0890552f,A Manohar,surname_initials_matching
2025,Rahul Chahar,Indian,,Capped,10000000.0,INR,32000000.0,INR,Sunrisers Hyderabad,IPL_Auction_2025_Sold_Player.csv,2ed569a0,RD Chahar,surname_initials_matching
2025,Adam Zampa,Overseas,,Capped,20000000.0,INR,24000000.0,INR,Sunrisers Hyderabad,IPL_Auction_2025_Sold_Player.csv,14f96089,A Zampa,fuzzy_string_matching
2025,Simarjeet Singh,Indian,,Uncapped,3000000.0,INR,15000000.0,INR,Sunrisers Hyderabad,IPL_Auction_2025_Sold_Player.csv,30df8c66,Simarjeet Singh,exact_match
2025,Eshan Malinga,Overseas,,Uncapped,3000000.0,INR,12000000.0,INR,Sunrisers Hyderabad,IPL_Auction_2025_Sold_Player.csv,5750bcb4,E Malinga,surname_initials_matching
2025,Brydon Carse,Overseas,,Capped,10000000.0,INR,10000000.0,INR,Sunrisers Hyderabad,IPL_Auction_2025_Sold_Player.csv,cad40f5e,BA Carse,surname_initials_matching
2025,Jaydev Unadkat,Indian,,Capped,10000000.0,INR,10000000.0,INR,Sunrisers Hyderabad,IPL_Auction_2025_Sold_Player.csv,1e66c162,JD Unadkat,fuzzy_string_matching
2025,Kamindu Mendis,Overseas,,Capped,7500000.0,INR,7500000.0,INR,Sunrisers Hyderabad,IPL_Auction_2025_Sold_Player.csv,UNRESOLVED,Kamindu Mendis,unresolved
2025,Zeeshan Ansari,Indian,,Uncapped,3000000.0,INR,4000000.0,INR,Sunrisers Hyderabad,IPL_Auction_2025_Sold_Player.csv,36619795,Zeeshan Ansari,exact_match
2025,Sachin Baby,Indian,,Uncapped,3000000.0,INR,3000000.0,INR,Sunrisers Hyderabad,IPL_Auction_2025_Sold_Player.csv,dc9dd038,Sachin Baby,exact_match
2025,Aniket Verma,Indian,,Uncapped,3000000.0,INR,3000000.0,INR,Sunrisers Hyderabad,IPL_Auction_2025_Sold_Player.csv,a3b0600d,Aniket Verma,exact_match
2025,Atharva Taide,Indian,,Uncapped,3000000.0,INR,3000000.0,INR,Sunrisers Hyderabad,IPL_Auction_2025_Sold_Player.csv,1ac746c8,Atharva Taide,exact_match
2026,Kartik Sharma,Indian,,Uncapped,3000000.0,INR,142000000.0,INR,Chennai Super Kings,IPL_Auction_2026_Sold_Player.csv,7b679de5,Kartik Sharma,exact_match
2026,Prashant Veer,Indian,,Uncapped,3000000.0,INR,142000000.0,INR,Chennai Super Kings,IPL_Auction_2026_Sold_Player.csv,e148e6bd,PR Veer,surname_initials_matching
2026,Rahul Chahar,Indian,,Capped,10000000.0,INR,52000000.0,INR,Chennai Super Kings,IPL_Auction_2026_Sold_Player.csv,2ed569a0,RD Chahar,surname_initials_matching
2026,Matt Henry,Overseas,,Capped,20000000.0,INR,20000000.0,INR,Chennai Super Kings,IPL_Auction_2026_Sold_Player.csv,UNRESOLVED,Matt Henry,unresolved
2026,Akeal Hosein,Overseas,,Capped,20000000.0,INR,20000000.0,INR,Chennai Super Kings,IPL_Auction_2026_Sold_Player.csv,4d7f517e,AJ Hosein,surname_initials_matching
2026,Matthew Short,Overseas,,Capped,15000000.0,INR,15000000.0,INR,Chennai Super Kings,IPL_Auction_2026_Sold_Player.csv,UNRESOLVED,Matthew Short,unresolved
2026,Zak Foulkes,Overseas,,Capped,7500000.0,INR,7500000.0,INR,Chennai Super Kings,IPL_Auction_2026_Sold_Player.csv,30f92334,ZGF Foulkes,fuzzy_string_matching
2026,Sarfaraz Khan,Indian,,Capped,7500000.0,INR,7500000.0,INR,Chennai Super Kings,IPL_Auction_2026_Sold_Player.csv,UNRESOLVED,Sarfaraz Khan,unresolved
2026,Aman Khan,Indian,,Uncapped,3000000.0,INR,4000000.0,INR,Chennai Super Kings,IPL_Auction_2026_Sold_Player.csv,28392e11,Zaman Khan,fuzzy_string_matching
2026,Auqib Dar,Indian,,Uncapped,3000000.0,INR,84000000.0,INR,Delhi Capitals,IPL_Auction_2026_Sold_Player.csv,f02778d1,Aleem Dar,surname_initials_matching
2026,Pathum Nissanka,Overseas,,Capped,7500000.0,INR,40000000.0,INR,Delhi Capitals,IPL_Auction_2026_Sold_Player.csv,8ee36b18,P Nissanka,surname_initials_matching
2026,Kyle Jamieson,Overseas,,Capped,20000000.0,INR,20000000.0,INR,Delhi Capitals,IPL_Auction_2026_Sold_Player.csv,68c56d09,KA Jamieson,fuzzy_string_matching
2026,Lungisani Ngidi,Overseas,,Capped,20000000.0,INR,20000000.0,INR,Delhi Capitals,IPL_Auction_2026_Sold_Player.csv,f834dcfc,L Ngidi,surname_initials_matching
2026,Ben Duckett,Overseas,,Capped,20000000.0,INR,20000000.0,INR,Delhi Capitals,IPL_Auction_2026_Sold_Player.csv,5f26f677,BM Duckett,fuzzy_string_matching
2026,David Miller,Overseas,,Capped,20000000.0,INR,20000000.0,INR,Delhi Capitals,IPL_Auction_2026_Sold_Player.csv,fc0b4157,David Mills,fuzzy_string_matching
2026,Prithvi Shaw,Indian,,Capped,7500000.0,INR,7500000.0,INR,Delhi Capitals,IPL_Auction_2026_Sold_Player.csv,UNRESOLVED,Prithvi Shaw,unresolved
2026,Sahil Parakh,Indian,,Uncapped,3000000.0,INR,3000000.0,INR,Delhi Capitals,IPL_Auction_2026_Sold_Player.csv,8a3dd116,Sahil Tarakhil,fuzzy_string_matching
2026,Jason Holder,Overseas,,Capped,20000000.0,INR,70000000.0,INR,Gujarat Titans,IPL_Auction_2026_Sold_Player.csv,0f721006,JO Holder,fuzzy_string_matching
2026,Tom Banton,Overseas,,Capped,20000000.0,INR,20000000.0,INR,Gujarat Titans,IPL_Auction_2026_Sold_Player.csv,25f7b7d6,T Banton,fuzzy_string_matching
2026,Ashok Sharma,Indian,,Uncapped,3000000.0,INR,9000000.0,INR,Gujarat Titans,IPL_Auction_2026_Sold_Player.csv,50c09020,Ashok Sharma,exact_match
2026,Luke Wood,Overseas,,Capped,7500000.0,INR,7500000.0,INR,Gujarat Titans,IPL_Auction_2026_Sold_Player.csv,0996f198,Luka Woods,fuzzy_string_matching
2026,Prithviraj Yarra,Indian,,Uncapped,3000000.0,INR,3000000.0,INR,Gujarat Titans,IPL_Auction_2026_Sold_Player.csv,UNRESOLVED,Prithviraj Yarra,unresolved
2026,Cameron Green,Overseas,,Capped,20000000.0,INR,252000000.0,INR,Kolkata Knight Riders,IPL_Auction_2026_Sold_Player.csv,UNRESOLVED,Cameron Green,unresolved
2026,Matheesha Pathirana,Overseas,,Capped,20000000.0,INR,180000000.0,INR,Kolkata Knight Riders,IPL_Auction_2026_Sold_Player.csv,64839cb3,M Pathirana,surname_initials_matching
2026,Mustafizur Rahman,Overseas,,Capped,20000000.0,INR,92000000.0,INR,Kolkata Knight Riders,IPL_Auction_2026_Sold_Player.csv,0a8fce53,Mustafizur Rahman,exact_match
2026,Tejasvi Singh,Indian,,Uncapped,3000000.0,INR,30000000.0,INR,Kolkata Knight Riders,IPL_Auction_2026_Sold_Player.csv,UNRESOLVED,Tejasvi Singh,unresolved
2026,Rachin Ravindra,Overseas,,Capped,20000000.0,INR,20000000.0,INR,Kolkata Knight Riders,IPL_Auction_2026_Sold_Player.csv,ba5e1069,R Ravindra,surname_initials_matching
2026,Finn Allen,Overseas,,Capped,20000000.0,INR,20000000.0,INR,Kolkata Knight Riders,IPL_Auction_2026_Sold_Player.csv,04f6c7f8,N Allen,fuzzy_string_matching
2026,Tim Seifert,Overseas,,Capped,15000000.0,INR,15000000.0,INR,Kolkata Knight Riders,IPL_Auction_2026_Sold_Player.csv,4663bd23,TL Seifert,fuzzy_string_matching
2026,Akash Deep,Indian,,Capped,10000000.0,INR,10000000.0,INR,Kolkata Knight Riders,IPL_Auction_2026_Sold_Player.csv,0a67aec0,Akash Deep,exact_match
2026,Rahul Tripathi,Indian,,Capped,7500000.0,INR,7500000.0,INR,Kolkata Knight Riders,IPL_Auction_2026_Sold_Player.csv,65ff7036,Anshul Tripathi,fuzzy_string_matching
2026,Daksh Kamra,Indian,,Uncapped,3000000.0,INR,3000000.0,INR,Kolkata Knight Riders,IPL_Auction_2026_Sold_Player.csv,UNRESOLVED,Daksh Kamra,unresolved
2026,Sarthak Ranjan,Indian,,Uncapped,3000000.0,INR,3000000.0,INR,Kolkata Knight Riders,IPL_Auction_2026_Sold_Player.csv,d7cdefa9,Sarthak Ranjan,exact_match
2026,Prashant Solanki,Indian,,Uncapped,3000000.0,INR,3000000.0,INR,Kolkata Knight Riders,IPL_Auction_2026_Sold_Player.csv,UNRESOLVED,Prashant Solanki,unresolved
2026,Kartik Tyagi,Indian,,Uncapped,3000000.0,INR,3000000.0,INR,Kolkata Knight Riders,IPL_Auction_2026_Sold_Player.csv,5d2eea49,Kartik Tyagi,exact_match
2026,Josh Inglis,Overseas,,Capped,20000000.0,INR,86000000.0,INR,Lucknow Super Giants,IPL_Auction_2026_Sold_Player.csv,UNRESOLVED,Josh Inglis,unresolved
2026,Mukul Choudhary,Indian,,Uncapped,3000000.0,INR,26000000.0,INR,Lucknow Super Giants,IPL_Auction_2026_Sold_Player.csv,765a4731,Mukesh Choudhary,fuzzy_string_matching
2026,Akshat Raghuwanshi,Indian,,Uncapped,3000000.0,INR,22000000.0,INR,Lucknow Super Giants,IPL_Auction_2026_Sold_Player.csv,d8d67045,Akshat Raghuwanshi,exact_match
2026,Anrich Nortje,Overseas,,Capped,20000000.0,INR,20000000.0,INR,Lucknow Super Giants,IPL_Auction_2026_Sold_Player.csv,acdc62f5,A Nortje,surname_initials_matching
2026,Wanindu Hasaranga,Overseas,,Capped,20000000.0,INR,20000000.0,INR,Lucknow Super Giants,IPL_Auction_2026_Sold_Player.csv,UNRESOLVED,Wanindu Hasaranga,unresolved
2026,Naman Tiwari,Indian,,Uncapped,3000000.0,INR,10000000.0,INR,Lucknow Super Giants,IPL_Auction_2026_Sold_Player.csv,97f44626,NK Tiwari,surname_initials_matching
2026,Quinton De Kock,Overseas,,Capped,10000000.0,INR,10000000.0,INR,Mumbai Indians,IPL_Auction_2026_Sold_Player.csv,372455c4,Q de Kock,surname_initials_matching
2026,Mayank Rawat,Indian,,Uncapped,3000000.0,INR,3000000.0,INR,Mumbai Indians,IPL_Auction_2026_Sold_Player.csv,2b801189,Mayank Rawat,exact_match
2026,Atharva Ankolekar,Indian,,Uncapped,3000000.0,INR,3000000.0,INR,Mumbai Indians,IPL_Auction_2026_Sold_Player.csv,d6cd318e,Atharva Ankolekar,exact_match
2026,Mohammad Izhar,Indian,,Uncapped,3000000.0,INR,3000000.0,INR,Mumbai Indians,IPL_Auction_2026_Sold_Player.csv,510e33d3,Mohammad Ihsan,fuzzy_string_matching
2026,Danish Malewar,Indian,,Uncapped,3000000.0,INR,3000000.0,INR,Mumbai Indians,IPL_Auction_2026_Sold_Player.csv,9e6032fa,DV Malewar,surname_initials_matching
2026,Ben Dwarshuis,Overseas,,Capped,10000000.0,INR,44000000.0,INR,Punjab Kings,IPL_Auction_2026_Sold_Player.csv,e1b9f3a9,BJ Dwarshuis,fuzzy_string_matching
2026,Cooper Connolly,Overseas,,Capped,20000000.0,INR,30000000.0,INR,Punjab Kings,IPL_Auction_2026_Sold_Player.csv,fe366f34,C Connolly,fuzzy_string_matching
2026,Vishal Nishad,Indian,,Uncapped,3000000.0,INR,3000000.0,INR,Punjab Kings,IPL_Auction_2026_Sold_Player.csv,UNRESOLVED,Vishal Nishad,unresolved
2026,Pravin Dubey,Indian,,Uncapped,3000000.0,INR,3000000.0,INR,Punjab Kings,IPL_Auction_2026_Sold_Player.csv,ed5a5510,P Dubey,surname_initials_matching
2026,Ravi Bishnoi,Indian,,Capped,20000000.0,INR,72000000.0,INR,Rajasthan Royals,IPL_Auction_2026_Sold_Player.csv,df064e1a,Ravi Bishnoi,exact_match
2026,Adam Milne,Overseas,,Capped,20000000.0,INR,24000000.0,INR,Rajasthan Royals,IPL_Auction_2026_Sold_Player.csv,eaa918a8,D Milne,fuzzy_string_matching
2026,Ravi Singh,Indian,,Uncapped,3000000.0,INR,9500000.0,INR,Rajasthan Royals,IPL_Auction_2026_Sold_Player.csv,548516a6,Ravi Singh,exact_match
2026,Sushant Mishra,Indian,,Uncapped,3000000.0,INR,9000000.0,INR,Rajasthan Royals,IPL_Auction_2026_Sold_Player.csv,c562ac6d,Shantanu Mishra,fuzzy_string_matching
2026,Kuldeep Sen,Indian,,Capped,7500000.0,INR,7500000.0,INR,Rajasthan Royals,IPL_Auction_2026_Sold_Player.csv,8c483884,Kuldeep Singh,fuzzy_string_matching
2026,Brijesh Sharma,Indian,,Uncapped,3000000.0,INR,3000000.0,INR,Rajasthan Royals,IPL_Auction_2026_Sold_Player.csv,133bbd61,Brijesh Sharma,exact_match
2026,Aman Rao Perala,Indian,,Uncapped,3000000.0,INR,3000000.0,INR,Rajasthan Royals,IPL_Auction_2026_Sold_Player.csv,UNRESOLVED,Aman Rao Perala,unresolved
2026,Vignesh Puthur,Indian,,Uncapped,3000000.0,INR,3000000.0,INR,Rajasthan Royals,IPL_Auction_2026_Sold_Player.csv,1e030637,V Puthur,surname_initials_matching
2026,Yash Raj Punja,Indian,,Uncapped,3000000.0,INR,3000000.0,INR,Rajasthan Royals,IPL_Auction_2026_Sold_Player.csv,02dfebbe,Yash Raj Punja,exact_match
2026,Venkatesh Iyer,Indian,,Capped,20000000.0,INR,70000000.0,INR,Royal Challengers Bengaluru,IPL_Auction_2026_Sold_Player.csv,UNRESOLVED,Venkatesh Iyer,unresolved
2026,Mangesh Yadav,Indian,,Uncapped,3000000.0,INR,52000000.0,INR,Royal Challengers Bengaluru,IPL_Auction_2026_Sold_Player.csv,UNRESOLVED,Mangesh Yadav,unresolved
2026,Jacob Duffy,Overseas,,Capped,20000000.0,INR,20000000.0,INR,Royal Challengers Bengaluru,IPL_Auction_2026_Sold_Player.csv,dadbdb68,JA Duffy,fuzzy_string_matching
2026,Jordan Cox,Overseas,,Capped,7500000.0,INR,7500000.0,INR,Royal Challengers Bengaluru,IPL_Auction_2026_Sold_Player.csv,UNRESOLVED,Jordan Cox,unresolved
2026,Kanishk Chouhan,Indian,,Uncapped,3000000.0,INR,3000000.0,INR,Royal Challengers Bengaluru,IPL_Auction_2026_Sold_Player.csv,UNRESOLVED,Kanishk Chouhan,unresolved
2026,Vihaan Malhotra,Indian,,Uncapped,3000000.0,INR,3000000.0,INR,Royal Challengers Bengaluru,IPL_Auction_2026_Sold_Player.csv,452837d1,Vinay Malhotra,fuzzy_string_matching
2026,Vicky Ostwal,Indian,,Uncapped,3000000.0,INR,3000000.0,INR,Royal Challengers Bengaluru,IPL_Auction_2026_Sold_Player.csv,UNRESOLVED,Vicky Ostwal,unresolved
2026,Satvik Deswal,Indian,,Uncapped,3000000.0,INR,3000000.0,INR,Royal Challengers Bengaluru,IPL_Auction_2026_Sold_Player.csv,UNRESOLVED,Satvik Deswal,unresolved
2026,Liam Livingstone,Overseas,,Capped,20000000.0,INR,130000000.0,INR,Sunrisers Hyderabad,IPL_Auction_2026_Sold_Player.csv,50c6bc2b,LS Livingstone,fuzzy_string_matching
2026,Jack Edwards,Overseas,,Uncapped,5000000.0,INR,30000000.0,INR,Sunrisers Hyderabad,IPL_Auction_2026_Sold_Player.csv,2a5ca58b,A Edwards,fuzzy_string_matching
2026,Salil Arora,Indian,,Uncapped,3000000.0,INR,15000000.0,INR,Sunrisers Hyderabad,IPL_Auction_2026_Sold_Player.csv,d7423da1,Salil Arora,exact_match
2026,Shivam Mavi,Indian,,Capped,7500000.0,INR,7500000.0,INR,Sunrisers Hyderabad,IPL_Auction_2026_Sold_Player.csv,c38d3503,Shivam Mavi,exact_match
2026,Krains Fuletra,Indian,,Uncapped,3000000.0,INR,3000000.0,INR,Sunrisers Hyderabad,IPL_Auction_2026_Sold_Player.csv,UNRESOLVED,Krains Fuletra,unresolved
2026,Praful Hinge,Indian,,Uncapped,3000000.0,INR,3000000.0,INR,Sunrisers Hyderabad,IPL_Auction_2026_Sold_Player.csv,ece7b6b3,PP Hinge,surname_initials_matching
2026,Amit Kumar,Indian,,Uncapped,3000000.0,INR,3000000.0,INR,Sunrisers Hyderabad,IPL_Auction_2026_Sold_Player.csv,e3e9f70a,Amit Kumar,exact_match
2026,Onkar Tarmale,Indian,,Uncapped,3000000.0,INR,3000000.0,INR,Sunrisers Hyderabad,IPL_Auction_2026_Sold_Player.csv,UNRESOLVED,Onkar Tarmale,unresolved
2026,Sakib Hussain,Indian,,Uncapped,3000000.0,INR,3000000.0,INR,Sunrisers Hyderabad,IPL_Auction_2026_Sold_Player.csv,280fff14,Sakib Hussain,exact_match
2026,Shivang Kumar,Indian,,Uncapped,3000000.0,INR,3000000.0,INR,Sunrisers Hyderabad,IPL_Auction_2026_Sold_Player.csv,7b44eb3e,Shivang Kumar,exact_match
